设备编号,货道名称,商品名称,商品编号,分类,参考价格,实际价格,可售库存,合计库存
`FS101343,货道1,可口可乐[自购版](CAN330ml),INTR121011635,饮料,3,3,9974,9974
`FS101343,货道2,可口可乐[自购版](CAN330ml),INTR121011635,饮料,3,3,9966,9966
`FS101343,货道3,宏宝莱碳酸饮料汽水荔枝味(CAN330ml),INTR992013247,饮料,3,3,9994,9994
`FS101343,货道4,宏宝莱碳酸饮料汽水荔枝味(CAN330ml),INTR992013247,饮料,3,3,9989,9989
`FS101343,货道5,爱朵拉拿铁咖啡(CAN310ml),INTR459011637,饮料,4,4,9992,9992
`FS101343,货道6,小野[芒果汁](CAN245ml),INTR457012418,饮料,3,3,9989,9989
`FS101343,货道7,统一冰红茶[柠檬](PET500ml),INTR894011688,饮料,3,3,9960,9960
`FS101343,货道8,统一冰红茶[柠檬](PET500ml),INTR894011688,饮料,3,3,9936,9936
`FS101343,货道9,统一冰绿茶[青梅绿茶](PET500ml),INTR469011681,饮料,3,3,9968,9968
`FS101343,货道10,统一冰绿茶[青梅绿茶](PET500ml),INTR469011681,饮料,3,3,9961,9961
`FS101343,货道11,雅哈[冰咖啡](PET450ml),INTR470011686,饮料,5.5,5.5,9981,9981
`FS101343,货道13,体质能量(PET580ml),INTR468012175,饮料,4,4,9896,9896
`FS101343,货道14,,,,,0,0,0
`FS101343,货道15,体质能量(PET580ml),INTR468012175,饮料,4,4,9910,9910
`FS101343,货道16,,,,,0,0,0
`FS101343,货道17,焕神[热带水果风味]饮料(PET460ml),INTR583011691,饮料,5,5,9966,9966
`FS101343,货道19,统一轻啵苏打水[桃花味](PET500ml),INTR876012423,饮料,3.5,3.5,9985,9985
`FS101343,货道21,饮养四季[金桔柠檬](PET500ml),INTR372011680,饮料,3.5,3,9921,9921
`FS101343,货道23,雪碧[自购版](CAN330ml),INTR685011636,饮料,3,3,9989,9989
`FS101343,货道24,雪碧[自购版](CAN330ml),INTR685011636,饮料,3,3,9983,9983
`FS101343,货道25,小茗同学[溜溜哒茶](PET480ml),INTR973011692,饮料,5,5,9973,9973
`FS101343,货道26,小茗同学[溜溜哒茶](PET480ml),INTR973011692,饮料,5,5,9979,9979
`FS101343,货道27,统一阿萨姆[奶茶原味](PET500ml),INTR230011689,饮料,4.5,4.5,9961,9961
`FS101343,货道28,统一阿萨姆[奶茶原味](PET500ml),INTR230011689,饮料,4.5,4.5,9950,9950
`FS101343,货道29,统一鲜橙多(PET450ml),INTR910011664,饮料,3.5,3.5,9980,9980
`FS101343,货道30,统一鲜橙多(PET450ml),INTR910011664,饮料,3.5,3.5,9965,9965
`FS101343,货道31,今麦郎芒顿小镇柠檬水(PET500ml),INTR322012790,饮料,2.5,3,9989,9989
`FS101343,货道32,元气森林苏打气泡水[荔枝味](PET480ml),INTR976013213,饮料,4,5,9991,9991
`FS101343,货道33,海之言[蓝莓](PET500ml),INTR526012420,饮料,4,4,9967,9967
`FS101343,货道34,海之言[蓝莓](PET500ml),INTR526012420,饮料,4,4,9965,9965
`FS101334,货道1,可口可乐[自购版](CAN330ml),INTR121011635,饮料,3,3,9943,9943
`FS101334,货道2,可口可乐[自购版](CAN330ml),INTR121011635,饮料,3,3,9942,9942
`FS101334,货道3,宏宝莱碳酸饮料汽水荔枝味(CAN330ml),INTR992013247,饮料,3,2.5,9965,9965
`FS101334,货道4,宏宝莱碳酸饮料汽水荔枝味(CAN330ml),INTR992013247,饮料,3,2.5,9971,9971
`FS101334,货道5,爱朵拉拿铁咖啡(CAN310ml),INTR459011637,饮料,4,4,9994,9994
`FS101334,货道6,小野[芒果汁](CAN245ml),INTR457012418,饮料,3,3,9993,9993
`FS101334,货道7,统一冰红茶[柠檬](PET500ml),INTR894011688,饮料,3,3,9983,9983
`FS101334,货道8,统一冰红茶[柠檬](PET500ml),INTR894011688,饮料,3,3,9970,9970
`FS101334,货道9,统一冰绿茶[青梅绿茶](PET500ml),INTR469011681,饮料,3,3,9962,9962
`FS101334,货道10,统一冰绿茶[青梅绿茶](PET500ml),INTR469011681,饮料,3,3,9944,9944
`FS101334,货道11,雅哈[冰咖啡](PET450ml),INTR470011686,饮料,5.5,5.5,9960,9960
`FS101334,货道13,体质能量(PET580ml),INTR468012175,饮料,4,4,9928,9928
`FS101334,货道14,,,,,0,0,0
`FS101334,货道15,体质能量(PET580ml),INTR468012175,饮料,4,4,9964,9964
`FS101334,货道16,,,,,0,0,0
`FS101334,货道17,饮养四季[金桔柠檬](PET500ml),INTR372011680,饮料,3.5,3,9911,9911
`FS101334,货道19,统一轻啵苏打水[桃花味](PET500ml),INTR876012423,饮料,3.5,3.5,9987,9987
`FS101334,货道21,焕神[热带水果风味]饮料(PET460ml),INTR583011691,饮料,5,5,9962,9962
`FS101334,货道23,雪碧[自购版](CAN330ml),INTR685011636,饮料,3,3,9984,9984
`FS101334,货道24,雪碧[自购版](CAN330ml),INTR685011636,饮料,3,3,9986,9986
`FS101334,货道25,小茗同学[溜溜哒茶](PET480ml),INTR973011692,饮料,5,5,9978,9978
`FS101334,货道26,小茗同学[溜溜哒茶](PET480ml),INTR973011692,饮料,5,5,9987,9987
`FS101334,货道27,统一阿萨姆[奶茶原味](PET500ml),INTR230011689,饮料,4.5,4.5,9958,9958
`FS101334,货道28,统一阿萨姆[奶茶原味](PET500ml),INTR230011689,饮料,4.5,4.5,9958,9958
`FS101334,货道29,统一鲜橙多(PET450ml),INTR910011664,饮料,3.5,3.5,9987,9987
`FS101334,货道30,统一鲜橙多(PET450ml),INTR910011664,饮料,3.5,3.5,9978,9978
`FS101334,货道31,今麦郎芒顿小镇柠檬水(PET500ml),INTR322012790,饮料,2.5,3,9988,9988
`FS101334,货道32,今麦郎芒顿小镇柠檬水(PET500ml),INTR322012790,饮料,2.5,2.5,9999,9999
`FS101334,货道33,海之言[蓝莓](PET500ml),INTR526012420,饮料,4,4,9931,9931
`FS101334,货道34,海之言[蓝莓](PET500ml),INTR526012420,饮料,4,4,9923,9923
`FS101253,货道1,可口可乐[自购版](CAN330ml),INTR121011635,饮料,3,3,9965,9965
`FS101253,货道2,可口可乐[自购版](CAN330ml),INTR121011635,饮料,3,3,9943,9943
`FS101253,货道3,宏宝莱碳酸饮料汽水荔枝味(CAN330ml),INTR992013247,饮料,3,2.5,9959,9959
`FS101253,货道4,小野[芒果汁](CAN245ml),INTR457012418,饮料,3,3,9999,9999
`FS101253,货道5,爱朵拉拿铁咖啡(CAN310ml),INTR459011637,饮料,4,4,9990,9990
`FS101253,货道6,零度可口可乐,INTR427002411,碳酸饮料,3,3,9999,9999
`FS101253,货道7,统一冰红茶[柠檬](PET500ml),INTR894011688,饮料,3,3,9982,9982
`FS101253,货道8,统一冰红茶[柠檬](PET500ml),INTR894011688,饮料,3,3,9944,9944
`FS101253,货道9,统一冰绿茶[青梅绿茶](PET500ml),INTR469011681,饮料,3,3,9940,9940
`FS101253,货道10,统一冰绿茶[青梅绿茶](PET500ml),INTR469011681,饮料,3,3,9939,9939
`FS101253,货道11,雅哈[冰咖啡](PET450ml),INTR470011686,饮料,5.5,5.5,9959,9959
`FS101253,货道12,,,,,,0,0
`FS101253,货道13,体质能量(PET580ml),INTR468012175,饮料,4,4,9933,9933
`FS101253,货道14,,,,,0,0,0
`FS101253,货道15,体质能量(PET580ml),INTR468012175,饮料,4,4,9942,9942
`FS101253,货道16,,,,,0,0,0
`FS101253,货道17,饮养四季[金桔柠檬](PET500ml),INTR372011680,饮料,3.5,3,9909,9909
`FS101253,货道18,,,,,,0,0
`FS101253,货道19,统一轻啵苏打水[桃花味](PET500ml),INTR876012423,饮料,3.5,3.5,9982,9982
`FS101253,货道20,,,,,,0,0
`FS101253,货道21,焕神[热带水果风味]饮料(PET460ml),INTR583011691,饮料,5,5,9966,9966
`FS101253,货道22,,,,,,0,0
`FS101253,货道23,雪碧[自购版](CAN330ml),INTR685011636,饮料,3,3,9969,9969
`FS101253,货道24,雪碧[自购版](CAN330ml),INTR685011636,饮料,3,3,9965,9965
`FS101253,货道25,小茗同学[溜溜哒茶](PET480ml),INTR973011692,饮料,5,5,9982,9982
`FS101253,货道26,小茗同学[溜溜哒茶](PET480ml),INTR973011692,饮料,5,5,9978,9978
`FS101253,货道27,统一阿萨姆[奶茶原味](PET500ml),INTR230011689,饮料,4.5,4.5,9968,9968
`FS101253,货道28,统一阿萨姆[奶茶原味](PET500ml),INTR230011689,饮料,4.5,4.5,9977,9977
`FS101253,货道29,统一鲜橙多(PET450ml),INTR910011664,饮料,3.5,3.5,9962,9962
`FS101253,货道30,统一鲜橙多(PET450ml),INTR910011664,饮料,3.5,3.5,9955,9955
`FS101253,货道31,元气森林苏打气泡水[荔枝味](PET480ml),INTR976013213,饮料,4,5,9969,9969
`FS101253,货道32,今麦郎芒顿小镇柠檬水(PET500ml),INTR322012790,饮料,2.5,3,9980,9980
`FS101253,货道33,海之言[蓝莓](PET500ml),INTR526012420,饮料,4,4,9936,9936
`FS101253,货道34,海之言[蓝莓](PET500ml),INTR526012420,饮料,4,4,9915,9915
`FS100772,货道1,统一好料道[仙草凉茶](CAN310ml),INTR791011678,饮料,4,4,20,20
`FS100772,货道2,统一好料道[仙草凉茶](CAN310ml),INTR791011678,饮料,4,4,17,17
`FS100772,货道3,统一果汁[金桔柠檬](CAN310ml),1.56473E+17,开门柜,3,2.5,1,1
`FS100772,货道4,统一鲜橙多(CAN310ml),INTR767011663,饮料,3,2.5,8,8
`FS100772,货道5,统一鲜橙多(CAN310ml),INTR767011663,饮料,3,2.5,9,9
`FS100772,货道6,米源冰晶葡萄(CAN310ml),INTR290012105,饮料,2.5,2.5,9,9
`FS100772,货道7,农夫山泉(PET550ml),INTR993012106,矿泉水,2,2,8,8
`FS100772,货道8,盐典[PET503ml],INTR217013711,饮料,0,3.5,5,5
`FS100772,货道9,统一冰红茶[柠檬](PET500ml),INTR894011688,饮料,3,3,10,10
`FS100772,货道10,统一冰红茶[柠檬](PET500ml),INTR894011688,饮料,3,3,10,10
`FS100772,货道11,统一冰红茶[柠檬](PET500ml),INTR894011688,饮料,3,3,2,2
`FS100772,货道12,,,,,,0,0
`FS100772,货道13,台福[高钙花生牛奶](CAN365ml),INTR531012172,饮料,3.5,3.5,6,6
`FS100772,货道14,王老吉凉茶(CAN310ml),INTR472012173,饮料,3.5,3.5,14,14
`FS100772,货道15,百事可乐(CAN330ml),INTR785012174,饮料,2.5,2.5,10,10
`FS100772,货道16,统一果汁[金桔柠檬](CAN310ml),1.56473E+17,开门柜,3,2.5,16,16
`FS100772,货道17,统一双萃[柠檬茶](PET500ml),INTR466012427,饮料,3,3,12,12
`FS100772,货道18,,,,,,0,0
`FS100772,货道19,小茗同学[溜溜哒茶](PET480ml),INTR973011692,饮料,5,5,6,6
`FS100772,货道20,,,,,,0,0
`FS100772,货道21,可口可乐[自购版](PET500ml),INTR724012203,饮料,3.5,3.5,1,1
`FS100772,货道22,,,,,,0,0
`FS100772,货道23,统一饮养四季[冰糖雪梨](PET500ml),INTR56004726,饮料,3.5,3,18,18
`FS100772,货道24,统一鲜橙多(PET450ml),INTR910011664,饮料,3.5,3.5,12,12
`FS100772,货道25,统一绿茶[茉莉](PET500ml),INTR577011683,饮料,3,3,16,16
`FS100772,货道26,统一绿茶[茉莉](PET500ml),INTR577011683,饮料,3,3,9,9
`FS100772,货道27,饮养四季[金桔柠檬](PET500ml),INTR372011680,饮料,3.5,3,9,9
`FS100772,货道28,饮养四季[金桔柠檬](PET500ml),INTR372011680,饮料,3.5,3,7,7
`FS100772,货道29,三得利乌龙茶[无糖](PET500ml),INTR907013377,饮料,5,5,16,16
`FS100772,货道30,统一阿萨姆[奶茶原味](PET500ml),INTR230011689,饮料,4.5,4,0,0
`FS100772,货道31,统一阿萨姆[奶茶原味](PET500ml),INTR230011689,饮料,4.5,4,0,0
`FS100772,货道32,海之言[柠檬](PET500ml),INTR039011682,饮料,4,4,4,4
`FS100772,货道33,今麦郎芒顿小镇蜜桃水(PET500ml),INTR133012193,饮料,2.5,2.5,10,10
`FS100772,货道34,焕神[热带水果风味]饮料(PET460ml),INTR583011691,饮料,5,5,1,1
`FS100732,货道1,统一果汁[金桔柠檬](CAN310ml),1.56473E+17,开门柜,3,2.5,19,19
`FS100732,货道2,统一好料道[仙草凉茶](CAN310ml),INTR791011678,饮料,4,4,17,17
`FS100732,货道3,统一蜜桃多(CAN310ml),INTR765012351,饮料,3,2.5,14,14
`FS100732,货道4,统一鲜橙多(CAN310ml),INTR767011663,饮料,3,2.5,14,14
`FS100732,货道5,统一鲜橙多(CAN310ml),INTR767011663,饮料,3,2.5,12,12
`FS100732,货道6,统一鲜橙多(CAN310ml),INTR767011663,饮料,3,2.5,10,10
`FS100732,货道7,农夫山泉(PET550ml),INTR993012106,矿泉水,2,2,3,3
`FS100732,货道8,可口可乐[自购版](PET500ml),INTR724012203,饮料,3.5,3.5,4,4
`FS100732,货道9,统一冰红茶[柠檬](PET500ml),INTR894011688,饮料,3,3,13,13
`FS100732,货道10,统一冰红茶[柠檬](PET500ml),INTR894011688,饮料,3,3,9,9
`FS100732,货道11,统一冰红茶[柠檬](PET500ml),INTR894011688,饮料,3,3,8,8
`FS100732,货道12,,,,,,0,0
`FS100732,货道13,台福[高钙花生牛奶](CAN365ml),INTR531012172,饮料,3.5,3.5,12,12
`FS100732,货道14,乐虎维生素功能饮料(CAN250ml),INTR995012194,饮料,5.5,5.5,14,14
`FS100732,货道15,王老吉凉茶(CAN310ml),INTR472012173,饮料,3.5,3.5,17,17
`FS100732,货道16,百事可乐(CAN330ml),INTR785012174,饮料,2.5,2.5,7,7
`FS100732,货道17,统一双萃[柠檬茶](PET500ml),INTR466012427,饮料,3,3,15,15
`FS100732,货道18,,,,,,0,0
`FS100732,货道19,统一双萃[柠檬茶](PET500ml),INTR466012427,饮料,3,3,7,7
`FS100732,货道20,,,,,,0,0
`FS100732,货道21,饮养四季[金桔柠檬](PET500ml),INTR372011680,饮料,3.5,3,6,6
`FS100732,货道22,,,,,,0,0
`FS100732,货道23,统一饮养四季[冰糖雪梨](PET500ml),INTR56004726,饮料,3.5,3,19,19
`FS100732,货道24,统一饮养四季[冰糖雪梨](PET500ml),INTR56004726,饮料,3.5,3,18,18
`FS100732,货道25,统一绿茶[茉莉](PET500ml),INTR577011683,饮料,3,3,13,13
`FS100732,货道26,今麦郎芒顿小镇蜜桃水(PET500ml),INTR133012193,饮料,2.5,2.5,7,7
`FS100732,货道27,饮养四季[金桔柠檬](PET500ml),INTR372011680,饮料,3.5,3,10,10
`FS100732,货道28,饮养四季[金桔柠檬](PET500ml),INTR372011680,饮料,3.5,3,5,5
`FS100732,货道29,三得利乌龙茶[无糖](PET500ml),INTR907013377,饮料,5,5,18,18
`FS100732,货道30,统一阿萨姆[奶茶原味](PET500ml),INTR230011689,饮料,4.5,4,0,0
`FS100732,货道31,统一阿萨姆[奶茶原味](PET500ml),INTR230011689,饮料,4.5,4,0,0
`FS100732,货道32,统一鲜橙多(PET450ml),INTR910011664,饮料,3.5,3.5,4,4
`FS100732,货道33,海之言[柠檬](PET500ml),INTR039011682,饮料,4,4,3,3
`FS100732,货道34,焕神[热带水果风味]饮料(PET460ml),INTR583011691,饮料,5,5,1,1
`FS101255,货道1,可口可乐[自购版](CAN330ml),INTR121011635,饮料,3,3,9927,9927
`FS101255,货道2,可口可乐[自购版](CAN330ml),INTR121011635,饮料,3,3,9930,9930
`FS101255,货道3,宏宝莱碳酸饮料汽水荔枝味(CAN330ml),INTR992013247,饮料,3,2.5,9933,9933
`FS101255,货道4,宏宝莱碳酸饮料汽水荔枝味(CAN330ml),INTR992013247,饮料,3,2.5,9944,9944
`FS101255,货道5,爱朵拉拿铁咖啡(CAN310ml),INTR459011637,饮料,4,4,9974,9974
`FS101255,货道6,小野[芒果汁](CAN245ml),INTR457012418,饮料,3,3,9984,9984
`FS101255,货道7,统一冰红茶[柠檬](PET500ml),INTR894011688,饮料,3,3,9949,9949
`FS101255,货道8,统一冰红茶[柠檬](PET500ml),INTR894011688,饮料,3,3,9944,9944
`FS101255,货道9,统一冰绿茶[青梅绿茶](PET500ml),INTR469011681,饮料,3,3,9940,9940
`FS101255,货道10,统一冰绿茶[青梅绿茶](PET500ml),INTR469011681,饮料,3,3,9949,9949
`FS101255,货道11,饮养四季[金桔柠檬](PET500ml),INTR372011680,饮料,3.5,3.5,9959,9959
`FS101255,货道13,怡宝[纯净水](PET555ml),INTR128012109,矿泉水,2,2,9935,9935
`FS101255,货道14,,,,,0,0,0
`FS101255,货道15,怡宝[纯净水](PET555ml),INTR128012109,矿泉水,2,2,9937,9937
`FS101255,货道16,,,,,0,0,0
`FS101255,货道17,统一鲜橙多(PET450ml),INTR910011664,饮料,3.5,3.5,9956,9956
`FS101255,货道19,统一鲜橙多(PET450ml),INTR910011664,饮料,3.5,3.5,9944,9944
`FS101255,货道21,饮养四季[金桔柠檬](PET500ml),INTR372011680,饮料,3.5,3.5,9967,9967
`FS101255,货道23,雪碧[自购版](CAN330ml),INTR685011636,饮料,3,3,9942,9942
`FS101255,货道24,雪碧[自购版](CAN330ml),INTR685011636,饮料,3,3,9948,9948
`FS101255,货道25,体质能量(PET580ml),INTR468012175,饮料,4,4,9937,9937
`FS101255,货道26,体质能量(PET580ml),INTR468012175,饮料,4,4,9945,9945
`FS101255,货道27,统一阿萨姆[奶茶原味](PET500ml),INTR230011689,饮料,4.5,4.5,9953,9953
`FS101255,货道28,统一阿萨姆[奶茶原味](PET500ml),INTR230011689,饮料,4.5,4.5,9963,9963
`FS101255,货道29,小茗同学[溜溜哒茶](PET480ml),INTR973011692,饮料,5,5,9969,9969
`FS101255,货道30,小茗同学[溜溜哒茶](PET480ml),INTR973011692,饮料,5,5,9966,9966
`FS101255,货道31,海之言[蓝莓](PET500ml),INTR526012420,饮料,4,4,9936,9936
`FS101255,货道32,海之言[蓝莓](PET500ml),INTR526012420,饮料,4,4,9945,9945
`FS101255,货道33,统一蜜桃多(PET450ml),INTR769012352,饮料,3.5,3.5,9982,9982
`FS101255,货道34,统一蜜桃多(PET450ml),INTR769012352,饮料,3.5,3.5,9987,9987
`FS100382,货道1,乐虎维生素功能饮料(CAN250ml),INTR995012194,饮料,5.5,5.5,18,18
`FS100382,货道2,王老吉凉茶(CAN310ml),INTR472012173,饮料,3.5,3.5,18,18
`FS100382,货道3,统一好料道[仙草凉茶](CAN310ml),INTR791011678,饮料,4,4,16,16
`FS100382,货道4,统一蜜桃多(CAN310ml),INTR765012351,饮料,3,3,14,14
`FS100382,货道5,统一果汁[金桔柠檬](CAN310ml),1.56473E+17,开门柜,3,2.5,12,12
`FS100382,货道6,统一鲜橙多(CAN310ml),INTR767011663,饮料,3,3,10,10
`FS100382,货道7,农夫山泉(PET550ml),INTR993012106,矿泉水,2,2,21,21
`FS100382,货道8,康之味油切麦仔茶(PET500ml),INTR114013710,饮料,3.5,3.5,19,19
`FS100382,货道9,统一绿茶[茉莉](PET500ml),INTR577011683,饮料,3,3,15,15
`FS100382,货道10,统一绿茶[茉莉](PET500ml),INTR577011683,饮料,3,3,13,13
`FS100382,货道11,饮养四季[金桔柠檬](PET500ml),INTR372011680,饮料,3.5,3,10,10
`FS100382,货道12,,,,,,0,0
`FS100382,货道13,可口可乐[自购版](PET500ml),INTR724012203,饮料,3.5,3.5,20,20
`FS100382,货道14,,,,,,0,0
`FS100382,货道15,焕神[热带水果风味]饮料(PET460ml),INTR583011691,饮料,5,5,0,0
`FS100382,货道16,,,,,,0,0
`FS100382,货道17,饮养四季[金桔柠檬](PET500ml),INTR372011680,饮料,3.5,3,15,15
`FS100382,货道18,,,,,,0,0
`FS100382,货道19,小茗同学[溜溜哒茶](PET480ml),INTR973011692,饮料,5,5,13,13
`FS100382,货道20,,,,,,0,0
`FS100382,货道21,饮养四季[金桔柠檬](PET500ml),INTR372011680,饮料,3.5,3,9,9
`FS100382,货道22,,,,,,0,0
`FS100382,货道23,今麦郎茉莉蜜茶(PET500ml),INTR701012110,饮料,4,3,20,20
`FS100382,货道24,统一鲜橙多(PET450ml),INTR910011664,饮料,3.5,3.5,18,18
`FS100382,货道25,统一饮养四季[冰糖雪梨](PET500ml),INTR56004726,饮料,3.5,3,15,15
`FS100382,货道26,统一冰红茶[柠檬](PET500ml),INTR894011688,饮料,3,3,14,14
`FS100382,货道27,统一冰红茶[柠檬](PET500ml),INTR894011688,饮料,3,3,12,12
`FS100382,货道28,统一鲜橙多(CAN310ml),INTR767011663,饮料,3,3,10,10
`FS100382,货道29,统一阿萨姆[奶茶原味](PET500ml),INTR230011689,饮料,4.5,4,0,0
`FS100382,货道30,统一冰红茶[柠檬](PET500ml),INTR894011688,饮料,3,3,16,16
`FS100382,货道31,今麦郎芒顿小镇蜜桃水(PET500ml),INTR133012193,饮料,2.5,2.5,17,17
`FS100382,货道32,海之言[柠檬](PET500ml),INTR039011682,饮料,4,4,13,13
`FS100382,货道33,海之言[柠檬](PET500ml),INTR039011682,饮料,4,4,11,11
`FS100382,货道34,统一阿萨姆[奶茶原味](PET500ml),INTR230011689,饮料,4.5,4,0,0
`FS100486,货道1,,,,,,0,0
`FS100486,货道2,,,,,,0,0
`FS100486,货道3,,,,,,0,0
`FS100486,货道4,,,,,,0,0
`FS100486,货道5,,,,,,0,0
`FS100486,货道6,,,,,,0,0
`FS100486,货道7,,,,,,0,0
`FS100486,货道8,,,,,,0,0
`FS100486,货道9,,,,,,0,0
`FS100486,货道10,,,,,,0,0
`FS100486,货道11,,,,,,0,0
`FS100486,货道13,,,,,,0,0
`FS100486,货道14,,,,,,0,0
`FS100486,货道15,,,,,,0,0
`FS100486,货道16,,,,,,0,0
`FS100486,货道17,,,,,,0,0
`FS100486,货道19,,,,,,0,0
`FS100486,货道21,,,,,,0,0
`FS100486,货道23,,,,,,0,0
`FS100486,货道24,,,,,,0,0
`FS100486,货道25,,,,,,0,0
`FS100486,货道26,,,,,,0,0
`FS100486,货道27,,,,,,0,0
`FS100486,货道28,,,,,,0,0
`FS100486,货道29,,,,,,0,0
`FS100486,货道30,,,,,,0,0
`FS100486,货道31,,,,,,0,0
`FS100486,货道32,,,,,,0,0
`FS100486,货道33,,,,,,0,0
`FS100486,货道34,,,,,,0,0
`FS101405,货道1,乐虎维生素功能饮料(CAN250ml),INTR995012194,饮料,5.5,5.5,11,11
`FS101405,货道2,统一好料道[仙草凉茶](CAN310ml),INTR791011678,饮料,4,4,14,14
`FS101405,货道3,王老吉凉茶(CAN310ml),INTR472012173,饮料,3.5,3.5,14,14
`FS101405,货道4,可口可乐[自购版](CAN330ml),INTR121011635,饮料,3,3,0,0
`FS101405,货道5,统一鲜橙多(CAN310ml),INTR767011663,饮料,3,2.5,8,8
`FS101405,货道6,统一鲜橙多(CAN310ml),INTR767011663,饮料,3,2.5,8,8
`FS101405,货道7,农夫山泉(PET550ml),INTR993012106,矿泉水,2,2,1,1
`FS101405,货道8,农夫山泉(PET550ml),INTR993012106,矿泉水,2,2,16,16
`FS101405,货道9,统一绿茶[茉莉](PET500ml),INTR577011683,饮料,3,3,11,11
`FS101405,货道10,统一绿茶[茉莉](PET500ml),INTR577011683,饮料,3,3,9,9
`FS101405,货道11,统一阿萨姆[奶茶原味](PET500ml),INTR230011689,饮料,4.5,4,0,0
`FS101405,货道13,可口可乐[自购版](PET500ml),INTR724012203,饮料,3.5,3.5,0,0
`FS101405,货道15,百香公举[百香果](PET480ml),INTR017012171,饮料,4,4,1,1
`FS101405,货道17,统一饮养四季[冰糖雪梨](PET500ml),INTR56004726,饮料,3.5,3,3,3
`FS101405,货道19,小茗同学[溜溜哒茶](PET480ml),INTR973011692,饮料,5,5,11,11
`FS101405,货道21,统一双萃[柠檬茶](PET500ml),INTR466012427,饮料,3,3,8,8
`FS101405,货道23,今麦郎茉莉蜜茶(PET500ml),INTR701012110,饮料,4,3,18,18
`FS101405,货道24,统一鲜橙多(PET450ml),INTR910011664,饮料,3.5,3.5,14,14
`FS101405,货道25,统一冰红茶[柠檬](PET500ml),INTR894011688,饮料,3,3,15,15
`FS101405,货道26,统一冰红茶[柠檬](PET500ml),INTR894011688,饮料,3,3,12,12
`FS101405,货道27,统一冰红茶[柠檬](PET500ml),INTR894011688,饮料,3,3,8,8
`FS101405,货道28,焕神[热带水果风味]饮料(PET460ml),INTR583011691,饮料,5,5,0,0
`FS101405,货道29,饮养四季[金桔柠檬](PET500ml),INTR372011680,饮料,3.5,3,18,18
`FS101405,货道30,统一阿萨姆[奶茶原味](PET500ml),INTR230011689,饮料,4.5,4,1,1
`FS101405,货道31,统一阿萨姆[奶茶原味](PET500ml),INTR230011689,饮料,4.5,4,1,1
`FS101405,货道32,海之言[柠檬](PET500ml),INTR039011682,饮料,4,4,13,13
`FS101405,货道33,海之言[柠檬](PET500ml),INTR039011682,饮料,4,4,9,9
`FS101405,货道34,焕神[热带水果风味]饮料(PET460ml),INTR583011691,饮料,5,5,1,1
`FS101012,货道1,可口可乐[自购版](CAN330ml),INTR121011635,饮料,3,3,9985,9985
`FS101012,货道2,雪碧[自购版](CAN330ml),INTR685011636,饮料,3,3,9987,9987
`FS101012,货道3,统一好料道[仙草凉茶](CAN310ml),INTR791011678,饮料,4,4,9988,9988
`FS101012,货道4,统一绿茶(CAN310ml),INTR838012449,饮料,2.5,2.5,9973,9973
`FS101012,货道5,统一冰红茶(CAN310ml),INTR115011662,饮料,2.5,2.5,9996,9996
`FS101012,货道6,小野[芒果汁](CAN245ml),INTR457012418,饮料,3,3,9990,9990
`FS101012,货道7,怡宝[纯净水](PET555ml),INTR128012109,矿泉水,2,2,9900,9900
`FS101012,货道8,怡宝[纯净水](PET555ml),INTR128012109,矿泉水,2,2,9909,9909
`FS101012,货道9,统一绿茶[茉莉](PET500ml),INTR577011683,饮料,3,3,9985,9985
`FS101012,货道10,饮养四季[金桔柠檬](PET500ml),INTR372011680,饮料,3.5,3.5,9981,9981
`FS101012,货道11,海之言[柠檬](PET500ml),INTR039011682,饮料,4,4,9968,9968
`FS101012,货道13,百事可乐(PET500ml),INTR859012793,饮料,3.5,3,9954,9954
`FS101012,货道14,,,,,0,0,0
`FS101012,货道15,美年达橙味500ml,114732,开门柜,5,3,9983,9983
`FS101012,货道16,,,,,0,0,0
`FS101012,货道17,达利园青梅绿茶(PET500ml),INTR537012876,饮料,3,3,9967,9967
`FS101012,货道19,统一蜜桃多(PET450ml),INTR769012352,饮料,3.5,3.5,9983,9983
`FS101012,货道21,脉动[青柠味](PET600ml),INTR924012868,饮料,4,5,9974,9974
`FS101012,货道23,统一阿萨姆[奶茶原味](PET500ml),INTR230011689,饮料,4.5,4.5,9974,9974
`FS101012,货道24,统一阿萨姆[奶茶原味](PET500ml),INTR230011689,饮料,4.5,4.5,9972,9972
`FS101012,货道25,统一鲜橙多(PET450ml),INTR910011664,饮料,3.5,3.5,9985,9985
`FS101012,货道26,小茗同学[青柠红茶](PET480ml),INTR297011693,饮料,5,5,9994,9994
`FS101012,货道27,小茗同学[溜溜哒茶](PET480ml),INTR973011692,饮料,5,5,9994,9994
`FS101012,货道28,小茗同学[青柠红茶](PET480ml),INTR297011693,饮料,5,5,9998,9998
`FS101012,货道29,统一冰红茶[柠檬](PET500ml),INTR894011688,饮料,3,3,9982,9982
`FS101012,货道30,统一冰红茶[柠檬](PET500ml),INTR894011688,饮料,3,3,9982,9982
`FS101012,货道31,统一饮养四季[冰糖雪梨](PET500ml),INTR56004726,饮料,3.5,3.5,9999,9999
`FS101012,货道32,统一茶裏王[无糖日式绿茶](PET420ml),INTR185012092,饮料,5,5,9974,9974
`FS101012,货道33,雅哈[椰椰拿铁](PET450ml),INTR880013468,饮料,5.5,5.5,9995,9995
`FS101012,货道34,雅哈[冰咖啡](PET450ml),INTR470011686,饮料,5.5,5.5,9999,9999
`FS101261,货道1,可口可乐[自购版](CAN330ml),INTR121011635,饮料,3,3,9973,9973
`FS101261,货道2,可口可乐[自购版](CAN330ml),INTR121011635,饮料,3,3,9986,9986
`FS101261,货道3,宏宝莱碳酸饮料汽水荔枝味(CAN330ml),INTR992013247,饮料,3,2.5,9983,9983
`FS101261,货道4,小野[芒果汁](CAN245ml),INTR457012418,饮料,3,3,9995,9995
`FS101261,货道5,统一好料道[仙草凉茶](CAN310ml),INTR791011678,饮料,4,4,9989,9989
`FS101261,货道6,统一好料道[仙草凉茶](CAN310ml),INTR791011678,饮料,4,4,9998,9998
`FS101261,货道7,统一冰红茶[柠檬](PET500ml),INTR894011688,饮料,3,3,9962,9962
`FS101261,货道8,统一冰红茶[柠檬](PET500ml),INTR894011688,饮料,3,3,9954,9954
`FS101261,货道9,统一冰绿茶[青梅绿茶](PET500ml),INTR469011681,饮料,3,3,9929,9929
`FS101261,货道10,统一冰绿茶[青梅绿茶](PET500ml),INTR469011681,饮料,3,3,9927,9927
`FS101261,货道11,雅哈[冰咖啡](PET450ml),INTR470011686,饮料,5.5,5.5,9986,9986
`FS101261,货道13,可口可乐(PET500ml),INTR310011684,饮料,3.5,3.5,9914,9914
`FS101261,货道14,,,,,,0,0
`FS101261,货道15,可口可乐(PET500ml),INTR310011684,饮料,3.5,3.5,9935,9935
`FS101261,货道16,,,,,,0,0
`FS101261,货道17,饮养四季[金桔柠檬](PET500ml),INTR372011680,饮料,3.5,3.5,9927,9927
`FS101261,货道19,小茗同学[溜溜哒茶](PET480ml),INTR973011692,饮料,5,5,9984,9984
`FS101261,货道21,可口可乐(PET500ml),INTR310011684,饮料,3.5,3.5,9956,9956
`FS101261,货道23,雪碧[自购版](CAN330ml),INTR685011636,饮料,3,3,9992,9992
`FS101261,货道24,爱朵拉拿铁咖啡(CAN310ml),INTR459011637,饮料,4,4,9989,9989
`FS101261,货道25,焕神[热带水果风味]饮料(PET460ml),INTR583011691,饮料,5,5,9947,9947
`FS101261,货道26,焕神[热带水果风味]饮料(PET460ml),INTR583011691,饮料,5,5,9957,9957
`FS101261,货道27,统一阿萨姆[奶茶原味](PET500ml),INTR230011689,饮料,4.5,4.5,9985,9985
`FS101261,货道28,统一阿萨姆[奶茶原味](PET500ml),INTR230011689,饮料,4.5,4.5,9978,9978
`FS101261,货道29,海之言[蓝莓](PET500ml),INTR526012420,饮料,4,4,9909,9909
`FS101261,货道30,海之言[蓝莓](PET500ml),INTR526012420,饮料,4,4,9920,9920
`FS101261,货道31,统一轻啵苏打水[桃花味](PET500ml),INTR876012423,饮料,3.5,3.5,9988,9988
`FS101261,货道32,统一轻啵苏打水[桃花味](PET500ml),INTR876012423,饮料,3.5,3.5,9989,9989
`FS101261,货道33,统一茶裏王[无糖台式乌龙茶](PET420ml),INTR904011685,饮料,5,5,9967,9967
`FS101261,货道34,怡宝[纯净水](PET555ml),INTR128012109,矿泉水,2,2,9946,9946
`FS101326,货道1,可口可乐[自购版](CAN330ml),INTR121011635,饮料,3,3,9982,9982
`FS101326,货道2,可口可乐[自购版](CAN330ml),INTR121011635,饮料,3,3,9981,9981
`FS101326,货道3,可口可乐[自购版](CAN330ml),INTR121011635,饮料,3,3,9986,9986
`FS101326,货道4,宏宝莱碳酸饮料汽水荔枝味(CAN330ml),INTR992013247,饮料,3,2.5,9990,9990
`FS101326,货道5,爱朵拉拿铁咖啡(CAN310ml),INTR459011637,饮料,4,4,9996,9996
`FS101326,货道6,小野[芒果汁](CAN245ml),INTR457012418,饮料,3,3,9997,9997
`FS101326,货道7,统一冰红茶[柠檬](PET500ml),INTR894011688,饮料,3,3,9996,9996
`FS101326,货道8,统一冰红茶[柠檬](PET500ml),INTR894011688,饮料,3,3,9984,9984
`FS101326,货道9,统一冰绿茶[青梅绿茶](PET500ml),INTR469011681,饮料,3,3,9988,9988
`FS101326,货道10,统一冰绿茶[青梅绿茶](PET500ml),INTR469011681,饮料,3,3,9963,9963
`FS101326,货道11,雅哈[冰咖啡](PET450ml),INTR470011686,饮料,5.5,5.5,9974,9974
`FS101326,货道13,今麦郎芒顿小镇柠檬水(PET500ml),INTR322012790,饮料,2.5,3,9993,9993
`FS101326,货道14,,,,,,0,0
`FS101326,货道15,可口可乐(PET500ml),INTR310011684,饮料,3.5,3.5,9949,9949
`FS101326,货道16,,,,,,0,0
`FS101326,货道17,饮养四季[金桔柠檬](PET500ml),INTR372011680,饮料,3.5,3.5,9973,9973
`FS101326,货道19,小茗同学[溜溜哒茶](PET480ml),INTR973011692,饮料,5,5,9992,9992
`FS101326,货道21,体质能量(PET580ml),INTR468012175,饮料,4,4,9991,9991
`FS101326,货道23,雪碧[自购版](CAN330ml),INTR685011636,饮料,3,3,9986,9986
`FS101326,货道24,雪碧[自购版](CAN330ml),INTR685011636,饮料,3,3,9990,9990
`FS101326,货道25,焕神[热带水果风味]饮料(PET460ml),INTR583011691,饮料,5,5,9989,9989
`FS101326,货道26,焕神[热带水果风味]饮料(PET460ml),INTR583011691,饮料,5,5,9983,9983
`FS101326,货道27,统一阿萨姆[奶茶原味](PET500ml),INTR230011689,饮料,4.5,4.5,9993,9993
`FS101326,货道28,统一阿萨姆[奶茶原味](PET500ml),INTR230011689,饮料,4.5,4.5,9985,9985
`FS101326,货道29,海之言[蓝莓](PET500ml),INTR526012420,饮料,4,4,9985,9985
`FS101326,货道30,海之言[蓝莓](PET500ml),INTR526012420,饮料,4,4,9979,9979
`FS101326,货道31,统一轻啵苏打水[桃花味](PET500ml),INTR876012423,饮料,3.5,3.5,9996,9996
`FS101326,货道32,统一轻啵苏打水[桃花味](PET500ml),INTR876012423,饮料,3.5,3.5,9993,9993
`FS101326,货道33,统一茶裏王[无糖台式乌龙茶](PET420ml),INTR904011685,饮料,5,5,9990,9990
`FS101326,货道34,怡宝[纯净水](PET555ml),INTR128012109,矿泉水,2,2,9975,9975
`FS101342,货道1,可口可乐[自购版](CAN330ml),INTR121011635,饮料,3,3,9983,9983
`FS101342,货道2,可口可乐[自购版](CAN330ml),INTR121011635,饮料,3,3,9954,9954
`FS101342,货道3,宏宝莱碳酸饮料汽水荔枝味(CAN330ml),INTR992013247,饮料,3,2.5,9984,9984
`FS101342,货道4,可口可乐[自购版](CAN330ml),INTR121011635,饮料,3,3,9981,9981
`FS101342,货道5,小野[芒果汁](CAN245ml),INTR457012418,饮料,3,3,9996,9996
`FS101342,货道6,爱朵拉拿铁咖啡(CAN310ml),INTR459011637,饮料,4,4,9999,9999
`FS101342,货道7,统一冰红茶[柠檬](PET500ml),INTR894011688,饮料,3,3,9983,9983
`FS101342,货道8,统一冰红茶[柠檬](PET500ml),INTR894011688,饮料,3,3,9990,9990
`FS101342,货道9,统一冰绿茶[青梅绿茶](PET500ml),INTR469011681,饮料,3,3,9953,9953
`FS101342,货道10,统一冰绿茶[青梅绿茶](PET500ml),INTR469011681,饮料,3,3,9943,9943
`FS101342,货道11,雅哈[冰咖啡](PET450ml),INTR470011686,饮料,5.5,5.5,9963,9963
`FS101342,货道13,今麦郎芒顿小镇柠檬水(PET500ml),INTR322012790,饮料,2.5,3,9990,9990
`FS101342,货道14,,,,,,0,0
`FS101342,货道15,可口可乐(PET500ml),INTR310011684,饮料,3.5,3.5,9946,9946
`FS101342,货道16,,,,,,0,0
`FS101342,货道17,饮养四季[金桔柠檬](PET500ml),INTR372011680,饮料,3.5,3.5,9964,9964
`FS101342,货道19,小茗同学[溜溜哒茶](PET480ml),INTR973011692,饮料,5,5,9980,9980
`FS101342,货道21,可口可乐(PET500ml),INTR310011684,饮料,3.5,3.5,9950,9950
`FS101342,货道23,雪碧[自购版](CAN330ml),INTR685011636,饮料,3,3,9993,9993
`FS101342,货道24,雪碧[自购版](CAN330ml),INTR685011636,饮料,3,3,9992,9992
`FS101342,货道25,焕神[热带水果风味]饮料(PET460ml),INTR583011691,饮料,5,5,9971,9971
`FS101342,货道26,焕神[热带水果风味]饮料(PET460ml),INTR583011691,饮料,5,5,9954,9954
`FS101342,货道27,统一阿萨姆[奶茶原味](PET500ml),INTR230011689,饮料,4.5,4.5,9981,9981
`FS101342,货道28,统一阿萨姆[奶茶原味](PET500ml),INTR230011689,饮料,4.5,4.5,9975,9975
`FS101342,货道29,海之言[蓝莓](PET500ml),INTR526012420,饮料,4,4,9961,9961
`FS101342,货道30,海之言[蓝莓](PET500ml),INTR526012420,饮料,4,4,9952,9952
`FS101342,货道31,统一轻啵苏打水[桃花味](PET500ml),INTR876012423,饮料,3.5,3.5,9991,9991
`FS101342,货道32,统一轻啵苏打水[桃花味](PET500ml),INTR876012423,饮料,3.5,3.5,9979,9979
`FS101342,货道33,统一茶裏王[无糖台式乌龙茶](PET420ml),INTR904011685,饮料,5,5,9972,9972
`FS101342,货道34,怡宝[纯净水](PET555ml),INTR128012109,矿泉水,2,2,9941,9941
`FS101282,货道1,可口可乐[自购版](CAN330ml),INTR121011635,饮料,3,3,19,19
`FS101282,货道2,可口可乐[自购版](CAN330ml),INTR121011635,饮料,3,3,20,20
`FS101282,货道3,宏宝莱碳酸饮料汽水荔枝味(CAN330ml),INTR992013247,饮料,3,2.5,9984,9984
`FS101282,货道4,小野[芒果汁](CAN245ml),INTR457012418,饮料,3,3,9997,9997
`FS101282,货道5,可口可乐[自购版](CAN330ml),INTR121011635,饮料,3,3,9966,9966
`FS101282,货道6,统一好料道[仙草凉茶](CAN310ml),INTR791011678,饮料,4,4,9998,9998
`FS101282,货道7,统一冰红茶[柠檬](PET500ml),INTR894011688,饮料,3,3,9996,9996
`FS101282,货道8,统一冰红茶[柠檬](PET500ml),INTR894011688,饮料,3,3,9976,9976
`FS101282,货道9,统一冰绿茶[青梅绿茶](PET500ml),INTR469011681,饮料,3,3,9987,9987
`FS101282,货道10,统一冰绿茶[青梅绿茶](PET500ml),INTR469011681,饮料,3,3,9954,9954
`FS101282,货道11,雅哈[冰咖啡](PET450ml),INTR470011686,饮料,5.5,5.5,9979,9979
`FS101282,货道13,今麦郎芒顿小镇柠檬水(PET500ml),INTR322012790,饮料,2.5,3,9987,9987
`FS101282,货道14,,,,,,0,0
`FS101282,货道15,可口可乐(PET500ml),INTR310011684,饮料,3.5,3.5,9950,9950
`FS101282,货道16,,,,,,0,0
`FS101282,货道17,饮养四季[金桔柠檬](PET500ml),INTR372011680,饮料,3.5,3.5,9985,9985
`FS101282,货道19,小茗同学[溜溜哒茶](PET480ml),INTR973011692,饮料,5,5,9991,9991
`FS101282,货道21,怡宝[纯净水](PET555ml),INTR128012109,矿泉水,2,2,9,9
`FS101282,货道23,雪碧[自购版](CAN330ml),INTR685011636,饮料,3,3,9987,9987
`FS101282,货道24,爱朵拉拿铁咖啡(CAN310ml),INTR459011637,饮料,4,4,9992,9992
`FS101282,货道25,焕神[热带水果风味]饮料(PET460ml),INTR583011691,饮料,5,5,9996,9996
`FS101282,货道26,焕神[热带水果风味]饮料(PET460ml),INTR583011691,饮料,5,5,9986,9986
`FS101282,货道27,统一阿萨姆[奶茶原味](PET500ml),INTR230011689,饮料,4.5,4.5,9994,9994
`FS101282,货道28,统一阿萨姆[奶茶原味](PET500ml),INTR230011689,饮料,4.5,4.5,9983,9983
`FS101282,货道29,海之言[柠檬](PET500ml),INTR039011682,饮料,4,4,9978,9978
`FS101282,货道30,海之言[柠檬](PET500ml),INTR039011682,饮料,4,4,9980,9980
`FS101282,货道31,统一轻啵苏打水[桃花味](PET500ml),INTR876012423,饮料,3.5,3.5,9993,9993
`FS101282,货道32,统一轻啵苏打水[桃花味](PET500ml),INTR876012423,饮料,3.5,3.5,9994,9994
`FS101282,货道33,统一茶裏王[无糖台式乌龙茶](PET420ml),INTR904011685,饮料,5,5,9980,9980
`FS101282,货道34,体质能量(PET580ml),INTR468012175,饮料,4,4,9991,9991
`FS100792,货道1,优好滋荔枝爽310ml,INTR860012104,饮料,2.5,3,19,19
`FS100792,货道2,统一冰红茶(CAN310ml),INTR115011662,饮料,2.5,2.5,12,12
`FS100792,货道3,统一鲜橙多(CAN310ml),INTR767011663,饮料,3,3,17,17
`FS100792,货道4,统一鲜橙多(CAN310ml),INTR767011663,饮料,3,3,12,12
`FS100792,货道5,统一冰红茶(CAN310ml),INTR115011662,饮料,2.5,2.5,10,10
`FS100792,货道6,统一好料道[仙草凉茶](CAN310ml),INTR791011678,饮料,4,4,12,12
`FS100792,货道7,格泉饮用天然水(PET500ml),INTR252012401,矿泉水,2,2,22,22
`FS100792,货道8,新湖源奶饮品[黄桃味](PET521ml),INTR054012792,饮料,5,5,20,20
`FS100792,货道9,统一饮养四季[冰糖雪梨](PET500ml),INTR56004726,饮料,3.5,3.5,18,18
`FS100792,货道10,统一阿萨姆[奶茶原味](PET500ml),INTR230011689,饮料,4.5,4.5,15,15
`FS100792,货道11,统一阿萨姆[奶茶原味](PET500ml),INTR230011689,饮料,4.5,4.5,13,13
`FS100792,货道13,统一冰红茶[柠檬](PET500ml),INTR894011688,饮料,3,3,11,11
`FS100792,货道14,,,,,3,0,0
`FS100792,货道15,统一冰红茶[柠檬](PET500ml),INTR894011688,饮料,3,3,18,18
`FS100792,货道16,,,,,,0,0
`FS100792,货道17,统一轻啵苏打水[原味](PET500ml),INTR452012400,饮料,3.5,3.5,18,18
`FS100792,货道19,海之言[柠檬](PET500ml),INTR039011682,饮料,4,4,16,16
`FS100792,货道21,海之言[柠檬](PET500ml),INTR039011682,饮料,4,4,13,13
`FS100792,货道23,农夫山泉(PET550ml),INTR993012106,矿泉水,2,2,20,20
`FS100792,货道24,农夫山泉(PET550ml),INTR993012106,矿泉水,2,2,13,13
`FS100792,货道25,水趣多乳酸菌风味(PET500ml),INTR912012422,饮料,5,5,18,18
`FS100792,货道26,小茗同学[青柠红茶](PET480ml),INTR297011693,饮料,5,5,15,15
`FS100792,货道27,统一冰绿茶[青梅绿茶](PET500ml),INTR469011681,饮料,3,3,11,11
`FS100792,货道28,统一冰绿茶[青梅绿茶](PET500ml),INTR469011681,饮料,3,3,10,10
`FS100792,货道29,农夫山泉(PET550ml),INTR993012106,矿泉水,2,2,6,6
`FS100792,货道30,今麦郎芒顿小镇西瓜水(PET500ml),INTR688012196,饮料,3,3,20,20
`FS100792,货道31,统一绿茶[茉莉](PET500ml),INTR577011683,饮料,3,3,16,16
`FS100792,货道32,统一绿茶[茉莉](PET500ml),INTR577011683,饮料,3,3,14,14
`FS100792,货道33,小茗同学[溜溜哒茶](PET480ml),INTR973011692,饮料,5,5,12,12
`FS100792,货道34,饮养四季[金桔柠檬](PET500ml),INTR372011680,饮料,3.5,3.5,9,9
`FS100344,货道1,百事可乐(CAN330ml),INTR785012174,饮料,2.5,2.5,20,20
`FS100344,货道2,红牛金罐(CAN250ml),INTR442012892,饮料,6,6,10,10
`FS100344,货道3,台福[高钙花生牛奶](CAN365ml),INTR531012172,饮料,3.5,3.5,16,16
`FS100344,货道4,王老吉凉茶(CAN310ml),INTR472012173,饮料,3.5,3.5,14,14
`FS100344,货道5,统一鲜橙多(CAN310ml),INTR767011663,饮料,3,2.5,12,12
`FS100344,货道6,统一果汁[金桔柠檬](CAN310ml),1.56473E+17,开门柜,3,2.5,10,10
`FS100344,货道7,农夫山泉(PET550ml),INTR993012106,矿泉水,2,2,16,16
`FS100344,货道8,统一冰红茶[柠檬](PET500ml),INTR894011688,饮料,3,3,18,18
`FS100344,货道9,统一绿茶[茉莉](PET500ml),INTR577011683,饮料,3,3,14,14
`FS100344,货道10,统一绿茶[茉莉](PET500ml),INTR577011683,饮料,3,3,12,12
`FS100344,货道11,饮养四季[金桔柠檬](PET500ml),INTR372011680,饮料,3.5,3,10,10
`FS100344,货道12,,,,,,0,0
`FS100344,货道13,可口可乐[自购版](PET500ml),INTR724012203,饮料,3.5,3.5,21,21
`FS100344,货道14,,,,,,0,0
`FS100344,货道15,统一饮养四季[冰糖雪梨](PET500ml),INTR56004726,饮料,3.5,3,18,18
`FS100344,货道16,,,,,,0,0
`FS100344,货道17,小茗同学[溜溜哒茶](PET480ml),INTR973011692,饮料,5,5,14,14
`FS100344,货道18,,,,,,0,0
`FS100344,货道19,焕神[热带水果风味]饮料(PET460ml),INTR583011691,饮料,5,5,2,2
`FS100344,货道20,,,,,,0,0
`FS100344,货道21,今麦郎芒顿小镇蜜桃水(PET500ml),INTR133012193,饮料,2.5,2.5,10,10
`FS100344,货道22,,,,,,0,0
`FS100344,货道23,统一阿萨姆[奶茶原味](PET500ml),INTR230011689,饮料,4.5,4,0,0
`FS100344,货道24,统一鲜橙多(PET450ml),INTR910011664,饮料,3.5,3.5,18,18
`FS100344,货道25,统一冰红茶[柠檬](PET500ml),INTR894011688,饮料,3,3,16,16
`FS100344,货道26,统一冰红茶[柠檬](PET500ml),INTR894011688,饮料,3,3,14,14
`FS100344,货道27,焕神[热带水果风味]饮料(PET460ml),INTR583011691,饮料,5,5,7,7
`FS100344,货道28,统一好料道[仙草凉茶](CAN310ml),INTR791011678,饮料,4,4,5,5
`FS100344,货道29,百香公举[百香果](PET480ml),INTR017012171,饮料,4,4,8,8
`FS100344,货道30,统一阿萨姆[奶茶原味](PET500ml),INTR230011689,饮料,4.5,4,15,15
`FS100344,货道31,统一阿萨姆[奶茶原味](PET500ml),INTR230011689,饮料,4.5,4,0,0
`FS100344,货道32,海之言[柠檬](PET500ml),INTR039011682,饮料,4,4,14,14
`FS100344,货道33,焕神[热带水果风味]饮料(PET460ml),INTR583011691,饮料,5,5,11,11
`FS100344,货道34,饮养四季[金桔柠檬](PET500ml),INTR372011680,饮料,3.5,3,9,9
`FS101322,货道1,可口可乐[自购版](CAN330ml),INTR121011635,饮料,3,3,9976,9976
`FS101322,货道2,可口可乐[自购版](CAN330ml),INTR121011635,饮料,3,3,9978,9978
`FS101322,货道3,雪碧[自购版](CAN330ml),INTR685011636,饮料,3,3,9979,9979
`FS101322,货道4,雪碧[自购版](CAN330ml),INTR685011636,饮料,3,3,9977,9977
`FS101322,货道5,可口可乐[自购版](CAN330ml),INTR121011635,饮料,3,3,9980,9980
`FS101322,货道6,小野[芒果汁](CAN245ml),INTR457012418,饮料,3,3,9999,9999
`FS101322,货道7,怡宝[纯净水](PET555ml),INTR128012109,矿泉水,2,2,9962,9962
`FS101322,货道8,爱朵拉拿铁咖啡(CAN310ml),INTR459011637,饮料,4,4,9999,9999
`FS101322,货道9,统一轻啵苏打水[桃花味](PET500ml),INTR876012423,饮料,3.5,3.5,9988,9988
`FS101322,货道10,统一阿萨姆[奶茶原味](PET500ml),INTR230011689,饮料,4.5,4.5,9992,9992
`FS101322,货道11,统一冰绿茶[青梅绿茶](PET500ml),INTR469011681,饮料,3,3,9985,9985
`FS101322,货道13,小茗同学[溜溜哒茶](PET480ml),INTR973011692,饮料,5,5,9995,9995
`FS101322,货道14,,,,,,0,0
`FS101322,货道15,小茗同学[溜溜哒茶](PET480ml),INTR973011692,饮料,5,5,9990,9990
`FS101322,货道16,,,,,,0,0
`FS101322,货道17,,,,,,0,0
`FS101322,货道19,焕神[热带水果风味]饮料(PET460ml),INTR583011691,饮料,5,5,9999,9999
`FS101322,货道21,雅哈[冰咖啡](PET450ml),INTR470011686,饮料,5.5,5.5,9999,9999
`FS101322,货道23,统一冰红茶[柠檬](PET500ml),INTR894011688,饮料,3,3,9999,9999
`FS101322,货道24,统一冰红茶[柠檬](PET500ml),INTR894011688,饮料,3,3,9998,9998
`FS101322,货道25,统一冰绿茶[青梅绿茶](PET500ml),INTR469011681,饮料,3,3,9957,9957
`FS101322,货道26,元气森林气泡水[海盐菠萝味](PET480ml),INTR966012869,饮料,5,5,9987,9987
`FS101322,货道27,今麦郎芒顿小镇柠檬水(PET500ml),INTR322012790,饮料,2.5,3,9999,9999
`FS101322,货道28,焕神[热带水果风味]饮料(PET460ml),INTR583011691,饮料,5,5,9999,9999
`FS101322,货道29,怡宝[纯净水](PET555ml),INTR128012109,矿泉水,2,2,9965,9965
`FS101322,货道30,体质能量(PET580ml),INTR468012175,饮料,4,4,9984,9984
`FS101322,货道31,宏宝莱碳酸饮料汽水荔枝味(CAN330ml),INTR992013247,饮料,3,2.5,9998,9998
`FS101322,货道32,海之言[柠檬](PET500ml),INTR039011682,饮料,4,4,9987,9987
`FS101322,货道33,统一鲜橙多(PET450ml),INTR910011664,饮料,3.5,3.5,9994,9994
`FS101322,货道34,统一鲜橙多(PET450ml),INTR910011664,饮料,3.5,3.5,9990,9990
`FS100735,货道1,统一蜜桃多(CAN310ml),INTR765012351,饮料,3,2.5,18,18
`FS100735,货道2,统一好料道[仙草凉茶](CAN310ml),INTR791011678,饮料,4,4,18,18
`FS100735,货道3,统一好料道[仙草凉茶](CAN310ml),INTR791011678,饮料,4,4,16,16
`FS100735,货道4,统一鲜橙多(CAN310ml),INTR767011663,饮料,3,2.5,14,14
`FS100735,货道5,统一鲜橙多(CAN310ml),INTR767011663,饮料,3,2.5,12,12
`FS100735,货道6,统一鲜橙多(CAN310ml),INTR767011663,饮料,3,2.5,10,10
`FS100735,货道7,可口可乐[自购版](PET500ml),INTR724012203,饮料,3.5,3.5,18,18
`FS100735,货道8,百香公举[百香果](PET480ml),INTR017012171,饮料,4,4,12,12
`FS100735,货道9,统一冰红茶[柠檬](PET500ml),INTR894011688,饮料,3,3,15,15
`FS100735,货道10,统一冰红茶[柠檬](PET500ml),INTR894011688,饮料,3,3,12,12
`FS100735,货道11,统一冰红茶[柠檬](PET500ml),INTR894011688,饮料,3,3,11,11
`FS100735,货道12,,,,,,0,0
`FS100735,货道13,台福[高钙花生牛奶](CAN365ml),INTR531012172,饮料,3.5,3.5,14,14
`FS100735,货道14,王老吉凉茶(CAN310ml),INTR472012173,饮料,3.5,3.5,20,20
`FS100735,货道15,乐虎维生素功能饮料(CAN250ml),INTR995012194,饮料,5.5,5.5,17,17
`FS100735,货道16,粤喵喵生榨椰汁(CAN315ml),INTR618013709,饮料,0,3.5,17,17
`FS100735,货道17,统一双萃[柠檬茶](PET500ml),INTR466012427,饮料,3,3,13,13
`FS100735,货道18,,,,,,0,0
`FS100735,货道19,小茗同学[溜溜哒茶](PET480ml),INTR973011692,饮料,5,5,13,13
`FS100735,货道20,,,,,,0,0
`FS100735,货道21,饮养四季[金桔柠檬](PET500ml),INTR372011680,饮料,3.5,3,7,7
`FS100735,货道22,,,,,,0,0
`FS100735,货道23,统一饮养四季[冰糖雪梨](PET500ml),INTR56004726,饮料,3.5,3,17,17
`FS100735,货道24,统一鲜橙多(PET450ml),INTR910011664,饮料,3.5,3.5,18,18
`FS100735,货道25,统一绿茶[茉莉](PET500ml),INTR577011683,饮料,3,3,15,15
`FS100735,货道26,统一绿茶[茉莉](PET500ml),INTR577011683,饮料,3,3,4,4
`FS100735,货道27,饮养四季[金桔柠檬](PET500ml),INTR372011680,饮料,3.5,3,12,12
`FS100735,货道28,饮养四季[金桔柠檬](PET500ml),INTR372011680,饮料,3.5,3,10,10
`FS100735,货道29,农夫山泉(PET550ml),INTR993012106,矿泉水,2,2,5,5
`FS100735,货道30,统一阿萨姆[奶茶原味](PET500ml),INTR230011689,饮料,4.5,4,0,0
`FS100735,货道31,统一阿萨姆[奶茶原味](PET500ml),INTR230011689,饮料,4.5,4,0,0
`FS100735,货道32,焕神[热带水果风味]饮料(PET460ml),INTR583011691,饮料,5,5,12,12
`FS100735,货道33,海之言[柠檬](PET500ml),INTR039011682,饮料,4,4,11,11
`FS100735,货道34,海之言[柠檬](PET500ml),INTR039011682,饮料,4,4,10,10
`FS101258,货道1,爱朵拉拿铁咖啡(CAN310ml),INTR459011637,饮料,4,4,9999,9999
`FS101258,货道2,可口可乐[自购版](CAN330ml),INTR121011635,饮料,3,3,9984,9984
`FS101258,货道3,雪碧[自购版](CAN330ml),INTR685011636,饮料,3,3,9990,9990
`FS101258,货道4,小野[芒果汁](CAN245ml),INTR457012418,饮料,3,3,9997,9997
`FS101258,货道5,可口可乐[自购版](CAN330ml),INTR121011635,饮料,3,3,9991,9991
`FS101258,货道6,可口可乐[自购版](CAN330ml),INTR121011635,饮料,3,3,9996,9996
`FS101258,货道7,怡宝[纯净水](PET555ml),INTR128012109,矿泉水,2,2,9998,9998
`FS101258,货道8,三得利利趣拿铁(CAN310ml),INTR861012877,饮料,4,4,9999,9999
`FS101258,货道9,统一轻啵苏打水[桃花味](PET500ml),INTR876012423,饮料,3.5,3.5,9999,9999
`FS101258,货道10,统一阿萨姆[奶茶原味](PET500ml),INTR230011689,饮料,4.5,4.5,9999,9999
`FS101258,货道11,统一阿萨姆[奶茶原味](PET500ml),INTR230011689,饮料,4.5,4.5,9999,9999
`FS101258,货道13,小茗同学[溜溜哒茶](PET480ml),INTR973011692,饮料,5,5,9997,9997
`FS101258,货道14,,,,,,0,0
`FS101258,货道15,小茗同学[溜溜哒茶](PET480ml),INTR973011692,饮料,5,5,9999,9999
`FS101258,货道16,,,,,,0,0
`FS101258,货道17,,,,,,0,0
`FS101258,货道19,焕神[热带水果风味]饮料(PET460ml),INTR583011691,饮料,5,5,9999,9999
`FS101258,货道21,雅哈[冰咖啡](PET450ml),INTR470011686,饮料,5.5,5.5,9999,9999
`FS101258,货道23,统一冰红茶[柠檬](PET500ml),INTR894011688,饮料,3,3,9999,9999
`FS101258,货道24,统一冰红茶[柠檬](PET500ml),INTR894011688,饮料,3,3,9998,9998
`FS101258,货道25,统一冰绿茶[青梅绿茶](PET500ml),INTR469011681,饮料,3,3,9995,9995
`FS101258,货道26,海之言[蓝莓](PET500ml),INTR526012420,饮料,4,4,9998,9998
`FS101258,货道27,海之言[蓝莓](PET500ml),INTR526012420,饮料,4,4,9999,9999
`FS101258,货道28,海之言[蓝莓](PET500ml),INTR526012420,饮料,4,4,9999,9999
`FS101258,货道29,怡宝[纯净水](PET555ml),INTR128012109,矿泉水,2,2,9998,9998
`FS101258,货道30,体质能量(PET580ml),INTR468012175,饮料,4,4,9999,9999
`FS101258,货道31,宏宝莱碳酸饮料汽水荔枝味(CAN330ml),INTR992013247,饮料,3,2.5,9999,9999
`FS101258,货道32,海之言[蓝莓](PET500ml),INTR526012420,饮料,4,4,9999,9999
`FS101258,货道33,统一鲜橙多(PET450ml),INTR910011664,饮料,3.5,3.5,9999,9999
`FS101258,货道34,统一鲜橙多(PET450ml),INTR910011664,饮料,3.5,3.5,9999,9999
`FS100376,货道1,可口可乐[自购版](CAN330ml),INTR121011635,饮料,3,3,21,21
`FS100376,货道2,雪碧[自购版](CAN330ml),INTR685011636,饮料,3,3,19,19
`FS100376,货道3,统一冰红茶(CAN310ml),INTR115011662,饮料,2.5,2.5,17,17
`FS100376,货道4,统一冰红茶(CAN310ml),INTR115011662,饮料,2.5,2.5,15,15
`FS100376,货道5,米源冰晶葡萄(CAN310ml),INTR290012105,饮料,2.5,2.5,13,13
`FS100376,货道6,统一鲜橙多(CAN310ml),INTR767011663,饮料,3,3,11,11
`FS100376,货道7,统一阿萨姆[奶茶原味](PET500ml),INTR230011689,饮料,4.5,4.5,21,21
`FS100376,货道8,统一阿萨姆[奶茶原味](PET500ml),INTR230011689,饮料,4.5,4.5,18,18
`FS100376,货道9,统一鲜橙多(PET450ml),INTR910011664,饮料,3.5,3.5,17,17
`FS100376,货道10,雅哈[冰咖啡](PET450ml),INTR470011686,饮料,5.5,5.5,13,13
`FS100376,货道11,饮养四季[金桔柠檬](PET500ml),INTR372011680,饮料,3.5,3.5,11,11
`FS100376,货道12,,,,,,0,0
`FS100376,货道13,百事可乐(PET600ml),INTR065012794,饮料,3.5,3.5,19,19
`FS100376,货道14,,,,,,0,0
`FS100376,货道15,可口可乐[自购版](PET500ml),INTR724012203,饮料,3.5,3.5,16,16
`FS100376,货道16,,,,,,0,0
`FS100376,货道17,雪碧[自购版](PET500ml),INTR175012204,饮料,3.5,3.5,15,15
`FS100376,货道18,,,,,,0,0
`FS100376,货道19,怡宝[纯净水](PET555ml),INTR128012109,矿泉水,2,2,11,11
`FS100376,货道20,,,,,,0,0
`FS100376,货道21,小茗同学[溜溜哒茶](PET480ml),INTR973011692,饮料,5,5,11,11
`FS100376,货道22,,,,,,0,0
`FS100376,货道23,农夫山泉(PET550ml),INTR993012106,矿泉水,2,2,21,21
`FS100376,货道24,农夫山泉(PET550ml),INTR993012106,矿泉水,2,2,19,19
`FS100376,货道25,统一冰绿茶[青梅绿茶](PET500ml),INTR469011681,饮料,3,3,17,17
`FS100376,货道26,统一绿茶[茉莉](PET500ml),INTR577011683,饮料,3,3,14,14
`FS100376,货道27,统一绿茶[茉莉](PET500ml),INTR577011683,饮料,3,3,12,12
`FS100376,货道28,饮养四季[金桔柠檬](PET500ml),INTR372011680,饮料,3.5,3.5,11,11
`FS100376,货道29,农夫山泉力量帝维他命水(PET500ml),INTR911012108,饮料,5,5,21,21
`FS100376,货道30,统一冰红茶[柠檬](PET500ml),INTR894011688,饮料,3,3,19,19
`FS100376,货道31,海之言[柠檬](PET500ml),INTR039011682,饮料,4,4,17,17
`FS100376,货道32,外星人电解质水[白桃口味](PET500ml),INTR922013214,饮料,4,6,14,14
`FS100376,货道33,A-Ha[苹果]气泡水果饮料(PET500ml),INTR255012430,饮料,3,5,13,13
`FS100376,货道34,焕神[热带水果风味]饮料(PET460ml),INTR583011691,饮料,5,5,10,10
`FS100613,货道1,可口可乐[自购版](CAN330ml),INTR121011635,饮料,3,3,18,18
`FS100613,货道2,雪碧[自购版](CAN330ml),INTR685011636,饮料,3,3,19,19
`FS100613,货道3,统一冰红茶(CAN310ml),INTR115011662,饮料,2.5,2.5,20,20
`FS100613,货道4,统一鲜橙多(CAN310ml),INTR767011663,饮料,3,3,17,17
`FS100613,货道5,爱朵拉拿铁咖啡(CAN310ml),INTR459011637,饮料,4,4,20,20
`FS100613,货道6,统一奶茶[麦香](CAN310ml),106623,开门柜,5,4,20,20
`FS100613,货道7,统一阿萨姆[奶茶原味](PET500ml),INTR230011689,饮料,4.5,4.5,19,19
`FS100613,货道8,统一阿萨姆[奶茶原味](PET500ml),INTR230011689,饮料,4.5,4.5,18,18
`FS100613,货道9,统一鲜橙多(PET450ml),INTR910011664,饮料,3.5,3.5,18,18
`FS100613,货道10,统一鲜橙多(PET450ml),INTR910011664,饮料,3.5,3.5,17,17
`FS100613,货道11,雅哈[冰咖啡](PET450ml),INTR470011686,饮料,5.5,5.5,20,20
`FS100613,货道12,,,,,,0,0
`FS100613,货道13,怡宝[纯净水](PET555ml),INTR128012109,矿泉水,2,2,19,19
`FS100613,货道14,,,,,,0,0
`FS100613,货道15,统一冰绿茶[青梅绿茶](PET500ml),INTR469011681,饮料,3,3,15,15
`FS100613,货道16,,,,,,0,0
`FS100613,货道17,海之言[柠檬](PET500ml),INTR039011682,饮料,4,4,9,9
`FS100613,货道18,,,,,,0,0
`FS100613,货道19,饮养四季[金桔柠檬](PET500ml),INTR372011680,饮料,3.5,3.5,20,20
`FS100613,货道20,,,,,,0,0
`FS100613,货道21,小茗同学[溜溜哒茶](PET480ml),INTR973011692,饮料,5,5,20,20
`FS100613,货道22,,,,,,0,0
`FS100613,货道23,农夫茶π蜜桃乌龙茶(PET500ml),INTR930012870,饮料,5,5,20,20
`FS100613,货道24,农夫茶π蜜桃乌龙茶(PET500ml),INTR930012870,饮料,5,5,18,18
`FS100613,货道25,娃哈哈AD钙(PET450ml),INTR722013399,饮料,5,5,20,20
`FS100613,货道26,统一冰红茶[柠檬](PET500ml),INTR894011688,饮料,3,3,19,19
`FS100613,货道27,统一冰红茶[柠檬](PET500ml),INTR894011688,饮料,3,3,16,16
`FS100613,货道28,焕神[热带水果风味]饮料(PET460ml),INTR583011691,饮料,5,5,18,18
`FS100613,货道29,外星人电解质水[青柠味](PET500ml),INTR926013216,饮料,4,6,20,20
`FS100613,货道30,农夫山泉力量帝维他命水(PET500ml),INTR911012108,饮料,5,5,18,18
`FS100613,货道31,农夫山泉力量帝维他命水(PET500ml),INTR911012108,饮料,5,5,17,17
`FS100613,货道32,统一绿茶[茉莉](PET500ml),INTR577011683,饮料,3,3,18,18
`FS100613,货道33,统一绿茶[茉莉](PET500ml),INTR577011683,饮料,3,3,20,20
`FS100613,货道34,A-Ha[苹果]气泡水果饮料(PET500ml),INTR255012430,饮料,3,5,19,19
`FS100996,货道1,,,,,,0,0
`FS100996,货道2,,,,,,0,0
`FS100996,货道3,,,,,,0,0
`FS100996,货道4,,,,,,0,0
`FS100996,货道5,,,,,,0,0
`FS100996,货道6,,,,,,0,0
`FS100996,货道7,,,,,,0,0
`FS100996,货道8,,,,,,0,0
`FS100996,货道9,,,,,,0,0
`FS100996,货道10,,,,,,0,0
`FS100996,货道11,,,,,,0,0
`FS100996,货道13,,,,,,0,0
`FS100996,货道14,,,,,,0,0
`FS100996,货道15,,,,,,0,0
`FS100996,货道16,,,,,,0,0
`FS100996,货道17,,,,,,0,0
`FS100996,货道19,,,,,,0,0
`FS100996,货道21,,,,,,0,0
`FS100996,货道23,,,,,,0,0
`FS100996,货道24,,,,,,0,0
`FS100996,货道25,,,,,,0,0
`FS100996,货道26,,,,,,0,0
`FS100996,货道27,,,,,,0,0
`FS100996,货道28,,,,,,0,0
`FS100996,货道29,,,,,,0,0
`FS100996,货道30,,,,,,0,0
`FS100996,货道31,,,,,,0,0
`FS100996,货道32,,,,,,0,0
`FS100996,货道33,,,,,,0,0
`FS100996,货道34,,,,,,0,0
`FS101391,货道1,可口可乐[自购版](CAN330ml),INTR121011635,饮料,3,3,18,18
`FS101391,货道2,乐虎维生素功能饮料(CAN250ml),INTR995012194,饮料,5.5,5.5,13,13
`FS101391,货道3,台福[高钙花生牛奶](CAN365ml),INTR531012172,饮料,3.5,3.5,13,13
`FS101391,货道4,统一鲜橙多(CAN310ml),INTR767011663,饮料,3,2.5,14,14
`FS101391,货道5,统一鲜橙多(CAN310ml),INTR767011663,饮料,3,2.5,12,12
`FS101391,货道6,统一蜜桃多(CAN310ml),INTR765012351,饮料,3,2.5,7,7
`FS101391,货道7,农夫山泉(PET550ml),INTR993012106,矿泉水,2,2,14,14
`FS101391,货道8,农夫山泉(PET550ml),INTR993012106,矿泉水,2,2,16,16
`FS101391,货道9,统一绿茶[茉莉](PET500ml),INTR577011683,饮料,3,3,15,15
`FS101391,货道10,统一绿茶[茉莉](PET500ml),INTR577011683,饮料,3,3,12,12
`FS101391,货道11,饮养四季[金桔柠檬](PET500ml),INTR372011680,饮料,3.5,3,10,10
`FS101391,货道12,,,,,,0,0
`FS101391,货道13,可口可乐[自购版](PET500ml),INTR724012203,饮料,3.5,3.5,18,18
`FS101391,货道14,,,,,,0,0
`FS101391,货道15,统一饮养四季[冰糖雪梨](PET500ml),INTR56004726,饮料,3.5,3,18,18
`FS101391,货道16,,,,,,0,0
`FS101391,货道17,统一双萃[柠檬茶](PET500ml),INTR466012427,饮料,3,3,15,15
`FS101391,货道18,,,,,,0,0
`FS101391,货道19,小茗同学[溜溜哒茶](PET480ml),INTR973011692,饮料,5,5,12,12
`FS101391,货道20,,,,,,0,0
`FS101391,货道21,饮养四季[金桔柠檬](PET500ml),INTR372011680,饮料,3.5,3,8,8
`FS101391,货道22,,,,,,0,0
`FS101391,货道23,百香公举[百香果](PET480ml),INTR017012171,饮料,4,4,14,14
`FS101391,货道24,统一鲜橙多(PET450ml),INTR910011664,饮料,3.5,3.5,16,16
`FS101391,货道25,统一冰红茶[柠檬](PET500ml),INTR894011688,饮料,3,3,11,11
`FS101391,货道26,统一冰红茶[柠檬](PET500ml),INTR894011688,饮料,3,3,14,14
`FS101391,货道27,今麦郎芒顿小镇蜜桃水(PET500ml),INTR133012193,饮料,2.5,2.5,11,11
`FS101391,货道28,统一好料道[仙草凉茶](CAN310ml),INTR791011678,饮料,4,4,7,7
`FS101391,货道29,焕神[热带水果风味]饮料(PET460ml),INTR583011691,饮料,5,5,17,17
`FS101391,货道30,统一阿萨姆[奶茶原味](PET500ml),INTR230011689,饮料,4.5,4,10,10
`FS101391,货道31,统一阿萨姆[奶茶原味](PET500ml),INTR230011689,饮料,4.5,4,13,13
`FS101391,货道32,海之言[柠檬](PET500ml),INTR039011682,饮料,4,4,13,13
`FS101391,货道33,海之言[柠檬](PET500ml),INTR039011682,饮料,4,4,12,12
`FS101391,货道34,统一饮养四季[冰糖雪梨](PET500ml),INTR56004726,饮料,3.5,3,10,10
`FS100738,货道1,米源冰晶葡萄(CAN310ml),INTR290012105,饮料,2.5,2.5,20,20
`FS100738,货道2,米源冰晶葡萄(CAN310ml),INTR290012105,饮料,2.5,2.5,19,19
`FS100738,货道3,统一冰红茶(CAN310ml),INTR115011662,饮料,2.5,2.5,17,17
`FS100738,货道4,可口可乐[自购版](CAN330ml),INTR121011635,饮料,3,3,12,12
`FS100738,货道5,雪碧[自购版](CAN330ml),INTR685011636,饮料,3,3,13,13
`FS100738,货道6,统一鲜橙多(CAN310ml),INTR767011663,饮料,3,3,11,11
`FS100738,货道7,统一阿萨姆[奶茶原味](PET500ml),INTR230011689,饮料,4.5,4.5,15,15
`FS100738,货道8,统一阿萨姆[奶茶原味](PET500ml),INTR230011689,饮料,4.5,4.5,16,16
`FS100738,货道9,统一鲜橙多(PET450ml),INTR910011664,饮料,3.5,3.5,11,11
`FS100738,货道10,雅哈[冰咖啡](PET450ml),INTR470011686,饮料,5.5,5.5,13,13
`FS100738,货道11,饮养四季[金桔柠檬](PET500ml),INTR372011680,饮料,3.5,3.5,10,10
`FS100738,货道12,,,,,,0,0
`FS100738,货道13,百事可乐(PET600ml),INTR065012794,饮料,3.5,3.5,14,14
`FS100738,货道14,,,,,,0,0
`FS100738,货道15,可口可乐[自购版](PET500ml),INTR724012203,饮料,3.5,3.5,14,14
`FS100738,货道16,,,,,,0,0
`FS100738,货道17,雪碧[自购版](PET500ml),INTR175012204,饮料,3.5,3.5,9,9
`FS100738,货道18,,,,,,0,0
`FS100738,货道19,A-Ha[苹果]气泡水果饮料(PET500ml),INTR255012430,饮料,3,5,13,13
`FS100738,货道20,,,,,,0,0
`FS100738,货道21,怡宝[纯净水](PET555ml),INTR128012109,矿泉水,2,2,8,8
`FS100738,货道22,,,,,,0,0
`FS100738,货道23,农夫山泉(PET550ml),INTR993012106,矿泉水,2,2,21,21
`FS100738,货道24,农夫山泉(PET550ml),INTR993012106,矿泉水,2,2,16,16
`FS100738,货道25,统一冰绿茶[青梅绿茶](PET500ml),INTR469011681,饮料,3,3,11,11
`FS100738,货道26,外星人电解质水[荔枝海盐味](PET500ml),INTR744013215,饮料,4,6,15,15
`FS100738,货道27,统一绿茶[茉莉](PET500ml),INTR577011683,饮料,3,3,11,11
`FS100738,货道28,统一绿茶[茉莉](PET500ml),INTR577011683,饮料,3,3,7,7
`FS100738,货道29,农夫山泉力量帝维他命水(PET500ml),INTR911012108,饮料,5,5,18,18
`FS100738,货道30,统一冰红茶[柠檬](PET500ml),INTR894011688,饮料,3,3,18,18
`FS100738,货道31,海之言[柠檬](PET500ml),INTR039011682,饮料,4,4,12,12
`FS100738,货道32,小茗同学[溜溜哒茶](PET480ml),INTR973011692,饮料,5,5,15,15
`FS100738,货道33,饮养四季[金桔柠檬](PET500ml),INTR372011680,饮料,3.5,3.5,13,13
`FS100738,货道34,焕神[热带水果风味]饮料(PET460ml),INTR583011691,饮料,5,5,11,11
`FS100080,货道1,可口可乐[自购版](CAN330ml),INTR121011635,饮料,3,2.5,9990,9990
`FS100080,货道2,可口可乐[自购版](CAN330ml),INTR121011635,饮料,3,2.5,9988,9988
`FS100080,货道3,爱朵拉拿铁咖啡(CAN310ml),INTR459011637,饮料,4,4,9985,9985
`FS100080,货道4,爱朵拉拿铁咖啡(CAN310ml),INTR459011637,饮料,4,4,9984,9984
`FS100080,货道5,可口可乐[自购版](CAN330ml),INTR121011635,饮料,3,2.5,9992,9992
`FS100080,货道6,可口可乐[自购版](CAN330ml),INTR121011635,饮料,3,2.5,9983,9983
`FS100080,货道7,怡宝[纯净水](PET555ml),INTR128012109,矿泉水,2,2,9980,9980
`FS100080,货道8,体质能量(PET580ml),INTR468012175,饮料,4,4,9975,9975
`FS100080,货道9,可口可乐[自购版](PET500ml),INTR724012203,饮料,3.5,3.5,9969,9969
`FS100080,货道10,可口可乐[自购版](PET500ml),INTR724012203,饮料,3.5,3.5,9995,9995
`FS100080,货道11,雅哈[冰咖啡](PET450ml),INTR470011686,饮料,5.5,5.5,9978,9978
`FS100080,货道13,统一蜜桃多(PET450ml),INTR769012352,饮料,3.5,3.5,9982,9982
`FS100080,货道14,,,,,3,9999,9999
`FS100080,货道15,统一蜜桃多(PET450ml),INTR769012352,饮料,3.5,3.5,9991,9991
`FS100080,货道16,,,,,3,9999,9999
`FS100080,货道17,海之言[柠檬](PET500ml),INTR039011682,饮料,4,4,9960,9960
`FS100080,货道19,海之言[柠檬](PET500ml),INTR039011682,饮料,4,4,9948,9948
`FS100080,货道21,海之言[柠檬](PET500ml),INTR039011682,饮料,4,4,9952,9952
`FS100080,货道23,饮养四季[金桔柠檬](PET500ml),INTR372011680,饮料,3.5,3,9983,9983
`FS100080,货道24,饮养四季[金桔柠檬](PET500ml),INTR372011680,饮料,3.5,3,9968,9968
`FS100080,货道25,统一阿萨姆[奶茶原味](PET500ml),INTR230011689,饮料,4.5,4.5,9997,9997
`FS100080,货道26,统一阿萨姆[奶茶原味](PET500ml),INTR230011689,饮料,4.5,4.5,9991,9991
`FS100080,货道27,统一冰绿茶[青梅绿茶](PET500ml),INTR469011681,饮料,3,3,9981,9981
`FS100080,货道28,统一冰绿茶[青梅绿茶](PET500ml),INTR469011681,饮料,3,3,9963,9963
`FS100080,货道29,元气森林白桃味气泡水瓶装480ml(2021),105195,开门柜,5,5,9997,9997
`FS100080,货道30,元气森林白桃味气泡水瓶装480ml(2021),105195,开门柜,5,5,9991,9991
`FS100080,货道31,小茗同学[溜溜哒茶](PET480ml),INTR973011692,饮料,5,5,9993,9993
`FS100080,货道32,小茗同学[溜溜哒茶](PET480ml),INTR973011692,饮料,5,5,9997,9997
`FS100080,货道33,统一冰红茶[柠檬](PET500ml),INTR894011688,饮料,3,3,9994,9994
`FS100080,货道34,统一冰红茶[柠檬](PET500ml),INTR894011688,饮料,3,3,9988,9988
`FS100072,货道1,可口可乐[自购版](CAN330ml),INTR121011635,饮料,3,2.5,9938,9938
`FS100072,货道2,可口可乐[自购版](CAN330ml),INTR121011635,饮料,3,2.5,9924,9924
`FS100072,货道3,爱朵拉拿铁咖啡(CAN310ml),INTR459011637,饮料,4,4,9994,9994
`FS100072,货道4,爱朵拉拿铁咖啡(CAN310ml),INTR459011637,饮料,4,4,9985,9985
`FS100072,货道5,宏宝莱碳酸饮料汽水荔枝味(CAN330ml),INTR992013247,饮料,3,2.5,9990,9990
`FS100072,货道6,宏宝莱碳酸饮料汽水荔枝味(CAN330ml),INTR992013247,饮料,3,2.5,9991,9991
`FS100072,货道7,怡宝[纯净水](PET555ml),INTR128012109,矿泉水,2,2,9961,9961
`FS100072,货道8,体质能量(PET580ml),INTR468012175,饮料,4,4,9932,9932
`FS100072,货道9,雅哈[冰咖啡](PET450ml),INTR470011686,饮料,5.5,5.5,9992,9992
`FS100072,货道10,雅哈[冰咖啡](PET450ml),INTR470011686,饮料,5.5,5.5,9979,9979
`FS100072,货道11,雅哈[冰咖啡](PET450ml),INTR470011686,饮料,5.5,5.5,9976,9976
`FS100072,货道13,统一轻啵苏打水[桃花味](PET500ml),INTR876012423,饮料,3.5,3.5,9991,9991
`FS100072,货道14,,,,,0,0,0
`FS100072,货道15,统一轻啵苏打水[桃花味](PET500ml),INTR876012423,饮料,3.5,3.5,9994,9994
`FS100072,货道16,,,,,0,0,0
`FS100072,货道17,海之言[柠檬](PET500ml),INTR039011682,饮料,4,4,9943,9943
`FS100072,货道19,海之言[柠檬](PET500ml),INTR039011682,饮料,4,4,9935,9935
`FS100072,货道21,海之言[柠檬](PET500ml),INTR039011682,饮料,4,4,9946,9946
`FS100072,货道23,小茗同学[溜溜哒茶](PET480ml),INTR973011692,饮料,5,5,9991,9991
`FS100072,货道24,小茗同学[溜溜哒茶](PET480ml),INTR973011692,饮料,5,5,9982,9982
`FS100072,货道25,统一阿萨姆[奶茶原味](PET500ml),INTR230011689,饮料,4.5,4.5,9969,9969
`FS100072,货道26,统一阿萨姆[奶茶原味](PET500ml),INTR230011689,饮料,4.5,4.5,9981,9981
`FS100072,货道27,饮养四季[金桔柠檬](PET500ml),INTR372011680,饮料,3.5,3,9944,9944
`FS100072,货道28,饮养四季[金桔柠檬](PET500ml),INTR372011680,饮料,3.5,3,9941,9941
`FS100072,货道29,焕神[热带水果风味]饮料(PET460ml),INTR583011691,饮料,5,5,9975,9975
`FS100072,货道30,焕神[热带水果风味]饮料(PET460ml),INTR583011691,饮料,5,5,9968,9968
`FS100072,货道31,统一冰绿茶[青梅绿茶](PET500ml),INTR469011681,饮料,3,3,9958,9958
`FS100072,货道32,统一冰绿茶[青梅绿茶](PET500ml),INTR469011681,饮料,3,3,9948,9948
`FS100072,货道33,统一冰红茶[柠檬](PET500ml),INTR894011688,饮料,3,3,9981,9981
`FS100072,货道34,统一冰红茶[柠檬](PET500ml),INTR894011688,饮料,3,3,9975,9975
`FS100086,货道1,可口可乐[自购版](CAN330ml),INTR121011635,饮料,3,2.5,9918,9918
`FS100086,货道2,可口可乐[自购版](CAN330ml),INTR121011635,饮料,3,2.5,9924,9924
`FS100086,货道3,三得利利趣拿铁(CAN310ml),INTR861012877,饮料,4,4,9997,9997
`FS100086,货道4,三得利利趣拿铁(CAN310ml),INTR861012877,饮料,4,4,9998,9998
`FS100086,货道5,可口可乐[自购版](CAN330ml),INTR121011635,饮料,3,2.5,9929,9929
`FS100086,货道6,可口可乐[自购版](CAN330ml),INTR121011635,饮料,3,2.5,9943,9943
`FS100086,货道7,怡宝[纯净水](PET555ml),INTR128012109,矿泉水,2,2,9862,9862
`FS100086,货道8,体质能量(PET580ml),INTR468012175,饮料,4,4,9877,9877
`FS100086,货道9,可口可乐[自购版](PET500ml),INTR724012203,饮料,3.5,3.5,9828,9828
`FS100086,货道10,可口可乐[自购版](PET500ml),INTR724012203,饮料,3.5,3.5,9868,9868
`FS100086,货道11,雅哈[冰咖啡](PET450ml),INTR470011686,饮料,5.5,5.5,9915,9915
`FS100086,货道13,统一蜜桃多(PET450ml),INTR769012352,饮料,3.5,3.5,9974,9974
`FS100086,货道14,,,,,3,9999,9999
`FS100086,货道15,统一蜜桃多(PET450ml),INTR769012352,饮料,3.5,3.5,9917,9917
`FS100086,货道16,,,,,3,9999,9999
`FS100086,货道17,海之言[柠檬](PET500ml),INTR039011682,饮料,4,4,9909,9909
`FS100086,货道19,海之言[柠檬](PET500ml),INTR039011682,饮料,4,4,9869,9869
`FS100086,货道21,海之言[柠檬](PET500ml),INTR039011682,饮料,4,4,9861,9861
`FS100086,货道23,饮养四季[金桔柠檬](PET500ml),INTR372011680,饮料,3.5,3,9873,9873
`FS100086,货道24,饮养四季[金桔柠檬](PET500ml),INTR372011680,饮料,3.5,3,9923,9923
`FS100086,货道25,统一阿萨姆[奶茶原味](PET500ml),INTR230011689,饮料,4.5,4.5,9955,9955
`FS100086,货道26,统一阿萨姆[奶茶原味](PET500ml),INTR230011689,饮料,4.5,4.5,9952,9952
`FS100086,货道27,统一冰绿茶[青梅绿茶](PET500ml),INTR469011681,饮料,3,3,9933,9933
`FS100086,货道28,统一冰绿茶[青梅绿茶](PET500ml),INTR469011681,饮料,3,3,9921,9921
`FS100086,货道29,元气森林白桃味气泡水瓶装480ml(2021),105195,开门柜,5,5,9989,9989
`FS100086,货道30,元气森林白桃味气泡水瓶装480ml(2021),105195,开门柜,5,5,9952,9952
`FS100086,货道31,小茗同学[溜溜哒茶](PET480ml),INTR973011692,饮料,5,5,9958,9958
`FS100086,货道32,小茗同学[溜溜哒茶](PET480ml),INTR973011692,饮料,5,5,9979,9979
`FS100086,货道33,统一冰红茶[柠檬](PET500ml),INTR894011688,饮料,3,3,9924,9924
`FS100086,货道34,统一冰红茶[柠檬](PET500ml),INTR894011688,饮料,3,3,9946,9946
`FS100087,货道1,可口可乐[自购版](CAN330ml),INTR121011635,饮料,3,2.5,9846,9846
`FS100087,货道2,可口可乐[自购版](CAN330ml),INTR121011635,饮料,3,2.5,9771,9771
`FS100087,货道3,爱朵拉拿铁咖啡(CAN310ml),INTR459011637,饮料,4,4,9891,9891
`FS100087,货道4,爱朵拉拿铁咖啡(CAN310ml),INTR459011637,饮料,4,4,9892,9892
`FS100087,货道5,可口可乐[自购版](CAN330ml),INTR121011635,饮料,3,2.5,9810,9810
`FS100087,货道6,可口可乐[自购版](CAN330ml),INTR121011635,饮料,3,2.5,9892,9892
`FS100087,货道7,怡宝[纯净水](PET555ml),INTR128012109,矿泉水,2,2,9691,9691
`FS100087,货道8,体质能量(PET580ml),INTR468012175,饮料,4,4,9725,9725
`FS100087,货道9,可口可乐[自购版](PET500ml),INTR724012203,饮料,3.5,3.5,9729,9729
`FS100087,货道10,可口可乐[自购版](PET500ml),INTR724012203,饮料,3.5,3.5,9730,9730
`FS100087,货道11,雅哈[冰咖啡](PET450ml),INTR470011686,饮料,5.5,5.5,9853,9853
`FS100087,货道13,上海盐汽水(PET600ml),INTR332012201,饮料,3,3,9764,9764
`FS100087,货道14,,,,,3,9999,9999
`FS100087,货道15,统一蜜桃多(PET450ml),INTR769012352,饮料,3.5,3.5,9799,9799
`FS100087,货道16,,,,,3,9999,9999
`FS100087,货道17,海之言[柠檬](PET500ml),INTR039011682,饮料,4,4,9836,9836
`FS100087,货道19,海之言[柠檬](PET500ml),INTR039011682,饮料,4,4,9789,9789
`FS100087,货道21,海之言[柠檬](PET500ml),INTR039011682,饮料,4,4,9796,9796
`FS100087,货道23,饮养四季[金桔柠檬](PET500ml),INTR372011680,饮料,3.5,3,9767,9767
`FS100087,货道24,饮养四季[金桔柠檬](PET500ml),INTR372011680,饮料,3.5,3,9817,9817
`FS100087,货道25,统一阿萨姆[奶茶原味](PET500ml),INTR230011689,饮料,4.5,4.5,9890,9890
`FS100087,货道26,统一阿萨姆[奶茶原味](PET500ml),INTR230011689,饮料,4.5,4.5,9888,9888
`FS100087,货道27,统一冰绿茶[青梅绿茶](PET500ml),INTR469011681,饮料,3,3,9875,9875
`FS100087,货道28,统一冰绿茶[青梅绿茶](PET500ml),INTR469011681,饮料,3,3,9871,9871
`FS100087,货道29,元气森林白桃味气泡水瓶装480ml(2021),105195,开门柜,5,5,9912,9912
`FS100087,货道30,元气森林白桃味气泡水瓶装480ml(2021),105195,开门柜,5,5,9927,9927
`FS100087,货道31,小茗同学[溜溜哒茶](PET480ml),INTR973011692,饮料,5,5,9914,9914
`FS100087,货道32,小茗同学[溜溜哒茶](PET480ml),INTR973011692,饮料,5,5,9885,9885
`FS100087,货道33,统一冰红茶[柠檬](PET500ml),INTR894011688,饮料,3,3,9838,9838
`FS100087,货道34,统一冰红茶[柠檬](PET500ml),INTR894011688,饮料,3,3,9855,9855
`FS100076,货道1,可口可乐[自购版](CAN330ml),INTR121011635,饮料,3,2.5,9926,9926
`FS100076,货道2,可口可乐[自购版](CAN330ml),INTR121011635,饮料,3,2.5,9918,9918
`FS100076,货道3,爱朵拉拿铁咖啡(CAN310ml),INTR459011637,饮料,4,4,9990,9990
`FS100076,货道4,爱朵拉拿铁咖啡(CAN310ml),INTR459011637,饮料,4,4,9981,9981
`FS100076,货道5,宏宝莱碳酸饮料汽水荔枝味(CAN330ml),INTR992013247,饮料,3,2.5,9999,9999
`FS100076,货道6,宏宝莱碳酸饮料汽水荔枝味(CAN330ml),INTR992013247,饮料,3,2.5,9998,9998
`FS100076,货道7,怡宝[纯净水](PET555ml),INTR128012109,矿泉水,2,2,9944,9944
`FS100076,货道8,体质能量(PET580ml),INTR468012175,饮料,4,4,9938,9938
`FS100076,货道9,雅哈[冰咖啡](PET450ml),INTR470011686,饮料,5.5,5.5,9992,9992
`FS100076,货道10,雅哈[冰咖啡](PET450ml),INTR470011686,饮料,5.5,5.5,9971,9971
`FS100076,货道11,雅哈[冰咖啡](PET450ml),INTR470011686,饮料,5.5,5.5,9989,9989
`FS100076,货道13,统一轻啵苏打水[桃花味](PET500ml),INTR876012423,饮料,3.5,3.5,9983,9983
`FS100076,货道14,,,,,0,0,0
`FS100076,货道15,统一轻啵苏打水[桃花味](PET500ml),INTR876012423,饮料,3.5,3.5,9975,9975
`FS100076,货道16,,,,,0,0,0
`FS100076,货道17,海之言[柠檬](PET500ml),INTR039011682,饮料,4,4,9963,9963
`FS100076,货道19,海之言[柠檬](PET500ml),INTR039011682,饮料,4,4,9946,9946
`FS100076,货道21,海之言[柠檬](PET500ml),INTR039011682,饮料,4,4,9944,9944
`FS100076,货道23,小茗同学[溜溜哒茶](PET480ml),INTR973011692,饮料,5,5,9992,9992
`FS100076,货道24,小茗同学[溜溜哒茶](PET480ml),INTR973011692,饮料,5,5,9977,9977
`FS100076,货道25,统一阿萨姆[奶茶原味](PET500ml),INTR230011689,饮料,4.5,4.5,9968,9968
`FS100076,货道26,统一阿萨姆[奶茶原味](PET500ml),INTR230011689,饮料,4.5,4.5,9969,9969
`FS100076,货道27,饮养四季[金桔柠檬](PET500ml),INTR372011680,饮料,3.5,3,9970,9970
`FS100076,货道28,饮养四季[金桔柠檬](PET500ml),INTR372011680,饮料,3.5,3,9940,9940
`FS100076,货道29,焕神[热带水果风味]饮料(PET460ml),INTR583011691,饮料,5,5,9974,9974
`FS100076,货道30,焕神[热带水果风味]饮料(PET460ml),INTR583011691,饮料,5,5,9965,9965
`FS100076,货道31,统一冰绿茶[青梅绿茶](PET500ml),INTR469011681,饮料,3,3,9999,9999
`FS100076,货道32,统一冰绿茶[青梅绿茶](PET500ml),INTR469011681,饮料,3,3,9915,9915
`FS100076,货道33,统一冰红茶[柠檬](PET500ml),INTR894011688,饮料,3,3,9974,9974
`FS100076,货道34,统一冰红茶[柠檬](PET500ml),INTR894011688,饮料,3,3,9975,9975
`FS100100,货道1,可口可乐[自购版](CAN330ml),INTR121011635,饮料,3,2.5,9993,9993
`FS100100,货道2,可口可乐[自购版](CAN330ml),INTR121011635,饮料,3,2.5,9959,9959
`FS100100,货道3,爱朵拉拿铁咖啡(CAN310ml),INTR459011637,饮料,4,4,9983,9983
`FS100100,货道4,爱朵拉拿铁咖啡(CAN310ml),INTR459011637,饮料,4,4,9988,9988
`FS100100,货道5,可口可乐[自购版](CAN330ml),INTR121011635,饮料,3,2.5,9964,9964
`FS100100,货道6,可口可乐[自购版](CAN330ml),INTR121011635,饮料,3,2.5,9959,9959
`FS100100,货道7,怡宝[纯净水](PET555ml),INTR128012109,矿泉水,2,2,9971,9971
`FS100100,货道8,体质能量(PET580ml),INTR468012175,饮料,4,4,9963,9963
`FS100100,货道9,可口可乐[自购版](PET500ml),INTR724012203,饮料,3.5,3.5,9932,9932
`FS100100,货道10,可口可乐[自购版](PET500ml),INTR724012203,饮料,3.5,3.5,9954,9954
`FS100100,货道11,雅哈[冰咖啡](PET450ml),INTR470011686,饮料,5.5,5.5,9982,9982
`FS100100,货道13,上海盐汽水(PET600ml),INTR332012201,饮料,3,3,9994,9994
`FS100100,货道14,,,,,3,9999,9999
`FS100100,货道15,统一蜜桃多(PET450ml),INTR769012352,饮料,3.5,3.5,9987,9987
`FS100100,货道16,,,,,3,9999,9999
`FS100100,货道17,海之言[柠檬](PET500ml),INTR039011682,饮料,4,4,9995,9995
`FS100100,货道19,海之言[柠檬](PET500ml),INTR039011682,饮料,4,4,9986,9986
`FS100100,货道21,海之言[柠檬](PET500ml),INTR039011682,饮料,4,4,9973,9973
`FS100100,货道23,饮养四季[金桔柠檬](PET500ml),INTR372011680,饮料,3.5,3,9962,9962
`FS100100,货道24,饮养四季[金桔柠檬](PET500ml),INTR372011680,饮料,3.5,3,9968,9968
`FS100100,货道25,统一阿萨姆[奶茶原味](PET500ml),INTR230011689,饮料,4.5,4.5,9995,9995
`FS100100,货道26,统一阿萨姆[奶茶原味](PET500ml),INTR230011689,饮料,4.5,4.5,9993,9993
`FS100100,货道27,统一冰绿茶[青梅绿茶](PET500ml),INTR469011681,饮料,3,3,9995,9995
`FS100100,货道28,统一冰绿茶[青梅绿茶](PET500ml),INTR469011681,饮料,3,3,9989,9989
`FS100100,货道29,元气森林白桃味气泡水瓶装480ml(2021),105195,开门柜,5,5,9992,9992
`FS100100,货道30,元气森林白桃味气泡水瓶装480ml(2021),105195,开门柜,5,5,9994,9994
`FS100100,货道31,小茗同学[溜溜哒茶](PET480ml),INTR973011692,饮料,5,5,9986,9986
`FS100100,货道32,小茗同学[溜溜哒茶](PET480ml),INTR973011692,饮料,5,5,9982,9982
`FS100100,货道33,统一冰红茶[柠檬](PET500ml),INTR894011688,饮料,3,3,9981,9981
`FS100100,货道34,统一冰红茶[柠檬](PET500ml),INTR894011688,饮料,3,3,9970,9970
`FS100083,货道1,可口可乐[自购版](CAN330ml),INTR121011635,饮料,3,2.5,9697,9697
`FS100083,货道2,可口可乐[自购版](CAN330ml),INTR121011635,饮料,3,2.5,9782,9782
`FS100083,货道3,爱朵拉拿铁咖啡(CAN310ml),INTR459011637,饮料,4,4,9957,9957
`FS100083,货道4,爱朵拉拿铁咖啡(CAN310ml),INTR459011637,饮料,4,4,9947,9947
`FS100083,货道5,,,,,3,9999,9999
`FS100083,货道6,,,,,3,9999,9999
`FS100083,货道7,怡宝[纯净水](PET555ml),INTR128012109,矿泉水,2,2,9799,9799
`FS100083,货道8,体质能量(PET580ml),INTR468012175,饮料,4,4,9809,9809
`FS100083,货道9,雅哈[冰咖啡](PET450ml),INTR470011686,饮料,5.5,5.5,9965,9965
`FS100083,货道10,雅哈[冰咖啡](PET450ml),INTR470011686,饮料,5.5,5.5,9920,9920
`FS100083,货道11,雅哈[冰咖啡](PET450ml),INTR470011686,饮料,5.5,5.5,9896,9896
`FS100083,货道13,统一轻啵苏打水[桃花味](PET500ml),INTR876012423,饮料,3.5,3.5,9976,9976
`FS100083,货道14,,,,,0,0,0
`FS100083,货道15,统一轻啵苏打水[桃花味](PET500ml),INTR876012423,饮料,3.5,3.5,9954,9954
`FS100083,货道16,,,,,0,0,0
`FS100083,货道17,海之言[柠檬](PET500ml),INTR039011682,饮料,4,4,9877,9877
`FS100083,货道19,海之言[柠檬](PET500ml),INTR039011682,饮料,4,4,9838,9838
`FS100083,货道21,海之言[柠檬](PET500ml),INTR039011682,饮料,4,4,9857,9857
`FS100083,货道23,小茗同学[溜溜哒茶](PET480ml),INTR973011692,饮料,5,5,9937,9937
`FS100083,货道24,小茗同学[溜溜哒茶](PET480ml),INTR973011692,饮料,5,5,9907,9907
`FS100083,货道25,统一阿萨姆[奶茶原味](PET500ml),INTR230011689,饮料,4.5,4.5,9914,9914
`FS100083,货道26,统一阿萨姆[奶茶原味](PET500ml),INTR230011689,饮料,4.5,4.5,9881,9881
`FS100083,货道27,饮养四季[金桔柠檬](PET500ml),INTR372011680,饮料,3.5,3,9871,9871
`FS100083,货道28,饮养四季[金桔柠檬](PET500ml),INTR372011680,饮料,3.5,3,9849,9849
`FS100083,货道29,焕神[热带水果风味]饮料(PET460ml),INTR583011691,饮料,5,5,9926,9926
`FS100083,货道30,焕神[热带水果风味]饮料(PET460ml),INTR583011691,饮料,5,5,9886,9886
`FS100083,货道31,统一冰绿茶[青梅绿茶](PET500ml),INTR469011681,饮料,3,3,9873,9873
`FS100083,货道32,统一冰绿茶[青梅绿茶](PET500ml),INTR469011681,饮料,3,3,9889,9889
`FS100083,货道33,统一冰红茶[柠檬](PET500ml),INTR894011688,饮料,3,3,9910,9910
`FS100083,货道34,统一冰红茶[柠檬](PET500ml),INTR894011688,饮料,3,3,9903,9903
`FS101276,货道1,可口可乐[自购版](CAN330ml),INTR121011635,饮料,3,2.5,9968,9968
`FS101276,货道2,可口可乐[自购版](CAN330ml),INTR121011635,饮料,3,2.5,9935,9935
`FS101276,货道3,爱朵拉拿铁咖啡(CAN310ml),INTR459011637,饮料,4,4,9986,9986
`FS101276,货道4,爱朵拉拿铁咖啡(CAN310ml),INTR459011637,饮料,4,4,9978,9978
`FS101276,货道5,宏宝莱碳酸饮料汽水荔枝味(CAN330ml),INTR992013247,饮料,3,2.5,9950,9950
`FS101276,货道6,宏宝莱碳酸饮料汽水荔枝味(CAN330ml),INTR992013247,饮料,3,2.5,9947,9947
`FS101276,货道7,怡宝[纯净水](PET555ml),INTR128012109,矿泉水,2,2,9902,9902
`FS101276,货道8,体质能量(PET580ml),INTR468012175,饮料,4,4,9959,9959
`FS101276,货道9,可口可乐[自购版](PET500ml),INTR724012203,饮料,3.5,3.5,9939,9939
`FS101276,货道10,可口可乐[自购版](PET500ml),INTR724012203,饮料,3.5,3.5,9954,9954
`FS101276,货道11,雅哈[冰咖啡](PET450ml),INTR470011686,饮料,5.5,5.5,9952,9952
`FS101276,货道13,统一蜜桃多(PET450ml),INTR769012352,饮料,3.5,3.5,9962,9962
`FS101276,货道14,,,,,3,9999,9999
`FS101276,货道15,统一蜜桃多(PET450ml),INTR769012352,饮料,3.5,3.5,9975,9975
`FS101276,货道16,,,,,3,9999,9999
`FS101276,货道17,海之言[柠檬](PET500ml),INTR039011682,饮料,4,4,9979,9979
`FS101276,货道19,海之言[柠檬](PET500ml),INTR039011682,饮料,4,4,9925,9925
`FS101276,货道21,海之言[柠檬](PET500ml),INTR039011682,饮料,4,4,9934,9934
`FS101276,货道23,饮养四季[金桔柠檬](PET500ml),INTR372011680,饮料,3.5,3,9963,9963
`FS101276,货道24,饮养四季[金桔柠檬](PET500ml),INTR372011680,饮料,3.5,3,9976,9976
`FS101276,货道25,统一阿萨姆[奶茶原味](PET500ml),INTR230011689,饮料,4.5,4.5,9991,9991
`FS101276,货道26,统一阿萨姆[奶茶原味](PET500ml),INTR230011689,饮料,4.5,4.5,9985,9985
`FS101276,货道27,统一冰绿茶[青梅绿茶](PET500ml),INTR469011681,饮料,3,3,9962,9962
`FS101276,货道28,统一冰绿茶[青梅绿茶](PET500ml),INTR469011681,饮料,3,3,9955,9955
`FS101276,货道29,元气森林白桃味气泡水瓶装480ml(2021),105195,开门柜,5,5,9975,9975
`FS101276,货道30,元气森林白桃味气泡水瓶装480ml(2021),105195,开门柜,5,5,9974,9974
`FS101276,货道31,小茗同学[溜溜哒茶](PET480ml),INTR973011692,饮料,5,5,9983,9983
`FS101276,货道32,小茗同学[溜溜哒茶](PET480ml),INTR973011692,饮料,5,5,9984,9984
`FS101276,货道33,统一冰红茶[柠檬](PET500ml),INTR894011688,饮料,3,3,9995,9995
`FS101276,货道34,统一冰红茶[柠檬](PET500ml),INTR894011688,饮料,3,3,9984,9984
`FS100106,货道1,可口可乐[自购版](CAN330ml),INTR121011635,饮料,3,2.5,9975,9975
`FS100106,货道2,可口可乐[自购版](CAN330ml),INTR121011635,饮料,3,2.5,9958,9958
`FS100106,货道3,爱朵拉拿铁咖啡(CAN310ml),INTR459011637,饮料,4,4,9999,9999
`FS100106,货道4,爱朵拉拿铁咖啡(CAN310ml),INTR459011637,饮料,4,4,9991,9991
`FS100106,货道5,宏宝莱碳酸饮料汽水荔枝味(CAN330ml),INTR992013247,饮料,3,2.5,9994,9994
`FS100106,货道6,宏宝莱碳酸饮料汽水荔枝味(CAN330ml),INTR992013247,饮料,3,2.5,9993,9993
`FS100106,货道7,怡宝[纯净水](PET555ml),INTR128012109,矿泉水,2,2,9963,9963
`FS100106,货道8,体质能量(PET580ml),INTR468012175,饮料,4,4,9958,9958
`FS100106,货道9,雅哈[冰咖啡](PET450ml),INTR470011686,饮料,5.5,5.5,9969,9969
`FS100106,货道10,饮养四季[金桔柠檬](PET500ml),INTR372011680,饮料,3.5,3,9967,9967
`FS100106,货道11,饮养四季[金桔柠檬](PET500ml),INTR372011680,饮料,3.5,3,9979,9979
`FS100106,货道13,统一轻啵苏打水[桃花味](PET500ml),INTR876012423,饮料,3.5,3.5,9992,9992
`FS100106,货道14,,,,,0,0,0
`FS100106,货道15,统一轻啵苏打水[桃花味](PET500ml),INTR876012423,饮料,3.5,3.5,9993,9993
`FS100106,货道16,,,,,0,0,0
`FS100106,货道17,海之言[柠檬](PET500ml),INTR039011682,饮料,4,4,9964,9964
`FS100106,货道19,海之言[柠檬](PET500ml),INTR039011682,饮料,4,4,9955,9955
`FS100106,货道21,海之言[柠檬](PET500ml),INTR039011682,饮料,4,4,9961,9961
`FS100106,货道23,小茗同学[溜溜哒茶](PET480ml),INTR973011692,饮料,5,5,9980,9980
`FS100106,货道24,小茗同学[溜溜哒茶](PET480ml),INTR973011692,饮料,5,5,9975,9975
`FS100106,货道25,统一阿萨姆[奶茶原味](PET500ml),INTR230011689,饮料,4.5,4.5,9970,9970
`FS100106,货道26,统一阿萨姆[奶茶原味](PET500ml),INTR230011689,饮料,4.5,4.5,9965,9965
`FS100106,货道27,元气森林白桃味气泡水瓶装480ml(2021),105195,开门柜,5,5,9986,9986
`FS100106,货道28,元气森林白桃味气泡水瓶装480ml(2021),105195,开门柜,5,5,9994,9994
`FS100106,货道29,焕神[热带水果风味]饮料(PET460ml),INTR583011691,饮料,5,5,9977,9977
`FS100106,货道30,焕神[热带水果风味]饮料(PET460ml),INTR583011691,饮料,5,5,9962,9962
`FS100106,货道31,统一冰绿茶[青梅绿茶](PET500ml),INTR469011681,饮料,3,3,9965,9965
`FS100106,货道32,统一冰绿茶[青梅绿茶](PET500ml),INTR469011681,饮料,3,3,9965,9965
`FS100106,货道33,统一冰红茶[柠檬](PET500ml),INTR894011688,饮料,3,3,9965,9965
`FS100106,货道34,统一冰红茶[柠檬](PET500ml),INTR894011688,饮料,3,3,9999,9999
`FS101304,货道1,可口可乐[自购版](CAN330ml),INTR121011635,饮料,3,2.5,9994,9994
`FS101304,货道2,可口可乐[自购版](CAN330ml),INTR121011635,饮料,3,2.5,9977,9977
`FS101304,货道3,爱朵拉拿铁咖啡(CAN310ml),INTR459011637,饮料,4,4,9996,9996
`FS101304,货道4,爱朵拉拿铁咖啡(CAN310ml),INTR459011637,饮料,4,4,9987,9987
`FS101304,货道5,可口可乐[自购版](CAN330ml),INTR121011635,饮料,3,2.5,9976,9976
`FS101304,货道6,可口可乐[自购版](CAN330ml),INTR121011635,饮料,3,2.5,9975,9975
`FS101304,货道7,怡宝[纯净水](PET555ml),INTR128012109,矿泉水,2,2,9921,9921
`FS101304,货道8,体质能量(PET580ml),INTR468012175,饮料,4,4,9970,9970
`FS101304,货道9,可口可乐[自购版](PET500ml),INTR724012203,饮料,3.5,3.5,9926,9926
`FS101304,货道10,可口可乐[自购版](PET500ml),INTR724012203,饮料,3.5,3.5,9959,9959
`FS101304,货道11,雅哈[冰咖啡](PET450ml),INTR470011686,饮料,5.5,5.5,9947,9947
`FS101304,货道13,统一蜜桃多(PET450ml),INTR769012352,饮料,3.5,3.5,9981,9981
`FS101304,货道14,,,,,3,9999,9999
`FS101304,货道15,统一蜜桃多(PET450ml),INTR769012352,饮料,3.5,3.5,9986,9986
`FS101304,货道16,,,,,3,9999,9999
`FS101304,货道17,海之言[柠檬](PET500ml),INTR039011682,饮料,4,4,9989,9989
`FS101304,货道19,海之言[柠檬](PET500ml),INTR039011682,饮料,4,4,9960,9960
`FS101304,货道21,海之言[柠檬](PET500ml),INTR039011682,饮料,4,4,9933,9933
`FS101304,货道23,饮养四季[金桔柠檬](PET500ml),INTR372011680,饮料,3.5,3,9992,9992
`FS101304,货道24,饮养四季[金桔柠檬](PET500ml),INTR372011680,饮料,3.5,3,9948,9948
`FS101304,货道25,统一阿萨姆[奶茶原味](PET500ml),INTR230011689,饮料,4.5,4.5,9996,9996
`FS101304,货道26,统一阿萨姆[奶茶原味](PET500ml),INTR230011689,饮料,4.5,4.5,9991,9991
`FS101304,货道27,统一冰绿茶[青梅绿茶](PET500ml),INTR469011681,饮料,3,3,9964,9964
`FS101304,货道28,统一冰绿茶[青梅绿茶](PET500ml),INTR469011681,饮料,3,3,9953,9953
`FS101304,货道29,元气森林白桃味气泡水瓶装480ml(2021),105195,开门柜,5,5,9983,9983
`FS101304,货道30,元气森林白桃味气泡水瓶装480ml(2021),105195,开门柜,5,5,9972,9972
`FS101304,货道31,小茗同学[溜溜哒茶](PET480ml),INTR973011692,饮料,5,5,9990,9990
`FS101304,货道32,小茗同学[溜溜哒茶](PET480ml),INTR973011692,饮料,5,5,9991,9991
`FS101304,货道33,统一冰红茶[柠檬](PET500ml),INTR894011688,饮料,3,3,9995,9995
`FS101304,货道34,统一冰红茶[柠檬](PET500ml),INTR894011688,饮料,3,3,9989,9989
`FS100121,货道1,可口可乐[自购版](CAN330ml),INTR121011635,饮料,3,2.5,9981,9981
`FS100121,货道2,可口可乐[自购版](CAN330ml),INTR121011635,饮料,3,2.5,9969,9969
`FS100121,货道3,爱朵拉拿铁咖啡(CAN310ml),INTR459011637,饮料,4,4,9989,9989
`FS100121,货道4,爱朵拉拿铁咖啡(CAN310ml),INTR459011637,饮料,4,4,9999,9999
`FS100121,货道5,宏宝莱碳酸饮料汽水荔枝味(CAN330ml),INTR992013247,饮料,3,2.5,9999,9999
`FS100121,货道6,宏宝莱碳酸饮料汽水荔枝味(CAN330ml),INTR992013247,饮料,3,2.5,9998,9998
`FS100121,货道7,怡宝[纯净水](PET555ml),INTR128012109,矿泉水,2,2,9970,9970
`FS100121,货道8,体质能量(PET580ml),INTR468012175,饮料,4,4,9981,9981
`FS100121,货道9,雅哈[冰咖啡](PET450ml),INTR470011686,饮料,5.5,5.5,9972,9972
`FS100121,货道10,饮养四季[金桔柠檬](PET500ml),INTR372011680,饮料,3.5,3,9966,9966
`FS100121,货道11,饮养四季[金桔柠檬](PET500ml),INTR372011680,饮料,3.5,3,9973,9973
`FS100121,货道13,统一轻啵苏打水[桃花味](PET500ml),INTR876012423,饮料,3.5,3.5,9992,9992
`FS100121,货道14,,,,,0,0,0
`FS100121,货道15,统一轻啵苏打水[桃花味](PET500ml),INTR876012423,饮料,3.5,3.5,9991,9991
`FS100121,货道16,,,,,0,0,0
`FS100121,货道17,海之言[柠檬](PET500ml),INTR039011682,饮料,4,4,9972,9972
`FS100121,货道19,海之言[柠檬](PET500ml),INTR039011682,饮料,4,4,9967,9967
`FS100121,货道21,海之言[柠檬](PET500ml),INTR039011682,饮料,4,4,9972,9972
`FS100121,货道23,小茗同学[溜溜哒茶](PET480ml),INTR973011692,饮料,5,5,9990,9990
`FS100121,货道24,小茗同学[溜溜哒茶](PET480ml),INTR973011692,饮料,5,5,9980,9980
`FS100121,货道25,统一阿萨姆[奶茶原味](PET500ml),INTR230011689,饮料,4.5,4.5,9985,9985
`FS100121,货道26,统一阿萨姆[奶茶原味](PET500ml),INTR230011689,饮料,4.5,4.5,9986,9986
`FS100121,货道27,元气森林白桃味气泡水瓶装480ml(2021),105195,开门柜,5,5,9986,9986
`FS100121,货道28,元气森林白桃味气泡水瓶装480ml(2021),105195,开门柜,5,5,9990,9990
`FS100121,货道29,焕神[热带水果风味]饮料(PET460ml),INTR583011691,饮料,5,5,9995,9995
`FS100121,货道30,焕神[热带水果风味]饮料(PET460ml),INTR583011691,饮料,5,5,9976,9976
`FS100121,货道31,统一冰绿茶[青梅绿茶](PET500ml),INTR469011681,饮料,3,3,9980,9980
`FS100121,货道32,统一冰绿茶[青梅绿茶](PET500ml),INTR469011681,饮料,3,3,9974,9974
`FS100121,货道33,统一冰红茶[柠檬](PET500ml),INTR894011688,饮料,3,3,9983,9983
`FS100121,货道34,统一冰红茶[柠檬](PET500ml),INTR894011688,饮料,3,3,9986,9986
`FS101325,货道1,可口可乐[自购版](CAN330ml),INTR121011635,饮料,3,2.5,9935,9935
`FS101325,货道2,可口可乐[自购版](CAN330ml),INTR121011635,饮料,3,2.5,9923,9923
`FS101325,货道3,爱朵拉拿铁咖啡(CAN310ml),INTR459011637,饮料,4,4,9984,9984
`FS101325,货道4,爱朵拉拿铁咖啡(CAN310ml),INTR459011637,饮料,4,4,9980,9980
`FS101325,货道5,可口可乐[自购版](CAN330ml),INTR121011635,饮料,3,2.5,9949,9949
`FS101325,货道6,可口可乐[自购版](CAN330ml),INTR121011635,饮料,3,2.5,9953,9953
`FS101325,货道7,怡宝[纯净水](PET555ml),INTR128012109,矿泉水,2,2,9881,9881
`FS101325,货道8,体质能量(PET580ml),INTR468012175,饮料,4,4,9907,9907
`FS101325,货道9,可口可乐[自购版](PET500ml),INTR724012203,饮料,3.5,3.5,9882,9882
`FS101325,货道10,可口可乐[自购版](PET500ml),INTR724012203,饮料,3.5,3.5,9897,9897
`FS101325,货道11,雅哈[冰咖啡](PET450ml),INTR470011686,饮料,5.5,5.5,9930,9930
`FS101325,货道13,统一蜜桃多(PET450ml),INTR769012352,饮料,3.5,3.5,9944,9944
`FS101325,货道14,,,,,3,9999,9999
`FS101325,货道15,统一蜜桃多(PET450ml),INTR769012352,饮料,3.5,3.5,9914,9914
`FS101325,货道16,,,,,3,9999,9999
`FS101325,货道17,海之言[柠檬](PET500ml),INTR039011682,饮料,4,4,9924,9924
`FS101325,货道19,海之言[柠檬](PET500ml),INTR039011682,饮料,4,4,9864,9864
`FS101325,货道21,海之言[柠檬](PET500ml),INTR039011682,饮料,4,4,9892,9892
`FS101325,货道23,饮养四季[金桔柠檬](PET500ml),INTR372011680,饮料,3.5,3,9937,9937
`FS101325,货道24,饮养四季[金桔柠檬](PET500ml),INTR372011680,饮料,3.5,3,9891,9891
`FS101325,货道25,统一阿萨姆[奶茶原味](PET500ml),INTR230011689,饮料,4.5,4.5,9986,9986
`FS101325,货道26,统一阿萨姆[奶茶原味](PET500ml),INTR230011689,饮料,4.5,4.5,9968,9968
`FS101325,货道27,统一冰绿茶[青梅绿茶](PET500ml),INTR469011681,饮料,3,3,9928,9928
`FS101325,货道28,统一冰绿茶[青梅绿茶](PET500ml),INTR469011681,饮料,3,3,9924,9924
`FS101325,货道29,元气森林白桃味气泡水瓶装480ml(2021),105195,开门柜,5,5,9969,9969
`FS101325,货道30,元气森林白桃味气泡水瓶装480ml(2021),105195,开门柜,5,5,9961,9961
`FS101325,货道31,小茗同学[溜溜哒茶](PET480ml),INTR973011692,饮料,5,5,9972,9972
`FS101325,货道32,小茗同学[溜溜哒茶](PET480ml),INTR973011692,饮料,5,5,9957,9957
`FS101325,货道33,统一冰红茶[柠檬](PET500ml),INTR894011688,饮料,3,3,9959,9959
`FS101325,货道34,统一冰红茶[柠檬](PET500ml),INTR894011688,饮料,3,3,9913,9913
`FS100238,货道1,可口可乐[自购版](CAN330ml),INTR121011635,饮料,3,2.5,9979,9979
`FS100238,货道2,可口可乐[自购版](CAN330ml),INTR121011635,饮料,3,2.5,9983,9983
`FS100238,货道3,爱朵拉拿铁咖啡(CAN310ml),INTR459011637,饮料,4,4,9994,9994
`FS100238,货道4,爱朵拉拿铁咖啡(CAN310ml),INTR459011637,饮料,4,4,9995,9995
`FS100238,货道5,宏宝莱碳酸饮料汽水荔枝味(CAN330ml),INTR992013247,饮料,3,2.5,9990,9990
`FS100238,货道6,宏宝莱碳酸饮料汽水荔枝味(CAN330ml),INTR992013247,饮料,3,2.5,9990,9990
`FS100238,货道7,怡宝[纯净水](PET555ml),INTR128012109,矿泉水,2,2,9968,9968
`FS100238,货道8,体质能量(PET580ml),INTR468012175,饮料,4,4,9995,9995
`FS100238,货道9,雅哈[冰咖啡](PET450ml),INTR470011686,饮料,5.5,5.5,9997,9997
`FS100238,货道10,雅哈[冰咖啡](PET450ml),INTR470011686,饮料,5.5,5.5,9993,9993
`FS100238,货道11,雅哈[冰咖啡](PET450ml),INTR470011686,饮料,5.5,5.5,9997,9997
`FS100238,货道13,统一轻啵苏打水[桃花味](PET500ml),INTR876012423,饮料,3.5,3.5,9993,9993
`FS100238,货道14,,,,,0,0,0
`FS100238,货道15,统一轻啵苏打水[桃花味](PET500ml),INTR876012423,饮料,3.5,3.5,9988,9988
`FS100238,货道16,,,,,0,0,0
`FS100238,货道17,海之言[柠檬](PET500ml),INTR039011682,饮料,4,4,9986,9986
`FS100238,货道19,海之言[柠檬](PET500ml),INTR039011682,饮料,4,4,9988,9988
`FS100238,货道21,海之言[柠檬](PET500ml),INTR039011682,饮料,4,4,9992,9992
`FS100238,货道23,小茗同学[溜溜哒茶](PET480ml),INTR973011692,饮料,5,5,9981,9981
`FS100238,货道24,小茗同学[溜溜哒茶](PET480ml),INTR973011692,饮料,5,5,9987,9987
`FS100238,货道25,统一阿萨姆[奶茶原味](PET500ml),INTR230011689,饮料,4.5,4.5,9996,9996
`FS100238,货道26,统一阿萨姆[奶茶原味](PET500ml),INTR230011689,饮料,4.5,4.5,9991,9991
`FS100238,货道27,元气森林白桃味气泡水瓶装480ml(2021),105195,开门柜,5,5,9994,9994
`FS100238,货道28,元气森林白桃味气泡水瓶装480ml(2021),105195,开门柜,5,5,9996,9996
`FS100238,货道29,焕神[热带水果风味]饮料(PET460ml),INTR583011691,饮料,5,5,9997,9997
`FS100238,货道30,焕神[热带水果风味]饮料(PET460ml),INTR583011691,饮料,5,5,9985,9985
`FS100238,货道31,统一冰绿茶[青梅绿茶](PET500ml),INTR469011681,饮料,3,3,9983,9983
`FS100238,货道32,统一冰绿茶[青梅绿茶](PET500ml),INTR469011681,饮料,3,3,9985,9985
`FS100238,货道33,统一冰红茶[柠檬](PET500ml),INTR894011688,饮料,3,3,9980,9980
`FS100238,货道34,统一冰红茶[柠檬](PET500ml),INTR894011688,饮料,3,3,9983,9983
`FS101332,货道1,可口可乐[自购版](CAN330ml),INTR121011635,饮料,3,2.5,9861,9861
`FS101332,货道2,可口可乐[自购版](CAN330ml),INTR121011635,饮料,3,2.5,9815,9815
`FS101332,货道3,三得利利趣拿铁(CAN310ml),INTR861012877,饮料,4,4,9998,9998
`FS101332,货道4,三得利利趣拿铁(CAN310ml),INTR861012877,饮料,4,4,9995,9995
`FS101332,货道5,可口可乐[自购版](CAN330ml),INTR121011635,饮料,3,2.5,9872,9872
`FS101332,货道6,可口可乐[自购版](CAN330ml),INTR121011635,饮料,3,2.5,9912,9912
`FS101332,货道7,怡宝[纯净水](PET555ml),INTR128012109,矿泉水,2,2,9702,9702
`FS101332,货道8,体质能量(PET580ml),INTR468012175,饮料,4,4,9779,9779
`FS101332,货道9,可口可乐[自购版](PET500ml),INTR724012203,饮料,3.5,3.5,9799,9799
`FS101332,货道10,可口可乐[自购版](PET500ml),INTR724012203,饮料,3.5,3.5,9806,9806
`FS101332,货道11,雅哈[冰咖啡](PET450ml),INTR470011686,饮料,5.5,5.5,9858,9858
`FS101332,货道13,统一蜜桃多(PET450ml),INTR769012352,饮料,3.5,3.5,9872,9872
`FS101332,货道14,,,,,3,9999,9999
`FS101332,货道15,统一蜜桃多(PET450ml),INTR769012352,饮料,3.5,3.5,9765,9765
`FS101332,货道16,,,,,3,9999,9999
`FS101332,货道17,海之言[柠檬](PET500ml),INTR039011682,饮料,4,4,9872,9872
`FS101332,货道19,海之言[柠檬](PET500ml),INTR039011682,饮料,4,4,9839,9839
`FS101332,货道21,海之言[柠檬](PET500ml),INTR039011682,饮料,4,4,9849,9849
`FS101332,货道23,饮养四季[金桔柠檬](PET500ml),INTR372011680,饮料,3.5,3,9790,9790
`FS101332,货道24,饮养四季[金桔柠檬](PET500ml),INTR372011680,饮料,3.5,3,9845,9845
`FS101332,货道25,统一阿萨姆[奶茶原味](PET500ml),INTR230011689,饮料,4.5,4.5,9912,9912
`FS101332,货道26,统一阿萨姆[奶茶原味](PET500ml),INTR230011689,饮料,4.5,4.5,9878,9878
`FS101332,货道27,统一冰绿茶[青梅绿茶](PET500ml),INTR469011681,饮料,3,3,9905,9905
`FS101332,货道28,统一冰绿茶[青梅绿茶](PET500ml),INTR469011681,饮料,3,3,9899,9899
`FS101332,货道29,元气森林白桃味气泡水瓶装480ml(2021),105195,开门柜,5,5,9923,9923
`FS101332,货道30,元气森林白桃味气泡水瓶装480ml(2021),105195,开门柜,5,5,9936,9936
`FS101332,货道31,小茗同学[溜溜哒茶](PET480ml),INTR973011692,饮料,5,5,9919,9919
`FS101332,货道32,小茗同学[溜溜哒茶](PET480ml),INTR973011692,饮料,5,5,9930,9930
`FS101332,货道33,统一冰红茶[柠檬](PET500ml),INTR894011688,饮料,3,3,9918,9918
`FS101332,货道34,统一冰红茶[柠檬](PET500ml),INTR894011688,饮料,3,3,9852,9852
`FS101319,货道1,可口可乐[自购版](CAN330ml),INTR121011635,饮料,3,2.5,9738,9738
`FS101319,货道2,可口可乐[自购版](CAN330ml),INTR121011635,饮料,3,2.5,9691,9691
`FS101319,货道3,宏宝莱碳酸饮料汽水荔枝味(CAN330ml),INTR992013247,饮料,3,2.5,9878,9878
`FS101319,货道4,宏宝莱碳酸饮料汽水荔枝味(CAN330ml),INTR992013247,饮料,3,2.5,9867,9867
`FS101319,货道5,醒目（苹果）听,INTR623002507,碳酸饮料,2.5,2.5,9818,9818
`FS101319,货道6,醒目（苹果）听,INTR623002507,碳酸饮料,2.5,2.5,9841,9841
`FS101319,货道7,统一冰红茶[柠檬](PET500ml),INTR894011688,饮料,3,3,9904,9904
`FS101319,货道8,统一冰红茶[柠檬](PET500ml),INTR894011688,饮料,3,3,9830,9830
`FS101319,货道9,统一冰红茶[柠檬](PET500ml),INTR894011688,饮料,3,3,9814,9814
`FS101319,货道10,小茗同学[溜溜哒茶](PET480ml),INTR973011692,饮料,5,5,9830,9830
`FS101319,货道11,小茗同学[溜溜哒茶](PET480ml),INTR973011692,饮料,5,5,9801,9801
`FS101319,货道13,体质能量(PET580ml),INTR468012175,饮料,4,4,9731,9731
`FS101319,货道14,,,,,0,0,0
`FS101319,货道15,统一轻啵苏打水[桃花味](PET500ml),INTR876012423,饮料,3.5,3.5,9911,9911
`FS101319,货道16,,,,,0,0,0
`FS101319,货道17,雅哈[冰咖啡](PET450ml),INTR470011686,饮料,5.5,5.5,9819,9819
`FS101319,货道19,可口可乐[自购版](PET500ml),INTR724012203,饮料,3.5,3.5,9769,9769
`FS101319,货道21,可口可乐[自购版](PET500ml),INTR724012203,饮料,3.5,3.5,9811,9811
`FS101319,货道23,统一冰绿茶[青梅绿茶](PET500ml),INTR469011681,饮料,3,3,9734,9734
`FS101319,货道24,焕神[热带水果风味]饮料(PET460ml),INTR583011691,饮料,5,5,9886,9886
`FS101319,货道25,焕神[热带水果风味]饮料(PET460ml),INTR583011691,饮料,5,5,9844,9844
`FS101319,货道26,统一阿萨姆[奶茶原味](PET500ml),INTR230011689,饮料,4.5,4.5,9903,9903
`FS101319,货道27,统一阿萨姆[奶茶原味](PET500ml),INTR230011689,饮料,4.5,4.5,9861,9861
`FS101319,货道28,统一阿萨姆[奶茶原味](PET500ml),INTR230011689,饮料,4.5,4.5,9879,9879
`FS101319,货道29,怡宝[纯净水](PET555ml),INTR128012109,矿泉水,2,2,9762,9762
`FS101319,货道30,海之言[柠檬](PET500ml),INTR039011682,饮料,4,4,9716,9716
`FS101319,货道31,海之言[柠檬](PET500ml),INTR039011682,饮料,4,4,9614,9614
`FS101319,货道32,饮养四季[金桔柠檬](PET500ml),INTR372011680,饮料,3.5,3,9849,9849
`FS101319,货道33,饮养四季[金桔柠檬](PET500ml),INTR372011680,饮料,3.5,3,9763,9763
`FS101319,货道34,统一冰绿茶[青梅绿茶](PET500ml),INTR469011681,饮料,3,3,9856,9856
`FS100240,货道1,可口可乐[自购版](CAN330ml),INTR121011635,饮料,3,2.5,9996,9996
`FS100240,货道2,可口可乐[自购版](CAN330ml),INTR121011635,饮料,3,2.5,9996,9996
`FS100240,货道3,爱朵拉拿铁咖啡(CAN310ml),INTR459011637,饮料,4,4,9991,9991
`FS100240,货道4,爱朵拉拿铁咖啡(CAN310ml),INTR459011637,饮料,4,4,9992,9992
`FS100240,货道5,宏宝莱碳酸饮料汽水荔枝味(CAN330ml),INTR992013247,饮料,3,2.5,9992,9992
`FS100240,货道6,宏宝莱碳酸饮料汽水荔枝味(CAN330ml),INTR992013247,饮料,3,2.5,9992,9992
`FS100240,货道7,怡宝[纯净水](PET555ml),INTR128012109,矿泉水,2,2,9995,9995
`FS100240,货道8,体质能量(PET580ml),INTR468012175,饮料,4,4,9985,9985
`FS100240,货道9,雅哈[冰咖啡](PET450ml),INTR470011686,饮料,5.5,5.5,9985,9985
`FS100240,货道10,饮养四季[金桔柠檬](PET500ml),INTR372011680,饮料,3.5,3,9987,9987
`FS100240,货道11,饮养四季[金桔柠檬](PET500ml),INTR372011680,饮料,3.5,3,9986,9986
`FS100240,货道13,统一轻啵苏打水[桃花味](PET500ml),INTR876012423,饮料,3.5,3.5,9998,9998
`FS100240,货道14,,,,,0,0,0
`FS100240,货道15,统一轻啵苏打水[桃花味](PET500ml),INTR876012423,饮料,3.5,3.5,9995,9995
`FS100240,货道16,,,,,0,0,0
`FS100240,货道17,海之言[柠檬](PET500ml),INTR039011682,饮料,4,4,9994,9994
`FS100240,货道19,海之言[柠檬](PET500ml),INTR039011682,饮料,4,4,9987,9987
`FS100240,货道21,海之言[柠檬](PET500ml),INTR039011682,饮料,4,4,9988,9988
`FS100240,货道23,小茗同学[溜溜哒茶](PET480ml),INTR973011692,饮料,5,5,9998,9998
`FS100240,货道24,小茗同学[溜溜哒茶](PET480ml),INTR973011692,饮料,5,5,9991,9991
`FS100240,货道25,统一阿萨姆[奶茶原味](PET500ml),INTR230011689,饮料,4.5,4.5,9994,9994
`FS100240,货道26,统一阿萨姆[奶茶原味](PET500ml),INTR230011689,饮料,4.5,4.5,9991,9991
`FS100240,货道27,元气森林白桃味气泡水瓶装480ml(2021),105195,开门柜,5,5,9993,9993
`FS100240,货道28,元气森林白桃味气泡水瓶装480ml(2021),105195,开门柜,5,5,9997,9997
`FS100240,货道29,焕神[热带水果风味]饮料(PET460ml),INTR583011691,饮料,5,5,9993,9993
`FS100240,货道30,焕神[热带水果风味]饮料(PET460ml),INTR583011691,饮料,5,5,9987,9987
`FS100240,货道31,统一冰绿茶[青梅绿茶](PET500ml),INTR469011681,饮料,3,3,9994,9994
`FS100240,货道32,统一冰绿茶[青梅绿茶](PET500ml),INTR469011681,饮料,3,3,9995,9995
`FS100240,货道33,统一冰红茶[柠檬](PET500ml),INTR894011688,饮料,3,3,9996,9996
`FS100240,货道34,统一冰红茶[柠檬](PET500ml),INTR894011688,饮料,3,3,9998,9998
`FS101349,货道1,可口可乐[自购版](CAN330ml),INTR121011635,饮料,3,2.5,9999,9999
`FS101349,货道2,可口可乐[自购版](CAN330ml),INTR121011635,饮料,3,2.5,9999,9999
`FS101349,货道3,爱朵拉拿铁咖啡(CAN310ml),INTR459011637,饮料,4,4,9999,9999
`FS101349,货道4,爱朵拉拿铁咖啡(CAN310ml),INTR459011637,饮料,4,4,9999,9999
`FS101349,货道5,可口可乐[自购版](CAN330ml),INTR121011635,饮料,3,2.5,9999,9999
`FS101349,货道6,可口可乐[自购版](CAN330ml),INTR121011635,饮料,3,2.5,9999,9999
`FS101349,货道7,怡宝[纯净水](PET555ml),INTR128012109,矿泉水,2,2,9999,9999
`FS101349,货道8,体质能量(PET580ml),INTR468012175,饮料,4,4,9999,9999
`FS101349,货道9,可口可乐(PET500ml),INTR310011684,饮料,3.5,3.5,9999,9999
`FS101349,货道10,可口可乐(PET500ml),INTR310011684,饮料,3.5,3.5,9999,9999
`FS101349,货道11,雅哈[冰咖啡](PET450ml),INTR470011686,饮料,5.5,5.5,9999,9999
`FS101349,货道13,统一冰红茶[柠檬](PET500ml),INTR894011688,饮料,3,3,9999,9999
`FS101349,货道14,统一冰红茶[柠檬](PET500ml),INTR894011688,饮料,3,3,9999,9999
`FS101349,货道15,统一蜜桃多(PET450ml),INTR769012352,饮料,3.5,3.5,9999,9999
`FS101349,货道16,统一冰红茶[柠檬](PET500ml),INTR894011688,饮料,3,3,9999,9999
`FS101349,货道17,海之言[柠檬](PET500ml),INTR039011682,饮料,4,4,9999,9999
`FS101349,货道19,海之言[柠檬](PET500ml),INTR039011682,饮料,4,4,9999,9999
`FS101349,货道21,海之言[柠檬](PET500ml),INTR039011682,饮料,4,4,9999,9999
`FS101349,货道23,饮养四季[金桔柠檬](PET500ml),INTR372011680,饮料,3.5,3,9999,9999
`FS101349,货道24,饮养四季[金桔柠檬](PET500ml),INTR372011680,饮料,3.5,3,9999,9999
`FS101349,货道25,统一阿萨姆[奶茶原味](PET500ml),INTR230011689,饮料,4.5,4.5,9999,9999
`FS101349,货道26,统一阿萨姆[奶茶原味](PET500ml),INTR230011689,饮料,4.5,4.5,9999,9999
`FS101349,货道27,统一冰绿茶[青梅绿茶](PET500ml),INTR469011681,饮料,3,3,9999,9999
`FS101349,货道28,统一冰绿茶[青梅绿茶](PET500ml),INTR469011681,饮料,3,3,9999,9999
`FS101349,货道29,元气森林白桃味气泡水瓶装480ml(2021),105195,开门柜,5,5,9999,9999
`FS101349,货道30,元气森林白桃味气泡水瓶装480ml(2021),105195,开门柜,5,5,9999,9999
`FS101349,货道31,小茗同学[溜溜哒茶](PET480ml),INTR973011692,饮料,5,5,9999,9999
`FS101349,货道32,小茗同学[溜溜哒茶](PET480ml),INTR973011692,饮料,5,5,9999,9999
`FS101349,货道33,统一冰红茶[柠檬](PET500ml),INTR894011688,饮料,3,3,9999,9999
`FS101349,货道34,统一冰红茶[柠檬](PET500ml),INTR894011688,饮料,3,3,9999,9999
`FS100323,货道1,可口可乐[自购版](CAN330ml),INTR121011635,饮料,3,2.5,9899,9899
`FS100323,货道2,可口可乐[自购版](CAN330ml),INTR121011635,饮料,3,2.5,9878,9878
`FS100323,货道3,爱朵拉拿铁咖啡(CAN310ml),INTR459011637,饮料,4,4,9997,9997
`FS100323,货道4,爱朵拉拿铁咖啡(CAN310ml),INTR459011637,饮料,4,4,9994,9994
`FS100323,货道5,宏宝莱碳酸饮料汽水荔枝味(CAN330ml),INTR992013247,饮料,3,2.5,9984,9984
`FS100323,货道6,宏宝莱碳酸饮料汽水荔枝味(CAN330ml),INTR992013247,饮料,3,2.5,9985,9985
`FS100323,货道7,怡宝[纯净水](PET555ml),INTR128012109,矿泉水,2,2,9965,9965
`FS100323,货道8,体质能量(PET580ml),INTR468012175,饮料,4,4,9999,9999
`FS100323,货道9,雅哈[冰咖啡](PET450ml),INTR470011686,饮料,5.5,5.5,9973,9973
`FS100323,货道10,雅哈[冰咖啡](PET450ml),INTR470011686,饮料,5.5,5.5,9946,9946
`FS100323,货道11,雅哈[冰咖啡](PET450ml),INTR470011686,饮料,5.5,5.5,9938,9938
`FS100323,货道13,统一轻啵苏打水[桃花味](PET500ml),INTR876012423,饮料,3.5,3.5,9985,9985
`FS100323,货道14,,,,,0,0,0
`FS100323,货道15,统一轻啵苏打水[桃花味](PET500ml),INTR876012423,饮料,3.5,3.5,9978,9978
`FS100323,货道16,,,,,0,0,0
`FS100323,货道17,海之言[柠檬](PET500ml),INTR039011682,饮料,4,4,9923,9923
`FS100323,货道19,海之言[柠檬](PET500ml),INTR039011682,饮料,4,4,9911,9911
`FS100323,货道21,海之言[柠檬](PET500ml),INTR039011682,饮料,4,4,9910,9910
`FS100323,货道23,小茗同学[溜溜哒茶](PET480ml),INTR973011692,饮料,5,5,9993,9993
`FS100323,货道24,小茗同学[溜溜哒茶](PET480ml),INTR973011692,饮料,5,5,9980,9980
`FS100323,货道25,统一阿萨姆[奶茶原味](PET500ml),INTR230011689,饮料,4.5,4.5,9990,9990
`FS100323,货道26,统一阿萨姆[奶茶原味](PET500ml),INTR230011689,饮料,4.5,4.5,9950,9950
`FS100323,货道27,饮养四季[金桔柠檬](PET500ml),INTR372011680,饮料,3.5,3,9945,9945
`FS100323,货道28,饮养四季[金桔柠檬](PET500ml),INTR372011680,饮料,3.5,3,9932,9932
`FS100323,货道29,焕神[热带水果风味]饮料(PET460ml),INTR583011691,饮料,5,5,9959,9959
`FS100323,货道30,焕神[热带水果风味]饮料(PET460ml),INTR583011691,饮料,5,5,9956,9956
`FS100323,货道31,统一冰绿茶[青梅绿茶](PET500ml),INTR469011681,饮料,3,3,9951,9951
`FS100323,货道32,统一冰绿茶[青梅绿茶](PET500ml),INTR469011681,饮料,3,3,9914,9914
`FS100323,货道33,统一冰红茶[柠檬](PET500ml),INTR894011688,饮料,3,3,9975,9975
`FS100323,货道34,统一冰红茶[柠檬](PET500ml),INTR894011688,饮料,3,3,9960,9960
`FS101335,货道1,可口可乐[自购版](CAN330ml),INTR121011635,饮料,3,2.5,9974,9974
`FS101335,货道2,可口可乐[自购版](CAN330ml),INTR121011635,饮料,3,2.5,9966,9966
`FS101335,货道3,爱朵拉拿铁咖啡(CAN310ml),INTR459011637,饮料,4,4,9996,9996
`FS101335,货道4,爱朵拉拿铁咖啡(CAN310ml),INTR459011637,饮料,4,4,9991,9991
`FS101335,货道5,宏宝莱碳酸饮料汽水荔枝味(CAN330ml),INTR992013247,饮料,3,2.5,9990,9990
`FS101335,货道6,宏宝莱碳酸饮料汽水荔枝味(CAN330ml),INTR992013247,饮料,3,2.5,9990,9990
`FS101335,货道7,怡宝[纯净水](PET555ml),INTR128012109,矿泉水,2,2,9985,9985
`FS101335,货道8,体质能量(PET580ml),INTR468012175,饮料,4,4,9984,9984
`FS101335,货道9,雅哈[冰咖啡](PET450ml),INTR470011686,饮料,5.5,5.5,9986,9986
`FS101335,货道10,饮养四季[金桔柠檬](PET500ml),INTR372011680,饮料,3.5,3,9987,9987
`FS101335,货道11,饮养四季[金桔柠檬](PET500ml),INTR372011680,饮料,3.5,3,9989,9989
`FS101335,货道13,统一轻啵苏打水[桃花味](PET500ml),INTR876012423,饮料,3.5,3.5,9996,9996
`FS101335,货道14,,,,,0,0,0
`FS101335,货道15,统一轻啵苏打水[桃花味](PET500ml),INTR876012423,饮料,3.5,3.5,9999,9999
`FS101335,货道16,,,,,0,0,0
`FS101335,货道17,海之言[柠檬](PET500ml),INTR039011682,饮料,4,4,9991,9991
`FS101335,货道19,海之言[柠檬](PET500ml),INTR039011682,饮料,4,4,9987,9987
`FS101335,货道21,海之言[柠檬](PET500ml),INTR039011682,饮料,4,4,9985,9985
`FS101335,货道23,小茗同学[溜溜哒茶](PET480ml),INTR973011692,饮料,5,5,9997,9997
`FS101335,货道24,小茗同学[溜溜哒茶](PET480ml),INTR973011692,饮料,5,5,9995,9995
`FS101335,货道25,统一阿萨姆[奶茶原味](PET500ml),INTR230011689,饮料,4.5,4.5,9993,9993
`FS101335,货道26,统一阿萨姆[奶茶原味](PET500ml),INTR230011689,饮料,4.5,4.5,9990,9990
`FS101335,货道27,元气森林白桃味气泡水瓶装480ml(2021),105195,开门柜,5,5,9990,9990
`FS101335,货道28,元气森林白桃味气泡水瓶装480ml(2021),105195,开门柜,5,5,9992,9992
`FS101335,货道29,焕神[热带水果风味]饮料(PET460ml),INTR583011691,饮料,5,5,9992,9992
`FS101335,货道30,焕神[热带水果风味]饮料(PET460ml),INTR583011691,饮料,5,5,9995,9995
`FS101335,货道31,统一冰绿茶[青梅绿茶](PET500ml),INTR469011681,饮料,3,3,9977,9977
`FS101335,货道32,统一冰绿茶[青梅绿茶](PET500ml),INTR469011681,饮料,3,3,9964,9964
`FS101335,货道33,统一冰红茶[柠檬](PET500ml),INTR894011688,饮料,3,3,9980,9980
`FS101335,货道34,统一冰红茶[柠檬](PET500ml),INTR894011688,饮料,3,3,9976,9976
`FS100340,货道1,可口可乐[自购版](CAN330ml),INTR121011635,饮料,3,2.5,9929,9929
`FS100340,货道2,可口可乐[自购版](CAN330ml),INTR121011635,饮料,3,2.5,9906,9906
`FS100340,货道3,爱朵拉拿铁咖啡(CAN310ml),INTR459011637,饮料,4,4,9976,9976
`FS100340,货道4,爱朵拉拿铁咖啡(CAN310ml),INTR459011637,饮料,4,4,9977,9977
`FS100340,货道5,宏宝莱碳酸饮料汽水荔枝味(CAN330ml),INTR992013247,饮料,3,2.5,9983,9983
`FS100340,货道6,宏宝莱碳酸饮料汽水荔枝味(CAN330ml),INTR992013247,饮料,3,2.5,9985,9985
`FS100340,货道7,怡宝[纯净水](PET555ml),INTR128012109,矿泉水,2,2,9957,9957
`FS100340,货道8,体质能量(PET580ml),INTR468012175,饮料,4,4,9894,9894
`FS100340,货道9,雅哈[冰咖啡](PET450ml),INTR470011686,饮料,5.5,5.5,9964,9964
`FS100340,货道11,雅哈[冰咖啡](PET450ml),INTR470011686,饮料,5.5,5.5,9946,9946
`FS100340,货道13,统一轻啵苏打水[桃花味](PET500ml),INTR876012423,饮料,3.5,3.5,9987,9987
`FS100340,货道14,,,,,0,0,0
`FS100340,货道15,统一轻啵苏打水[桃花味](PET500ml),INTR876012423,饮料,3.5,3.5,9979,9979
`FS100340,货道16,,,,,0,0,0
`FS100340,货道17,海之言[柠檬](PET500ml),INTR039011682,饮料,4,4,9933,9933
`FS100340,货道19,海之言[柠檬](PET500ml),INTR039011682,饮料,4,4,9917,9917
`FS100340,货道21,海之言[柠檬](PET500ml),INTR039011682,饮料,4,4,9913,9913
`FS100340,货道23,小茗同学[溜溜哒茶](PET480ml),INTR973011692,饮料,5,5,9985,9985
`FS100340,货道24,小茗同学[溜溜哒茶](PET480ml),INTR973011692,饮料,5,5,9968,9968
`FS100340,货道25,统一阿萨姆[奶茶原味](PET500ml),INTR230011689,饮料,4.5,4.5,9976,9976
`FS100340,货道26,统一阿萨姆[奶茶原味](PET500ml),INTR230011689,饮料,4.5,4.5,9960,9960
`FS100340,货道27,饮养四季[金桔柠檬](PET500ml),INTR372011680,饮料,3.5,3,9951,9951
`FS100340,货道28,饮养四季[金桔柠檬](PET500ml),INTR372011680,饮料,3.5,3,9937,9937
`FS100340,货道29,焕神[热带水果风味]饮料(PET460ml),INTR583011691,饮料,5,5,9941,9941
`FS100340,货道30,焕神[热带水果风味]饮料(PET460ml),INTR583011691,饮料,5,5,9947,9947
`FS100340,货道31,统一冰绿茶[青梅绿茶](PET500ml),INTR469011681,饮料,3,3,9932,9932
`FS100340,货道32,统一冰绿茶[青梅绿茶](PET500ml),INTR469011681,饮料,3,3,9894,9894
`FS100340,货道33,统一冰红茶[柠檬](PET500ml),INTR894011688,饮料,3,3,9978,9978
`FS100340,货道34,统一冰红茶[柠檬](PET500ml),INTR894011688,饮料,3,3,9960,9960
`FS100824,货道1,宏宝莱碳酸饮料汽水荔枝味(CAN330ml),INTR992013247,饮料,3,2.5,9906,9906
`FS100824,货道2,可口可乐[自购版](CAN330ml),INTR121011635,饮料,3,3,9954,9954
`FS100824,货道3,可口可乐[自购版](CAN330ml),INTR121011635,饮料,3,3,9950,9950
`FS100824,货道4,可口可乐[自购版](CAN330ml),INTR121011635,饮料,3,3,9999,9999
`FS100824,货道5,小野[芒果汁](CAN245ml),INTR457012418,饮料,3,3,9993,9993
`FS100824,货道6,小野[芒果汁](CAN245ml),INTR457012418,饮料,3,3,9998,9998
`FS100824,货道7,体质能量(PET580ml),INTR468012175,饮料,4,4,9832,9832
`FS100824,货道8,体质能量(PET580ml),INTR468012175,饮料,4,4,9805,9805
`FS100824,货道9,统一冰绿茶[青梅绿茶](PET500ml),INTR469011681,饮料,3,3,9849,9849
`FS100824,货道10,小茗同学[溜溜哒茶](PET480ml),INTR973011692,饮料,5,5,9909,9909
`FS100824,货道11,焕神[热带水果风味]饮料(PET460ml),INTR583011691,饮料,5,5,9953,9953
`FS100824,货道13,雪碧[自购版](CAN330ml),INTR685011636,饮料,3,3,9952,9952
`FS100824,货道14,雪碧[自购版](CAN330ml),INTR685011636,饮料,3,3,9969,9969
`FS100824,货道15,雪碧[自购版](CAN330ml),INTR685011636,饮料,3,3,9960,9960
`FS100824,货道16,雪碧[自购版](CAN330ml),INTR685011636,饮料,3,3,9978,9978
`FS100824,货道17,醒目（苹果）听,INTR623002507,碳酸饮料,2.5,2.5,9899,9899
`FS100824,货道18,醒目（苹果）听,INTR623002507,碳酸饮料,2.5,2.5,9845,9845
`FS100824,货道19,可口可乐[自购版](CAN330ml),INTR121011635,饮料,3,3,9948,9948
`FS100824,货道20,可口可乐[自购版](CAN330ml),INTR121011635,饮料,3,3,9932,9932
`FS100824,货道21,可口可乐[自购版](CAN330ml),INTR121011635,饮料,3,3,9930,9930
`FS100824,货道22,可口可乐[自购版](CAN330ml),INTR121011635,饮料,3,3,9900,9900
`FS100824,货道23,统一冰红茶[柠檬](PET500ml),INTR894011688,饮料,3,3,9863,9863
`FS100824,货道24,统一阿萨姆[奶茶原味](PET500ml),INTR230011689,饮料,4.5,4.5,9858,9858
`FS100824,货道25,元气森林白桃味气泡水瓶装480ml(2021),105195,开门柜,5,5,9955,9955
`FS100824,货道26,饮养四季[金桔柠檬](PET500ml),INTR372011680,饮料,3.5,3.5,9925,9925
`FS100824,货道27,统一鲜橙多(PET450ml),INTR910011664,饮料,3.5,3.5,9913,9913
`FS100824,货道28,雅哈[冰咖啡](PET450ml),INTR470011686,饮料,5.5,5.5,9926,9926
`FS100824,货道29,海之言[柠檬](PET500ml),INTR039011682,饮料,4,4,9775,9775
`FS100824,货道30,统一轻啵苏打水[桃花味](PET500ml),INTR876012423,饮料,3.5,3.5,9959,9959
`FS100824,货道31,魔爪能量风味饮料瓶装330ml,15054,开门柜,1,6,9977,9977
`FS100824,货道32,饮养四季[金桔柠檬](PET500ml),INTR372011680,饮料,3.5,3.5,9923,9923
`FS100824,货道33,体质能量(PET580ml),INTR468012175,饮料,4,4,9900,9900
`FS100824,货道34,统一蜜桃多(PET450ml),INTR769012352,饮料,3.5,3.5,9884,9884
`FS100821,货道1,宏宝莱碳酸饮料汽水荔枝味(CAN330ml),INTR992013247,饮料,3,2.5,9905,9905
`FS100821,货道2,可口可乐[自购版](CAN330ml),INTR121011635,饮料,3,3,9969,9969
`FS100821,货道3,可口可乐[自购版](CAN330ml),INTR121011635,饮料,3,3,9967,9967
`FS100821,货道4,小野[芒果汁](CAN245ml),INTR457012418,饮料,3,3,9983,9983
`FS100821,货道5,雪碧[自购版](CAN330ml),INTR685011636,饮料,3,3,9971,9971
`FS100821,货道6,可口可乐[自购版](CAN330ml),INTR121011635,饮料,3,3,9975,9975
`FS100821,货道7,体质能量(PET580ml),INTR468012175,饮料,4,4,9794,9794
`FS100821,货道8,体质能量(PET580ml),INTR468012175,饮料,4,4,9842,9842
`FS100821,货道9,今麦郎芒顿小镇柠檬水(PET500ml),INTR322012790,饮料,2.5,3,9954,9954
`FS100821,货道10,小茗同学[溜溜哒茶](PET480ml),INTR973011692,饮料,5,5,9944,9944
`FS100821,货道11,统一茶裏王[无糖台式乌龙茶](PET420ml),INTR904011685,饮料,5,5,9985,9985
`FS100821,货道13,爱朵拉拿铁咖啡(CAN310ml),INTR459011637,饮料,4,4,9978,9978
`FS100821,货道14,雪碧[自购版](CAN330ml),INTR685011636,饮料,3,3,9977,9977
`FS100821,货道15,可口可乐[自购版](CAN330ml),INTR121011635,饮料,3,3,9978,9978
`FS100821,货道16,可口可乐[自购版](CAN330ml),INTR121011635,饮料,3,3,9975,9975
`FS100821,货道17,雪碧[自购版](CAN330ml),INTR685011636,饮料,3,3,9989,9989
`FS100821,货道18,雪碧[自购版](CAN330ml),INTR685011636,饮料,3,3,9991,9991
`FS100821,货道19,,,,,4,9999,9999
`FS100821,货道20,统一好料道[仙草凉茶](CAN310ml),INTR791011678,饮料,4,4,9993,9993
`FS100821,货道21,,,,,4,9999,9999
`FS100821,货道23,统一冰红茶[柠檬](PET500ml),INTR894011688,饮料,3,3,9931,9931
`FS100821,货道24,饮养四季[金桔柠檬](PET500ml),INTR372011680,饮料,3.5,3.5,9933,9933
`FS100821,货道25,统一冰绿茶[青梅绿茶](PET500ml),INTR469011681,饮料,3,3,9882,9882
`FS100821,货道26,元气森林白桃味气泡水瓶装480ml(2021),105195,开门柜,5,5,9952,9952
`FS100821,货道27,焕神[热带水果风味]饮料(PET460ml),INTR583011691,饮料,5,5,9925,9925
`FS100821,货道28,雅哈[冰咖啡](PET450ml),INTR470011686,饮料,5.5,5.5,9906,9906
`FS100821,货道29,统一鲜橙多(PET450ml),INTR910011664,饮料,3.5,3.5,9928,9928
`FS100821,货道30,统一轻啵苏打水[桃花味](PET500ml),INTR876012423,饮料,3.5,3.5,9977,9977
`FS100821,货道31,海之言[蓝莓](PET500ml),INTR526012420,饮料,4,4,9859,9859
`FS100821,货道32,统一冰红茶[柠檬](PET500ml),INTR894011688,饮料,3,3,9958,9958
`FS100821,货道33,统一阿萨姆[奶茶原味](PET500ml),INTR230011689,饮料,4.5,4.5,9896,9896
`FS100821,货道34,饮养四季[金桔柠檬](PET500ml),INTR372011680,饮料,3.5,3.5,9963,9963
`FS100830,货道1,可口可乐[自购版](CAN330ml),INTR121011635,饮料,3,2.5,9990,9990
`FS100830,货道2,可口可乐[自购版](CAN330ml),INTR121011635,饮料,3,2.5,9974,9974
`FS100830,货道3,可口可乐[自购版](CAN330ml),INTR121011635,饮料,3,2.5,9978,9978
`FS100830,货道4,宏宝莱碳酸饮料汽水荔枝味(CAN330ml),INTR992013247,饮料,3,2.5,9988,9988
`FS100830,货道5,宏宝莱碳酸饮料汽水荔枝味(CAN330ml),INTR992013247,饮料,3,2.5,9986,9986
`FS100830,货道6,宏宝莱碳酸饮料汽水荔枝味(CAN330ml),INTR992013247,饮料,3,2.5,9987,9987
`FS100830,货道7,海之言[柠檬](PET500ml),INTR039011682,饮料,4,4,9821,9821
`FS100830,货道8,海之言[柠檬](PET500ml),INTR039011682,饮料,4,4,9777,9777
`FS100830,货道10,体质能量(PET580ml),INTR468012175,饮料,4,4,9857,9857
`FS100830,货道11,雅哈[冰咖啡](PET450ml),INTR470011686,饮料,5.5,5.5,9946,9946
`FS100830,货道13,雪碧[自购版](CAN330ml),INTR685011636,饮料,3,2.5,9982,9982
`FS100830,货道14,雪碧[自购版](CAN330ml),INTR685011636,饮料,3,2.5,9993,9993
`FS100830,货道15,雪碧[自购版](CAN330ml),INTR685011636,饮料,3,2.5,9983,9983
`FS100830,货道16,,,,,0,0,0
`FS100830,货道17,,,,,4,9999,9999
`FS100830,货道18,,,,,0,0,0
`FS100830,货道19,小野[芒果汁](CAN245ml),INTR457012418,饮料,3,3,9987,9987
`FS100830,货道20,小野[芒果汁](CAN245ml),INTR457012418,饮料,3,3,9982,9982
`FS100830,货道21,小野[芒果汁](CAN245ml),INTR457012418,饮料,3,3,9993,9993
`FS100830,货道22,小野[芒果汁](CAN245ml),INTR457012418,饮料,3,3,9988,9988
`FS100830,货道23,统一冰红茶[柠檬](PET500ml),INTR894011688,饮料,3,3,9970,9970
`FS100830,货道24,统一冰红茶[柠檬](PET500ml),INTR894011688,饮料,3,3,9935,9935
`FS100830,货道25,统一冰绿茶[青梅绿茶](PET500ml),INTR469011681,饮料,3,3,9941,9941
`FS100830,货道26,统一冰绿茶[青梅绿茶](PET500ml),INTR469011681,饮料,3,3,9863,9863
`FS100830,货道27,统一阿萨姆[奶茶原味](PET500ml),INTR230011689,饮料,4.5,4.5,9949,9949
`FS100830,货道28,统一阿萨姆[奶茶原味](PET500ml),INTR230011689,饮料,4.5,4.5,9956,9956
`FS100830,货道29,小茗同学[溜溜哒茶](PET480ml),INTR973011692,饮料,5,5,9937,9937
`FS100830,货道30,小茗同学[溜溜哒茶](PET480ml),INTR973011692,饮料,5,5,9910,9910
`FS100830,货道31,饮养四季[金桔柠檬](PET500ml),INTR372011680,饮料,3.5,3,9975,9975
`FS100830,货道32,饮养四季[金桔柠檬](PET500ml),INTR372011680,饮料,3.5,3,9921,9921
`FS100830,货道33,饮养四季[金桔柠檬](PET500ml),INTR372011680,饮料,3.5,3,9919,9919
`FS100830,货道34,饮养四季[金桔柠檬](PET500ml),INTR372011680,饮料,3.5,3,9941,9941
`FS100599,货道1,可口可乐[自购版](CAN330ml),INTR121011635,饮料,3,2.5,9937,9937
`FS100599,货道2,可口可乐[自购版](CAN330ml),INTR121011635,饮料,3,2.5,9913,9913
`FS100599,货道3,宏宝莱碳酸饮料汽水荔枝味(CAN330ml),INTR992013247,饮料,3,2.5,9966,9966
`FS100599,货道4,宏宝莱碳酸饮料汽水荔枝味(CAN330ml),INTR992013247,饮料,3,2.5,9972,9972
`FS100599,货道5,醒目（苹果）听,INTR623002507,碳酸饮料,2.5,2.5,9947,9947
`FS100599,货道6,醒目（苹果）听,INTR623002507,碳酸饮料,2.5,2.5,9968,9968
`FS100599,货道7,统一冰红茶[柠檬](PET500ml),INTR894011688,饮料,3,3,9952,9952
`FS100599,货道8,统一冰红茶[柠檬](PET500ml),INTR894011688,饮料,3,3,9943,9943
`FS100599,货道9,统一冰红茶[柠檬](PET500ml),INTR894011688,饮料,3,3,9988,9988
`FS100599,货道10,小茗同学[溜溜哒茶](PET480ml),INTR973011692,饮料,5,5,9947,9947
`FS100599,货道11,小茗同学[溜溜哒茶](PET480ml),INTR973011692,饮料,5,5,9935,9935
`FS100599,货道13,体质能量(PET580ml),INTR468012175,饮料,4,4,9878,9878
`FS100599,货道14,,,,,0,0,0
`FS100599,货道15,统一轻啵苏打水[桃花味](PET500ml),INTR876012423,饮料,3.5,3.5,9966,9966
`FS100599,货道16,,,,,0,0,0
`FS100599,货道17,雅哈[冰咖啡](PET450ml),INTR470011686,饮料,5.5,5.5,9929,9929
`FS100599,货道19,可口可乐[自购版](PET500ml),INTR724012203,饮料,3.5,3.5,9915,9915
`FS100599,货道21,可口可乐[自购版](PET500ml),INTR724012203,饮料,3.5,3.5,9906,9906
`FS100599,货道23,统一冰绿茶[青梅绿茶](PET500ml),INTR469011681,饮料,3,3,9940,9940
`FS100599,货道24,焕神[热带水果风味]饮料(PET460ml),INTR583011691,饮料,5,5,9948,9948
`FS100599,货道25,焕神[热带水果风味]饮料(PET460ml),INTR583011691,饮料,5,5,9946,9946
`FS100599,货道26,统一阿萨姆[奶茶原味](PET500ml),INTR230011689,饮料,4.5,4.5,9960,9960
`FS100599,货道28,统一阿萨姆[奶茶原味](PET500ml),INTR230011689,饮料,4.5,4.5,9972,9972
`FS100599,货道29,怡宝[纯净水](PET555ml),INTR128012109,矿泉水,2,2,9918,9918
`FS100599,货道30,海之言[柠檬](PET500ml),INTR039011682,饮料,4,4,9886,9886
`FS100599,货道31,海之言[柠檬](PET500ml),INTR039011682,饮料,4,4,9857,9857
`FS100599,货道32,饮养四季[金桔柠檬](PET500ml),INTR372011680,饮料,3.5,3,9930,9930
`FS100599,货道33,饮养四季[金桔柠檬](PET500ml),INTR372011680,饮料,3.5,3,9902,9902
`FS100599,货道34,统一冰绿茶[青梅绿茶](PET500ml),INTR469011681,饮料,3,3,9915,9915
`FS100616,货道1,可口可乐[自购版](CAN330ml),INTR121011635,饮料,3,2.5,9882,9882
`FS100616,货道2,可口可乐[自购版](CAN330ml),INTR121011635,饮料,3,2.5,9841,9841
`FS100616,货道3,爱朵拉拿铁咖啡(CAN310ml),INTR459011637,饮料,4,4,9985,9985
`FS100616,货道4,爱朵拉拿铁咖啡(CAN310ml),INTR459011637,饮料,4,4,9987,9987
`FS100616,货道5,宏宝莱碳酸饮料汽水荔枝味(CAN330ml),INTR992013247,饮料,3,2.5,9975,9975
`FS100616,货道6,宏宝莱碳酸饮料汽水荔枝味(CAN330ml),INTR992013247,饮料,3,2.5,9977,9977
`FS100616,货道7,怡宝[纯净水](PET555ml),INTR128012109,矿泉水,2,2,9968,9968
`FS100616,货道8,体质能量(PET580ml),INTR468012175,饮料,4,4,9923,9923
`FS100616,货道9,雅哈[冰咖啡](PET450ml),INTR470011686,饮料,5.5,5.5,9968,9968
`FS100616,货道10,雅哈[冰咖啡](PET450ml),INTR470011686,饮料,5.5,5.5,9964,9964
`FS100616,货道11,雅哈[冰咖啡](PET450ml),INTR470011686,饮料,5.5,5.5,9966,9966
`FS100616,货道13,统一轻啵苏打水[桃花味](PET500ml),INTR876012423,饮料,3.5,3.5,9978,9978
`FS100616,货道14,,,,,0,0,0
`FS100616,货道15,统一轻啵苏打水[桃花味](PET500ml),INTR876012423,饮料,3.5,3.5,9980,9980
`FS100616,货道16,,,,,0,0,0
`FS100616,货道17,海之言[柠檬](PET500ml),INTR039011682,饮料,4,4,9898,9898
`FS100616,货道19,海之言[柠檬](PET500ml),INTR039011682,饮料,4,4,9868,9868
`FS100616,货道21,海之言[柠檬](PET500ml),INTR039011682,饮料,4,4,9899,9899
`FS100616,货道23,焕神[热带水果风味]饮料(PET460ml),INTR583011691,饮料,5,5,9951,9951
`FS100616,货道24,焕神[热带水果风味]饮料(PET460ml),INTR583011691,饮料,5,5,9939,9939
`FS100616,货道25,统一阿萨姆[奶茶原味](PET500ml),INTR230011689,饮料,4.5,4.5,9922,9922
`FS100616,货道26,统一阿萨姆[奶茶原味](PET500ml),INTR230011689,饮料,4.5,4.5,9899,9899
`FS100616,货道27,饮养四季[金桔柠檬](PET500ml),INTR372011680,饮料,3.5,3,9905,9905
`FS100616,货道28,饮养四季[金桔柠檬](PET500ml),INTR372011680,饮料,3.5,3,9910,9910
`FS100616,货道29,统一冰绿茶[青梅绿茶](PET500ml),INTR469011681,饮料,3,3,9960,9960
`FS100616,货道30,统一冰绿茶[青梅绿茶](PET500ml),INTR469011681,饮料,3,3,9948,9948
`FS100616,货道31,小茗同学[溜溜哒茶](PET480ml),INTR973011692,饮料,5,5,9976,9976
`FS100616,货道32,小茗同学[溜溜哒茶](PET480ml),INTR973011692,饮料,5,5,9974,9974
`FS100616,货道33,统一冰红茶[柠檬](PET500ml),INTR894011688,饮料,3,3,9948,9948
`FS100616,货道34,统一冰红茶[柠檬](PET500ml),INTR894011688,饮料,3,3,9954,9954
`FS100833,货道1,可口可乐[自购版](CAN330ml),INTR121011635,饮料,3,3,9973,9973
`FS100833,货道2,可口可乐[自购版](CAN330ml),INTR121011635,饮料,3,3,9975,9975
`FS100833,货道3,可口可乐[自购版](CAN330ml),INTR121011635,饮料,3,3,9966,9966
`FS100833,货道4,可口可乐[自购版](CAN330ml),INTR121011635,饮料,3,3,9973,9973
`FS100833,货道5,宏宝莱碳酸饮料汽水荔枝味(CAN330ml),INTR992013247,饮料,3,2.5,9991,9991
`FS100833,货道6,雪碧[自购版](CAN330ml),INTR685011636,饮料,3,3,9999,9999
`FS100833,货道7,体质能量(PET580ml),INTR468012175,饮料,4,4,9817,9817
`FS100833,货道8,体质能量(PET580ml),INTR468012175,饮料,4,4,9762,9762
`FS100833,货道9,饮养四季[金桔柠檬](PET500ml),INTR372011680,饮料,3.5,3.5,9814,9814
`FS100833,货道10,小茗同学[溜溜哒茶](PET480ml),INTR973011692,饮料,5,5,9900,9900
`FS100833,货道11,焕神[热带水果风味]饮料(PET460ml),INTR583011691,饮料,5,5,9966,9966
`FS100833,货道13,小野[芒果汁](CAN245ml),INTR457012418,饮料,3,3,9999,9999
`FS100833,货道14,小野[芒果汁](CAN245ml),INTR457012418,饮料,3,3,9999,9999
`FS100833,货道15,小野[芒果汁](CAN245ml),INTR457012418,饮料,3,3,9999,9999
`FS100833,货道16,统一好料道[仙草凉茶](CAN310ml),INTR791011678,饮料,4,4,9999,9999
`FS100833,货道17,雪碧[自购版](CAN330ml),INTR685011636,饮料,3,3,9983,9983
`FS100833,货道18,雪碧[自购版](CAN330ml),INTR685011636,饮料,3,3,9977,9977
`FS100833,货道19,雪碧[自购版](CAN330ml),INTR685011636,饮料,3,3,9976,9976
`FS100833,货道20,雪碧[自购版](CAN330ml),INTR685011636,饮料,3,3,9970,9970
`FS100833,货道21,可口可乐[自购版](CAN330ml),INTR121011635,饮料,3,3,9966,9966
`FS100833,货道22,可口可乐[自购版](CAN330ml),INTR121011635,饮料,3,3,9972,9972
`FS100833,货道23,今麦郎芒顿小镇柠檬水(PET500ml),INTR322012790,饮料,2.5,2.5,9915,9915
`FS100833,货道24,统一冰红茶[柠檬](PET500ml),INTR894011688,饮料,3,3,9840,9840
`FS100833,货道25,元气森林白桃味气泡水瓶装480ml(2021),105195,开门柜,5,5,9917,9917
`FS100833,货道26,统一冰绿茶[青梅绿茶](PET500ml),INTR469011681,饮料,3,3,9875,9875
`FS100833,货道27,统一鲜橙多(PET450ml),INTR910011664,饮料,3.5,3.5,9874,9874
`FS100833,货道28,雅哈[冰咖啡](PET450ml),INTR470011686,饮料,5.5,5.5,9909,9909
`FS100833,货道29,海之言[柠檬](PET500ml),INTR039011682,饮料,4,4,9749,9749
`FS100833,货道30,统一轻啵苏打水[桃花味](PET500ml),INTR876012423,饮料,3.5,3.5,9913,9913
`FS100833,货道31,焕神[热带水果风味]饮料(PET460ml),INTR583011691,饮料,5,5,9940,9940
`FS100833,货道32,统一阿萨姆[奶茶原味](PET500ml),INTR230011689,饮料,4.5,4.5,9861,9861
`FS100833,货道33,体质能量(PET580ml),INTR468012175,饮料,4,4,9827,9827
`FS100833,货道34,统一阿萨姆[奶茶原味](PET500ml),INTR230011689,饮料,4.5,4.5,9851,9851
`FS101026,货道1,,,,,,0,0
`FS101026,货道2,,,,,,0,0
`FS101026,货道3,,,,,,0,0
`FS101026,货道4,,,,,,0,0
`FS101026,货道5,,,,,,0,0
`FS101026,货道6,,,,,,0,0
`FS101026,货道7,,,,,,0,0
`FS101026,货道8,,,,,,0,0
`FS101026,货道9,,,,,,0,0
`FS101026,货道10,,,,,,0,0
`FS101026,货道11,,,,,,0,0
`FS101026,货道13,,,,,,0,0
`FS101026,货道14,,,,,,0,0
`FS101026,货道15,,,,,,0,0
`FS101026,货道16,,,,,,0,0
`FS101026,货道17,,,,,,0,0
`FS101026,货道19,,,,,,0,0
`FS101026,货道21,,,,,,0,0
`FS101026,货道23,,,,,,0,0
`FS101026,货道24,,,,,,0,0
`FS101026,货道25,,,,,,0,0
`FS101026,货道26,,,,,,0,0
`FS101026,货道27,,,,,,0,0
`FS101026,货道28,,,,,,0,0
`FS101026,货道29,,,,,,0,0
`FS101026,货道30,,,,,,0,0
`FS101026,货道31,,,,,,0,0
`FS101026,货道32,,,,,,0,0
`FS101026,货道33,,,,,,0,0
`FS101026,货道34,,,,,,0,0
`FS101039,货道1,,,,,,0,0
`FS101039,货道2,,,,,,0,0
`FS101039,货道3,,,,,,0,0
`FS101039,货道4,,,,,,0,0
`FS101039,货道5,,,,,,0,0
`FS101039,货道6,,,,,,0,0
`FS101039,货道7,,,,,,0,0
`FS101039,货道8,,,,,,0,0
`FS101039,货道9,,,,,,0,0
`FS101039,货道10,,,,,,0,0
`FS101039,货道11,,,,,,0,0
`FS101039,货道13,,,,,,0,0
`FS101039,货道14,,,,,,0,0
`FS101039,货道15,,,,,,0,0
`FS101039,货道16,,,,,,0,0
`FS101039,货道17,,,,,,0,0
`FS101039,货道19,,,,,,0,0
`FS101039,货道21,,,,,,0,0
`FS101039,货道23,,,,,,0,0
`FS101039,货道24,,,,,,0,0
`FS101039,货道25,,,,,,0,0
`FS101039,货道26,,,,,,0,0
`FS101039,货道27,,,,,,0,0
`FS101039,货道28,,,,,,0,0
`FS101039,货道29,,,,,,0,0
`FS101039,货道30,,,,,,0,0
`FS101039,货道31,,,,,,0,0
`FS101039,货道32,,,,,,0,0
`FS101039,货道33,,,,,,0,0
`FS101039,货道34,,,,,,0,0
`FS101025,货道1,,,,,,0,0
`FS101025,货道2,,,,,,0,0
`FS101025,货道3,,,,,,0,0
`FS101025,货道4,,,,,,0,0
`FS101025,货道5,,,,,,0,0
`FS101025,货道6,,,,,,0,0
`FS101025,货道7,,,,,,0,0
`FS101025,货道8,,,,,,0,0
`FS101025,货道9,,,,,,0,0
`FS101025,货道10,,,,,,0,0
`FS101025,货道11,,,,,,0,0
`FS101025,货道13,,,,,,0,0
`FS101025,货道14,,,,,,0,0
`FS101025,货道15,,,,,,0,0
`FS101025,货道16,,,,,,0,0
`FS101025,货道17,,,,,,0,0
`FS101025,货道19,,,,,,0,0
`FS101025,货道21,,,,,,0,0
`FS101025,货道23,,,,,,0,0
`FS101025,货道24,,,,,,0,0
`FS101025,货道25,,,,,,0,0
`FS101025,货道26,,,,,,0,0
`FS101025,货道27,,,,,,0,0
`FS101025,货道28,,,,,,0,0
`FS101025,货道29,,,,,,0,0
`FS101025,货道30,,,,,,0,0
`FS101025,货道31,,,,,,0,0
`FS101025,货道32,,,,,,0,0
`FS101025,货道33,,,,,,0,0
`FS101025,货道34,,,,,,0,0
`FS101030,货道1,,,,,,0,0
`FS101030,货道2,,,,,,0,0
`FS101030,货道3,,,,,,0,0
`FS101030,货道4,,,,,,0,0
`FS101030,货道5,,,,,,0,0
`FS101030,货道6,,,,,,0,0
`FS101030,货道7,,,,,,0,0
`FS101030,货道8,,,,,,0,0
`FS101030,货道9,,,,,,0,0
`FS101030,货道10,,,,,,0,0
`FS101030,货道11,,,,,,0,0
`FS101030,货道13,,,,,,0,0
`FS101030,货道14,,,,,,0,0
`FS101030,货道15,,,,,,0,0
`FS101030,货道16,,,,,,0,0
`FS101030,货道17,,,,,,0,0
`FS101030,货道19,,,,,,0,0
`FS101030,货道21,,,,,,0,0
`FS101030,货道23,,,,,,0,0
`FS101030,货道24,,,,,,0,0
`FS101030,货道25,,,,,,0,0
`FS101030,货道26,,,,,,0,0
`FS101030,货道27,,,,,,0,0
`FS101030,货道28,,,,,,0,0
`FS101030,货道29,,,,,,0,0
`FS101030,货道30,,,,,,0,0
`FS101030,货道31,,,,,,0,0
`FS101030,货道32,,,,,,0,0
`FS101030,货道33,,,,,,0,0
`FS101030,货道34,,,,,,0,0
`FS100986,货道1,,,,,,0,0
`FS100986,货道2,,,,,,0,0
`FS100986,货道3,,,,,,0,0
`FS100986,货道4,,,,,,0,0
`FS100986,货道5,,,,,,0,0
`FS100986,货道6,,,,,,0,0
`FS100986,货道7,,,,,,0,0
`FS100986,货道8,,,,,,0,0
`FS100986,货道9,,,,,,0,0
`FS100986,货道10,,,,,,0,0
`FS100986,货道11,,,,,,0,0
`FS100986,货道13,,,,,,0,0
`FS100986,货道14,,,,,,0,0
`FS100986,货道15,,,,,,0,0
`FS100986,货道16,,,,,,0,0
`FS100986,货道17,,,,,,0,0
`FS100986,货道19,,,,,,0,0
`FS100986,货道21,,,,,,0,0
`FS100986,货道23,,,,,,0,0
`FS100986,货道24,,,,,,0,0
`FS100986,货道25,,,,,,0,0
`FS100986,货道26,,,,,,0,0
`FS100986,货道27,,,,,,0,0
`FS100986,货道28,,,,,,0,0
`FS100986,货道29,,,,,,0,0
`FS100986,货道30,,,,,,0,0
`FS100986,货道31,,,,,,0,0
`FS100986,货道32,,,,,,0,0
`FS100986,货道33,,,,,,0,0
`FS100986,货道34,,,,,,0,0
`FS101009,货道1,,,,,,0,0
`FS101009,货道2,,,,,,0,0
`FS101009,货道3,,,,,,0,0
`FS101009,货道4,,,,,,0,0
`FS101009,货道5,,,,,,0,0
`FS101009,货道6,,,,,,0,0
`FS101009,货道7,,,,,,0,0
`FS101009,货道8,,,,,,0,0
`FS101009,货道9,,,,,,0,0
`FS101009,货道10,,,,,,0,0
`FS101009,货道11,,,,,,0,0
`FS101009,货道13,,,,,,0,0
`FS101009,货道14,,,,,,0,0
`FS101009,货道15,,,,,,0,0
`FS101009,货道16,,,,,,0,0
`FS101009,货道17,,,,,,0,0
`FS101009,货道19,,,,,,0,0
`FS101009,货道21,,,,,,0,0
`FS101009,货道23,,,,,,0,0
`FS101009,货道24,,,,,,0,0
`FS101009,货道25,,,,,,0,0
`FS101009,货道26,,,,,,0,0
`FS101009,货道27,,,,,,0,0
`FS101009,货道28,,,,,,0,0
`FS101009,货道29,,,,,,0,0
`FS101009,货道30,,,,,,0,0
`FS101009,货道31,,,,,,0,0
`FS101009,货道32,,,,,,0,0
`FS101009,货道33,,,,,,0,0
`FS101009,货道34,,,,,,0,0
`FS101037,货道1,,,,,,0,0
`FS101037,货道2,,,,,,0,0
`FS101037,货道3,,,,,,0,0
`FS101037,货道4,,,,,,0,0
`FS101037,货道5,,,,,,0,0
`FS101037,货道6,,,,,,0,0
`FS101037,货道7,,,,,,0,0
`FS101037,货道8,,,,,,0,0
`FS101037,货道9,,,,,,0,0
`FS101037,货道10,,,,,,0,0
`FS101037,货道11,,,,,,0,0
`FS101037,货道13,,,,,,0,0
`FS101037,货道14,,,,,,0,0
`FS101037,货道15,,,,,,0,0
`FS101037,货道16,,,,,,0,0
`FS101037,货道17,,,,,,0,0
`FS101037,货道19,,,,,,0,0
`FS101037,货道21,,,,,,0,0
`FS101037,货道23,,,,,,0,0
`FS101037,货道24,,,,,,0,0
`FS101037,货道25,,,,,,0,0
`FS101037,货道26,,,,,,0,0
`FS101037,货道27,,,,,,0,0
`FS101037,货道28,,,,,,0,0
`FS101037,货道29,,,,,,0,0
`FS101037,货道30,,,,,,0,0
`FS101037,货道31,,,,,,0,0
`FS101037,货道32,,,,,,0,0
`FS101037,货道33,,,,,,0,0
`FS101037,货道34,,,,,,0,0
`FS101316,货道1,,,,,,0,0
`FS101316,货道2,,,,,,0,0
`FS101316,货道3,,,,,,0,0
`FS101316,货道4,,,,,,0,0
`FS101316,货道5,,,,,,0,0
`FS101316,货道6,,,,,,0,0
`FS101316,货道7,,,,,,0,0
`FS101316,货道8,,,,,,0,0
`FS101316,货道9,,,,,,0,0
`FS101316,货道10,,,,,,0,0
`FS101316,货道11,,,,,,0,0
`FS101316,货道13,,,,,,0,0
`FS101316,货道14,,,,,,0,0
`FS101316,货道15,,,,,,0,0
`FS101316,货道16,,,,,,0,0
`FS101316,货道17,,,,,,0,0
`FS101316,货道19,,,,,,0,0
`FS101316,货道21,,,,,,0,0
`FS101316,货道23,,,,,,0,0
`FS101316,货道24,,,,,,0,0
`FS101316,货道25,,,,,,0,0
`FS101316,货道26,,,,,,0,0
`FS101316,货道27,,,,,,0,0
`FS101316,货道28,,,,,,0,0
`FS101316,货道29,,,,,,0,0
`FS101316,货道30,,,,,,0,0
`FS101316,货道31,,,,,,0,0
`FS101316,货道32,,,,,,0,0
`FS101316,货道33,,,,,,0,0
`FS101316,货道34,,,,,,0,0
`FS100098,货道1,,,,,,0,0
`FS100098,货道2,,,,,,0,0
`FS100098,货道3,,,,,,0,0
`FS100098,货道4,,,,,,0,0
`FS100098,货道5,,,,,,0,0
`FS100098,货道6,,,,,,0,0
`FS100098,货道7,统一阿萨姆[奶茶原味](PET500ml),INTR230011689,饮料,4.5,4.5,16,16
`FS100098,货道8,统一阿萨姆[奶茶原味](PET500ml),INTR230011689,饮料,4.5,4.5,11,11
`FS100098,货道9,统一阿萨姆[奶茶原味](PET500ml),INTR230011689,饮料,4.5,4.5,12,12
`FS100098,货道10,统一阿萨姆[奶茶原味](PET500ml),INTR230011689,饮料,4.5,4.5,14,14
`FS100098,货道11,雅哈[冰咖啡](PET450ml),INTR470011686,饮料,5.5,5.5,7,7
`FS100098,货道13,百事可乐(PET600ml),INTR065012794,饮料,3.5,3.5,3,3
`FS100098,货道14,,,,,3.5,0,0
`FS100098,货道15,百事可乐(PET600ml),INTR065012794,饮料,3.5,3.5,3,3
`FS100098,货道16,,,,,,0,0
`FS100098,货道17,脉动[青柠味](PET600ml),INTR924012868,饮料,4,5,9,9
`FS100098,货道19,农夫山泉力量帝维他命水(PET500ml),INTR911012108,饮料,5,5,10,10
`FS100098,货道21,统一冰绿茶[青梅绿茶](PET500ml),INTR469011681,饮料,3,3,11,11
`FS100098,货道23,统一绿茶[茉莉](PET500ml),INTR577011683,饮料,3,3,19,19
`FS100098,货道24,怡宝[纯净水](PET555ml),INTR128012109,矿泉水,2,2,17,17
`FS100098,货道25,怡宝[纯净水](PET555ml),INTR128012109,矿泉水,2,2,15,15
`FS100098,货道26,统一绿茶[茉莉](PET500ml),INTR577011683,饮料,3,3,13,13
`FS100098,货道27,统一冰红茶[柠檬](PET500ml),INTR894011688,饮料,3,3,8,8
`FS100098,货道28,统一冰绿茶[青梅绿茶](PET500ml),INTR469011681,饮料,3,3,8,8
`FS100098,货道29,饮养四季[金桔柠檬](PET500ml),INTR372011680,饮料,3.5,3.5,19,19
`FS100098,货道30,统一鲜橙多(PET450ml),INTR910011664,饮料,3.5,3.5,14,14
`FS100098,货道31,今麦郎芒顿小镇柠檬水(PET500ml),INTR322012790,饮料,2.5,3,15,15
`FS100098,货道32,雀巢茶萃柠檬冻红茶(PET500ml),INTR345013712,饮料,0,4.5,15,15
`FS100098,货道33,海之言[柠檬](PET500ml),INTR039011682,饮料,4,4,12,12
`FS100098,货道34,焕神[热带水果风味]饮料(PET460ml),INTR583011691,饮料,5,5,7,7
`FS100347,货道1,台福[高钙花生牛奶](CAN365ml),INTR531012172,饮料,3.5,3.5,19,19
`FS100347,货道2,王老吉凉茶(CAN310ml),INTR472012173,饮料,3.5,3.5,12,12
`FS100347,货道3,统一蜜桃多(CAN310ml),INTR765012351,饮料,3,2.5,14,14
`FS100347,货道4,可口可乐[自购版](CAN330ml),INTR121011635,饮料,3,3,11,11
`FS100347,货道5,可口可乐[自购版](CAN330ml),INTR121011635,饮料,3,3,9,9
`FS100347,货道6,统一鲜橙多(CAN310ml),INTR767011663,饮料,3,2.5,8,8
`FS100347,货道7,农夫山泉(PET550ml),INTR993012106,矿泉水,2,2,10,10
`FS100347,货道8,今麦郎茉莉蜜茶(PET500ml),INTR701012110,饮料,4,3,18,18
`FS100347,货道9,焕神[热带水果风味]饮料(PET460ml),INTR583011691,饮料,5,5,1,1
`FS100347,货道10,统一绿茶[茉莉](PET500ml),INTR577011683,饮料,3,3,9,9
`FS100347,货道11,统一绿茶[茉莉](PET500ml),INTR577011683,饮料,3,3,5,5
`FS100347,货道13,饮养四季[金桔柠檬](PET500ml),INTR372011680,饮料,3.5,3,21,21
`FS100347,货道15,统一饮养四季[冰糖雪梨](PET500ml),INTR56004726,饮料,3.5,3,16,16
`FS100347,货道17,统一双萃[柠檬茶](PET500ml),INTR466012427,饮料,3,3,11,11
`FS100347,货道19,小茗同学[溜溜哒茶](PET480ml),INTR973011692,饮料,5,5,10,10
`FS100347,货道21,统一阿萨姆[奶茶原味](PET500ml),INTR230011689,饮料,4.5,4,0,0
`FS100347,货道23,饮养四季[金桔柠檬](PET500ml),INTR372011680,饮料,3.5,3,18,18
`FS100347,货道24,统一鲜橙多(PET450ml),INTR910011664,饮料,3.5,3.5,14,14
`FS100347,货道25,统一冰红茶[柠檬](PET500ml),INTR894011688,饮料,3,3,15,15
`FS100347,货道26,统一冰红茶[柠檬](PET500ml),INTR894011688,饮料,3,3,9,9
`FS100347,货道27,统一冰红茶[柠檬](PET500ml),INTR894011688,饮料,3,3,11,11
`FS100347,货道28,百事可乐(CAN330ml),INTR785012174,饮料,2.5,2.5,6,6
`FS100347,货道29,海之言[柠檬](PET500ml),INTR039011682,饮料,4,4,22,22
`FS100347,货道30,统一阿萨姆[奶茶原味](PET500ml),INTR230011689,饮料,4.5,4,1,1
`FS100347,货道31,统一阿萨姆[奶茶原味](PET500ml),INTR230011689,饮料,4.5,4,1,1
`FS100347,货道32,海之言[柠檬](PET500ml),INTR039011682,饮料,4,4,14,14
`FS100347,货道33,海之言[柠檬](PET500ml),INTR039011682,饮料,4,4,10,10
`FS100347,货道34,饮养四季[金桔柠檬](PET500ml),INTR372011680,饮料,3.5,3,10,10
`FS101389,货道1,优好滋荔枝爽310ml,INTR860012104,饮料,2.5,3,22,22
`FS101389,货道2,统一冰红茶(CAN310ml),INTR115011662,饮料,2.5,2.5,20,20
`FS101389,货道3,统一鲜橙多(CAN310ml),INTR767011663,饮料,3,3,17,17
`FS101389,货道4,统一鲜橙多(CAN310ml),INTR767011663,饮料,3,3,16,16
`FS101389,货道5,统一冰红茶(CAN310ml),INTR115011662,饮料,2.5,2.5,14,14
`FS101389,货道6,统一好料道[仙草凉茶](CAN310ml),INTR791011678,饮料,4,4,12,12
`FS101389,货道7,统一阿萨姆[奶茶原味](PET500ml),INTR230011689,饮料,4.5,4.5,22,22
`FS101389,货道8,统一阿萨姆[奶茶原味](PET500ml),INTR230011689,饮料,4.5,4.5,20,20
`FS101389,货道9,统一饮养四季[冰糖雪梨](PET500ml),INTR56004726,饮料,3.5,3.5,18,18
`FS101389,货道10,农夫山泉(PET550ml),INTR993012106,矿泉水,2,2,15,15
`FS101389,货道11,今麦郎茉莉蜜茶(PET500ml),INTR701012110,饮料,4,3,11,11
`FS101389,货道13,统一冰红茶[柠檬](PET500ml),INTR894011688,饮料,3,3,21,21
`FS101389,货道14,,,,,,0,0
`FS101389,货道15,统一冰红茶[柠檬](PET500ml),INTR894011688,饮料,3,3,20,20
`FS101389,货道16,,,,,,0,0
`FS101389,货道17,统一轻啵苏打水[原味](PET500ml),INTR452012400,饮料,3.5,3.5,18,18
`FS101389,货道19,海之言[柠檬](PET500ml),INTR039011682,饮料,4,4,16,16
`FS101389,货道21,海之言[柠檬](PET500ml),INTR039011682,饮料,4,4,14,14
`FS101389,货道23,农夫山泉(PET550ml),INTR993012106,矿泉水,2,2,22,22
`FS101389,货道24,农夫山泉(PET550ml),INTR993012106,矿泉水,2,2,16,16
`FS101389,货道25,水趣多乳酸菌风味(PET500ml),INTR912012422,饮料,5,5,18,18
`FS101389,货道26,小茗同学[青柠红茶](PET480ml),INTR297011693,饮料,5,5,16,16
`FS101389,货道27,统一冰绿茶[青梅绿茶](PET500ml),INTR469011681,饮料,3,3,14,14
`FS101389,货道28,统一冰绿茶[青梅绿茶](PET500ml),INTR469011681,饮料,3,3,11,11
`FS101389,货道29,格泉饮用天然水(PET500ml),INTR252012401,矿泉水,2,2,22,22
`FS101389,货道30,今麦郎芒顿小镇西瓜水(PET500ml),INTR688012196,饮料,3,3,20,20
`FS101389,货道31,统一绿茶[茉莉](PET500ml),INTR577011683,饮料,3,3,18,18
`FS101389,货道32,统一绿茶[茉莉](PET500ml),INTR577011683,饮料,3,3,16,16
`FS101389,货道33,小茗同学[溜溜哒茶](PET480ml),INTR973011692,饮料,5,5,13,13
`FS101389,货道34,饮养四季[金桔柠檬](PET500ml),INTR372011680,饮料,3.5,3.5,12,12
`FS100495,货道1,小野[芒果汁](CAN245ml),INTR457012418,饮料,3,3,970,970
`FS100495,货道2,小野[黑糖姜茶](CAN245ml),INTR360012442,饮料,3,3,988,988
`FS100495,货道3,小野[黑糖姜茶](CAN245ml),INTR360012442,饮料,3,3,996,996
`FS100495,货道4,统一好料道[仙草凉茶](CAN310ml),INTR791011678,饮料,4,4,999,999
`FS100495,货道5,富永[乌龙茶](CAN185ml),INTR228013677,饮料,7,7,997,997
`FS100495,货道6,富永[微糖咖啡](CAN185ml),INTR327013699,饮料,8,8,999,999
`FS100495,货道7,统一双萃[鸭屎香风味柠檬茶](PET500ml),INTR950013739,饮料,3,3,99985,99985
`FS100495,货道8,统一阿萨姆[青提茉莉](PET450ml),INTR269013402,饮料,4.5,4.5,983,983
`FS100495,货道9,统一冰红茶[柠檬](PET500ml),INTR894011688,饮料,3,3,938,938
`FS100495,货道10,统一冰红茶[柠檬](PET500ml),INTR894011688,饮料,3,3,943,943
`FS100495,货道11,统一冰红茶[柠檬](PET500ml),INTR894011688,饮料,3,3,957,957
`FS100495,货道13,,,,,0,0,0
`FS100495,货道14,,,,,0,0,0
`FS100495,货道15,海之言[柠檬](PET500ml),INTR039011682,饮料,4,4,985,985
`FS100495,货道16,,,,,0,0,0
`FS100495,货道17,统一鲜橙多(PET450ml),INTR910011664,饮料,3.5,3.5,972,972
`FS100495,货道19,统一鲜橙多(PET450ml),INTR910011664,饮料,3.5,3.5,976,976
`FS100495,货道21,统一鲜橙多(PET450ml),INTR910011664,饮料,3.5,3.5,991,991
`FS100495,货道23,统一绿茶[茉莉](PET500ml),INTR577011683,饮料,3,3,945,945
`FS100495,货道24,统一绿茶[茉莉](PET500ml),INTR577011683,饮料,3,3,961,961
`FS100495,货道25,统一冰红茶[柠檬](PET500ml),INTR894011688,饮料,3,3,973,973
`FS100495,货道26,统一饮养四季[冰糖雪梨](PET500ml),INTR56004726,饮料,3.5,3.5,958,958
`FS100495,货道27,,,,,0,0,0
`FS100495,货道28,统一阿萨姆[奶茶原味](PET500ml),INTR230011689,饮料,4.5,4.5,959,959
`FS100495,货道29,统一阿萨姆[奶茶原味](PET500ml),INTR230011689,饮料,4.5,4.5,955,955
`FS100495,货道30,统一阿萨姆[奶茶原味](PET500ml),INTR230011689,饮料,4.5,4.5,942,942
`FS100495,货道31,统一冰绿茶[青梅绿茶](PET500ml),INTR469011681,饮料,3,3,968,968
`FS100495,货道32,统一冰绿茶[青梅绿茶](PET500ml),INTR469011681,饮料,3,3,947,947
`FS100495,货道33,统一冰绿茶[青梅绿茶](PET500ml),INTR469011681,饮料,3,3,955,955
`FS100495,货道34,饮养四季[金桔柠檬](PET500ml),INTR372011680,饮料,3.5,3.5,971,971
`FS100090,货道1,统一冰红茶(CAN310ml),INTR115011662,饮料,2.5,2.5,22,22
`FS100090,货道2,统一冰红茶(CAN310ml),INTR115011662,饮料,2.5,2.5,19,19
`FS100090,货道3,统一鲜橙多(CAN310ml),INTR767011663,饮料,3,3,16,16
`FS100090,货道4,统一鲜橙多(CAN310ml),INTR767011663,饮料,3,3,16,16
`FS100090,货道5,优好滋荔枝爽310ml,INTR860012104,饮料,2.5,3,13,13
`FS100090,货道6,统一好料道[仙草凉茶](CAN310ml),INTR791011678,饮料,4,4,12,12
`FS100090,货道7,统一阿萨姆[奶茶原味](PET500ml),INTR230011689,饮料,4.5,4.5,22,22
`FS100090,货道8,统一阿萨姆[奶茶原味](PET500ml),INTR230011689,饮料,4.5,4.5,20,20
`FS100090,货道9,统一饮养四季[冰糖雪梨](PET500ml),INTR56004726,饮料,3.5,3.5,18,18
`FS100090,货道10,农夫山泉(PET550ml),INTR993012106,矿泉水,2,2,8,8
`FS100090,货道11,农夫山泉(PET550ml),INTR993012106,矿泉水,2,2,13,13
`FS100090,货道13,统一冰红茶[柠檬](PET500ml),INTR894011688,饮料,3,3,22,22
`FS100090,货道14,,,,,,0,0
`FS100090,货道15,统一冰红茶[柠檬](PET500ml),INTR894011688,饮料,3,3,20,20
`FS100090,货道16,,,,,,0,0
`FS100090,货道17,统一轻啵苏打水[原味](PET500ml),INTR452012400,饮料,3.5,3.5,18,18
`FS100090,货道19,海之言[柠檬](PET500ml),INTR039011682,饮料,4,4,15,15
`FS100090,货道21,海之言[柠檬](PET500ml),INTR039011682,饮料,4,4,12,12
`FS100090,货道23,农夫山泉(PET550ml),INTR993012106,矿泉水,2,2,21,21
`FS100090,货道24,农夫山泉(PET550ml),INTR993012106,矿泉水,2,2,18,18
`FS100090,货道25,水趣多乳酸菌风味(PET500ml),INTR912012422,饮料,5,5,18,18
`FS100090,货道26,小茗同学[青柠红茶](PET480ml),INTR297011693,饮料,5,5,15,15
`FS100090,货道27,统一冰绿茶[青梅绿茶](PET500ml),INTR469011681,饮料,3,3,12,12
`FS100090,货道28,统一冰绿茶[青梅绿茶](PET500ml),INTR469011681,饮料,3,3,12,12
`FS100090,货道29,格泉饮用天然水(PET500ml),INTR252012401,矿泉水,2,2,22,22
`FS100090,货道30,今麦郎芒顿小镇西瓜水(PET500ml),INTR688012196,饮料,3,3,19,19
`FS100090,货道31,统一绿茶[茉莉](PET500ml),INTR577011683,饮料,3,3,15,15
`FS100090,货道32,统一绿茶[茉莉](PET500ml),INTR577011683,饮料,3,3,16,16
`FS100090,货道33,小茗同学[溜溜哒茶](PET480ml),INTR973011692,饮料,5,5,14,14
`FS100090,货道34,饮养四季[金桔柠檬](PET500ml),INTR372011680,饮料,3.5,3.5,12,12
`FS100843,货道1,统一好料道[仙草凉茶](CAN310ml),INTR791011678,饮料,4,4,20,20
`FS100843,货道2,统一好料道[仙草凉茶](CAN310ml),INTR791011678,饮料,4,4,15,15
`FS100843,货道3,统一蜜桃多(CAN310ml),INTR765012351,饮料,3,2.5,7,7
`FS100843,货道4,统一鲜橙多(CAN310ml),INTR767011663,饮料,3,2.5,13,13
`FS100843,货道5,统一鲜橙多(CAN310ml),INTR767011663,饮料,3,2.5,11,11
`FS100843,货道6,统一鲜橙多(CAN310ml),INTR767011663,饮料,3,2.5,9,9
`FS100843,货道7,娃哈哈[钻面水](PET550ml),INTR055012170,矿泉水,2,2,10,10
`FS100843,货道8,可口可乐[自购版](PET500ml),INTR724012203,饮料,3.5,3.5,14,14
`FS100843,货道9,统一冰红茶[柠檬](PET500ml),INTR894011688,饮料,3,3,14,14
`FS100843,货道10,统一冰红茶[柠檬](PET500ml),INTR894011688,饮料,3,3,11,11
`FS100843,货道11,统一冰红茶[柠檬](PET500ml),INTR894011688,饮料,3,3,5,5
`FS100843,货道13,台福[高钙花生牛奶](CAN365ml),INTR531012172,饮料,3.5,3.5,15,15
`FS100843,货道14,王老吉凉茶(CAN310ml),INTR472012173,饮料,3.5,3.5,20,20
`FS100843,货道15,乐虎维生素功能饮料(CAN250ml),INTR995012194,饮料,5.5,5.5,12,12
`FS100843,货道16,台福椰子汁(CAN238ml),INTR913012195,饮料,3,3,25,25
`FS100843,货道17,统一双萃[柠檬茶](PET500ml),INTR466012427,饮料,3,3,12,12
`FS100843,货道19,统一双萃[柠檬茶](PET500ml),INTR466012427,饮料,3,3,12,12
`FS100843,货道21,统一阿萨姆[奶茶原味](PET500ml),INTR230011689,饮料,4.5,4,0,0
`FS100843,货道23,统一饮养四季[冰糖雪梨](PET500ml),INTR56004726,饮料,3.5,3,11,11
`FS100843,货道24,统一鲜橙多(PET450ml),INTR910011664,饮料,3.5,3.5,14,14
`FS100843,货道25,统一绿茶[茉莉](PET500ml),INTR577011683,饮料,3,3,15,15
`FS100843,货道26,统一绿茶[茉莉](PET500ml),INTR577011683,饮料,3,3,5,5
`FS100843,货道27,饮养四季[金桔柠檬](PET500ml),INTR372011680,饮料,3.5,3,7,7
`FS100843,货道28,饮养四季[金桔柠檬](PET500ml),INTR372011680,饮料,3.5,3,6,6
`FS100843,货道29,统一轻啵苏打水[柠檬味](PET500ml),INTR773011687,饮料,3.5,3.5,14,14
`FS100843,货道30,统一阿萨姆[奶茶原味](PET500ml),INTR230011689,饮料,4.5,4,5,5
`FS100843,货道31,统一阿萨姆[奶茶原味](PET500ml),INTR230011689,饮料,4.5,4,0,0
`FS100843,货道32,焕神[热带水果风味]饮料(PET460ml),INTR583011691,饮料,5,5,6,6
`FS100843,货道33,海之言[柠檬](PET500ml),INTR039011682,饮料,4,4,8,8
`FS100843,货道34,海之言[柠檬](PET500ml),INTR039011682,饮料,4,4,10,10
`FS100753,货道1,百事可乐(CAN330ml),INTR785012174,饮料,2.5,2.5,0,0
`FS100753,货道2,可口可乐[自购版](CAN330ml),INTR121011635,饮料,3,3,5,5
`FS100753,货道3,可口可乐[自购版](CAN330ml),INTR121011635,饮料,3,3,1,1
`FS100753,货道4,统一鲜橙多(CAN310ml),INTR767011663,饮料,3,2.5,5,5
`FS100753,货道5,统一鲜橙多(CAN310ml),INTR767011663,饮料,3,2.5,0,0
`FS100753,货道6,统一鲜橙多(CAN310ml),INTR767011663,饮料,3,2.5,0,0
`FS100753,货道7,农夫山泉(PET550ml),INTR993012106,矿泉水,2,2,2,2
`FS100753,货道8,统一冰红茶[柠檬](PET500ml),INTR894011688,饮料,3,3,1,1
`FS100753,货道9,统一冰红茶[柠檬](PET500ml),INTR894011688,饮料,3,3,5,5
`FS100753,货道10,统一冰红茶[柠檬](PET500ml),INTR894011688,饮料,3,3,1,1
`FS100753,货道11,统一茶裏王[无糖台式乌龙茶](PET420ml),INTR904011685,饮料,5,5,6,6
`FS100753,货道13,王老吉凉茶(CAN310ml),INTR472012173,饮料,3.5,3.5,1,1
`FS100753,货道14,百事可乐(CAN330ml),INTR785012174,饮料,2.5,2.5,1,1
`FS100753,货道15,乐虎维生素功能饮料(CAN250ml),INTR995012194,饮料,5.5,5.5,2,2
`FS100753,货道16,乐虎维生素功能饮料(CAN250ml),INTR995012194,饮料,5.5,5.5,0,0
`FS100753,货道17,统一双萃[柠檬茶](PET500ml),INTR466012427,饮料,3,3,1,1
`FS100753,货道19,小茗同学[溜溜哒茶](PET480ml),INTR973011692,饮料,5,5,12,12
`FS100753,货道21,统一阿萨姆[奶茶原味](PET500ml),INTR230011689,饮料,4.5,4,1,1
`FS100753,货道23,统一饮养四季[冰糖雪梨](PET500ml),INTR56004726,饮料,3.5,3,8,8
`FS100753,货道24,统一鲜橙多(PET450ml),INTR910011664,饮料,3.5,3.5,6,6
`FS100753,货道25,统一绿茶[茉莉](PET500ml),INTR577011683,饮料,3,3,8,8
`FS100753,货道26,统一绿茶[茉莉](PET500ml),INTR577011683,饮料,3,3,4,4
`FS100753,货道27,饮养四季[金桔柠檬](PET500ml),INTR372011680,饮料,3.5,3,7,7
`FS100753,货道28,饮养四季[金桔柠檬](PET500ml),INTR372011680,饮料,3.5,3,6,6
`FS100753,货道29,今麦郎茉莉蜜茶(PET500ml),INTR701012110,饮料,4,3,5,5
`FS100753,货道30,统一阿萨姆[奶茶原味](PET500ml),INTR230011689,饮料,4.5,4,0,0
`FS100753,货道31,统一阿萨姆[奶茶原味](PET500ml),INTR230011689,饮料,4.5,4,0,0
`FS100753,货道32,海之言[柠檬](PET500ml),INTR039011682,饮料,4,4,0,0
`FS100753,货道33,海之言[柠檬](PET500ml),INTR039011682,饮料,4,4,0,0
`FS100753,货道34,焕神[热带水果风味]饮料(PET460ml),INTR583011691,饮料,5,5,0,0
`FS100845,货道1,统一好料道[仙草凉茶](CAN310ml),INTR791011678,饮料,4,4,20,20
`FS100845,货道2,统一好料道[仙草凉茶](CAN310ml),INTR791011678,饮料,4,4,14,14
`FS100845,货道3,统一蜜桃多(CAN310ml),INTR765012351,饮料,3,3,0,0
`FS100845,货道4,统一鲜橙多(CAN310ml),INTR767011663,饮料,3,3,0,0
`FS100845,货道5,统一鲜橙多(CAN310ml),INTR767011663,饮料,3,3,1,1
`FS100845,货道6,统一鲜橙多(CAN310ml),INTR767011663,饮料,3,3,3,3
`FS100845,货道7,农夫山泉(PET550ml),INTR993012106,矿泉水,2,2,0,0
`FS100845,货道8,今麦郎茉莉蜜茶(PET500ml),INTR701012110,饮料,4,3,0,0
`FS100845,货道9,统一冰红茶[柠檬](PET500ml),INTR894011688,饮料,3,3,0,0
`FS100845,货道10,统一冰红茶[柠檬](PET500ml),INTR894011688,饮料,3,3,0,0
`FS100845,货道11,统一冰红茶[柠檬](PET500ml),INTR894011688,饮料,3,3,0,0
`FS100845,货道13,可口可乐[自购版](CAN330ml),INTR121011635,饮料,3,3,0,0
`FS100845,货道14,王老吉凉茶(CAN310ml),INTR472012173,饮料,3.5,3.5,0,0
`FS100845,货道15,乐虎维生素功能饮料(CAN250ml),INTR995012194,饮料,5.5,5.5,3,3
`FS100845,货道16,台福[高钙花生牛奶](CAN365ml),INTR531012172,饮料,3.5,3.5,6,6
`FS100845,货道17,统一双萃[柠檬茶](PET500ml),INTR466012427,饮料,3,3,5,5
`FS100845,货道19,小茗同学[溜溜哒茶](PET480ml),INTR973011692,饮料,5,5,0,0
`FS100845,货道21,农夫山泉(PET550ml),INTR993012106,矿泉水,2,2,0,0
`FS100845,货道23,统一饮养四季[冰糖雪梨](PET500ml),INTR56004726,饮料,3.5,3,0,0
`FS100845,货道24,统一鲜橙多(PET450ml),INTR910011664,饮料,3.5,3.5,2,2
`FS100845,货道25,统一绿茶[茉莉](PET500ml),INTR577011683,饮料,3,3,0,0
`FS100845,货道26,统一绿茶[茉莉](PET500ml),INTR577011683,饮料,3,3,0,0
`FS100845,货道27,饮养四季[金桔柠檬](PET500ml),INTR372011680,饮料,3.5,3,4,4
`FS100845,货道28,饮养四季[金桔柠檬](PET500ml),INTR372011680,饮料,3.5,3,0,0
`FS100845,货道29,焕神[热带水果风味]饮料(PET460ml),INTR583011691,饮料,5,5,10,10
`FS100845,货道30,体质能量(PET580ml),INTR468012175,饮料,4,5.5,0,0
`FS100845,货道31,统一阿萨姆[奶茶原味](PET500ml),INTR230011689,饮料,4.5,4,1,1
`FS100845,货道32,统一阿萨姆[奶茶原味](PET500ml),INTR230011689,饮料,4.5,4,5,5
`FS100845,货道33,统一阿萨姆[奶茶原味](PET500ml),INTR230011689,饮料,4.5,4,0,0
`FS100845,货道34,统一阿萨姆[奶茶原味](PET500ml),INTR230011689,饮料,4.5,4,0,0
`FS100082,货道1,优好滋荔枝爽310ml,INTR860012104,饮料,2.5,3,4,4
`FS100082,货道2,统一冰红茶(CAN310ml),INTR115011662,饮料,2.5,2.5,10,10
`FS100082,货道3,统一鲜橙多(CAN310ml),INTR767011663,饮料,3,3,15,15
`FS100082,货道4,统一鲜橙多(CAN310ml),INTR767011663,饮料,3,3,5,5
`FS100082,货道5,统一冰红茶(CAN310ml),INTR115011662,饮料,2.5,2.5,12,12
`FS100082,货道6,统一好料道[仙草凉茶](CAN310ml),INTR791011678,饮料,4,4,12,12
`FS100082,货道7,格泉饮用天然水(PET500ml),INTR252012401,矿泉水,2,2,22,22
`FS100082,货道8,新湖源奶饮品[黄桃味](PET521ml),INTR054012792,饮料,5,5,20,20
`FS100082,货道9,统一饮养四季[冰糖雪梨](PET500ml),INTR56004726,饮料,3.5,3.5,14,14
`FS100082,货道10,统一阿萨姆[奶茶原味](PET500ml),INTR230011689,饮料,4.5,4.5,10,10
`FS100082,货道11,统一阿萨姆[奶茶原味](PET500ml),INTR230011689,饮料,4.5,4.5,9,9
`FS100082,货道13,统一冰红茶[柠檬](PET500ml),INTR894011688,饮料,3,3,1,1
`FS100082,货道14,,,,,0,0,0
`FS100082,货道15,统一冰红茶[柠檬](PET500ml),INTR894011688,饮料,3,3,2,2
`FS100082,货道16,,,,,0,0,0
`FS100082,货道17,统一轻啵苏打水[原味](PET500ml),INTR452012400,饮料,3.5,3.5,17,17
`FS100082,货道19,海之言[柠檬](PET500ml),INTR039011682,饮料,4,4,9,9
`FS100082,货道21,海之言[柠檬](PET500ml),INTR039011682,饮料,4,4,10,10
`FS100082,货道23,农夫山泉(PET550ml),INTR993012106,矿泉水,2,2,3,3
`FS100082,货道24,农夫山泉(PET550ml),INTR993012106,矿泉水,2,2,2,2
`FS100082,货道25,水趣多乳酸菌风味(PET500ml),INTR912012422,饮料,5,5,15,15
`FS100082,货道26,小茗同学[青柠红茶](PET480ml),INTR297011693,饮料,5,5,12,12
`FS100082,货道27,统一冰绿茶[青梅绿茶](PET500ml),INTR469011681,饮料,3,3,8,8
`FS100082,货道28,统一冰绿茶[青梅绿茶](PET500ml),INTR469011681,饮料,3,3,5,5
`FS100082,货道29,农夫山泉(PET550ml),INTR993012106,矿泉水,2,2,-11,-11
`FS100082,货道30,今麦郎芒顿小镇西瓜水(PET500ml),INTR688012196,饮料,3,3,7,7
`FS100082,货道31,统一绿茶[茉莉](PET500ml),INTR577011683,饮料,3,3,12,12
`FS100082,货道32,统一绿茶[茉莉](PET500ml),INTR577011683,饮料,3,3,11,11
`FS100082,货道33,小茗同学[溜溜哒茶](PET480ml),INTR973011692,饮料,5,5,10,10
`FS100082,货道34,饮养四季[金桔柠檬](PET500ml),INTR372011680,饮料,3.5,3.5,0,0
`FS100383,货道1,台福[高钙花生牛奶](CAN365ml),INTR531012172,饮料,3.5,3.5,980,980
`FS100383,货道2,可口可乐[自购版](CAN330ml),INTR121011635,饮料,3,3,998,998
`FS100383,货道3,可口可乐[自购版](CAN330ml),INTR121011635,饮料,3,3,983,983
`FS100383,货道4,可口可乐[自购版](CAN330ml),INTR121011635,饮料,3,3,990,990
`FS100383,货道5,可口可乐[自购版](CAN330ml),INTR121011635,饮料,3,3,976,976
`FS100383,货道6,可口可乐[自购版](CAN330ml),INTR121011635,饮料,3,3,981,981
`FS100383,货道7,农夫山泉(PET550ml),INTR993012106,矿泉水,2,2,980,980
`FS100383,货道8,农夫山泉(PET550ml),INTR993012106,矿泉水,2,2,968,968
`FS100383,货道9,统一茉莉蜜茶(PET500ml),INTR815013715,饮料,3,3.5,0,0
`FS100383,货道10,统一冰绿茶[青梅绿茶](PET500ml),INTR469011681,饮料,3,3,993,993
`FS100383,货道11,统一双萃[柠檬茶](PET500ml),INTR466012427,饮料,3,3,0,0
`FS100383,货道12,,,,,,0,0
`FS100383,货道13,饮养四季[金桔柠檬](PET500ml),INTR372011680,饮料,3.5,3.5,989,989
`FS100383,货道15,饮养四季[金桔柠檬](PET500ml),INTR372011680,饮料,3.5,3.5,997,997
`FS100383,货道17,焕神[热带水果风味]饮料(PET460ml),INTR583011691,饮料,5,5,981,981
`FS100383,货道19,统一鲜橙多(CAN310ml),INTR767011663,饮料,3,3,991,991
`FS100383,货道20,米源冰晶葡萄(CAN310ml),INTR290012105,饮料,2.5,2.5,999,999
`FS100383,货道21,统一蜜桃多(CAN310ml),INTR765012351,饮料,3,3,998,998
`FS100383,货道22,统一好料道[仙草凉茶](CAN310ml),INTR791011678,饮料,4,4,998,998
`FS100383,货道23,统一冰红茶[柠檬](PET500ml),INTR894011688,饮料,3,3,997,997
`FS100383,货道24,统一冰红茶[柠檬](PET500ml),INTR894011688,饮料,3,3,989,989
`FS100383,货道25,统一绿茶[茉莉](PET500ml),INTR577011683,饮料,3,3,990,990
`FS100383,货道26,达利园乐虎(PET350ml),INTR889012197,饮料,5,5,987,987
`FS100383,货道27,统一冰绿茶[青梅绿茶](PET500ml),INTR469011681,饮料,3,3,997,997
`FS100383,货道28,达利园乐虎(PET350ml),INTR889012197,饮料,5,5,994,994
`FS100383,货道29,统一阿萨姆[奶茶原味](PET500ml),INTR230011689,饮料,4.5,4.5,989,989
`FS100383,货道30,统一阿萨姆[奶茶原味](PET500ml),INTR230011689,饮料,4.5,4.5,992,992
`FS100383,货道31,小茗同学[溜溜哒茶](PET480ml),INTR973011692,饮料,5,5,996,996
`FS100383,货道32,统一阿萨姆[奶茶原味](PET500ml),INTR230011689,饮料,4.5,4.5,981,981
`FS100383,货道33,海之言[柠檬](PET500ml),INTR039011682,饮料,4,4,986,986
`FS100383,货道34,海之言[柠檬](PET500ml),INTR039011682,饮料,4,4,996,996
`FS100351,货道1,可口可乐[自购版](CAN330ml),INTR121011635,饮料,3,3,942,942
`FS100351,货道2,可口可乐[自购版](CAN330ml),INTR121011635,饮料,3,3,924,924
`FS100351,货道3,可口可乐[自购版](CAN330ml),INTR121011635,饮料,3,3,947,947
`FS100351,货道4,可口可乐[自购版](CAN330ml),INTR121011635,饮料,3,3,934,934
`FS100351,货道5,统一好料道[仙草凉茶](CAN310ml),INTR791011678,饮料,4,4,999,999
`FS100351,货道6,统一好料道[仙草凉茶](CAN310ml),INTR791011678,饮料,4,4,971,971
`FS100351,货道7,统一双萃[鸭屎香风味柠檬茶](PET500ml),INTR950013739,饮料,3,3,9978,9978
`FS100351,货道8,统一双萃[鸭屎香风味柠檬茶](PET500ml),INTR950013739,饮料,3,3,9976,9976
`FS100351,货道9,焕神[热带水果风味]饮料(PET460ml),INTR583011691,饮料,5,5,951,951
`FS100351,货道10,焕神[热带水果风味]饮料(PET460ml),INTR583011691,饮料,5,5,938,938
`FS100351,货道11,焕神[热带水果风味]饮料(PET460ml),INTR583011691,饮料,5,5,942,942
`FS100351,货道13,统一阿萨姆[白桃观音](PET450ml),INTR609013401,饮料,4.5,4,9970,9970
`FS100351,货道14,,,,,,0,0
`FS100351,货道15,统一阿萨姆[白桃观音](PET450ml),INTR609013401,饮料,4.5,4,9964,9964
`FS100351,货道16,,,,,,0,0
`FS100351,货道17,统一鲜橙多(PET450ml),INTR910011664,饮料,3.5,3.5,938,938
`FS100351,货道19,统一鲜橙多(PET450ml),INTR910011664,饮料,3.5,3.5,941,941
`FS100351,货道21,统一鲜橙多(PET450ml),INTR910011664,饮料,3.5,3.5,961,961
`FS100351,货道23,统一冰红茶[柠檬](PET500ml),INTR894011688,饮料,3,3,954,954
`FS100351,货道24,统一冰红茶[柠檬](PET500ml),INTR894011688,饮料,3,3,930,930
`FS100351,货道25,统一阿萨姆[奶茶原味](PET500ml),INTR230011689,饮料,4.5,4,914,914
`FS100351,货道26,统一阿萨姆[奶茶原味](PET500ml),INTR230011689,饮料,4.5,4,917,917
`FS100351,货道27,统一阿萨姆[奶茶原味](PET500ml),INTR230011689,饮料,4.5,4,928,928
`FS100351,货道28,统一阿萨姆[奶茶原味](PET500ml),INTR230011689,饮料,4.5,4,942,942
`FS100351,货道29,统一绿茶[茉莉](PET500ml),INTR577011683,饮料,3,3,956,956
`FS100351,货道30,统一绿茶[茉莉](PET500ml),INTR577011683,饮料,3,3,942,942
`FS100351,货道31,饮养四季[金桔柠檬](PET500ml),INTR372011680,饮料,3.5,3.5,961,961
`FS100351,货道32,统一冰绿茶[青梅绿茶](PET500ml),INTR469011681,饮料,3,3,942,942
`FS100351,货道33,海之言[柠檬](PET500ml),INTR039011682,饮料,4,4,958,958
`FS100351,货道34,海之言[柠檬](PET500ml),INTR039011682,饮料,4,4,962,962
`FS100473,货道1,可口可乐[自购版](CAN330ml),INTR121011635,饮料,3,3,989,989
`FS100473,货道2,可口可乐[自购版](CAN330ml),INTR121011635,饮料,3,3,988,988
`FS100473,货道3,可口可乐[自购版](CAN330ml),INTR121011635,饮料,3,3,993,993
`FS100473,货道4,统一好料道[仙草凉茶](CAN310ml),INTR791011678,饮料,4,4,996,996
`FS100473,货道5,统一好料道[仙草凉茶](CAN310ml),INTR791011678,饮料,4,4,992,992
`FS100473,货道6,统一好料道[仙草凉茶](CAN310ml),INTR791011678,饮料,4,4,993,993
`FS100473,货道7,水趣多乳酸菌风味(PET500ml),INTR912012422,饮料,5,5,999,999
`FS100473,货道8,ALKAQUA[饮用天然矿泉水](PET570ml),INTR997009154,矿泉水,4,4,988,988
`FS100473,货道9,焕神[热带水果风味]饮料(PET460ml),INTR583011691,饮料,5,5,994,994
`FS100473,货道10,焕神[热带水果风味]饮料(PET460ml),INTR583011691,饮料,5,5,990,990
`FS100473,货道11,雅哈[冰咖啡](PET450ml),INTR470011686,饮料,5.5,5.5,993,993
`FS100473,货道13,统一阿萨姆[白桃观音](PET450ml),INTR609013401,饮料,4.5,4,990,990
`FS100473,货道14,,,,,,0,0
`FS100473,货道15,统一轻啵苏打水[柠檬味](PET500ml),INTR773011687,饮料,3.5,3,987,987
`FS100473,货道16,,,,,,0,0
`FS100473,货道17,统一鲜橙多(PET450ml),INTR910011664,饮料,3.5,3.5,985,985
`FS100473,货道19,统一鲜橙多(PET450ml),INTR910011664,饮料,3.5,3.5,991,991
`FS100473,货道21,统一鲜橙多(PET450ml),INTR910011664,饮料,3.5,3.5,985,985
`FS100473,货道23,统一冰红茶[柠檬](PET500ml),INTR894011688,饮料,3,3,986,986
`FS100473,货道24,统一冰红茶[柠檬](PET500ml),INTR894011688,饮料,3,3,991,991
`FS100473,货道25,统一阿萨姆[奶茶原味](PET500ml),INTR230011689,饮料,4.5,4,983,983
`FS100473,货道26,统一阿萨姆[奶茶原味](PET500ml),INTR230011689,饮料,4.5,4,985,985
`FS100473,货道27,统一阿萨姆[奶茶原味](PET500ml),INTR230011689,饮料,4.5,4,980,980
`FS100473,货道28,统一阿萨姆[奶茶原味](PET500ml),INTR230011689,饮料,4.5,4,983,983
`FS100473,货道29,统一绿茶[茉莉](PET500ml),INTR577011683,饮料,3,3,991,991
`FS100473,货道30,统一绿茶[茉莉](PET500ml),INTR577011683,饮料,3,3,993,993
`FS100473,货道31,饮养四季[金桔柠檬](PET500ml),INTR372011680,饮料,3.5,3.5,998,998
`FS100473,货道32,统一冰绿茶[青梅绿茶](PET500ml),INTR469011681,饮料,3,3,994,994
`FS100473,货道33,海之言[柠檬](PET500ml),INTR039011682,饮料,4,4,997,997
`FS100473,货道34,海之言[柠檬](PET500ml),INTR039011682,饮料,4,4,993,993
`FS100777,货道1,统一好料道[仙草凉茶](CAN310ml),INTR791011678,饮料,4,4,19,19
`FS100777,货道2,可口可乐[自购版](CAN330ml),INTR121011635,饮料,3,3,14,14
`FS100777,货道3,可口可乐[自购版](CAN330ml),INTR121011635,饮料,3,3,12,12
`FS100777,货道4,统一鲜橙多(CAN310ml),INTR767011663,饮料,3,2.5,14,14
`FS100777,货道5,统一鲜橙多(CAN310ml),INTR767011663,饮料,3,2.5,12,12
`FS100777,货道6,统一鲜橙多(CAN310ml),INTR767011663,饮料,3,2.5,9,9
`FS100777,货道7,农夫山泉(PET550ml),INTR993012106,矿泉水,2,2,19,19
`FS100777,货道8,百香公举[百香果](PET480ml),INTR017012171,饮料,4,4,1,1
`FS100777,货道9,统一冰红茶[柠檬](PET500ml),INTR894011688,饮料,3,3,12,12
`FS100777,货道10,统一冰红茶[柠檬](PET500ml),INTR894011688,饮料,3,3,9,9
`FS100777,货道11,统一冰红茶[柠檬](PET500ml),INTR894011688,饮料,3,3,2,2
`FS100777,货道13,台福[高钙花生牛奶](CAN365ml),INTR531012172,饮料,3.5,3.5,17,17
`FS100777,货道14,王老吉凉茶(CAN310ml),INTR472012173,饮料,3.5,3.5,17,17
`FS100777,货道15,百事可乐(CAN330ml),INTR785012174,饮料,2.5,2.5,18,18
`FS100777,货道16,百事可乐(CAN330ml),INTR785012174,饮料,2.5,2.5,18,18
`FS100777,货道17,统一双萃[柠檬茶](PET500ml),INTR466012427,饮料,3,3,15,15
`FS100777,货道19,小茗同学[溜溜哒茶](PET480ml),INTR973011692,饮料,5,5,13,13
`FS100777,货道21,可口可乐[自购版](PET500ml),INTR724012203,饮料,3.5,3.5,4,4
`FS100777,货道23,统一饮养四季[冰糖雪梨](PET500ml),INTR56004726,饮料,3.5,3,17,17
`FS100777,货道24,统一鲜橙多(PET450ml),INTR910011664,饮料,3.5,3.5,17,17
`FS100777,货道25,统一绿茶[茉莉](PET500ml),INTR577011683,饮料,3,3,9,9
`FS100777,货道26,统一绿茶[茉莉](PET500ml),INTR577011683,饮料,3,3,7,7
`FS100777,货道27,饮养四季[金桔柠檬](PET500ml),INTR372011680,饮料,3.5,3,11,11
`FS100777,货道28,饮养四季[金桔柠檬](PET500ml),INTR372011680,饮料,3.5,3,7,7
`FS100777,货道29,体质能量(PET580ml),INTR468012175,饮料,4,5.5,8,8
`FS100777,货道30,统一阿萨姆[奶茶原味](PET500ml),INTR230011689,饮料,4.5,4,17,17
`FS100777,货道31,统一阿萨姆[奶茶原味](PET500ml),INTR230011689,饮料,4.5,4,15,15
`FS100777,货道32,海之言[柠檬](PET500ml),INTR039011682,饮料,4,4,12,12
`FS100777,货道33,海之言[柠檬](PET500ml),INTR039011682,饮料,4,4,11,11
`FS100777,货道34,海之言[柠檬](PET500ml),INTR039011682,饮料,4,4,9,9
`FS101393,货道1,王老吉凉茶(CAN310ml),INTR472012173,饮料,3.5,3.5,15,15
`FS101393,货道2,乐虎维生素功能饮料(CAN250ml),INTR995012194,饮料,5.5,5.5,13,13
`FS101393,货道3,台福椰子汁(CAN238ml),INTR913012195,饮料,3,3,15,15
`FS101393,货道4,统一蜜桃多(CAN310ml),INTR765012351,饮料,3,2.5,12,12
`FS101393,货道5,统一鲜橙多(CAN310ml),INTR767011663,饮料,3,2.5,8,8
`FS101393,货道6,统一鲜橙多(CAN310ml),INTR767011663,饮料,3,2.5,9,9
`FS101393,货道7,娃哈哈[钻面水](PET550ml),INTR055012170,矿泉水,2,2,1,1
`FS101393,货道8,娃哈哈[钻面水](PET550ml),INTR055012170,矿泉水,2,2,7,7
`FS101393,货道9,统一冰红茶[柠檬](PET500ml),INTR894011688,饮料,3,3,9,9
`FS101393,货道10,统一冰红茶[柠檬](PET500ml),INTR894011688,饮料,3,3,9,9
`FS101393,货道11,饮养四季[金桔柠檬](PET500ml),INTR372011680,饮料,3.5,3,8,8
`FS101393,货道13,可口可乐[自购版](PET500ml),INTR724012203,饮料,3.5,3.5,6,6
`FS101393,货道15,统一饮养四季[冰糖雪梨](PET500ml),INTR56004726,饮料,3.5,3,12,12
`FS101393,货道17,今麦郎茉莉蜜茶(PET500ml),INTR701012110,饮料,4,3,12,12
`FS101393,货道19,今麦郎茉莉蜜茶(PET500ml),INTR701012110,饮料,4,3,9,9
`FS101393,货道21,饮养四季[金桔柠檬](PET500ml),INTR372011680,饮料,3.5,3,10,10
`FS101393,货道23,统一绿茶[茉莉](PET500ml),INTR577011683,饮料,3,3,2,2
`FS101393,货道24,百香公举[百香果](PET480ml),INTR017012171,饮料,4,4,1,1
`FS101393,货道25,小茗同学[溜溜哒茶](PET480ml),INTR973011692,饮料,5,5,1,1
`FS101393,货道26,小茗同学[溜溜哒茶](PET480ml),INTR973011692,饮料,5,5,6,6
`FS101393,货道27,统一双萃[柠檬茶](PET500ml),INTR466012427,饮料,3,3,10,10
`FS101393,货道28,统一双萃[柠檬茶](PET500ml),INTR466012427,饮料,3,3,8,8
`FS101393,货道29,统一阿萨姆[奶茶原味](PET500ml),INTR230011689,饮料,4.5,4,18,18
`FS101393,货道30,统一绿茶[茉莉](PET500ml),INTR577011683,饮料,3,3,12,12
`FS101393,货道31,统一鲜橙多(PET450ml),INTR910011664,饮料,3.5,3.5,11,11
`FS101393,货道32,焕神[热带水果风味]饮料(PET460ml),INTR583011691,饮料,5,5,13,13
`FS101393,货道33,海之言[柠檬](PET500ml),INTR039011682,饮料,4,4,6,6
`FS101393,货道34,统一阿萨姆[奶茶原味](PET500ml),INTR230011689,饮料,4.5,4,1,1
`FS101047,货道1,,,,,,0,0
`FS101047,货道2,,,,,,0,0
`FS101047,货道3,,,,,,0,0
`FS101047,货道4,,,,,,0,0
`FS101047,货道5,,,,,,0,0
`FS101047,货道6,,,,,,0,0
`FS101047,货道7,,,,,,0,0
`FS101047,货道8,,,,,,0,0
`FS101047,货道9,,,,,,0,0
`FS101047,货道10,,,,,,0,0
`FS101047,货道11,,,,,,0,0
`FS101047,货道13,,,,,,0,0
`FS101047,货道14,,,,,,0,0
`FS101047,货道15,,,,,,0,0
`FS101047,货道16,,,,,,0,0
`FS101047,货道17,,,,,,0,0
`FS101047,货道19,,,,,,0,0
`FS101047,货道21,,,,,,0,0
`FS101047,货道23,,,,,,0,0
`FS101047,货道24,,,,,,0,0
`FS101047,货道25,,,,,,0,0
`FS101047,货道26,,,,,,0,0
`FS101047,货道27,,,,,,0,0
`FS101047,货道28,,,,,,0,0
`FS101047,货道29,,,,,,0,0
`FS101047,货道30,,,,,,0,0
`FS101047,货道31,,,,,,0,0
`FS101047,货道32,,,,,,0,0
`FS101047,货道33,,,,,,0,0
`FS101047,货道34,,,,,,0,0
`FS100346,货道1,台福[高钙花生牛奶](CAN365ml),INTR531012172,饮料,3.5,3.5,11,11
`FS100346,货道2,百事可乐(CAN330ml),INTR785012174,饮料,2.5,2.5,9,9
`FS100346,货道3,可口可乐[自购版](CAN330ml),INTR121011635,饮料,3,3,15,15
`FS100346,货道4,可口可乐[自购版](CAN330ml),INTR121011635,饮料,3,3,10,10
`FS100346,货道5,统一鲜橙多(CAN310ml),INTR767011663,饮料,3,2.5,11,11
`FS100346,货道6,统一蜜桃多(CAN310ml),INTR765012351,饮料,3,2.5,4,4
`FS100346,货道7,农夫山泉(PET550ml),INTR993012106,矿泉水,2,2,0,0
`FS100346,货道8,雅哈[冰咖啡](PET450ml),INTR470011686,饮料,5.5,5,0,0
`FS100346,货道9,统一绿茶[茉莉](PET500ml),INTR577011683,饮料,3,3,7,7
`FS100346,货道10,统一绿茶[茉莉](PET500ml),INTR577011683,饮料,3,3,10,10
`FS100346,货道11,饮养四季[金桔柠檬](PET500ml),INTR372011680,饮料,3.5,3,8,8
`FS100346,货道13,饮养四季[金桔柠檬](PET500ml),INTR372011680,饮料,3.5,3,12,12
`FS100346,货道15,统一饮养四季[冰糖雪梨](PET500ml),INTR56004726,饮料,3.5,3,17,17
`FS100346,货道17,统一双萃[柠檬茶](PET500ml),INTR466012427,饮料,3,3,13,13
`FS100346,货道19,小茗同学[溜溜哒茶](PET480ml),INTR973011692,饮料,5,5,13,13
`FS100346,货道21,可口可乐[自购版](PET500ml),INTR724012203,饮料,3.5,3.5,1,1
`FS100346,货道23,今麦郎茉莉蜜茶(PET500ml),INTR701012110,饮料,4,3,19,19
`FS100346,货道24,统一鲜橙多(PET450ml),INTR910011664,饮料,3.5,3.5,17,17
`FS100346,货道25,统一冰红茶[柠檬](PET500ml),INTR894011688,饮料,3,3,15,15
`FS100346,货道26,统一冰红茶[柠檬](PET500ml),INTR894011688,饮料,3,3,14,14
`FS100346,货道27,统一冰红茶[柠檬](PET500ml),INTR894011688,饮料,3,3,8,8
`FS100346,货道28,统一好料道[仙草凉茶](CAN310ml),INTR791011678,饮料,4,4,3,3
`FS100346,货道29,体质能量(PET580ml),INTR468012175,饮料,4,5.5,4,4
`FS100346,货道30,统一阿萨姆[奶茶原味](PET500ml),INTR230011689,饮料,4.5,4,12,12
`FS100346,货道31,统一阿萨姆[奶茶原味](PET500ml),INTR230011689,饮料,4.5,4,8,8
`FS100346,货道32,海之言[柠檬](PET500ml),INTR039011682,饮料,4,4,1,1
`FS100346,货道33,焕神[热带水果风味]饮料(PET460ml),INTR583011691,饮料,5,5,1,1
`FS100346,货道34,统一冰绿茶[青梅绿茶](PET500ml),INTR469011681,饮料,3,3,8,8
`FS100281,货道1,优好滋荔枝爽310ml,INTR860012104,饮料,2.5,3,22,22
`FS100281,货道2,统一冰红茶(CAN310ml),INTR115011662,饮料,2.5,2.5,20,20
`FS100281,货道3,统一鲜橙多(CAN310ml),INTR767011663,饮料,3,3,18,18
`FS100281,货道4,统一鲜橙多(CAN310ml),INTR767011663,饮料,3,3,15,15
`FS100281,货道5,统一冰红茶(CAN310ml),INTR115011662,饮料,2.5,2.5,14,14
`FS100281,货道6,统一好料道[仙草凉茶](CAN310ml),INTR791011678,饮料,4,4,12,12
`FS100281,货道7,新湖源奶饮品[黄桃味](PET521ml),INTR054012792,饮料,5,5,22,22
`FS100281,货道8,今麦郎茉莉蜜茶(PET500ml),INTR701012110,饮料,4,3,20,20
`FS100281,货道9,统一饮养四季[冰糖雪梨](PET500ml),INTR56004726,饮料,3.5,3.5,18,18
`FS100281,货道10,统一阿萨姆[奶茶原味](PET500ml),INTR230011689,饮料,4.5,4.5,16,16
`FS100281,货道11,统一阿萨姆[奶茶原味](PET500ml),INTR230011689,饮料,4.5,4.5,14,14
`FS100281,货道13,统一冰红茶[柠檬](PET500ml),INTR894011688,饮料,3,3,22,22
`FS100281,货道14,,,,,0,0,0
`FS100281,货道15,统一冰红茶[柠檬](PET500ml),INTR894011688,饮料,3,3,20,20
`FS100281,货道16,,,,,0,0,0
`FS100281,货道17,统一轻啵苏打水[原味](PET500ml),INTR452012400,饮料,3.5,3.5,18,18
`FS100281,货道19,海之言[柠檬](PET500ml),INTR039011682,饮料,4,4,16,16
`FS100281,货道21,海之言[柠檬](PET500ml),INTR039011682,饮料,4,4,13,13
`FS100281,货道23,农夫山泉(PET550ml),INTR993012106,矿泉水,2,2,22,22
`FS100281,货道24,农夫山泉(PET550ml),INTR993012106,矿泉水,2,2,20,20
`FS100281,货道25,水趣多乳酸菌风味(PET500ml),INTR912012422,饮料,5,5,17,17
`FS100281,货道26,小茗同学[青柠红茶](PET480ml),INTR297011693,饮料,5,5,16,16
`FS100281,货道27,统一冰绿茶[青梅绿茶](PET500ml),INTR469011681,饮料,3,3,14,14
`FS100281,货道28,统一冰绿茶[青梅绿茶](PET500ml),INTR469011681,饮料,3,3,12,12
`FS100281,货道29,格泉饮用天然水(PET500ml),INTR252012401,矿泉水,2,2,22,22
`FS100281,货道30,今麦郎芒顿小镇西瓜水(PET500ml),INTR688012196,饮料,3,3,20,20
`FS100281,货道31,统一绿茶[茉莉](PET500ml),INTR577011683,饮料,3,3,18,18
`FS100281,货道32,统一绿茶[茉莉](PET500ml),INTR577011683,饮料,3,3,16,16
`FS100281,货道33,小茗同学[溜溜哒茶](PET480ml),INTR973011692,饮料,5,5,13,13
`FS100281,货道34,饮养四季[金桔柠檬](PET500ml),INTR372011680,饮料,3.5,3.5,12,12
`FS100724,货道1,统一好料道[仙草凉茶](CAN310ml),INTR791011678,饮料,4,4,19,19
`FS100724,货道2,统一蜜桃多(CAN310ml),INTR765012351,饮料,3,2.5,15,15
`FS100724,货道3,可口可乐[自购版](CAN330ml),INTR121011635,饮料,3,3,5,5
`FS100724,货道4,统一鲜橙多(CAN310ml),INTR767011663,饮料,3,2.5,3,3
`FS100724,货道5,统一鲜橙多(CAN310ml),INTR767011663,饮料,3,2.5,12,12
`FS100724,货道6,统一鲜橙多(CAN310ml),INTR767011663,饮料,3,2.5,4,4
`FS100724,货道7,农夫山泉(PET550ml),INTR993012106,矿泉水,2,2,8,8
`FS100724,货道8,今麦郎茉莉蜜茶(PET500ml),INTR701012110,饮料,4,3,12,12
`FS100724,货道9,统一冰红茶[柠檬](PET500ml),INTR894011688,饮料,3,3,0,0
`FS100724,货道10,统一冰红茶[柠檬](PET500ml),INTR894011688,饮料,3,3,0,0
`FS100724,货道11,统一冰红茶[柠檬](PET500ml),INTR894011688,饮料,3,3,2,2
`FS100724,货道13,台福[高钙花生牛奶](CAN365ml),INTR531012172,饮料,3.5,3.5,11,11
`FS100724,货道14,百事可乐(CAN330ml),INTR785012174,饮料,2.5,2.5,0,0
`FS100724,货道15,王老吉凉茶(CAN310ml),INTR472012173,饮料,3.5,3.5,16,16
`FS100724,货道16,可口可乐[自购版](CAN330ml),INTR121011635,饮料,3,3,-1,-1
`FS100724,货道17,统一双萃[柠檬茶](PET500ml),INTR466012427,饮料,3,3,5,5
`FS100724,货道19,小茗同学[溜溜哒茶](PET480ml),INTR973011692,饮料,5,5,11,11
`FS100724,货道21,可口可乐[自购版](PET500ml),INTR724012203,饮料,3.5,3.5,0,0
`FS100724,货道23,统一饮养四季[冰糖雪梨](PET500ml),INTR56004726,饮料,3.5,3,17,17
`FS100724,货道24,统一鲜橙多(PET450ml),INTR910011664,饮料,3.5,3.5,17,17
`FS100724,货道25,统一绿茶[茉莉](PET500ml),INTR577011683,饮料,3,3,5,5
`FS100724,货道26,统一绿茶[茉莉](PET500ml),INTR577011683,饮料,3,3,4,4
`FS100724,货道27,饮养四季[金桔柠檬](PET500ml),INTR372011680,饮料,3.5,3,8,8
`FS100724,货道28,饮养四季[金桔柠檬](PET500ml),INTR372011680,饮料,3.5,3,0,0
`FS100724,货道29,农夫山泉(PET550ml),INTR993012106,矿泉水,2,2,8,8
`FS100724,货道30,统一阿萨姆[奶茶原味](PET500ml),INTR230011689,饮料,4.5,4,0,0
`FS100724,货道31,统一阿萨姆[奶茶原味](PET500ml),INTR230011689,饮料,4.5,4,0,0
`FS100724,货道32,海之言[柠檬](PET500ml),INTR039011682,饮料,4,4,6,6
`FS100724,货道33,海之言[柠檬](PET500ml),INTR039011682,饮料,4,4,11,11
`FS100724,货道34,海之言[柠檬](PET500ml),INTR039011682,饮料,4,4,4,4
`FS100091,货道1,优好滋荔枝爽310ml,INTR860012104,饮料,2.5,3,8,8
`FS100091,货道2,统一冰红茶(CAN310ml),INTR115011662,饮料,2.5,2.5,15,15
`FS100091,货道3,统一鲜橙多(CAN310ml),INTR767011663,饮料,3,3,15,15
`FS100091,货道4,统一鲜橙多(CAN310ml),INTR767011663,饮料,3,3,13,13
`FS100091,货道5,统一冰红茶(CAN310ml),INTR115011662,饮料,2.5,2.5,14,14
`FS100091,货道6,统一好料道[仙草凉茶](CAN310ml),INTR791011678,饮料,4,4,12,12
`FS100091,货道7,格泉饮用天然水(PET500ml),INTR252012401,矿泉水,2,2,22,22
`FS100091,货道8,农夫山泉(PET550ml),INTR993012106,矿泉水,2,2,7,7
`FS100091,货道9,统一饮养四季[冰糖雪梨](PET500ml),INTR56004726,饮料,3.5,3.5,18,18
`FS100091,货道10,统一阿萨姆[奶茶原味](PET500ml),INTR230011689,饮料,4.5,4.5,12,12
`FS100091,货道11,统一阿萨姆[奶茶原味](PET500ml),INTR230011689,饮料,4.5,4.5,12,12
`FS100091,货道13,统一冰红茶[柠檬](PET500ml),INTR894011688,饮料,3,3,15,15
`FS100091,货道14,,,,,,0,0
`FS100091,货道15,统一冰红茶[柠檬](PET500ml),INTR894011688,饮料,3,3,9,9
`FS100091,货道16,,,,,,0,0
`FS100091,货道17,统一轻啵苏打水[原味](PET500ml),INTR452012400,饮料,3.5,3.5,17,17
`FS100091,货道19,海之言[柠檬](PET500ml),INTR039011682,饮料,4,4,9,9
`FS100091,货道21,海之言[柠檬](PET500ml),INTR039011682,饮料,4,4,11,11
`FS100091,货道23,农夫山泉(PET550ml),INTR993012106,矿泉水,2,2,12,12
`FS100091,货道24,农夫山泉(PET550ml),INTR993012106,矿泉水,2,2,-1,-1
`FS100091,货道25,水趣多乳酸菌风味(PET500ml),INTR912012422,饮料,5,5,17,17
`FS100091,货道26,小茗同学[青柠红茶](PET480ml),INTR297011693,饮料,5,5,15,15
`FS100091,货道27,统一冰绿茶[青梅绿茶](PET500ml),INTR469011681,饮料,3,3,6,6
`FS100091,货道28,统一冰绿茶[青梅绿茶](PET500ml),INTR469011681,饮料,3,3,6,6
`FS100091,货道29,农夫山泉(PET550ml),INTR993012106,矿泉水,2,2,-17,-17
`FS100091,货道30,今麦郎芒顿小镇西瓜水(PET500ml),INTR688012196,饮料,3,3,19,19
`FS100091,货道31,统一绿茶[茉莉](PET500ml),INTR577011683,饮料,3,3,13,13
`FS100091,货道32,统一绿茶[茉莉](PET500ml),INTR577011683,饮料,3,3,12,12
`FS100091,货道33,小茗同学[溜溜哒茶](PET480ml),INTR973011692,饮料,5,5,10,10
`FS100091,货道34,饮养四季[金桔柠檬](PET500ml),INTR372011680,饮料,3.5,3.5,1,1
`FS101398,货道1,王老吉凉茶(CAN310ml),INTR472012173,饮料,3.5,3.5,20,20
`FS101398,货道2,乐虎维生素功能饮料(CAN250ml),INTR995012194,饮料,5.5,5.5,17,17
`FS101398,货道3,台福椰子汁(CAN238ml),INTR913012195,饮料,3,3,21,21
`FS101398,货道4,统一鲜橙多(CAN310ml),INTR767011663,饮料,3,2.5,14,14
`FS101398,货道5,可口可乐[自购版](CAN330ml),INTR121011635,饮料,3,3,9,9
`FS101398,货道6,可口可乐[自购版](CAN330ml),INTR121011635,饮料,3,3,7,7
`FS101398,货道7,娃哈哈[钻面水](PET550ml),INTR055012170,矿泉水,2,2,12,12
`FS101398,货道8,娃哈哈[钻面水](PET550ml),INTR055012170,矿泉水,2,2,17,17
`FS101398,货道9,统一冰红茶[柠檬](PET500ml),INTR894011688,饮料,3,3,15,15
`FS101398,货道10,统一冰红茶[柠檬](PET500ml),INTR894011688,饮料,3,3,9,9
`FS101398,货道11,饮养四季[金桔柠檬](PET500ml),INTR372011680,饮料,3.5,3,10,10
`FS101398,货道13,可口可乐[自购版](PET500ml),INTR724012203,饮料,3.5,3.5,19,19
`FS101398,货道15,统一饮养四季[冰糖雪梨](PET500ml),INTR56004726,饮料,3.5,3,18,18
`FS101398,货道17,可口可乐[自购版](PET500ml),INTR724012203,饮料,3.5,3.5,0,0
`FS101398,货道19,可口可乐[自购版](PET500ml),INTR724012203,饮料,3.5,3.5,0,0
`FS101398,货道21,饮养四季[金桔柠檬](PET500ml),INTR372011680,饮料,3.5,3,11,11
`FS101398,货道23,统一阿萨姆[奶茶原味](PET500ml),INTR230011689,饮料,4.5,4,16,16
`FS101398,货道24,百香公举[百香果](PET480ml),INTR017012171,饮料,4,4,13,13
`FS101398,货道25,小茗同学[溜溜哒茶](PET480ml),INTR973011692,饮料,5,5,13,13
`FS101398,货道26,小茗同学[溜溜哒茶](PET480ml),INTR973011692,饮料,5,5,13,13
`FS101398,货道27,统一双萃[柠檬茶](PET500ml),INTR466012427,饮料,3,3,8,8
`FS101398,货道28,统一双萃[柠檬茶](PET500ml),INTR466012427,饮料,3,3,10,10
`FS101398,货道29,统一阿萨姆[奶茶原味](PET500ml),INTR230011689,饮料,4.5,4,13,13
`FS101398,货道30,统一绿茶[茉莉](PET500ml),INTR577011683,饮料,3,3,13,13
`FS101398,货道31,统一鲜橙多(PET450ml),INTR910011664,饮料,3.5,3.5,16,16
`FS101398,货道32,海之言[柠檬](PET500ml),INTR039011682,饮料,4,4,13,13
`FS101398,货道33,海之言[柠檬](PET500ml),INTR039011682,饮料,4,4,11,11
`FS101398,货道34,海之言[柠檬](PET500ml),INTR039011682,饮料,4,4,9,9
`FS100102,货道1,可口可乐[自购版](CAN330ml),INTR121011635,饮料,3,3,19,19
`FS100102,货道2,雪碧[自购版](CAN330ml),INTR685011636,饮料,3,3,18,18
`FS100102,货道3,统一冰红茶(CAN310ml),INTR115011662,饮料,2.5,2.5,12,12
`FS100102,货道4,统一冰红茶(CAN310ml),INTR115011662,饮料,2.5,2.5,13,13
`FS100102,货道5,统一鲜橙多(CAN310ml),INTR767011663,饮料,3,3,12,12
`FS100102,货道6,统一奶茶[麦香](CAN310ml),106623,开门柜,5,4,10,10
`FS100102,货道7,统一阿萨姆[奶茶原味](PET500ml),INTR230011689,饮料,4.5,4.5,20,20
`FS100102,货道8,统一阿萨姆[奶茶原味](PET500ml),INTR230011689,饮料,4.5,4.5,18,18
`FS100102,货道9,统一鲜橙多(PET450ml),INTR910011664,饮料,3.5,3.5,16,16
`FS100102,货道10,雅哈[冰咖啡](PET450ml),INTR470011686,饮料,5.5,5.5,14,14
`FS100102,货道11,A-Ha[苹果]气泡水果饮料(PET500ml),INTR255012430,饮料,3,5,12,12
`FS100102,货道13,百事可乐(PET600ml),INTR065012794,饮料,3.5,3.5,20,20
`FS100102,货道14,,,,,0,0,0
`FS100102,货道15,可口可乐[自购版](PET500ml),INTR724012203,饮料,3.5,3.5,18,18
`FS100102,货道16,,,,,0,0,0
`FS100102,货道17,小茗同学[溜溜哒茶](PET480ml),INTR973011692,饮料,5,5,16,16
`FS100102,货道19,饮养四季[金桔柠檬](PET500ml),INTR372011680,饮料,3.5,3.5,14,14
`FS100102,货道21,饮养四季[金桔柠檬](PET500ml),INTR372011680,饮料,3.5,3.5,12,12
`FS100102,货道23,外星人电解质水[荔枝海盐味](PET500ml),INTR744013215,饮料,4,6,20,20
`FS100102,货道24,农夫茶π蜜桃乌龙茶(PET500ml),INTR930012870,饮料,5,5,18,18
`FS100102,货道25,绝对元气[柠檬冰茶](PET450ml),INTR157013657,饮料,3,4,9999,9999
`FS100102,货道26,统一冰红茶[柠檬](PET500ml),INTR894011688,饮料,3,3,13,13
`FS100102,货道27,统一冰绿茶[青梅绿茶](PET500ml),INTR469011681,饮料,3,3,12,12
`FS100102,货道28,统一绿茶[茉莉](PET500ml),INTR577011683,饮料,3,3,10,10
`FS100102,货道29,农夫山泉(PET550ml),INTR993012106,矿泉水,2,2,20,20
`FS100102,货道30,今麦郎芒顿小镇柠檬水(PET500ml),INTR322012790,饮料,2.5,3,17,17
`FS100102,货道31,海之言[柠檬](PET500ml),INTR039011682,饮料,4,4,16,16
`FS100102,货道32,统一冰红茶[柠檬](PET500ml),INTR894011688,饮料,3,3,14,14
`FS100102,货道33,统一冰绿茶[青梅绿茶](PET500ml),INTR469011681,饮料,3,3,12,12
`FS100102,货道34,焕神[热带水果风味]饮料(PET460ml),INTR583011691,饮料,5,5,10,10
`FS100722,货道1,统一鲜橙多(CAN310ml),INTR767011663,饮料,3,2.5,19,19
`FS100722,货道2,可口可乐[自购版](CAN330ml),INTR121011635,饮料,3,3,12,12
`FS100722,货道3,王老吉凉茶(CAN310ml),INTR472012173,饮料,3.5,3.5,14,14
`FS100722,货道4,可口可乐[自购版](CAN330ml),INTR121011635,饮料,3,3,7,7
`FS100722,货道5,统一蜜桃多(CAN310ml),INTR765012351,饮料,3,2.5,10,10
`FS100722,货道6,统一蜜桃多(CAN310ml),INTR765012351,饮料,3,2.5,8,8
`FS100722,货道7,农夫山泉(PET550ml),INTR993012106,矿泉水,2,2,12,12
`FS100722,货道8,百香公举[百香果](PET480ml),INTR017012171,饮料,4,4,14,14
`FS100722,货道9,统一冰红茶[柠檬](PET500ml),INTR894011688,饮料,3,3,15,15
`FS100722,货道10,统一冰红茶[柠檬](PET500ml),INTR894011688,饮料,3,3,12,12
`FS100722,货道11,统一冰红茶[柠檬](PET500ml),INTR894011688,饮料,3,3,10,10
`FS100722,货道13,可口可乐[自购版](CAN330ml),INTR121011635,饮料,3,3,16,16
`FS100722,货道14,台福[高钙花生牛奶](CAN365ml),INTR531012172,饮料,3.5,3.5,9,9
`FS100722,货道15,乐虎维生素功能饮料(CAN250ml),INTR995012194,饮料,5.5,5.5,18,18
`FS100722,货道16,台福椰子汁(CAN238ml),INTR913012195,饮料,3,3,24,24
`FS100722,货道17,统一双萃[柠檬茶](PET500ml),INTR466012427,饮料,3,3,14,14
`FS100722,货道19,小茗同学[溜溜哒茶](PET480ml),INTR973011692,饮料,5,5,13,13
`FS100722,货道21,可口可乐[自购版](PET500ml),INTR724012203,饮料,3.5,3.5,0,0
`FS100722,货道23,统一饮养四季[冰糖雪梨](PET500ml),INTR56004726,饮料,3.5,3,20,20
`FS100722,货道24,统一鲜橙多(PET450ml),INTR910011664,饮料,3.5,3.5,18,18
`FS100722,货道25,统一绿茶[茉莉](PET500ml),INTR577011683,饮料,3,3,11,11
`FS100722,货道26,统一绿茶[茉莉](PET500ml),INTR577011683,饮料,3,3,10,10
`FS100722,货道27,饮养四季[金桔柠檬](PET500ml),INTR372011680,饮料,3.5,3,11,11
`FS100722,货道28,饮养四季[金桔柠檬](PET500ml),INTR372011680,饮料,3.5,3,8,8
`FS100722,货道29,统一阿萨姆[奶茶原味](PET500ml),INTR230011689,饮料,4.5,4,17,17
`FS100722,货道30,雅哈[冰咖啡](PET450ml),INTR470011686,饮料,5.5,5,10,10
`FS100722,货道31,统一阿萨姆[奶茶原味](PET500ml),INTR230011689,饮料,4.5,4,16,16
`FS100722,货道32,焕神[热带水果风味]饮料(PET460ml),INTR583011691,饮料,5,5,13,13
`FS100722,货道33,海之言[柠檬](PET500ml),INTR039011682,饮料,4,4,11,11
`FS100722,货道34,海之言[柠檬](PET500ml),INTR039011682,饮料,4,4,9,9
`FS100283,货道1,优好滋荔枝爽310ml,INTR860012104,饮料,2.5,3,1,1
`FS100283,货道2,统一冰红茶(CAN310ml),INTR115011662,饮料,2.5,2.5,3,3
`FS100283,货道3,统一鲜橙多(CAN310ml),INTR767011663,饮料,3,3,13,13
`FS100283,货道4,统一鲜橙多(CAN310ml),INTR767011663,饮料,3,3,6,6
`FS100283,货道5,统一冰红茶(CAN310ml),INTR115011662,饮料,2.5,2.5,4,4
`FS100283,货道6,统一好料道[仙草凉茶](CAN310ml),INTR791011678,饮料,4,4,12,12
`FS100283,货道7,格泉饮用天然水(PET500ml),INTR252012401,矿泉水,2,2,22,22
`FS100283,货道8,绝对元气[柠檬冰茶](PET450ml),INTR157013657,饮料,3,4,20,20
`FS100283,货道9,统一饮养四季[冰糖雪梨](PET500ml),INTR56004726,饮料,3.5,3.5,16,16
`FS100283,货道10,统一阿萨姆[奶茶原味](PET500ml),INTR230011689,饮料,4.5,4.5,14,14
`FS100283,货道11,统一阿萨姆[奶茶原味](PET500ml),INTR230011689,饮料,4.5,4.5,12,12
`FS100283,货道13,统一冰红茶[柠檬](PET500ml),INTR894011688,饮料,3,3,-16,-16
`FS100283,货道14,,,,,,0,0
`FS100283,货道15,统一冰红茶[柠檬](PET500ml),INTR894011688,饮料,3,3,-14,-14
`FS100283,货道16,,,,,,0,0
`FS100283,货道17,统一轻啵苏打水[原味](PET500ml),INTR452012400,饮料,3.5,3.5,18,18
`FS100283,货道19,海之言[柠檬](PET500ml),INTR039011682,饮料,4,4,12,12
`FS100283,货道21,海之言[柠檬](PET500ml),INTR039011682,饮料,4,4,6,6
`FS100283,货道23,农夫山泉(PET550ml),INTR993012106,矿泉水,2,2,7,7
`FS100283,货道24,农夫山泉(PET550ml),INTR993012106,矿泉水,2,2,12,12
`FS100283,货道25,水趣多乳酸菌风味(PET500ml),INTR912012422,饮料,5,5,11,11
`FS100283,货道26,小茗同学[青柠红茶](PET480ml),INTR297011693,饮料,5,5,6,6
`FS100283,货道27,统一冰绿茶[青梅绿茶](PET500ml),INTR469011681,饮料,3,3,8,8
`FS100283,货道28,统一冰绿茶[青梅绿茶](PET500ml),INTR469011681,饮料,3,3,5,5
`FS100283,货道29,农夫山泉(PET550ml),INTR993012106,矿泉水,2,2,-3,-3
`FS100283,货道30,今麦郎芒顿小镇西瓜水(PET500ml),INTR688012196,饮料,3,3,10,10
`FS100283,货道31,统一绿茶[茉莉](PET500ml),INTR577011683,饮料,3,3,17,17
`FS100283,货道32,统一绿茶[茉莉](PET500ml),INTR577011683,饮料,3,3,15,15
`FS100283,货道33,小茗同学[溜溜哒茶](PET480ml),INTR973011692,饮料,5,5,7,7
`FS100283,货道34,饮养四季[金桔柠檬](PET500ml),INTR372011680,饮料,3.5,3.5,10,10
`FS100388,货道1,米源冰晶葡萄(CAN310ml),INTR290012105,饮料,2.5,2.5,99987,99987
`FS100388,货道2,米源冰晶葡萄(CAN310ml),INTR290012105,饮料,2.5,2.5,99992,99992
`FS100388,货道3,米源冰晶葡萄(CAN310ml),INTR290012105,饮料,2.5,2.5,99980,99980
`FS100388,货道4,米源冰晶葡萄(CAN310ml),INTR290012105,饮料,2.5,2.5,99990,99990
`FS100388,货道5,小野[芒果汁](CAN245ml),INTR457012418,饮料,3,3,99996,99996
`FS100388,货道6,小野[芒果汁](CAN245ml),INTR457012418,饮料,3,3,99994,99994
`FS100388,货道7,统一冰红茶[柠檬](PET500ml),INTR894011688,饮料,3,3,99985,99985
`FS100388,货道8,统一绿茶[茉莉](PET500ml),INTR577011683,饮料,3,3,99987,99987
`FS100388,货道9,统一绿茶[茉莉](PET500ml),INTR577011683,饮料,3,3,99981,99981
`FS100388,货道10,海之言[柠檬](PET500ml),INTR039011682,饮料,4,4,99966,99966
`FS100388,货道11,统一冰红茶[柠檬](PET500ml),INTR894011688,饮料,3,3,99987,99987
`FS100388,货道13,可口可乐(PET500ml),INTR310011684,饮料,3.5,3,99978,99978
`FS100388,货道14,,,,,,0,0
`FS100388,货道15,雪碧(PET500ml),INTR274011679,饮料,3.5,3,99975,99975
`FS100388,货道16,,,,,,0,0
`FS100388,货道17,ALKAQUA[饮用天然矿泉水](PET570ml),INTR997009154,矿泉水,4,4,99994,99994
`FS100388,货道19,饮养四季[金桔柠檬](PET500ml),INTR372011680,饮料,3.5,3.5,99995,99995
`FS100388,货道21,统一饮养四季[冰糖雪梨](PET500ml),INTR56004726,饮料,3.5,3.5,99987,99987
`FS100388,货道23,怡宝[纯净水](PET555ml),INTR128012109,矿泉水,2,2,99980,99980
`FS100388,货道24,怡宝[纯净水](PET555ml),INTR128012109,矿泉水,2,2,99965,99965
`FS100388,货道25,统一鲜橙多(PET450ml),INTR910011664,饮料,3.5,3.5,99990,99990
`FS100388,货道26,统一轻啵苏打水[柠檬味](PET500ml),INTR773011687,饮料,3.5,3.5,99994,99994
`FS100388,货道27,小茗同学[青柠红茶](PET480ml),INTR297011693,饮料,5,5,99994,99994
`FS100388,货道28,小茗同学[溜溜哒茶](PET480ml),INTR973011692,饮料,5,5,99990,99990
`FS100388,货道29,农夫山泉(PET550ml),INTR993012106,矿泉水,2,2,99959,99959
`FS100388,货道30,农夫山泉(PET550ml),INTR993012106,矿泉水,2,2,99961,99961
`FS100388,货道31,统一阿萨姆[奶茶原味](PET500ml),INTR230011689,饮料,4.5,4.5,99987,99987
`FS100388,货道32,焕神[热带水果风味]饮料(PET460ml),INTR583011691,饮料,5,5,99996,99996
`FS100388,货道33,统一蜜桃多(PET450ml),INTR769012352,饮料,3.5,3.5,99997,99997
`FS100388,货道34,统一茶裏王[无糖日式绿茶](PET420ml),INTR185012092,饮料,5,5,99994,99994
`FS100398,货道1,米源冰晶葡萄(CAN310ml),INTR290012105,饮料,2.5,2.5,99991,99991
`FS100398,货道2,米源冰晶葡萄(CAN310ml),INTR290012105,饮料,2.5,2.5,99987,99987
`FS100398,货道3,米源冰晶葡萄(CAN310ml),INTR290012105,饮料,2.5,2.5,99991,99991
`FS100398,货道4,王老吉凉茶(CAN310ml),INTR472012173,饮料,3.5,4,99988,99988
`FS100398,货道5,小野[芒果汁](CAN245ml),INTR457012418,饮料,3,3,99997,99997
`FS100398,货道6,小野[芒果汁](CAN245ml),INTR457012418,饮料,3,3,99993,99993
`FS100398,货道7,统一冰红茶[柠檬](PET500ml),INTR894011688,饮料,3,3,99995,99995
`FS100398,货道8,统一绿茶[茉莉](PET500ml),INTR577011683,饮料,3,3,99992,99992
`FS100398,货道9,统一绿茶[茉莉](PET500ml),INTR577011683,饮料,3,3,99996,99996
`FS100398,货道10,海之言[柠檬](PET500ml),INTR039011682,饮料,4,4,99987,99987
`FS100398,货道11,统一冰红茶[柠檬](PET500ml),INTR894011688,饮料,3,3,99987,99987
`FS100398,货道13,可口可乐(PET500ml),INTR310011684,饮料,3.5,3,99981,99981
`FS100398,货道14,,,,,,0,0
`FS100398,货道15,雪碧(PET500ml),INTR274011679,饮料,3.5,3,99988,99988
`FS100398,货道16,,,,,,0,0
`FS100398,货道17,ALKAQUA[饮用天然矿泉水](PET570ml),INTR997009154,矿泉水,4,4,99992,99992
`FS100398,货道19,饮养四季[金桔柠檬](PET500ml),INTR372011680,饮料,3.5,3.5,99997,99997
`FS100398,货道21,统一饮养四季[冰糖雪梨](PET500ml),INTR56004726,饮料,3.5,3.5,99993,99993
`FS100398,货道23,怡宝[纯净水](PET555ml),INTR128012109,矿泉水,2,2,99979,99979
`FS100398,货道24,怡宝[纯净水](PET555ml),INTR128012109,矿泉水,2,2,99952,99952
`FS100398,货道25,统一鲜橙多(PET450ml),INTR910011664,饮料,3.5,3.5,99993,99993
`FS100398,货道26,统一轻啵苏打水[柠檬味](PET500ml),INTR773011687,饮料,3.5,3.5,99997,99997
`FS100398,货道27,小茗同学[青柠红茶](PET480ml),INTR297011693,饮料,5,5,99995,99995
`FS100398,货道28,小茗同学[溜溜哒茶](PET480ml),INTR973011692,饮料,5,5,99989,99989
`FS100398,货道29,农夫山泉(PET550ml),INTR993012106,矿泉水,2,2,99961,99961
`FS100398,货道30,米源冰晶葡萄(CAN310ml),INTR290012105,饮料,2.5,2.5,99996,99996
`FS100398,货道31,统一阿萨姆[奶茶原味](PET500ml),INTR230011689,饮料,4.5,4.5,99987,99987
`FS100398,货道32,焕神[热带水果风味]饮料(PET460ml),INTR583011691,饮料,5,5,99998,99998
`FS100398,货道33,统一蜜桃多(PET450ml),INTR769012352,饮料,3.5,3.5,99993,99993
`FS100398,货道34,统一茶裏王[无糖台式乌龙茶](PET420ml),INTR904011685,饮料,5,5,99998,99998
`FS100402,货道1,米源冰晶葡萄(CAN310ml),INTR290012105,饮料,2.5,2.5,99991,99991
`FS100402,货道2,米源冰晶葡萄(CAN310ml),INTR290012105,饮料,2.5,2.5,99987,99987
`FS100402,货道3,米源冰晶葡萄(CAN310ml),INTR290012105,饮料,2.5,2.5,99986,99986
`FS100402,货道4,王老吉凉茶(CAN310ml),INTR472012173,饮料,3.5,4,99985,99985
`FS100402,货道5,小野[芒果汁](CAN245ml),INTR457012418,饮料,3,3,99987,99987
`FS100402,货道6,小野[芒果汁](CAN245ml),INTR457012418,饮料,3,3,99987,99987
`FS100402,货道7,统一冰红茶[柠檬](PET500ml),INTR894011688,饮料,3,3,99980,99980
`FS100402,货道8,统一绿茶[茉莉](PET500ml),INTR577011683,饮料,3,3,99994,99994
`FS100402,货道9,统一绿茶[茉莉](PET500ml),INTR577011683,饮料,3,3,99994,99994
`FS100402,货道10,海之言[柠檬](PET500ml),INTR039011682,饮料,4,4,99987,99987
`FS100402,货道11,统一冰红茶[柠檬](PET500ml),INTR894011688,饮料,3,3,99988,99988
`FS100402,货道13,可口可乐(PET500ml),INTR310011684,饮料,3.5,3,99980,99980
`FS100402,货道14,,,,,,0,0
`FS100402,货道15,雪碧(PET500ml),INTR274011679,饮料,3.5,3,99978,99978
`FS100402,货道16,,,,,,0,0
`FS100402,货道17,ALKAQUA[饮用天然矿泉水](PET570ml),INTR997009154,矿泉水,4,4,99996,99996
`FS100402,货道19,饮养四季[金桔柠檬](PET500ml),INTR372011680,饮料,3.5,3.5,99996,99996
`FS100402,货道21,统一饮养四季[冰糖雪梨](PET500ml),INTR56004726,饮料,3.5,3.5,99990,99990
`FS100402,货道23,怡宝[纯净水](PET555ml),INTR128012109,矿泉水,2,2,99982,99982
`FS100402,货道24,怡宝[纯净水](PET555ml),INTR128012109,矿泉水,2,2,99981,99981
`FS100402,货道25,统一鲜橙多(PET450ml),INTR910011664,饮料,3.5,3.5,99991,99991
`FS100402,货道26,统一轻啵苏打水[柠檬味](PET500ml),INTR773011687,饮料,3.5,3.5,99995,99995
`FS100402,货道27,小茗同学[青柠红茶](PET480ml),INTR297011693,饮料,5,5,99992,99992
`FS100402,货道28,小茗同学[溜溜哒茶](PET480ml),INTR973011692,饮料,5,5,99994,99994
`FS100402,货道29,农夫山泉(PET550ml),INTR993012106,矿泉水,2,2,99962,99962
`FS100402,货道30,米源冰晶葡萄(CAN310ml),INTR290012105,饮料,2.5,2.5,99981,99981
`FS100402,货道31,统一阿萨姆[奶茶原味](PET500ml),INTR230011689,饮料,4.5,4.5,99992,99992
`FS100402,货道32,焕神[热带水果风味]饮料(PET460ml),INTR583011691,饮料,5,5,99995,99995
`FS100402,货道33,统一蜜桃多(PET450ml),INTR769012352,饮料,3.5,3.5,99995,99995
`FS100402,货道34,统一茶裏王[无糖日式绿茶](PET420ml),INTR185012092,饮料,5,5,99997,99997
`FS100411,货道1,米源冰晶葡萄(CAN310ml),INTR290012105,饮料,2.5,2.5,99984,99984
`FS100411,货道2,米源冰晶葡萄(CAN310ml),INTR290012105,饮料,2.5,2.5,99988,99988
`FS100411,货道3,米源冰晶葡萄(CAN310ml),INTR290012105,饮料,2.5,2.5,99983,99983
`FS100411,货道4,米源冰晶葡萄(CAN310ml),INTR290012105,饮料,2.5,2.5,99982,99982
`FS100411,货道5,小野[芒果汁](CAN245ml),INTR457012418,饮料,3,3,99996,99996
`FS100411,货道6,小野[芒果汁](CAN245ml),INTR457012418,饮料,3,3,99993,99993
`FS100411,货道7,统一冰红茶[柠檬](PET500ml),INTR894011688,饮料,3,3,99981,99981
`FS100411,货道8,统一绿茶[茉莉](PET500ml),INTR577011683,饮料,3,3,99988,99988
`FS100411,货道9,统一绿茶[茉莉](PET500ml),INTR577011683,饮料,3,3,99995,99995
`FS100411,货道10,海之言[柠檬](PET500ml),INTR039011682,饮料,4,4,99981,99981
`FS100411,货道11,统一冰红茶[柠檬](PET500ml),INTR894011688,饮料,3,3,99987,99987
`FS100411,货道13,可口可乐(PET500ml),INTR310011684,饮料,3.5,3,99965,99965
`FS100411,货道14,,,,,,0,0
`FS100411,货道15,雪碧(PET500ml),INTR274011679,饮料,3.5,3,99986,99986
`FS100411,货道16,,,,,,0,0
`FS100411,货道17,ALKAQUA[饮用天然矿泉水](PET570ml),INTR997009154,矿泉水,4,4,99993,99993
`FS100411,货道19,饮养四季[金桔柠檬](PET500ml),INTR372011680,饮料,3.5,3.5,99998,99998
`FS100411,货道21,统一饮养四季[冰糖雪梨](PET500ml),INTR56004726,饮料,3.5,3.5,99996,99996
`FS100411,货道23,怡宝[纯净水](PET555ml),INTR128012109,矿泉水,2,2,99968,99968
`FS100411,货道24,怡宝[纯净水](PET555ml),INTR128012109,矿泉水,2,2,99965,99965
`FS100411,货道25,统一鲜橙多(PET450ml),INTR910011664,饮料,3.5,3.5,99991,99991
`FS100411,货道26,统一轻啵苏打水[柠檬味](PET500ml),INTR773011687,饮料,3.5,3.5,99993,99993
`FS100411,货道27,小茗同学[青柠红茶](PET480ml),INTR297011693,饮料,5,5,99997,99997
`FS100411,货道28,小茗同学[溜溜哒茶](PET480ml),INTR973011692,饮料,5,5,99989,99989
`FS100411,货道29,农夫山泉(PET550ml),INTR993012106,矿泉水,2,2,99968,99968
`FS100411,货道30,农夫山泉(PET550ml),INTR993012106,矿泉水,2,2,99956,99956
`FS100411,货道31,统一阿萨姆[奶茶原味](PET500ml),INTR230011689,饮料,4.5,4.5,99995,99995
`FS100411,货道32,焕神[热带水果风味]饮料(PET460ml),INTR583011691,饮料,5,5,99999,99999
`FS100411,货道33,统一蜜桃多(PET450ml),INTR769012352,饮料,3.5,3.5,99996,99996
`FS100411,货道34,统一茶裏王[无糖日式绿茶](PET420ml),INTR185012092,饮料,5,5,99995,99995
`FS100432,货道1,米源冰晶葡萄(CAN310ml),INTR290012105,饮料,2.5,2.5,99991,99991
`FS100432,货道2,米源冰晶葡萄(CAN310ml),INTR290012105,饮料,2.5,2.5,99984,99984
`FS100432,货道3,米源冰晶葡萄(CAN310ml),INTR290012105,饮料,2.5,2.5,99993,99993
`FS100432,货道4,王老吉凉茶(CAN310ml),INTR472012173,饮料,3.5,4,99995,99995
`FS100432,货道5,小野[芒果汁](CAN245ml),INTR457012418,饮料,3,3,99998,99998
`FS100432,货道6,小野[芒果汁](CAN245ml),INTR457012418,饮料,3,3,99999,99999
`FS100432,货道7,统一冰红茶[柠檬](PET500ml),INTR894011688,饮料,3,3,99973,99973
`FS100432,货道8,统一绿茶[茉莉](PET500ml),INTR577011683,饮料,3,3,99992,99992
`FS100432,货道9,统一绿茶[茉莉](PET500ml),INTR577011683,饮料,3,3,99988,99988
`FS100432,货道10,海之言[柠檬](PET500ml),INTR039011682,饮料,4,4,99990,99990
`FS100432,货道11,统一冰红茶[柠檬](PET500ml),INTR894011688,饮料,3,3,99986,99986
`FS100432,货道13,可口可乐(PET500ml),INTR310011684,饮料,3.5,3,99972,99972
`FS100432,货道14,,,,,,0,0
`FS100432,货道15,雪碧(PET500ml),INTR274011679,饮料,3.5,3,99967,99967
`FS100432,货道16,,,,,,0,0
`FS100432,货道17,ALKAQUA[饮用天然矿泉水](PET570ml),INTR997009154,矿泉水,4,4,99994,99994
`FS100432,货道19,饮养四季[金桔柠檬](PET500ml),INTR372011680,饮料,3.5,3.5,99999,99999
`FS100432,货道21,统一饮养四季[冰糖雪梨](PET500ml),INTR56004726,饮料,3.5,3.5,99994,99994
`FS100432,货道23,怡宝[纯净水](PET555ml),INTR128012109,矿泉水,2,2,99980,99980
`FS100432,货道24,怡宝[纯净水](PET555ml),INTR128012109,矿泉水,2,2,99963,99963
`FS100432,货道25,统一鲜橙多(PET450ml),INTR910011664,饮料,3.5,3.5,99990,99990
`FS100432,货道26,统一轻啵苏打水[柠檬味](PET500ml),INTR773011687,饮料,3.5,3.5,99993,99993
`FS100432,货道27,小茗同学[青柠红茶](PET480ml),INTR297011693,饮料,5,5,99993,99993
`FS100432,货道28,小茗同学[溜溜哒茶](PET480ml),INTR973011692,饮料,5,5,99992,99992
`FS100432,货道29,农夫山泉(PET550ml),INTR993012106,矿泉水,2,2,99954,99954
`FS100432,货道30,米源冰晶葡萄(CAN310ml),INTR290012105,饮料,2.5,2.5,99984,99984
`FS100432,货道31,统一阿萨姆[奶茶原味](PET500ml),INTR230011689,饮料,4.5,4.5,99985,99985
`FS100432,货道32,焕神[热带水果风味]饮料(PET460ml),INTR583011691,饮料,5,5,99998,99998
`FS100432,货道33,统一蜜桃多(PET450ml),INTR769012352,饮料,3.5,3.5,99996,99996
`FS100432,货道34,统一茶裏王[无糖日式绿茶](PET420ml),INTR185012092,饮料,5,5,99999,99999
`FS101010,货道1,米源冰晶葡萄(CAN310ml),INTR290012105,饮料,2.5,2.5,99985,99985
`FS101010,货道2,米源冰晶葡萄(CAN310ml),INTR290012105,饮料,2.5,2.5,99987,99987
`FS101010,货道3,米源冰晶葡萄(CAN310ml),INTR290012105,饮料,2.5,2.5,99987,99987
`FS101010,货道4,王老吉凉茶(CAN310ml),INTR472012173,饮料,3.5,4,99989,99989
`FS101010,货道5,小野[芒果汁](CAN245ml),INTR457012418,饮料,3,3,99992,99992
`FS101010,货道6,小野[芒果汁](CAN245ml),INTR457012418,饮料,3,3,99994,99994
`FS101010,货道7,统一冰红茶[柠檬](PET500ml),INTR894011688,饮料,3,3,99986,99986
`FS101010,货道8,统一冰绿茶[青梅绿茶](PET500ml),INTR469011681,饮料,3,3,99989,99989
`FS101010,货道9,统一冰绿茶[青梅绿茶](PET500ml),INTR469011681,饮料,3,3,99990,99990
`FS101010,货道10,海之言[柠檬](PET500ml),INTR039011682,饮料,4,4,99977,99977
`FS101010,货道11,统一冰红茶[柠檬](PET500ml),INTR894011688,饮料,3,3,99985,99985
`FS101010,货道13,可口可乐(PET500ml),INTR310011684,饮料,3.5,3,99984,99984
`FS101010,货道14,,,,,3,99999,99999
`FS101010,货道15,雪碧(PET500ml),INTR274011679,饮料,3.5,3,99989,99989
`FS101010,货道16,,,,,3.5,99999,99999
`FS101010,货道17,ALKAQUA[饮用天然矿泉水](PET570ml),INTR997009154,矿泉水,4,4,99998,99998
`FS101010,货道19,饮养四季[金桔柠檬](PET500ml),INTR372011680,饮料,3.5,3.5,99995,99995
`FS101010,货道21,统一饮养四季[冰糖雪梨](PET500ml),INTR56004726,饮料,3.5,3.5,99990,99990
`FS101010,货道23,怡宝[纯净水](PET555ml),INTR128012109,矿泉水,2,2,99963,99963
`FS101010,货道24,怡宝[纯净水](PET555ml),INTR128012109,矿泉水,2,2,99935,99935
`FS101010,货道25,统一鲜橙多(PET450ml),INTR910011664,饮料,3.5,3.5,99993,99993
`FS101010,货道26,统一轻啵苏打水[柠檬味](PET500ml),INTR773011687,饮料,3.5,3.5,99992,99992
`FS101010,货道27,小茗同学[青柠红茶](PET480ml),INTR297011693,饮料,5,5,99994,99994
`FS101010,货道28,小茗同学[溜溜哒茶](PET480ml),INTR973011692,饮料,5,5,99991,99991
`FS101010,货道29,农夫山泉(PET550ml),INTR993012106,矿泉水,2,2,99954,99954
`FS101010,货道30,米源冰晶葡萄(CAN310ml),INTR290012105,饮料,2.5,2.5,99987,99987
`FS101010,货道31,统一阿萨姆[奶茶原味](PET500ml),INTR230011689,饮料,4.5,4.5,99977,99977
`FS101010,货道32,焕神[热带水果风味]饮料(PET460ml),INTR583011691,饮料,5,5,99998,99998
`FS101010,货道33,统一蜜桃多(PET450ml),INTR769012352,饮料,3.5,3.5,99995,99995
`FS101010,货道34,统一茶裏王[无糖日式绿茶](PET420ml),INTR185012092,饮料,5,5,99993,99993
`FS101021,货道1,米源冰晶葡萄(CAN310ml),INTR290012105,饮料,2.5,2.5,99994,99994
`FS101021,货道2,米源冰晶葡萄(CAN310ml),INTR290012105,饮料,2.5,2.5,99994,99994
`FS101021,货道3,米源冰晶葡萄(CAN310ml),INTR290012105,饮料,2.5,2.5,99993,99993
`FS101021,货道4,王老吉凉茶(CAN310ml),INTR472012173,饮料,3.5,4,99998,99998
`FS101021,货道5,小野[芒果汁](CAN245ml),INTR457012418,饮料,3,3,99997,99997
`FS101021,货道6,小野[芒果汁](CAN245ml),INTR457012418,饮料,3,3,99996,99996
`FS101021,货道7,统一冰红茶[柠檬](PET500ml),INTR894011688,饮料,3,3,99993,99993
`FS101021,货道8,统一绿茶[茉莉](PET500ml),INTR577011683,饮料,3,3,99994,99994
`FS101021,货道9,统一绿茶[茉莉](PET500ml),INTR577011683,饮料,3,3,99996,99996
`FS101021,货道10,海之言[柠檬](PET500ml),INTR039011682,饮料,4,4,99998,99998
`FS101021,货道11,统一冰红茶[柠檬](PET500ml),INTR894011688,饮料,3,3,99996,99996
`FS101021,货道13,可口可乐(PET500ml),INTR310011684,饮料,3.5,3,99993,99993
`FS101021,货道14,,,,,,0,0
`FS101021,货道15,雪碧(PET500ml),INTR274011679,饮料,3.5,3,99995,99995
`FS101021,货道16,,,,,,0,0
`FS101021,货道17,ALKAQUA[饮用天然矿泉水](PET570ml),INTR997009154,矿泉水,4,4,99998,99998
`FS101021,货道19,饮养四季[金桔柠檬](PET500ml),INTR372011680,饮料,3.5,3.5,99999,99999
`FS101021,货道21,统一饮养四季[冰糖雪梨](PET500ml),INTR56004726,饮料,3.5,3.5,99998,99998
`FS101021,货道23,怡宝[纯净水](PET555ml),INTR128012109,矿泉水,2,2,99993,99993
`FS101021,货道24,怡宝[纯净水](PET555ml),INTR128012109,矿泉水,2,2,99994,99994
`FS101021,货道25,统一鲜橙多(PET450ml),INTR910011664,饮料,3.5,3.5,99997,99997
`FS101021,货道26,统一轻啵苏打水[柠檬味](PET500ml),INTR773011687,饮料,3.5,3.5,99999,99999
`FS101021,货道27,小茗同学[青柠红茶](PET480ml),INTR297011693,饮料,5,5,99999,99999
`FS101021,货道28,小茗同学[溜溜哒茶](PET480ml),INTR973011692,饮料,5,5,99998,99998
`FS101021,货道29,农夫山泉(PET550ml),INTR993012106,矿泉水,2,2,99991,99991
`FS101021,货道30,米源冰晶葡萄(CAN310ml),INTR290012105,饮料,2.5,2.5,99993,99993
`FS101021,货道31,统一阿萨姆[奶茶原味](PET500ml),INTR230011689,饮料,4.5,4.5,99997,99997
`FS101021,货道32,焕神[热带水果风味]饮料(PET460ml),INTR583011691,饮料,5,5,99998,99998
`FS101021,货道33,统一蜜桃多(PET450ml),INTR769012352,饮料,3.5,3.5,99997,99997
`FS101021,货道34,统一茶裏王[无糖日式绿茶](PET420ml),INTR185012092,饮料,5,5,99998,99998
`FS101430,货道1,米源冰晶葡萄(CAN310ml),INTR290012105,饮料,2.5,2.5,99986,99986
`FS101430,货道2,米源冰晶葡萄(CAN310ml),INTR290012105,饮料,2.5,2.5,99993,99993
`FS101430,货道3,米源冰晶葡萄(CAN310ml),INTR290012105,饮料,2.5,2.5,99979,99979
`FS101430,货道4,米源冰晶葡萄(CAN310ml),INTR290012105,饮料,2.5,2.5,99977,99977
`FS101430,货道5,小野[芒果汁](CAN245ml),INTR457012418,饮料,3,3,99996,99996
`FS101430,货道6,小野[芒果汁](CAN245ml),INTR457012418,饮料,3,3,99998,99998
`FS101430,货道7,统一冰红茶[柠檬](PET500ml),INTR894011688,饮料,3,3,99972,99972
`FS101430,货道8,统一冰绿茶[青梅绿茶](PET500ml),INTR469011681,饮料,3,3,99995,99995
`FS101430,货道9,统一冰绿茶[青梅绿茶](PET500ml),INTR469011681,饮料,3,3,99991,99991
`FS101430,货道10,海之言[柠檬](PET500ml),INTR039011682,饮料,4,4,99975,99975
`FS101430,货道11,统一冰红茶[柠檬](PET500ml),INTR894011688,饮料,3,3,99976,99976
`FS101430,货道13,可口可乐(PET500ml),INTR310011684,饮料,3.5,3,99983,99983
`FS101430,货道14,,,,,,0,0
`FS101430,货道15,雪碧(PET500ml),INTR274011679,饮料,3.5,3,99985,99985
`FS101430,货道16,,,,,,0,0
`FS101430,货道17,ALKAQUA[饮用天然矿泉水](PET570ml),INTR997009154,矿泉水,4,4,99994,99994
`FS101430,货道19,饮养四季[金桔柠檬](PET500ml),INTR372011680,饮料,3.5,3.5,99996,99996
`FS101430,货道21,统一饮养四季[冰糖雪梨](PET500ml),INTR56004726,饮料,3.5,3.5,99989,99989
`FS101430,货道23,怡宝[纯净水](PET555ml),INTR128012109,矿泉水,2,2,99968,99968
`FS101430,货道24,怡宝[纯净水](PET555ml),INTR128012109,矿泉水,2,2,99985,99985
`FS101430,货道25,统一鲜橙多(PET450ml),INTR910011664,饮料,3.5,3.5,99990,99990
`FS101430,货道26,统一轻啵苏打水[柠檬味](PET500ml),INTR773011687,饮料,3.5,3.5,99993,99993
`FS101430,货道27,小茗同学[青柠红茶](PET480ml),INTR297011693,饮料,5,5,99990,99990
`FS101430,货道28,小茗同学[溜溜哒茶](PET480ml),INTR973011692,饮料,5,5,99993,99993
`FS101430,货道29,怡宝[纯净水](PET555ml),INTR128012109,矿泉水,2,2,99978,99978
`FS101430,货道30,怡宝[纯净水](PET555ml),INTR128012109,矿泉水,2,2,99979,99979
`FS101430,货道31,统一阿萨姆[奶茶原味](PET500ml),INTR230011689,饮料,4.5,4.5,99990,99990
`FS101430,货道32,焕神[热带水果风味]饮料(PET460ml),INTR583011691,饮料,5,5,99987,99987
`FS101430,货道33,统一蜜桃多(PET450ml),INTR769012352,饮料,3.5,3.5,99996,99996
`FS101430,货道34,统一茶裏王[无糖日式绿茶](PET420ml),INTR185012092,饮料,5,5,99995,99995
`FS101431,货道1,米源冰晶葡萄(CAN310ml),INTR290012105,饮料,2.5,2.5,99988,99988
`FS101431,货道2,米源冰晶葡萄(CAN310ml),INTR290012105,饮料,2.5,2.5,99996,99996
`FS101431,货道3,米源冰晶葡萄(CAN310ml),INTR290012105,饮料,2.5,2.5,99993,99993
`FS101431,货道4,米源冰晶葡萄(CAN310ml),INTR290012105,饮料,2.5,2.5,99991,99991
`FS101431,货道5,,,,,,0,0
`FS101431,货道6,,,,,,0,0
`FS101431,货道7,统一冰红茶[柠檬](PET500ml),INTR894011688,饮料,3,3,99995,99995
`FS101431,货道8,统一绿茶[茉莉](PET500ml),INTR577011683,饮料,3,3,99995,99995
`FS101431,货道9,统一绿茶[茉莉](PET500ml),INTR577011683,饮料,3,3,99999,99999
`FS101431,货道10,海之言[柠檬](PET500ml),INTR039011682,饮料,4,4,99997,99997
`FS101431,货道11,统一冰红茶[柠檬](PET500ml),INTR894011688,饮料,3,3,99992,99992
`FS101431,货道13,可口可乐(PET500ml),INTR310011684,饮料,3.5,3,99994,99994
`FS101431,货道14,,,,,,0,0
`FS101431,货道15,雪碧(PET500ml),INTR274011679,饮料,3.5,3,99990,99990
`FS101431,货道16,,,,,,0,0
`FS101431,货道17,ALKAQUA[饮用天然矿泉水](PET570ml),INTR997009154,矿泉水,4,4,99998,99998
`FS101431,货道19,饮养四季[金桔柠檬](PET500ml),INTR372011680,饮料,3.5,3.5,99996,99996
`FS101431,货道21,统一饮养四季[冰糖雪梨](PET500ml),INTR56004726,饮料,3.5,3.5,99998,99998
`FS101431,货道23,怡宝[纯净水](PET555ml),INTR128012109,矿泉水,2,2,99989,99989
`FS101431,货道24,怡宝[纯净水](PET555ml),INTR128012109,矿泉水,2,2,99992,99992
`FS101431,货道25,统一鲜橙多(PET450ml),INTR910011664,饮料,3.5,3.5,99996,99996
`FS101431,货道26,统一轻啵苏打水[原味](PET500ml),INTR452012400,饮料,3.5,3.5,99999,99999
`FS101431,货道27,小茗同学[青柠红茶](PET480ml),INTR297011693,饮料,5,5,99998,99998
`FS101431,货道28,小茗同学[溜溜哒茶](PET480ml),INTR973011692,饮料,5,5,99996,99996
`FS101431,货道29,怡宝[纯净水](PET555ml),INTR128012109,矿泉水,2,2,99993,99993
`FS101431,货道30,怡宝[纯净水](PET555ml),INTR128012109,矿泉水,2,2,99989,99989
`FS101431,货道31,统一阿萨姆[奶茶原味](PET500ml),INTR230011689,饮料,4.5,4.5,99995,99995
`FS101431,货道32,焕神[热带水果风味]饮料(PET460ml),INTR583011691,饮料,5,5,99999,99999
`FS101431,货道33,统一蜜桃多(PET450ml),INTR769012352,饮料,3.5,3.5,99999,99999
`FS101431,货道34,统一茶裏王[无糖日式绿茶](PET420ml),INTR185012092,饮料,5,5,99999,99999
`FS101122,货道1,,,,,,0,0
`FS101122,货道2,,,,,,0,0
`FS101122,货道3,,,,,,0,0
`FS101122,货道4,,,,,,0,0
`FS101122,货道5,,,,,,0,0
`FS101122,货道6,,,,,,0,0
`FS101122,货道7,,,,,,0,0
`FS101122,货道8,,,,,,0,0
`FS101122,货道9,,,,,,0,0
`FS101122,货道10,,,,,,0,0
`FS101122,货道11,,,,,,0,0
`FS101122,货道13,,,,,,0,0
`FS101122,货道14,,,,,,0,0
`FS101122,货道15,,,,,,0,0
`FS101122,货道16,,,,,,0,0
`FS101122,货道17,,,,,,0,0
`FS101122,货道19,,,,,,0,0
`FS101122,货道21,,,,,,0,0
`FS101122,货道23,,,,,,0,0
`FS101122,货道24,,,,,,0,0
`FS101122,货道25,,,,,,0,0
`FS101122,货道26,,,,,,0,0
`FS101122,货道27,,,,,,0,0
`FS101122,货道28,,,,,,0,0
`FS101122,货道29,,,,,,0,0
`FS101122,货道30,,,,,,0,0
`FS101122,货道31,,,,,,0,0
`FS101122,货道32,,,,,,0,0
`FS101122,货道33,,,,,,0,0
`FS101122,货道34,,,,,,0,0
`FS100099,货道1,统一冰红茶(CAN310ml),INTR115011662,饮料,2.5,2.5,22,22
`FS100099,货道2,优好滋荔枝爽310ml,INTR860012104,饮料,2.5,3,13,13
`FS100099,货道3,统一鲜橙多(CAN310ml),INTR767011663,饮料,3,3,18,18
`FS100099,货道4,统一鲜橙多(CAN310ml),INTR767011663,饮料,3,3,13,13
`FS100099,货道5,统一冰红茶(CAN310ml),INTR115011662,饮料,2.5,2.5,11,11
`FS100099,货道6,统一好料道[仙草凉茶](CAN310ml),INTR791011678,饮料,4,4,12,12
`FS100099,货道7,格泉饮用天然水(PET500ml),INTR252012401,矿泉水,2,2,22,22
`FS100099,货道8,新湖源奶饮品[黄桃味](PET521ml),INTR054012792,饮料,5,5,20,20
`FS100099,货道9,统一饮养四季[冰糖雪梨](PET500ml),INTR56004726,饮料,3.5,3.5,18,18
`FS100099,货道10,统一阿萨姆[奶茶原味](PET500ml),INTR230011689,饮料,4.5,4.5,14,14
`FS100099,货道11,统一阿萨姆[奶茶原味](PET500ml),INTR230011689,饮料,4.5,4.5,12,12
`FS100099,货道13,统一冰红茶[柠檬](PET500ml),INTR894011688,饮料,3,3,18,18
`FS100099,货道14,,,,,3,0,0
`FS100099,货道15,统一冰红茶[柠檬](PET500ml),INTR894011688,饮料,3,3,17,17
`FS100099,货道16,,,,,,0,0
`FS100099,货道17,统一轻啵苏打水[原味](PET500ml),INTR452012400,饮料,3.5,3.5,18,18
`FS100099,货道19,海之言[柠檬](PET500ml),INTR039011682,饮料,4,4,15,15
`FS100099,货道21,海之言[柠檬](PET500ml),INTR039011682,饮料,4,4,13,13
`FS100099,货道23,农夫山泉(PET550ml),INTR993012106,矿泉水,2,2,12,12
`FS100099,货道24,农夫山泉(PET550ml),INTR993012106,矿泉水,2,2,3,3
`FS100099,货道25,水趣多乳酸菌风味(PET500ml),INTR912012422,饮料,5,5,17,17
`FS100099,货道26,小茗同学[青柠红茶](PET480ml),INTR297011693,饮料,5,5,15,15
`FS100099,货道27,统一冰绿茶[青梅绿茶](PET500ml),INTR469011681,饮料,3,3,11,11
`FS100099,货道28,统一冰绿茶[青梅绿茶](PET500ml),INTR469011681,饮料,3,3,9,9
`FS100099,货道29,农夫山泉(PET550ml),INTR993012106,矿泉水,2,2,18,18
`FS100099,货道30,今麦郎芒顿小镇西瓜水(PET500ml),INTR688012196,饮料,3,3,18,18
`FS100099,货道31,统一绿茶[茉莉](PET500ml),INTR577011683,饮料,3,3,16,16
`FS100099,货道32,统一绿茶[茉莉](PET500ml),INTR577011683,饮料,3,3,15,15
`FS100099,货道33,小茗同学[溜溜哒茶](PET480ml),INTR973011692,饮料,5,5,13,13
`FS100099,货道34,饮养四季[金桔柠檬](PET500ml),INTR372011680,饮料,3.5,3.5,12,12
`FS100558,货道1,统一冰红茶(CAN310ml),INTR115011662,饮料,2.5,2.5,12,12
`FS100558,货道2,王老吉凉茶(CAN310ml),INTR472012173,饮料,3.5,3.5,18,18
`FS100558,货道3,可口可乐[自购版](CAN330ml),INTR121011635,饮料,3,3,14,14
`FS100558,货道4,可口可乐[自购版](CAN330ml),INTR121011635,饮料,3,3,11,11
`FS100558,货道5,雪碧[自购版](CAN330ml),INTR685011636,饮料,3,3,10,10
`FS100558,货道6,雪碧[自购版](CAN330ml),INTR685011636,饮料,3,3,10,10
`FS100558,货道7,统一阿萨姆[奶茶原味](PET500ml),INTR230011689,饮料,4.5,4.5,17,17
`FS100558,货道8,统一阿萨姆[奶茶原味](PET500ml),INTR230011689,饮料,4.5,4.5,13,13
`FS100558,货道9,农夫山泉(PET500ml),INTR762012795,矿泉水,2,2,3,3
`FS100558,货道10,统一冰绿茶[青梅绿茶](PET500ml),INTR469011681,饮料,3,3,1,1
`FS100558,货道11,统一冰绿茶[青梅绿茶](PET500ml),INTR469011681,饮料,3,3,3,3
`FS100558,货道13,可口可乐[自购版](PET500ml),INTR724012203,饮料,3.5,3.5,17,17
`FS100558,货道14,,,,,3.5,18,18
`FS100558,货道15,可口可乐[自购版](PET500ml),INTR724012203,饮料,3.5,3.5,12,12
`FS100558,货道16,,,,,3.5,14,14
`FS100558,货道19,雪碧[自购版](PET500ml),INTR175012204,饮料,3.5,3.5,14,14
`FS100558,货道21,焕神[热带水果风味]饮料(PET460ml),INTR583011691,饮料,5,5,12,12
`FS100558,货道23,农夫山泉(PET500ml),INTR762012795,矿泉水,2,2,0,0
`FS100558,货道24,农夫山泉(PET500ml),INTR762012795,矿泉水,2,2,1,1
`FS100558,货道25,海之言[柠檬](PET500ml),INTR039011682,饮料,4,4,5,5
`FS100558,货道26,统一冰红茶[柠檬](PET500ml),INTR894011688,饮料,3,3,12,12
`FS100558,货道27,统一冰红茶[柠檬](PET500ml),INTR894011688,饮料,3,3,5,5
`FS100558,货道28,饮养四季[金桔柠檬](PET500ml),INTR372011680,饮料,3.5,3.5,6,6
`FS100558,货道29,农夫山泉(PET500ml),INTR762012795,矿泉水,2,2,0,0
`FS100558,货道30,农夫山泉(PET500ml),INTR762012795,矿泉水,2,2,1,1
`FS100558,货道31,今麦郎芒顿小镇柠檬水(PET500ml),INTR322012790,饮料,2.5,3,5,5
`FS100558,货道32,统一绿茶[茉莉](PET500ml),INTR577011683,饮料,3,3,4,4
`FS100558,货道33,小茗同学[溜溜哒茶](PET480ml),INTR973011692,饮料,5,5,6,6
`FS100558,货道34,饮养四季[金桔柠檬](PET500ml),INTR372011680,饮料,3.5,3.5,4,4
`FS100992,货道1,统一果汁[金桔柠檬](CAN310ml),1.56473E+17,开门柜,3,2.5,20,20
`FS100992,货道2,统一果汁[金桔柠檬](CAN310ml),1.56473E+17,开门柜,3,2.5,18,18
`FS100992,货道3,统一冰绿茶[青梅绿茶](CAN310ml),INTG116100075,饮料,2.5,2.5,16,16
`FS100992,货道4,统一鲜橙多(CAN310ml),INTR767011663,饮料,3,3,14,14
`FS100992,货道5,统一好料道[仙草凉茶](CAN310ml),INTR791011678,饮料,4,4,12,12
`FS100992,货道6,统一好料道[仙草凉茶](CAN310ml),INTR791011678,饮料,4,4,10,10
`FS100992,货道7,可口可乐[零度](500ml),INTR890011661,饮料,3.5,3,20,20
`FS100992,货道8,统一阿萨姆[奶茶原味](PET500ml),INTR230011689,饮料,4.5,4.5,18,18
`FS100992,货道9,统一阿萨姆[奶茶原味](PET500ml),INTR230011689,饮料,4.5,4.5,16,16
`FS100992,货道10,ALKAQUA[饮用天然矿泉水](PET570ml),INTR997009154,矿泉水,4,4,15,15
`FS100992,货道11,小茗同学[溜溜哒茶](PET480ml),INTR973011692,饮料,5,5,12,12
`FS100992,货道13,可口可乐(PET500ml),INTR310011684,饮料,3.5,3,20,20
`FS100992,货道14,,,,,3,19,19
`FS100992,货道15,达利园青梅绿茶(PET500ml),INTR537012876,饮料,3,3,18,18
`FS100992,货道16,,,,,,0,0
`FS100992,货道17,海之言[柠檬](PET500ml),INTR039011682,饮料,4,4,17,17
`FS100992,货道19,雅哈[椰椰拿铁](PET450ml),INTR880013468,饮料,5.5,5.5,15,15
`FS100992,货道21,统一轻啵苏打水[柠檬味](PET500ml),INTR773011687,饮料,3.5,3.5,13,13
`FS100992,货道23,可口可乐纯悦水(PET500ml),INTR123011690,饮料,2,2,21,21
`FS100992,货道24,统一冰红茶[柠檬](PET500ml),INTR894011688,饮料,3,3,19,19
`FS100992,货道25,统一冰红茶[柠檬](PET500ml),INTR894011688,饮料,3,3,17,17
`FS100992,货道26,统一鲜橙多(PET450ml),INTR910011664,饮料,3.5,3.5,15,15
`FS100992,货道27,统一鲜橙多(PET450ml),INTR910011664,饮料,3.5,3.5,13,13
`FS100992,货道28,统一茶裏王[无糖台式乌龙茶](PET420ml),INTR904011685,饮料,5,5,11,11
`FS100992,货道29,可口可乐纯悦水(PET500ml),INTR123011690,饮料,2,2,21,21
`FS100992,货道30,统一蜜桃多(PET450ml),INTR769012352,饮料,3.5,3.5,19,19
`FS100992,货道31,饮养四季[金桔柠檬](PET500ml),INTR372011680,饮料,3.5,3,17,17
`FS100992,货道32,统一冰绿茶[青梅绿茶](PET500ml),INTR469011681,饮料,3,3,15,15
`FS100992,货道33,统一绿茶[茉莉](PET500ml),INTR577011683,饮料,3,3,13,13
`FS100992,货道34,焕神[热带水果风味]饮料(PET460ml),INTR583011691,饮料,5,5,11,11
`FS101355,货道1,百事可乐(CAN330ml),INTR785012174,饮料,2.5,2.5,29,29
`FS101355,货道2,爱朵拉拿铁咖啡(CAN310ml),INTR459011637,饮料,4,4,27,27
`FS101355,货道3,统一好料道[仙草凉茶](CAN310ml),INTR791011678,饮料,4,4,30,30
`FS101355,货道4,统一冰红茶(CAN310ml),INTR115011662,饮料,2.5,2.5,28,28
`FS101355,货道5,统一鲜橙多(CAN310ml),INTR767011663,饮料,3,2.5,28,28
`FS101355,货道6,统一冰绿茶[青梅绿茶](CAN310ml),INTG116100075,饮料,2.5,2.5,29,29
`FS101355,货道7,统一阿萨姆[奶茶原味](PET500ml),INTR230011689,饮料,4.5,4,20,20
`FS101355,货道8,统一阿萨姆[奶茶原味](PET500ml),INTR230011689,饮料,4.5,4.5,25,25
`FS101355,货道9,雅哈[冰咖啡](PET450ml),INTR470011686,饮料,5.5,5,16,16
`FS101355,货道10,统一阿萨姆[奶茶原味](PET500ml),INTR230011689,饮料,4.5,4,23,23
`FS101355,货道11,统一阿萨姆[奶茶原味](PET500ml),INTR230011689,饮料,4.5,4,26,26
`FS101355,货道13,可口可乐[自购版](PET500ml),INTR724012203,饮料,3.5,3,16,16
`FS101355,货道14,,,,,,0,0
`FS101355,货道15,李子园果蔬酸奶(PET280ml),INTR644012893,饮料,5.5,5,20,20
`FS101355,货道16,,,,,,0,0
`FS101355,货道17,统一冰绿茶[青梅绿茶](PET500ml),INTR469011681,饮料,3,3,26,26
`FS101355,货道19,格泉饮用天然水(PET500ml),INTR252012401,矿泉水,2,2,29,29
`FS101355,货道21,统一冰绿茶[青梅绿茶](PET500ml),INTR469011681,饮料,3,3,30,30
`FS101355,货道23,统一冰红茶[柠檬](PET500ml),INTR894011688,饮料,3,3,21,21
`FS101355,货道24,今麦郎芒顿小镇柠檬水(PET500ml),INTR322012790,饮料,2.5,2,28,28
`FS101355,货道25,统一冰绿茶[青梅绿茶](PET500ml),INTR469011681,饮料,3,3,25,25
`FS101355,货道26,统一饮养四季[冰糖雪梨](PET500ml),INTR56004726,饮料,3.5,3.5,30,30
`FS101355,货道27,海之言[桃桃百香果](PET500ml),INTR950012403,饮料,4,4,27,27
`FS101355,货道28,统一鲜橙多(PET450ml),INTR910011664,饮料,3.5,3.5,27,27
`FS101355,货道29,焕神[热带水果风味]饮料(PET460ml),INTR583011691,饮料,5,5,30,30
`FS101355,货道30,统一轻啵苏打水[桃花味](PET500ml),INTR876012423,饮料,3.5,3.5,30,30
`FS101355,货道31,台福[高钙花生牛奶](CAN365ml),INTR531012172,饮料,3.5,4,15,15
`FS101355,货道32,饮养四季[金桔柠檬](PET500ml),INTR372011680,饮料,3.5,3.5,20,20
`FS101355,货道33,海之言[柠檬](PET500ml),INTR039011682,饮料,4,4,19,19
`FS101355,货道34,体质能量(PET580ml),INTR468012175,饮料,4,4,21,21
`FS100103,货道1,统一冰红茶(CAN310ml),INTR115011662,饮料,2.5,2.5,0,0
`FS100103,货道2,统一冰红茶(CAN310ml),INTR115011662,饮料,2.5,2.5,0,0
`FS100103,货道3,可口可乐[自购版](CAN330ml),INTR121011635,饮料,3,3,0,0
`FS100103,货道4,可口可乐[自购版](CAN330ml),INTR121011635,饮料,3,3,0,0
`FS100103,货道5,雪碧[自购版](CAN330ml),INTR685011636,饮料,3,3,0,0
`FS100103,货道6,雪碧[自购版](CAN330ml),INTR685011636,饮料,3,3,0,0
`FS100103,货道7,统一阿萨姆[奶茶原味](PET500ml),INTR230011689,饮料,4.5,4.5,3,3
`FS100103,货道8,统一阿萨姆[奶茶原味](PET500ml),INTR230011689,饮料,4.5,4.5,1,1
`FS100103,货道9,农夫山泉(PET500ml),INTR762012795,矿泉水,2,2,1,1
`FS100103,货道10,统一冰绿茶[青梅绿茶](PET500ml),INTR469011681,饮料,3,3,2,2
`FS100103,货道11,统一冰绿茶[青梅绿茶](PET500ml),INTR469011681,饮料,3,3,1,1
`FS100103,货道13,可口可乐[自购版](PET500ml),INTR724012203,饮料,3.5,3.5,0,0
`FS100103,货道14,,,,,,0,0
`FS100103,货道15,可口可乐[自购版](PET500ml),INTR724012203,饮料,3.5,3.5,1,1
`FS100103,货道16,,,,,,0,0
`FS100103,货道17,小茗同学[溜溜哒茶](PET480ml),INTR973011692,饮料,5,5,2,2
`FS100103,货道19,雪碧[自购版](PET500ml),INTR175012204,饮料,3.5,3.5,4,4
`FS100103,货道21,焕神[热带水果风味]饮料(PET460ml),INTR583011691,饮料,5,5,8,8
`FS100103,货道23,农夫山泉(PET500ml),INTR762012795,矿泉水,2,2,0,0
`FS100103,货道24,农夫山泉(PET500ml),INTR762012795,矿泉水,2,2,0,0
`FS100103,货道25,海之言[柠檬](PET500ml),INTR039011682,饮料,4,4,1,1
`FS100103,货道26,统一冰红茶[柠檬](PET500ml),INTR894011688,饮料,3,3,1,1
`FS100103,货道27,统一冰红茶[柠檬](PET500ml),INTR894011688,饮料,3,3,0,0
`FS100103,货道28,饮养四季[金桔柠檬](PET500ml),INTR372011680,饮料,3.5,3.5,0,0
`FS100103,货道29,农夫山泉(PET500ml),INTR762012795,矿泉水,2,2,2,2
`FS100103,货道30,农夫山泉(PET500ml),INTR762012795,矿泉水,2,2,0,0
`FS100103,货道31,今麦郎芒顿小镇柠檬水(PET500ml),INTR322012790,饮料,2.5,3,0,0
`FS100103,货道32,统一绿茶[茉莉](PET500ml),INTR577011683,饮料,3,3,0,0
`FS100103,货道33,小茗同学[溜溜哒茶](PET480ml),INTR973011692,饮料,5,5,0,0
`FS100103,货道34,饮养四季[金桔柠檬](PET500ml),INTR372011680,饮料,3.5,3.5,0,0
`FS100081,货道1,统一冰红茶(CAN310ml),INTR115011662,饮料,2.5,2.5,18,18
`FS100081,货道2,王老吉凉茶(CAN310ml),INTR472012173,饮料,3.5,3.5,18,18
`FS100081,货道3,可口可乐[自购版](CAN330ml),INTR121011635,饮料,3,3,14,14
`FS100081,货道4,可口可乐[自购版](CAN330ml),INTR121011635,饮料,3,3,11,11
`FS100081,货道5,雪碧[自购版](CAN330ml),INTR685011636,饮料,3,3,11,11
`FS100081,货道6,雪碧[自购版](CAN330ml),INTR685011636,饮料,3,3,9,9
`FS100081,货道7,统一阿萨姆[奶茶原味](PET500ml),INTR230011689,饮料,4.5,4.5,16,16
`FS100081,货道8,统一阿萨姆[奶茶原味](PET500ml),INTR230011689,饮料,4.5,4.5,17,17
`FS100081,货道9,农夫山泉(PET500ml),INTR762012795,矿泉水,2,2,2,2
`FS100081,货道10,统一冰绿茶[青梅绿茶](PET500ml),INTR469011681,饮料,3,3,12,12
`FS100081,货道11,统一冰绿茶[青梅绿茶](PET500ml),INTR469011681,饮料,3,3,8,8
`FS100081,货道13,可口可乐[自购版](PET500ml),INTR724012203,饮料,3.5,3.5,17,17
`FS100081,货道14,,,,,,0,0
`FS100081,货道15,可口可乐[自购版](PET500ml),INTR724012203,饮料,3.5,3.5,17,17
`FS100081,货道16,,,,,,0,0
`FS100081,货道17,雪碧[自购版](PET500ml),INTR175012204,饮料,3.5,3.5,15,15
`FS100081,货道19,雪碧[自购版](PET500ml),INTR175012204,饮料,3.5,3.5,12,12
`FS100081,货道21,焕神[热带水果风味]饮料(PET460ml),INTR583011691,饮料,5,5,11,11
`FS100081,货道23,农夫山泉(PET500ml),INTR762012795,矿泉水,2,2,12,12
`FS100081,货道24,农夫山泉(PET500ml),INTR762012795,矿泉水,2,2,13,13
`FS100081,货道25,海之言[柠檬](PET500ml),INTR039011682,饮料,4,4,15,15
`FS100081,货道26,统一冰红茶[柠檬](PET500ml),INTR894011688,饮料,3,3,8,8
`FS100081,货道27,统一冰红茶[柠檬](PET500ml),INTR894011688,饮料,3,3,12,12
`FS100081,货道28,饮养四季[金桔柠檬](PET500ml),INTR372011680,饮料,3.5,3.5,8,8
`FS100081,货道29,农夫山泉(PET500ml),INTR762012795,矿泉水,2,2,13,13
`FS100081,货道30,农夫山泉(PET500ml),INTR762012795,矿泉水,2,2,14,14
`FS100081,货道31,今麦郎芒顿小镇柠檬水(PET500ml),INTR322012790,饮料,2.5,3,10,10
`FS100081,货道32,统一绿茶[茉莉](PET500ml),INTR577011683,饮料,3,3,12,12
`FS100081,货道33,小茗同学[溜溜哒茶](PET480ml),INTR973011692,饮料,5,5,8,8
`FS100081,货道34,饮养四季[金桔柠檬](PET500ml),INTR372011680,饮料,3.5,3.5,8,8
`FS101410,货道1,爱朵拉拿铁咖啡(CAN310ml),INTR459011637,饮料,4,4,23,23
`FS101410,货道2,小野[芒果汁](CAN245ml),INTR457012418,饮料,3,2.5,22,22
`FS101410,货道3,统一好料道[仙草凉茶](CAN310ml),INTR791011678,饮料,4,4,20,20
`FS101410,货道4,统一冰红茶(CAN310ml),INTR115011662,饮料,2.5,2.5,16,16
`FS101410,货道5,统一鲜橙多(CAN310ml),INTR767011663,饮料,3,3,16,16
`FS101410,货道6,爱朵拉拿铁咖啡(CAN310ml),INTR459011637,饮料,4,4,30,30
`FS101410,货道7,统一阿萨姆[奶茶原味](PET500ml),INTR230011689,饮料,4.5,4,17,17
`FS101410,货道8,统一阿萨姆[奶茶原味](PET500ml),INTR230011689,饮料,4.5,4,18,18
`FS101410,货道9,雅哈[冰咖啡](PET450ml),INTR470011686,饮料,5.5,5,7,7
`FS101410,货道10,统一阿萨姆[奶茶原味](PET500ml),INTR230011689,饮料,4.5,4,10,10
`FS101410,货道11,统一阿萨姆[奶茶原味](PET500ml),INTR230011689,饮料,4.5,4,9,9
`FS101410,货道13,可口可乐[自购版](PET500ml),INTR724012203,饮料,3.5,3.5,4,4
`FS101410,货道14,,,,,,0,0
`FS101410,货道15,李子园果蔬酸奶(PET280ml),INTR644012893,饮料,5.5,5,29,29
`FS101410,货道16,,,,,,0,0
`FS101410,货道17,海之言[蓝莓](PET500ml),INTR526012420,饮料,4,4,23,23
`FS101410,货道19,格泉饮用天然水(PET500ml),INTR252012401,矿泉水,2,2,7,7
`FS101410,货道21,统一饮养四季[冰糖雪梨](PET500ml),INTR56004726,饮料,3.5,3.5,27,27
`FS101410,货道23,统一冰红茶[柠檬](PET500ml),INTR894011688,饮料,3,3,20,20
`FS101410,货道24,海之言[桃桃百香果](PET500ml),INTR950012403,饮料,4,4,29,29
`FS101410,货道25,统一冰绿茶[青梅绿茶](PET500ml),INTR469011681,饮料,3,3,16,16
`FS101410,货道26,统一冰绿茶[青梅绿茶](PET500ml),INTR469011681,饮料,3,3,11,11
`FS101410,货道27,统一蜜桃多(PET450ml),INTR769012352,饮料,3.5,3.5,16,16
`FS101410,货道28,统一鲜橙多(PET450ml),INTR910011664,饮料,3.5,3.5,12,12
`FS101410,货道29,焕神[热带水果风味]饮料(PET460ml),INTR583011691,饮料,5,5,11,11
`FS101410,货道30,体质能量(PET580ml),INTR468012175,饮料,4,4,27,27
`FS101410,货道31,台福[高钙花生牛奶](CAN365ml),INTR531012172,饮料,3.5,3.5,9,9
`FS101410,货道32,饮养四季[金桔柠檬](PET500ml),INTR372011680,饮料,3.5,3.5,17,17
`FS101410,货道33,海之言[柠檬](PET500ml),INTR039011682,饮料,4,4,10,10
`FS101410,货道34,海之言[柠檬](PET500ml),INTR039011682,饮料,4,4,6,6
`FS100287,货道1,爱朵拉拿铁咖啡(CAN310ml),INTR459011637,饮料,4,4,9985,9985
`FS100287,货道2,爱朵拉拿铁咖啡(CAN310ml),INTR459011637,饮料,4,4,9989,9989
`FS100287,货道3,统一好料道[仙草凉茶](CAN310ml),INTR791011678,饮料,4,4,9994,9994
`FS100287,货道4,统一好料道[仙草凉茶](CAN310ml),INTR791011678,饮料,4,4,9994,9994
`FS100287,货道5,小野[芒果汁](CAN245ml),INTR457012418,饮料,3,3,9996,9996
`FS100287,货道6,小野[芒果汁](CAN245ml),INTR457012418,饮料,3,3,9996,9996
`FS100287,货道7,可口可乐[自购版](PET500ml),INTR724012203,饮料,3.5,3,9905,9905
`FS100287,货道8,可口可乐[自购版](PET500ml),INTR724012203,饮料,3.5,3,9898,9898
`FS100287,货道9,海之言[柠檬](PET500ml),INTR039011682,饮料,4,4,9871,9871
`FS100287,货道10,海之言[柠檬](PET500ml),INTR039011682,饮料,4,4,9864,9864
`FS100287,货道11,统一茶裏王[无糖台式乌龙茶](PET420ml),INTR904011685,饮料,5,5,9992,9992
`FS100287,货道13,体质能量(PET580ml),INTR468012175,饮料,4,4,9989,9989
`FS100287,货道14,,,,,,0,0
`FS100287,货道15,体质能量(PET580ml),INTR468012175,饮料,4,4,9975,9975
`FS100287,货道16,,,,,,0,0
`FS100287,货道17,小茗同学[溜溜哒茶](PET480ml),INTR973011692,饮料,5,5,9997,9997
`FS100287,货道19,小茗同学[溜溜哒茶](PET480ml),INTR973011692,饮料,5,5,9993,9993
`FS100287,货道21,雅哈[冰咖啡](PET450ml),INTR470011686,饮料,5.5,5.5,9954,9954
`FS100287,货道23,统一鲜橙多(PET450ml),INTR910011664,饮料,3.5,3.5,9855,9855
`FS100287,货道24,统一冰红茶[柠檬](PET500ml),INTR894011688,饮料,3,3,9970,9970
`FS100287,货道25,统一阿萨姆[奶茶原味](PET500ml),INTR230011689,饮料,4.5,4.5,9974,9974
`FS100287,货道26,统一阿萨姆[奶茶原味](PET500ml),INTR230011689,饮料,4.5,4.5,9975,9975
`FS100287,货道27,焕神[热带水果风味]饮料(PET460ml),INTR583011691,饮料,5,5,9932,9932
`FS100287,货道28,焕神[热带水果风味]饮料(PET460ml),INTR583011691,饮料,5,5,9937,9937
`FS100287,货道29,饮养四季[金桔柠檬](PET500ml),INTR372011680,饮料,3.5,3.5,9939,9939
`FS100287,货道30,统一轻啵苏打水[桃花味](PET500ml),INTR876012423,饮料,3.5,3.5,9989,9989
`FS100287,货道31,统一蜜桃多(PET450ml),INTR769012352,饮料,3.5,3.5,9991,9991
`FS100287,货道32,统一冰绿茶[青梅绿茶](PET500ml),INTR469011681,饮料,3,3,9964,9964
`FS100287,货道33,统一冰绿茶[青梅绿茶](PET500ml),INTR469011681,饮料,3,3,9958,9958
`FS100287,货道34,统一冰绿茶[青梅绿茶](PET500ml),INTR469011681,饮料,3,3,9972,9972
`FS100046,货道1,娃哈哈桂圆莲子八宝粥(CAN360ml),INTR218012884,食品,4,4,99949,99949
`FS100046,货道2,旺旺牛奶(CAN245ml),INTR783012872,饮料,6,5.5,99846,99846
`FS100046,货道3,小野[芒果汁](CAN245ml),INTR457012418,饮料,3,3,99928,99928
`FS100046,货道4,小野[芒果汁](CAN245ml),INTR457012418,饮料,3,3,99943,99943
`FS100046,货道5,统一鲜橙多(CAN310ml),INTR767011663,饮料,3,3,99946,99946
`FS100046,货道6,统一鲜橙多(CAN310ml),INTR767011663,饮料,3,3,99948,99948
`FS100046,货道7,美汁源果粒奶优[香蕉味](450ml),INTR417013627,饮料,4.5,4.5,99843,99843
`FS100046,货道8,农夫山泉力量帝维他命水(PET500ml),INTR911012108,饮料,5,5,99922,99922
`FS100046,货道9,统一阿萨姆[奶茶原味](PET500ml),INTR230011689,饮料,4.5,4.5,99936,99936
`FS100046,货道10,今麦郎芒顿小镇柠檬水(PET500ml),INTR322012790,饮料,2.5,2.5,99908,99908
`FS100046,货道11,统一饮养四季[冰糖雪梨](PET500ml),INTR56004726,饮料,3.5,3.5,99949,99949
`FS100046,货道13,饮养四季[金桔柠檬](PET500ml),INTR372011680,饮料,3.5,3.5,99922,99922
`FS100046,货道14,,,,,,0,0
`FS100046,货道15,统一冰绿茶[青梅绿茶](PET500ml),INTR469011681,饮料,3,3,99892,99892
`FS100046,货道16,,,,,,0,0
`FS100046,货道17,统一鲜橙多(PET450ml),INTR910011664,饮料,3.5,3.5,99910,99910
`FS100046,货道19,统一鲜橙多(PET450ml),INTR910011664,饮料,3.5,3.5,99911,99911
`FS100046,货道21,统一鲜橙多(PET450ml),INTR910011664,饮料,3.5,3.5,99942,99942
`FS100046,货道23,娃哈哈营养快线(PET500ml),INTR409012898,饮料,5,5,99970,99970
`FS100046,货道24,焕神[热带水果风味]饮料(PET460ml),INTR583011691,饮料,5,5,99950,99950
`FS100046,货道25,小茗同学[青柠红茶](PET480ml),INTR297011693,饮料,5,5,99918,99918
`FS100046,货道26,统一阿萨姆[奶茶原味](PET500ml),INTR230011689,饮料,4.5,4.5,99987,99987
`FS100046,货道27,统一蜜桃多(PET450ml),INTR769012352,饮料,3.5,3.5,99979,99979
`FS100046,货道28,格泉饮用天然水(PET500ml),INTR252012401,矿泉水,2,2,99952,99952
`FS100046,货道29,统一绿茶[茉莉](PET500ml),INTR577011683,饮料,3,3,99862,99862
`FS100046,货道30,统一绿茶[茉莉](PET500ml),INTR577011683,饮料,3,3,99869,99869
`FS100046,货道31,统一冰红茶[柠檬](PET500ml),INTR894011688,饮料,3,3,99880,99880
`FS100046,货道32,海之言[柠檬](PET500ml),INTR039011682,饮料,4,4,99915,99915
`FS100046,货道33,海之言[柠檬](PET500ml),INTR039011682,饮料,4,4,99901,99901
`FS100046,货道34,格泉饮用天然水(PET500ml),INTR252012401,矿泉水,2,2,99951,99951
