设备编号,货道名称,商品名称,商品编号,分类,参考价格,实际价格,可售库存,合计库存
`FS101284,货道1,统一冰绿茶[青梅绿茶](CAN310ml),INTG116100075,饮料,2.5,2.5,20,20
`FS101284,货道2,统一冰红茶(CAN310ml),INTR115011662,饮料,2.5,2.5,15,15
`FS101284,货道3,统一冰红茶(CAN310ml),INTR115011662,饮料,2.5,2.5,15,15
`FS101284,货道4,统一果汁[金桔柠檬](CAN310ml),1.56473E+17,开门柜,3,2.5,8,8
`FS101284,货道5,统一好料道[仙草凉茶](CAN310ml),INTR791011678,饮料,4,4,10,10
`FS101284,货道6,统一好料道[仙草凉茶](CAN310ml),INTR791011678,饮料,4,4,9,9
`FS101284,货道7,可口可乐(PET500ml),INTR310011684,饮料,3.5,3.5,15,15
`FS101284,货道8,可口可乐(PET500ml),INTR310011684,饮料,3.5,3.5,16,16
`FS101284,货道9,饮养四季[金桔柠檬](PET500ml),INTR372011680,饮料,3.5,3,7,7
`FS101284,货道10,饮养四季[金桔柠檬](PET500ml),INTR372011680,饮料,3.5,3,3,3
`FS101284,货道11,统一轻啵苏打水[柠檬味](PET500ml),INTR773011687,饮料,3.5,3.5,12,12
`FS101284,货道13,可口可乐(PET500ml),INTR310011684,饮料,3.5,3.5,15,15
`FS101284,货道14,,,,,,0,0
`FS101284,货道15,雪碧(PET500ml),INTR274011679,饮料,3.5,3.5,6,6
`FS101284,货道16,,,,,,0,0
`FS101284,货道17,统一鲜橙多(PET450ml),INTR910011664,饮料,3.5,3.5,13,13
`FS101284,货道19,海之言[柠檬](PET500ml),INTR039011682,饮料,4,4,11,11
`FS101284,货道21,海之言[柠檬](PET500ml),INTR039011682,饮料,4,4,9,9
`FS101284,货道23,可口可乐纯悦水(PET500ml),INTR123011690,饮料,2,2,20,20
`FS101284,货道24,焕神[热带水果风味]饮料(PET460ml),INTR583011691,饮料,5,5,9,9
`FS101284,货道25,统一蜜桃多(PET450ml),INTR769012352,饮料,3.5,3.5,15,15
`FS101284,货道26,统一冰绿茶[青梅绿茶](PET500ml),INTR469011681,饮料,3,3,10,10
`FS101284,货道27,小茗同学[溜溜哒茶](PET480ml),INTR973011692,饮料,5,5,13,13
`FS101284,货道28,雅哈[冰咖啡](PET450ml),INTR470011686,饮料,5.5,5.5,9,9
`FS101284,货道29,ALKAQUA[饮用天然矿泉水](PET570ml),INTR997009154,矿泉水,4,4,14,14
`FS101284,货道30,ALKAQUA[饮用天然矿泉水](PET570ml),INTR997009154,矿泉水,4,4,14,14
`FS101284,货道31,统一冰红茶[柠檬](PET500ml),INTR894011688,饮料,3,3,2,2
`FS101284,货道32,统一冰红茶[柠檬](PET500ml),INTR894011688,饮料,3,3,4,4
`FS101284,货道33,小茗同学[青柠红茶](PET480ml),INTR297011693,饮料,5,5,5,5
`FS101284,货道34,雅哈[冰咖啡](PET450ml),INTR470011686,饮料,5.5,5.5,10,10
`FS101307,货道1,可口可乐[自购版](CAN330ml),INTR121011635,饮料,3,2.5,9879,9879
`FS101307,货道2,可口可乐[自购版](CAN330ml),INTR121011635,饮料,3,2.5,9865,9865
`FS101307,货道3,爱朵拉拿铁咖啡(CAN310ml),INTR459011637,饮料,4,4,9976,9976
`FS101307,货道4,爱朵拉拿铁咖啡(CAN310ml),INTR459011637,饮料,4,4,9983,9983
`FS101307,货道5,宏宝莱碳酸饮料汽水荔枝味(CAN330ml),INTR992013247,饮料,3,2.5,9919,9919
`FS101307,货道6,宏宝莱碳酸饮料汽水荔枝味(CAN330ml),INTR992013247,饮料,3,2.5,9947,9947
`FS101307,货道7,可口可乐(PET500ml),INTR310011684,饮料,3.5,3.5,9709,9709
`FS101307,货道8,可口可乐(PET500ml),INTR310011684,饮料,3.5,3.5,9752,9752
`FS101307,货道9,雅哈[冰咖啡](PET450ml),INTR470011686,饮料,5.5,5.5,9901,9901
`FS101307,货道10,雅哈[冰咖啡](PET450ml),INTR470011686,饮料,5.5,5.5,9833,9833
`FS101307,货道11,雅哈[冰咖啡](PET450ml),INTR470011686,饮料,5.5,5.5,9883,9883
`FS101307,货道13,统一蜜桃多(PET450ml),INTR769012352,饮料,3.5,3.5,9949,9949
`FS101307,货道14,,,,,0,0,0
`FS101307,货道15,统一蜜桃多(PET450ml),INTR769012352,饮料,3.5,3.5,9856,9856
`FS101307,货道16,,,,,0,0,0
`FS101307,货道17,海之言[柠檬](PET500ml),INTR039011682,饮料,4,4,9795,9795
`FS101307,货道19,海之言[柠檬](PET500ml),INTR039011682,饮料,4,4,9763,9763
`FS101307,货道21,海之言[柠檬](PET500ml),INTR039011682,饮料,4,4,9809,9809
`FS101307,货道23,饮养四季[金桔柠檬](PET500ml),INTR372011680,饮料,3.5,3,9759,9759
`FS101307,货道24,饮养四季[金桔柠檬](PET500ml),INTR372011680,饮料,3.5,3,9797,9797
`FS101307,货道25,统一阿萨姆[奶茶原味](PET500ml),INTR230011689,饮料,4.5,4.5,9915,9915
`FS101307,货道26,统一阿萨姆[奶茶原味](PET500ml),INTR230011689,饮料,4.5,4.5,9922,9922
`FS101307,货道27,统一冰绿茶[青梅绿茶](PET500ml),INTR469011681,饮料,3,3,9901,9901
`FS101307,货道28,统一冰绿茶[青梅绿茶](PET500ml),INTR469011681,饮料,3,3,9886,9886
`FS101307,货道29,元气森林苏打气泡水[荔枝味](PET480ml),INTR976013213,饮料,4,4,9879,9879
`FS101307,货道30,元气森林苏打气泡水[荔枝味](PET480ml),INTR976013213,饮料,4,4,9905,9905
`FS101307,货道31,小茗同学[溜溜哒茶](PET480ml),INTR973011692,饮料,5,5,9881,9881
`FS101307,货道32,小茗同学[溜溜哒茶](PET480ml),INTR973011692,饮料,5,5,9895,9895
`FS101307,货道33,统一冰红茶[柠檬](PET500ml),INTR894011688,饮料,3,3,9935,9935
`FS101307,货道34,统一冰红茶[柠檬](PET500ml),INTR894011688,饮料,3,3,9887,9887
`FS100321,货道1,台福[高钙花生牛奶](CAN365ml),INTR531012172,饮料,3.5,3.5,20,20
`FS100321,货道2,百事可乐(CAN330ml),INTR785012174,饮料,2.5,2.5,17,17
`FS100321,货道3,统一好料道[仙草凉茶](CAN310ml),INTR791011678,饮料,4,4,16,16
`FS100321,货道4,乐虎维生素功能饮料(CAN250ml),INTR995012194,饮料,5.5,5.5,13,13
`FS100321,货道5,统一鲜橙多(CAN310ml),INTR767011663,饮料,3,2.5,12,12
`FS100321,货道6,王老吉凉茶(CAN310ml),INTR472012173,饮料,3.5,3.5,10,10
`FS100321,货道7,农夫山泉(PET550ml),INTR993012106,矿泉水,2,2,19,19
`FS100321,货道8,农夫山泉(PET550ml),INTR993012106,矿泉水,2,2,18,18
`FS100321,货道9,统一绿茶[茉莉](PET500ml),INTR577011683,饮料,3,3,12,12
`FS100321,货道10,统一绿茶[茉莉](PET500ml),INTR577011683,饮料,3,3,13,13
`FS100321,货道11,海之言[柠檬](PET500ml),INTR039011682,饮料,4,4,10,10
`FS100321,货道13,可口可乐(PET500ml),INTR310011684,饮料,3.5,3.5,18,18
`FS100321,货道14,,,,,3.5,0,0
`FS100321,货道15,统一饮养四季[冰糖雪梨](PET500ml),INTR56004726,饮料,3.5,3,16,16
`FS100321,货道16,,,,,,0,0
`FS100321,货道17,焕神[热带水果风味]饮料(PET460ml),INTR583011691,饮料,5,5,14,14
`FS100321,货道19,小茗同学[溜溜哒茶](PET480ml),INTR973011692,饮料,5,5,12,12
`FS100321,货道21,统一阿萨姆[奶茶原味](PET500ml),INTR230011689,饮料,4.5,4,11,11
`FS100321,货道23,统一绿茶[茉莉](PET500ml),INTR577011683,饮料,3,3,20,20
`FS100321,货道24,统一鲜橙多(PET450ml),INTR910011664,饮料,3.5,3.5,16,16
`FS100321,货道25,统一冰红茶[柠檬](PET500ml),INTR894011688,饮料,3,3,15,15
`FS100321,货道26,统一冰红茶[柠檬](PET500ml),INTR894011688,饮料,3,3,12,12
`FS100321,货道27,饮养四季[金桔柠檬](PET500ml),INTR372011680,饮料,3.5,3,12,12
`FS100321,货道28,统一鲜橙多(CAN310ml),INTR767011663,饮料,3,3,10,10
`FS100321,货道29,三得利乌龙茶[无糖](PET500ml),INTR907013377,饮料,5,5,20,20
`FS100321,货道30,统一阿萨姆[奶茶原味](PET500ml),INTR230011689,饮料,4.5,4,18,18
`FS100321,货道31,统一阿萨姆[奶茶原味](PET500ml),INTR230011689,饮料,4.5,4,16,16
`FS100321,货道32,海之言[柠檬](PET500ml),INTR039011682,饮料,4,4,14,14
`FS100321,货道33,海之言[柠檬](PET500ml),INTR039011682,饮料,4,4,12,12
`FS100321,货道34,统一冰红茶[柠檬](PET500ml),INTR894011688,饮料,3,3,11,11
`FS101301,货道1,可口可乐[自购版](CAN330ml),INTR121011635,饮料,3,2.5,9895,9895
`FS101301,货道2,可口可乐[自购版](CAN330ml),INTR121011635,饮料,3,2.5,9873,9873
`FS101301,货道3,爱朵拉拿铁咖啡(CAN310ml),INTR459011637,饮料,4,4,9954,9954
`FS101301,货道4,爱朵拉拿铁咖啡(CAN310ml),INTR459011637,饮料,4,4,9937,9937
`FS101301,货道5,可口可乐[自购版](CAN330ml),INTR121011635,饮料,3,2.5,9917,9917
`FS101301,货道6,可口可乐[自购版](CAN330ml),INTR121011635,饮料,3,2.5,9924,9924
`FS101301,货道7,怡宝[纯净水](PET555ml),INTR128012109,矿泉水,2,2,9787,9787
`FS101301,货道8,体质能量(PET580ml),INTR468012175,饮料,4,4,9852,9852
`FS101301,货道9,可口可乐[自购版](PET500ml),INTR724012203,饮料,3.5,3.5,9869,9869
`FS101301,货道10,可口可乐[自购版](PET500ml),INTR724012203,饮料,3.5,3.5,9867,9867
`FS101301,货道11,雅哈[冰咖啡](PET450ml),INTR470011686,饮料,5.5,5.5,9872,9872
`FS101301,货道13,统一蜜桃多(PET450ml),INTR769012352,饮料,3.5,3.5,9869,9869
`FS101301,货道14,,,,,0,0,0
`FS101301,货道15,上海盐汽水(PET600ml),INTR332012201,饮料,3,3,9908,9908
`FS101301,货道16,,,,,0,0,0
`FS101301,货道17,海之言[柠檬](PET500ml),INTR039011682,饮料,4,4,9928,9928
`FS101301,货道19,海之言[柠檬](PET500ml),INTR039011682,饮料,4,4,9909,9909
`FS101301,货道21,海之言[柠檬](PET500ml),INTR039011682,饮料,4,4,9879,9879
`FS101301,货道23,饮养四季[金桔柠檬](PET500ml),INTR372011680,饮料,3.5,3,9935,9935
`FS101301,货道24,饮养四季[金桔柠檬](PET500ml),INTR372011680,饮料,3.5,3,9860,9860
`FS101301,货道25,统一阿萨姆[奶茶原味](PET500ml),INTR230011689,饮料,4.5,4.5,9956,9956
`FS101301,货道26,统一阿萨姆[奶茶原味](PET500ml),INTR230011689,饮料,4.5,4.5,9911,9911
`FS101301,货道27,统一冰绿茶[青梅绿茶](PET500ml),INTR469011681,饮料,3,3,9955,9955
`FS101301,货道28,统一冰绿茶[青梅绿茶](PET500ml),INTR469011681,饮料,3,3,9934,9934
`FS101301,货道29,元气森林苏打气泡水[荔枝味](PET480ml),INTR976013213,饮料,4,5,9958,9958
`FS101301,货道30,元气森林苏打气泡水[荔枝味](PET480ml),INTR976013213,饮料,4,5,9965,9965
`FS101301,货道31,小茗同学[溜溜哒茶](PET480ml),INTR973011692,饮料,5,5,9952,9952
`FS101301,货道32,小茗同学[溜溜哒茶](PET480ml),INTR973011692,饮料,5,5,9948,9948
`FS101301,货道33,统一冰红茶[柠檬](PET500ml),INTR894011688,饮料,3,3,9970,9970
`FS101301,货道34,统一冰红茶[柠檬](PET500ml),INTR894011688,饮料,3,3,9924,9924
`FS101350,货道1,可口可乐[自购版](CAN330ml),INTR121011635,饮料,3,2.5,9913,9913
`FS101350,货道2,可口可乐[自购版](CAN330ml),INTR121011635,饮料,3,2.5,9974,9974
`FS101350,货道3,爱朵拉拿铁咖啡(CAN310ml),INTR459011637,饮料,4,4,9992,9992
`FS101350,货道4,爱朵拉拿铁咖啡(CAN310ml),INTR459011637,饮料,4,4,9988,9988
`FS101350,货道5,可口可乐[自购版](CAN330ml),INTR121011635,饮料,3,2.5,9976,9976
`FS101350,货道6,可口可乐[自购版](CAN330ml),INTR121011635,饮料,3,2.5,9959,9959
`FS101350,货道7,怡宝[纯净水](PET555ml),INTR128012109,矿泉水,2,2,9878,9878
`FS101350,货道8,体质能量(PET580ml),INTR468012175,饮料,4,4,9943,9943
`FS101350,货道9,可口可乐[自购版](PET500ml),INTR724012203,饮料,3.5,3.5,9963,9963
`FS101350,货道10,可口可乐[自购版](PET500ml),INTR724012203,饮料,3.5,3.5,9928,9928
`FS101350,货道11,雅哈[冰咖啡](PET450ml),INTR470011686,饮料,5.5,5.5,9919,9919
`FS101350,货道13,,,,,0,0,0
`FS101350,货道14,,,,,0,0,0
`FS101350,货道15,上海盐汽水(PET600ml),INTR332012201,饮料,3,3,9954,9954
`FS101350,货道16,,,,,0,0,0
`FS101350,货道17,海之言[柠檬](PET500ml),INTR039011682,饮料,4,4,9955,9955
`FS101350,货道19,海之言[柠檬](PET500ml),INTR039011682,饮料,4,4,9918,9918
`FS101350,货道21,海之言[柠檬](PET500ml),INTR039011682,饮料,4,4,9934,9934
`FS101350,货道23,饮养四季[金桔柠檬](PET500ml),INTR372011680,饮料,3.5,3,9973,9973
`FS101350,货道24,饮养四季[金桔柠檬](PET500ml),INTR372011680,饮料,3.5,3,9939,9939
`FS101350,货道25,统一阿萨姆[奶茶原味](PET500ml),INTR230011689,饮料,4.5,4.5,9981,9981
`FS101350,货道26,统一阿萨姆[奶茶原味](PET500ml),INTR230011689,饮料,4.5,4.5,9951,9951
`FS101350,货道27,统一冰绿茶[青梅绿茶](PET500ml),INTR469011681,饮料,3,3,9956,9956
`FS101350,货道28,统一冰绿茶[青梅绿茶](PET500ml),INTR469011681,饮料,3,3,9956,9956
`FS101350,货道29,元气森林苏打气泡水[荔枝味](PET480ml),INTR976013213,饮料,4,5,9985,9985
`FS101350,货道30,元气森林苏打气泡水[荔枝味](PET480ml),INTR976013213,饮料,4,5,9986,9986
`FS101350,货道31,小茗同学[溜溜哒茶](PET480ml),INTR973011692,饮料,5,5,9979,9979
`FS101350,货道32,小茗同学[溜溜哒茶](PET480ml),INTR973011692,饮料,5,5,9986,9986
`FS101350,货道33,统一冰红茶[柠檬](PET500ml),INTR894011688,饮料,3,3,9995,9995
`FS101350,货道34,统一冰红茶[柠檬](PET500ml),INTR894011688,饮料,3,3,9976,9976
`FS101271,货道1,可口可乐[自购版](CAN330ml),INTR121011635,饮料,3,2.5,9993,9993
`FS101271,货道2,可口可乐[自购版](CAN330ml),INTR121011635,饮料,3,2.5,9954,9954
`FS101271,货道3,爱朵拉拿铁咖啡(CAN310ml),INTR459011637,饮料,4,4,9973,9973
`FS101271,货道4,爱朵拉拿铁咖啡(CAN310ml),INTR459011637,饮料,4,4,9972,9972
`FS101271,货道5,可口可乐[自购版](CAN330ml),INTR121011635,饮料,3,2.5,9973,9973
`FS101271,货道6,可口可乐[自购版](CAN330ml),INTR121011635,饮料,3,2.5,9966,9966
`FS101271,货道7,怡宝[纯净水](PET555ml),INTR128012109,矿泉水,2,2,9858,9858
`FS101271,货道8,体质能量(PET580ml),INTR468012175,饮料,4,4,9941,9941
`FS101271,货道9,可口可乐[自购版](PET500ml),INTR724012203,饮料,3.5,3.5,9923,9923
`FS101271,货道10,可口可乐[自购版](PET500ml),INTR724012203,饮料,3.5,3.5,9916,9916
`FS101271,货道11,雅哈[冰咖啡](PET450ml),INTR470011686,饮料,5.5,5.5,9937,9937
`FS101271,货道13,上海盐汽水(PET600ml),INTR332012201,饮料,3,3,9933,9933
`FS101271,货道14,,,,,,0,0
`FS101271,货道15,统一蜜桃多(PET450ml),INTR769012352,饮料,3.5,3.5,9897,9897
`FS101271,货道16,,,,,,0,0
`FS101271,货道17,海之言[柠檬](PET500ml),INTR039011682,饮料,4,4,9963,9963
`FS101271,货道19,海之言[柠檬](PET500ml),INTR039011682,饮料,4,4,9920,9920
`FS101271,货道21,海之言[柠檬](PET500ml),INTR039011682,饮料,4,4,9911,9911
`FS101271,货道23,饮养四季[金桔柠檬](PET500ml),INTR372011680,饮料,3.5,3,9948,9948
`FS101271,货道24,饮养四季[金桔柠檬](PET500ml),INTR372011680,饮料,3.5,3,9930,9930
`FS101271,货道25,统一阿萨姆[奶茶原味](PET500ml),INTR230011689,饮料,4.5,4.5,9988,9988
`FS101271,货道26,统一阿萨姆[奶茶原味](PET500ml),INTR230011689,饮料,4.5,4.5,9979,9979
`FS101271,货道27,统一冰绿茶[青梅绿茶](PET500ml),INTR469011681,饮料,3,3,9955,9955
`FS101271,货道28,统一冰绿茶[青梅绿茶](PET500ml),INTR469011681,饮料,3,3,9926,9926
`FS101271,货道29,元气森林苏打气泡水[荔枝味](PET480ml),INTR976013213,饮料,4,5,9996,9996
`FS101271,货道30,元气森林苏打气泡水[荔枝味](PET480ml),INTR976013213,饮料,4,5,9984,9984
`FS101271,货道31,小茗同学[溜溜哒茶](PET480ml),INTR973011692,饮料,5,5,9986,9986
`FS101271,货道32,小茗同学[溜溜哒茶](PET480ml),INTR973011692,饮料,5,5,9976,9976
`FS101271,货道33,统一冰红茶[柠檬](PET500ml),INTR894011688,饮料,3,3,9993,9993
`FS101271,货道34,统一冰红茶[柠檬](PET500ml),INTR894011688,饮料,3,3,9959,9959
`FS101252,货道1,可口可乐[自购版](CAN330ml),INTR121011635,饮料,3,2.5,99988,99988
`FS101252,货道2,可口可乐[自购版](CAN330ml),INTR121011635,饮料,3,2.5,99958,99958
`FS101252,货道3,爱朵拉拿铁咖啡(CAN310ml),INTR459011637,饮料,4,4,99969,99969
`FS101252,货道4,爱朵拉拿铁咖啡(CAN310ml),INTR459011637,饮料,4,4,99988,99988
`FS101252,货道5,可口可乐[自购版](CAN330ml),INTR121011635,饮料,3,2.5,99923,99923
`FS101252,货道6,可口可乐[自购版](CAN330ml),INTR121011635,饮料,3,2.5,99926,99926
`FS101252,货道7,怡宝[纯净水](PET555ml),INTR128012109,矿泉水,2,2,99799,99799
`FS101252,货道8,体质能量(PET580ml),INTR468012175,饮料,4,4,99888,99888
`FS101252,货道9,可口可乐[自购版](PET500ml),INTR724012203,饮料,3.5,3.5,99933,99933
`FS101252,货道10,可口可乐[自购版](PET500ml),INTR724012203,饮料,3.5,3.5,99904,99904
`FS101252,货道11,雅哈[冰咖啡](PET450ml),INTR470011686,饮料,5.5,5.5,99932,99932
`FS101252,货道13,上海盐汽水(PET600ml),INTR332012201,饮料,3,3,99896,99896
`FS101252,货道14,,,,,,0,0
`FS101252,货道15,统一蜜桃多(PET450ml),INTR769012352,饮料,3.5,3.5,99869,99869
`FS101252,货道16,,,,,,0,0
`FS101252,货道17,海之言[柠檬](PET500ml),INTR039011682,饮料,4,4,99957,99957
`FS101252,货道19,海之言[柠檬](PET500ml),INTR039011682,饮料,4,4,99905,99905
`FS101252,货道21,海之言[柠檬](PET500ml),INTR039011682,饮料,4,4,99908,99908
`FS101252,货道23,饮养四季[金桔柠檬](PET500ml),INTR372011680,饮料,3.5,3,99959,99959
`FS101252,货道24,饮养四季[金桔柠檬](PET500ml),INTR372011680,饮料,3.5,3,99915,99915
`FS101252,货道25,统一阿萨姆[奶茶原味](PET500ml),INTR230011689,饮料,4.5,4.5,99984,99984
`FS101252,货道26,统一阿萨姆[奶茶原味](PET500ml),INTR230011689,饮料,4.5,4.5,99971,99971
`FS101252,货道27,统一冰绿茶[青梅绿茶](PET500ml),INTR469011681,饮料,3,3,99958,99958
`FS101252,货道28,统一冰绿茶[青梅绿茶](PET500ml),INTR469011681,饮料,3,3,99936,99936
`FS101252,货道29,元气森林苏打气泡水[荔枝味](PET480ml),INTR976013213,饮料,4,5,99985,99985
`FS101252,货道30,元气森林苏打气泡水[荔枝味](PET480ml),INTR976013213,饮料,4,5,99981,99981
`FS101252,货道31,小茗同学[溜溜哒茶](PET480ml),INTR973011692,饮料,5,5,99990,99990
`FS101252,货道32,小茗同学[溜溜哒茶](PET480ml),INTR973011692,饮料,5,5,99985,99985
`FS101252,货道33,统一冰红茶[柠檬](PET500ml),INTR894011688,饮料,3,3,13,13
`FS101252,货道34,统一冰红茶[柠檬](PET500ml),INTR894011688,饮料,3,3,99958,99958
`FS100846,货道1,台福[高钙花生牛奶](CAN365ml),INTR531012172,饮料,3.5,3.5,12,12
`FS100846,货道2,乐虎维生素功能饮料(CAN250ml),INTR995012194,饮料,5.5,5.5,17,17
`FS100846,货道3,王老吉凉茶(CAN310ml),INTR472012173,饮料,3.5,3.5,14,14
`FS100846,货道4,统一蜜桃多(CAN310ml),INTR765012351,饮料,3,3,13,13
`FS100846,货道5,可口可乐[自购版](CAN330ml),INTR121011635,饮料,3,3,6,6
`FS100846,货道6,统一鲜橙多(CAN310ml),INTR767011663,饮料,3,2.5,10,10
`FS100846,货道7,农夫山泉(PET550ml),INTR993012106,矿泉水,2,2,19,19
`FS100846,货道8,饮养四季[金桔柠檬](PET500ml),INTR372011680,饮料,3.5,3,17,17
`FS100846,货道9,可口可乐[自购版](PET500ml),INTR724012203,饮料,3.5,3.5,11,11
`FS100846,货道10,统一冰红茶[柠檬](PET500ml),INTR894011688,饮料,3,3,13,13
`FS100846,货道11,统一冰红茶[柠檬](PET500ml),INTR894011688,饮料,3,3,8,8
`FS100846,货道13,可口可乐[自购版](PET500ml),INTR724012203,饮料,3.5,3.5,20,20
`FS100846,货道14,,,,,,0,0
`FS100846,货道15,今麦郎茉莉蜜茶(PET500ml),INTR701012110,饮料,4,3,18,18
`FS100846,货道16,,,,,,0,0
`FS100846,货道17,可口可乐[自购版](PET500ml),INTR724012203,饮料,3.5,3.5,10,10
`FS100846,货道19,小茗同学[溜溜哒茶](PET480ml),INTR973011692,饮料,5,5,13,13
`FS100846,货道21,饮养四季[金桔柠檬](PET500ml),INTR372011680,饮料,3.5,3,10,10
`FS100846,货道23,统一饮养四季[冰糖雪梨](PET500ml),INTR56004726,饮料,3.5,3,20,20
`FS100846,货道24,统一鲜橙多(PET450ml),INTR910011664,饮料,3.5,3.5,18,18
`FS100846,货道25,统一绿茶[茉莉](PET500ml),INTR577011683,饮料,3,3,10,10
`FS100846,货道26,统一绿茶[茉莉](PET500ml),INTR577011683,饮料,3,3,13,13
`FS100846,货道27,焕神[热带水果风味]饮料(PET460ml),INTR583011691,饮料,5,5,12,12
`FS100846,货道28,统一阿萨姆[奶茶原味](PET500ml),INTR230011689,饮料,4.5,4,11,11
`FS100846,货道29,统一阿萨姆[奶茶原味](PET500ml),INTR230011689,饮料,4.5,4,20,20
`FS100846,货道30,统一阿萨姆[奶茶原味](PET500ml),INTR230011689,饮料,4.5,4,18,18
`FS100846,货道31,海之言[柠檬](PET500ml),INTR039011682,饮料,4,4,16,16
`FS100846,货道32,海之言[柠檬](PET500ml),INTR039011682,饮料,4,4,13,13
`FS100846,货道33,统一双萃[柠檬茶](PET500ml),INTR466012427,饮料,3,3,10,10
`FS100846,货道34,焕神[热带水果风味]饮料(PET460ml),INTR583011691,饮料,5,5,5,5
`FS101345,货道1,可口可乐[自购版](CAN330ml),INTR121011635,饮料,3,2.5,9969,9969
`FS101345,货道2,可口可乐[自购版](CAN330ml),INTR121011635,饮料,3,2.5,9944,9944
`FS101345,货道3,爱朵拉拿铁咖啡(CAN310ml),INTR459011637,饮料,4,4,9976,9976
`FS101345,货道4,爱朵拉拿铁咖啡(CAN310ml),INTR459011637,饮料,4,4,9969,9969
`FS101345,货道5,可口可乐[自购版](CAN330ml),INTR121011635,饮料,3,2.5,9956,9956
`FS101345,货道6,可口可乐[自购版](CAN330ml),INTR121011635,饮料,3,2.5,9966,9966
`FS101345,货道7,怡宝[纯净水](PET555ml),INTR128012109,矿泉水,2,2,9817,9817
`FS101345,货道8,体质能量(PET580ml),INTR468012175,饮料,4,4,9894,9894
`FS101345,货道9,可口可乐[自购版](PET500ml),INTR724012203,饮料,3.5,3.5,9888,9888
`FS101345,货道10,可口可乐[自购版](PET500ml),INTR724012203,饮料,3.5,3.5,9855,9855
`FS101345,货道11,雅哈[冰咖啡](PET450ml),INTR470011686,饮料,5.5,5.5,99972,99972
`FS101345,货道13,上海盐汽水(PET600ml),INTR332012201,饮料,3,3,9950,9950
`FS101345,货道14,,,,,0,0,0
`FS101345,货道15,统一蜜桃多(PET450ml),INTR769012352,饮料,3.5,3.5,9871,9871
`FS101345,货道16,,,,,0,0,0
`FS101345,货道17,海之言[柠檬](PET500ml),INTR039011682,饮料,4,4,9924,9924
`FS101345,货道19,海之言[柠檬](PET500ml),INTR039011682,饮料,4,4,9856,9856
`FS101345,货道21,海之言[柠檬](PET500ml),INTR039011682,饮料,4,4,9875,9875
`FS101345,货道23,饮养四季[金桔柠檬](PET500ml),INTR372011680,饮料,3.5,3,9893,9893
`FS101345,货道24,饮养四季[金桔柠檬](PET500ml),INTR372011680,饮料,3.5,3,9905,9905
`FS101345,货道25,统一阿萨姆[奶茶原味](PET500ml),INTR230011689,饮料,4.5,4.5,9979,9979
`FS101345,货道26,统一阿萨姆[奶茶原味](PET500ml),INTR230011689,饮料,4.5,4.5,9953,9953
`FS101345,货道27,统一冰绿茶[青梅绿茶](PET500ml),INTR469011681,饮料,3,3,9951,9951
`FS101345,货道28,统一冰绿茶[青梅绿茶](PET500ml),INTR469011681,饮料,3,3,9912,9912
`FS101345,货道29,元气森林苏打气泡水[荔枝味](PET480ml),INTR976013213,饮料,4,5,9964,9964
`FS101345,货道30,元气森林苏打气泡水[荔枝味](PET480ml),INTR976013213,饮料,4,5,9969,9969
`FS101345,货道31,小茗同学[溜溜哒茶](PET480ml),INTR973011692,饮料,5,5,9981,9981
`FS101345,货道32,小茗同学[溜溜哒茶](PET480ml),INTR973011692,饮料,5,5,9967,9967
`FS101345,货道33,统一冰红茶[柠檬](PET500ml),INTR894011688,饮料,3,3,9956,9956
`FS101345,货道34,统一冰红茶[柠檬](PET500ml),INTR894011688,饮料,3,3,9923,9923
`FS101328,货道1,可口可乐[自购版](CAN330ml),INTR121011635,饮料,3,2.5,9990,9990
`FS101328,货道2,可口可乐[自购版](CAN330ml),INTR121011635,饮料,3,2.5,9992,9992
`FS101328,货道3,爱朵拉拿铁咖啡(CAN310ml),INTR459011637,饮料,4,4,9996,9996
`FS101328,货道4,爱朵拉拿铁咖啡(CAN310ml),INTR459011637,饮料,4,4,9987,9987
`FS101328,货道5,可口可乐[自购版](CAN330ml),INTR121011635,饮料,3,2.5,9991,9991
`FS101328,货道6,可口可乐[自购版](CAN330ml),INTR121011635,饮料,3,2.5,9982,9982
`FS101328,货道7,怡宝[纯净水](PET555ml),INTR128012109,矿泉水,2,2,9920,9920
`FS101328,货道8,体质能量(PET580ml),INTR468012175,饮料,4,4,9956,9956
`FS101328,货道9,可口可乐[自购版](PET500ml),INTR724012203,饮料,3.5,3.5,9968,9968
`FS101328,货道10,可口可乐[自购版](PET500ml),INTR724012203,饮料,3.5,3.5,9930,9930
`FS101328,货道11,雅哈[冰咖啡](PET450ml),INTR470011686,饮料,5.5,5.5,9938,9938
`FS101328,货道13,上海盐汽水(PET600ml),INTR332012201,饮料,3,3,9988,9988
`FS101328,货道14,,,,,0,0,0
`FS101328,货道15,统一蜜桃多(PET450ml),INTR769012352,饮料,3.5,3.5,9956,9956
`FS101328,货道16,,,,,0,0,0
`FS101328,货道17,海之言[柠檬](PET500ml),INTR039011682,饮料,4,4,9966,9966
`FS101328,货道19,海之言[柠檬](PET500ml),INTR039011682,饮料,4,4,9926,9926
`FS101328,货道21,海之言[柠檬](PET500ml),INTR039011682,饮料,4,4,9935,9935
`FS101328,货道23,饮养四季[金桔柠檬](PET500ml),INTR372011680,饮料,3.5,3,9947,9947
`FS101328,货道24,饮养四季[金桔柠檬](PET500ml),INTR372011680,饮料,3.5,3,9969,9969
`FS101328,货道25,统一阿萨姆[奶茶原味](PET500ml),INTR230011689,饮料,4.5,4.5,9994,9994
`FS101328,货道26,统一阿萨姆[奶茶原味](PET500ml),INTR230011689,饮料,4.5,4.5,9980,9980
`FS101328,货道27,统一冰绿茶[青梅绿茶](PET500ml),INTR469011681,饮料,3,3,9970,9970
`FS101328,货道28,统一冰绿茶[青梅绿茶](PET500ml),INTR469011681,饮料,3,3,0,0
`FS101328,货道29,元气森林苏打气泡水[荔枝味](PET480ml),INTR976013213,饮料,4,5,9997,9997
`FS101328,货道30,元气森林苏打气泡水[荔枝味](PET480ml),INTR976013213,饮料,4,5,9992,9992
`FS101328,货道31,小茗同学[溜溜哒茶](PET480ml),INTR973011692,饮料,5,5,9990,9990
`FS101328,货道32,小茗同学[溜溜哒茶](PET480ml),INTR973011692,饮料,5,5,9984,9984
`FS101328,货道33,统一冰红茶[柠檬](PET500ml),INTR894011688,饮料,3,3,9990,9990
`FS101328,货道34,统一冰红茶[柠檬](PET500ml),INTR894011688,饮料,3,3,9984,9984
`FS101275,货道1,可口可乐[自购版](CAN330ml),INTR121011635,饮料,3,2.5,9980,9980
`FS101275,货道2,可口可乐[自购版](CAN330ml),INTR121011635,饮料,3,2.5,9957,9957
`FS101275,货道3,爱朵拉拿铁咖啡(CAN310ml),INTR459011637,饮料,4,4,9977,9977
`FS101275,货道4,爱朵拉拿铁咖啡(CAN310ml),INTR459011637,饮料,4,4,9969,9969
`FS101275,货道5,可口可乐[自购版](CAN330ml),INTR121011635,饮料,3,2.5,9914,9914
`FS101275,货道6,可口可乐[自购版](CAN330ml),INTR121011635,饮料,3,2.5,9915,9915
`FS101275,货道7,怡宝[纯净水](PET555ml),INTR128012109,矿泉水,2,2,9862,9862
`FS101275,货道8,体质能量(PET580ml),INTR468012175,饮料,4,4,9833,9833
`FS101275,货道9,可口可乐[自购版](PET500ml),INTR724012203,饮料,3.5,3.5,9932,9932
`FS101275,货道10,可口可乐[自购版](PET500ml),INTR724012203,饮料,3.5,3.5,9896,9896
`FS101275,货道11,雅哈[冰咖啡](PET450ml),INTR470011686,饮料,5.5,5.5,9921,9921
`FS101275,货道13,可口可乐[自购版](PET500ml),INTR724012203,饮料,3.5,3.5,9900,9900
`FS101275,货道14,,,,,0,0,0
`FS101275,货道15,统一蜜桃多(PET450ml),INTR769012352,饮料,3.5,3.5,9924,9924
`FS101275,货道16,,,,,0,0,0
`FS101275,货道17,海之言[柠檬](PET500ml),INTR039011682,饮料,4,4,9947,9947
`FS101275,货道19,海之言[柠檬](PET500ml),INTR039011682,饮料,4,4,9894,9894
`FS101275,货道21,海之言[柠檬](PET500ml),INTR039011682,饮料,4,4,9880,9880
`FS101275,货道23,饮养四季[金桔柠檬](PET500ml),INTR372011680,饮料,3.5,3,9902,9902
`FS101275,货道24,饮养四季[金桔柠檬](PET500ml),INTR372011680,饮料,3.5,3,9924,9924
`FS101275,货道25,统一阿萨姆[奶茶原味](PET500ml),INTR230011689,饮料,4.5,4.5,9981,9981
`FS101275,货道26,统一阿萨姆[奶茶原味](PET500ml),INTR230011689,饮料,4.5,4.5,9969,9969
`FS101275,货道27,统一冰绿茶[青梅绿茶](PET500ml),INTR469011681,饮料,3,3,9946,9946
`FS101275,货道28,统一冰绿茶[青梅绿茶](PET500ml),INTR469011681,饮料,3,3,9930,9930
`FS101275,货道29,元气森林苏打气泡水[荔枝味](PET480ml),INTR976013213,饮料,4,5,9974,9974
`FS101275,货道30,元气森林苏打气泡水[荔枝味](PET480ml),INTR976013213,饮料,4,5,9977,9977
`FS101275,货道31,小茗同学[溜溜哒茶](PET480ml),INTR973011692,饮料,5,5,9943,9943
`FS101275,货道32,小茗同学[溜溜哒茶](PET480ml),INTR973011692,饮料,5,5,9936,9936
`FS101275,货道33,统一冰红茶[柠檬](PET500ml),INTR894011688,饮料,3,3,9958,9958
`FS101275,货道34,统一冰红茶[柠檬](PET500ml),INTR894011688,饮料,3,3,9926,9926
`FS101262,货道1,可口可乐[自购版](CAN330ml),INTR121011635,饮料,3,2.5,9968,9968
`FS101262,货道2,可口可乐[自购版](CAN330ml),INTR121011635,饮料,3,2.5,9949,9949
`FS101262,货道3,爱朵拉拿铁咖啡(CAN310ml),INTR459011637,饮料,4,4,9994,9994
`FS101262,货道4,爱朵拉拿铁咖啡(CAN310ml),INTR459011637,饮料,4,4,9980,9980
`FS101262,货道5,可口可乐[自购版](CAN330ml),INTR121011635,饮料,3,2.5,9960,9960
`FS101262,货道6,可口可乐[自购版](CAN330ml),INTR121011635,饮料,3,2.5,9955,9955
`FS101262,货道7,怡宝[纯净水](PET555ml),INTR128012109,矿泉水,2,2,9927,9927
`FS101262,货道8,体质能量(PET580ml),INTR468012175,饮料,4,4,9943,9943
`FS101262,货道9,可口可乐[自购版](PET500ml),INTR724012203,饮料,3.5,3.5,9947,9947
`FS101262,货道10,可口可乐[自购版](PET500ml),INTR724012203,饮料,3.5,3.5,9942,9942
`FS101262,货道11,雅哈[冰咖啡](PET450ml),INTR470011686,饮料,5.5,5.5,9971,9971
`FS101262,货道13,上海盐汽水(PET600ml),INTR332012201,饮料,3,3,9918,9918
`FS101262,货道14,,,,,0,0,0
`FS101262,货道15,统一蜜桃多(PET450ml),INTR769012352,饮料,3.5,3.5,9945,9945
`FS101262,货道16,,,,,0,0,0
`FS101262,货道17,海之言[柠檬](PET500ml),INTR039011682,饮料,4,4,9964,9964
`FS101262,货道19,海之言[柠檬](PET500ml),INTR039011682,饮料,4,4,9913,9913
`FS101262,货道21,海之言[柠檬](PET500ml),INTR039011682,饮料,4,4,9927,9927
`FS101262,货道23,饮养四季[金桔柠檬](PET500ml),INTR372011680,饮料,3.5,3,9950,9950
`FS101262,货道24,饮养四季[金桔柠檬](PET500ml),INTR372011680,饮料,3.5,3,9922,9922
`FS101262,货道25,统一阿萨姆[奶茶原味](PET500ml),INTR230011689,饮料,4.5,4.5,9993,9993
`FS101262,货道26,统一阿萨姆[奶茶原味](PET500ml),INTR230011689,饮料,4.5,4.5,9986,9986
`FS101262,货道27,统一冰绿茶[青梅绿茶](PET500ml),INTR469011681,饮料,3,3,9961,9961
`FS101262,货道28,统一冰绿茶[青梅绿茶](PET500ml),INTR469011681,饮料,3,3,9953,9953
`FS101262,货道29,元气森林苏打气泡水[荔枝味](PET480ml),INTR976013213,饮料,4,5,9985,9985
`FS101262,货道30,元气森林苏打气泡水[荔枝味](PET480ml),INTR976013213,饮料,4,5,9974,9974
`FS101262,货道31,小茗同学[溜溜哒茶](PET480ml),INTR973011692,饮料,5,5,9984,9984
`FS101262,货道32,小茗同学[溜溜哒茶](PET480ml),INTR973011692,饮料,5,5,9983,9983
`FS101262,货道33,统一冰红茶[柠檬](PET500ml),INTR894011688,饮料,3,3,9990,9990
`FS101262,货道34,统一冰红茶[柠檬](PET500ml),INTR894011688,饮料,3,3,9948,9948
`FS100233,货道1,可口可乐[自购版](CAN330ml),INTR121011635,饮料,3,2.5,19,19
`FS100233,货道2,可口可乐[自购版](CAN330ml),INTR121011635,饮料,3,2.5,18,18
`FS100233,货道3,可口可乐[自购版](CAN330ml),INTR121011635,饮料,3,2.5,15,15
`FS100233,货道4,统一好料道[仙草凉茶](CAN310ml),INTR791011678,饮料,4,4,14,14
`FS100233,货道5,王老吉凉茶(CAN310ml),INTR472012173,饮料,3.5,4,12,12
`FS100233,货道6,王老吉凉茶(CAN310ml),INTR472012173,饮料,3.5,4,12,12
`FS100233,货道7,可口可乐[自购版](PET500ml),INTR724012203,饮料,3.5,3.5,18,18
`FS100233,货道8,可口可乐[自购版](PET500ml),INTR724012203,饮料,3.5,3.5,18,18
`FS100233,货道9,海之言[柠檬](PET500ml),INTR039011682,饮料,4,4,14,14
`FS100233,货道10,海之言[柠檬](PET500ml),INTR039011682,饮料,4,4,13,13
`FS100233,货道11,雅哈[冰咖啡](PET450ml),INTR470011686,饮料,5.5,5.5,10,10
`FS100233,货道13,怡宝[纯净水](PET555ml),INTR128012109,矿泉水,2,2,18,18
`FS100233,货道14,,,,,,0,0
`FS100233,货道15,怡宝[纯净水](PET555ml),INTR128012109,矿泉水,2,2,18,18
`FS100233,货道16,,,,,,0,0
`FS100233,货道17,小茗同学[大麦红茶](PET480ml),INTR714012445,饮料,5,5,15,15
`FS100233,货道18,,,,,2.5,20,20
`FS100233,货道19,统一鲜橙多(CAN310ml),INTR767011663,饮料,3,2.5,13,13
`FS100233,货道20,统一鲜橙多(CAN310ml),INTR767011663,饮料,3,2.5,13,13
`FS100233,货道21,雪碧[自购版](CAN330ml),INTR685011636,饮料,3,2.5,20,20
`FS100233,货道22,雪碧[自购版](CAN330ml),INTR685011636,饮料,3,2.5,20,20
`FS100233,货道23,统一蜜桃多(CAN310ml),INTR765012351,饮料,3,2.5,20,20
`FS100233,货道24,饮养四季[金桔柠檬](PET500ml),INTR372011680,饮料,3.5,3.5,18,18
`FS100233,货道25,统一阿萨姆[白桃观音](PET450ml),INTR609013401,饮料,4.5,4.5,16,16
`FS100233,货道26,统一鲜橙多(PET450ml),INTR910011664,饮料,3.5,3.5,14,14
`FS100233,货道27,统一饮养四季[冰糖雪梨](PET500ml),INTR56004726,饮料,3.5,3.5,12,12
`FS100233,货道28,焕神[热带水果风味]饮料(PET460ml),INTR583011691,饮料,5,5,10,10
`FS100233,货道29,统一阿萨姆[奶茶原味](PET500ml),INTR230011689,饮料,4.5,4.5,20,20
`FS100233,货道30,统一阿萨姆[奶茶原味](PET500ml),INTR230011689,饮料,4.5,4.5,18,18
`FS100233,货道31,统一冰红茶[柠檬](PET500ml),INTR894011688,饮料,3,3,15,15
`FS100233,货道32,统一绿茶[茉莉](PET500ml),INTR577011683,饮料,3,3,14,14
`FS100233,货道33,统一冰绿茶[青梅绿茶](PET500ml),INTR469011681,饮料,3,3,12,12
`FS100233,货道34,统一冰绿茶[青梅绿茶](PET500ml),INTR469011681,饮料,3,3,10,10
`FS100311,货道1,可口可乐[自购版](CAN330ml),INTR121011635,饮料,3,2.5,13,13
`FS100311,货道2,可口可乐[自购版](CAN330ml),INTR121011635,饮料,3,2.5,16,16
`FS100311,货道3,可口可乐[自购版](CAN330ml),INTR121011635,饮料,3,2.5,7,7
`FS100311,货道4,统一好料道[仙草凉茶](CAN310ml),INTR791011678,饮料,4,4,11,11
`FS100311,货道5,统一蜜桃多(CAN310ml),INTR765012351,饮料,3,2.5,17,17
`FS100311,货道6,统一蜜桃多(CAN310ml),INTR765012351,饮料,3,2.5,14,14
`FS100311,货道7,怡宝[纯净水](PET555ml),INTR128012109,矿泉水,2,2,10,10
`FS100311,货道8,怡宝[纯净水](PET555ml),INTR128012109,矿泉水,2,2,8,8
`FS100311,货道9,海之言[柠檬](PET500ml),INTR039011682,饮料,4,4,13,13
`FS100311,货道10,海之言[柠檬](PET500ml),INTR039011682,饮料,4,4,18,18
`FS100311,货道11,雅哈[冰咖啡](PET450ml),INTR470011686,饮料,5.5,5.5,18,18
`FS100311,货道13,统一鲜橙多(PET450ml),INTR910011664,饮料,3.5,3.5,20,20
`FS100311,货道14,,,,,3.5,19,19
`FS100311,货道15,可口可乐[自购版](PET500ml),INTR724012203,饮料,3.5,3.5,19,19
`FS100311,货道16,,,,,,0,0
`FS100311,货道17,可口可乐[自购版](PET500ml),INTR724012203,饮料,3.5,3.5,17,17
`FS100311,货道18,,,,,,0,0
`FS100311,货道19,统一鲜橙多(CAN310ml),INTR767011663,饮料,3,2.5,11,11
`FS100311,货道20,统一鲜橙多(CAN310ml),INTR767011663,饮料,3,2.5,11,11
`FS100311,货道21,雪碧[自购版](CAN330ml),INTR685011636,饮料,3,2.5,18,18
`FS100311,货道22,雪碧[自购版](CAN330ml),INTR685011636,饮料,3,2.5,18,18
`FS100311,货道23,统一阿萨姆[奶茶原味](PET500ml),INTR230011689,饮料,4.5,4.5,16,16
`FS100311,货道24,统一阿萨姆[奶茶原味](PET500ml),INTR230011689,饮料,4.5,4.5,18,18
`FS100311,货道25,统一阿萨姆[奶茶原味](PET500ml),INTR230011689,饮料,4.5,4.5,15,15
`FS100311,货道26,统一阿萨姆[奶茶原味](PET500ml),INTR230011689,饮料,4.5,4.5,15,15
`FS100311,货道27,统一饮养四季[冰糖雪梨](PET500ml),INTR56004726,饮料,3.5,3.5,20,20
`FS100311,货道28,饮养四季[金桔柠檬](PET500ml),INTR372011680,饮料,3.5,3.5,17,17
`FS100311,货道29,小茗同学[大麦红茶](PET480ml),INTR714012445,饮料,5,5,15,15
`FS100311,货道30,统一绿茶[茉莉](PET500ml),INTR577011683,饮料,3,3,20,20
`FS100311,货道31,统一阿萨姆[白桃观音](PET450ml),INTR609013401,饮料,4.5,4.5,19,19
`FS100311,货道32,统一阿萨姆[青提茉莉](PET450ml),INTR269013402,饮料,4.5,4.5,13,13
`FS100311,货道33,统一冰红茶[柠檬](PET500ml),INTR894011688,饮料,3,3,18,18
`FS100311,货道34,统一冰绿茶[青梅绿茶](PET500ml),INTR469011681,饮料,3,3,19,19
`FS100230,货道1,可口可乐[自购版](CAN330ml),INTR121011635,饮料,3,2.5,18,18
`FS100230,货道2,可口可乐[自购版](CAN330ml),INTR121011635,饮料,3,2.5,18,18
`FS100230,货道3,可口可乐[自购版](CAN330ml),INTR121011635,饮料,3,2.5,16,16
`FS100230,货道4,统一好料道[仙草凉茶](CAN310ml),INTR791011678,饮料,4,4,14,14
`FS100230,货道5,王老吉凉茶(CAN310ml),INTR472012173,饮料,3.5,4,12,12
`FS100230,货道6,王老吉凉茶(CAN310ml),INTR472012173,饮料,3.5,4,10,10
`FS100230,货道7,可口可乐[自购版](PET500ml),INTR724012203,饮料,3.5,3.5,20,20
`FS100230,货道8,可口可乐[自购版](PET500ml),INTR724012203,饮料,3.5,3.5,17,17
`FS100230,货道9,海之言[柠檬](PET500ml),INTR039011682,饮料,4,4,16,16
`FS100230,货道10,海之言[柠檬](PET500ml),INTR039011682,饮料,4,4,13,13
`FS100230,货道11,雅哈[冰咖啡](PET450ml),INTR470011686,饮料,5.5,5.5,11,11
`FS100230,货道12,,,,,,0,0
`FS100230,货道13,怡宝[纯净水](PET555ml),INTR128012109,矿泉水,2,2,19,19
`FS100230,货道14,,,,,,0,0
`FS100230,货道15,怡宝[纯净水](PET555ml),INTR128012109,矿泉水,2,2,18,18
`FS100230,货道16,,,,,,0,0
`FS100230,货道17,小茗同学[大麦红茶](PET480ml),INTR714012445,饮料,5,5,16,16
`FS100230,货道18,,,,,,0,0
`FS100230,货道19,统一鲜橙多(CAN310ml),INTR767011663,饮料,3,2.5,13,13
`FS100230,货道20,统一鲜橙多(CAN310ml),INTR767011663,饮料,3,2.5,13,13
`FS100230,货道21,雪碧[自购版](CAN330ml),INTR685011636,饮料,3,2.5,12,12
`FS100230,货道22,雪碧[自购版](CAN330ml),INTR685011636,饮料,3,2.5,12,12
`FS100230,货道23,统一蜜桃多(CAN310ml),INTR765012351,饮料,3,2.5,20,20
`FS100230,货道24,统一阿萨姆[白桃观音](PET450ml),INTR609013401,饮料,4.5,4.5,19,19
`FS100230,货道25,统一冰红茶[柠檬](PET500ml),INTR894011688,饮料,3,3,16,16
`FS100230,货道26,统一鲜橙多(PET450ml),INTR910011664,饮料,3.5,3.5,13,13
`FS100230,货道27,统一鲜橙多(PET450ml),INTR910011664,饮料,3.5,3.5,13,13
`FS100230,货道28,统一饮养四季[冰糖雪梨](PET500ml),INTR56004726,饮料,3.5,3.5,11,11
`FS100230,货道29,统一阿萨姆[奶茶原味](PET500ml),INTR230011689,饮料,4.5,4.5,20,20
`FS100230,货道30,统一阿萨姆[奶茶原味](PET500ml),INTR230011689,饮料,4.5,4.5,17,17
`FS100230,货道31,统一绿茶[茉莉](PET500ml),INTR577011683,饮料,3,3,14,14
`FS100230,货道32,饮养四季[金桔柠檬](PET500ml),INTR372011680,饮料,3.5,3.5,15,15
`FS100230,货道33,统一冰绿茶[青梅绿茶](PET500ml),INTR469011681,饮料,3,3,12,12
`FS100230,货道34,焕神[热带水果风味]饮料(PET460ml),INTR583011691,饮料,5,5,11,11
`FS100745,货道1,可口可乐[自购版](CAN330ml),INTR121011635,饮料,3,2.5,19,19
`FS100745,货道2,可口可乐[自购版](CAN330ml),INTR121011635,饮料,3,2.5,20,20
`FS100745,货道3,可口可乐[自购版](CAN330ml),INTR121011635,饮料,3,2.5,20,20
`FS100745,货道4,统一好料道[仙草凉茶](CAN310ml),INTR791011678,饮料,4,4,20,20
`FS100745,货道5,王老吉凉茶(CAN310ml),INTR472012173,饮料,3.5,4,20,20
`FS100745,货道6,王老吉凉茶(CAN310ml),INTR472012173,饮料,3.5,4,20,20
`FS100745,货道7,统一阿萨姆[奶茶原味](PET500ml),INTR230011689,饮料,4.5,4.5,19,19
`FS100745,货道8,统一阿萨姆[奶茶原味](PET500ml),INTR230011689,饮料,4.5,4.5,20,20
`FS100745,货道9,统一阿萨姆[奶茶原味](PET500ml),INTR230011689,饮料,4.5,4.5,16,16
`FS100745,货道10,统一阿萨姆[奶茶原味](PET500ml),INTR230011689,饮料,4.5,4.5,14,14
`FS100745,货道11,统一阿萨姆[奶茶原味](PET500ml),INTR230011689,饮料,4.5,4.5,11,11
`FS100745,货道13,雪碧[自购版](CAN330ml),INTR685011636,饮料,3,2.5,20,20
`FS100745,货道14,统一鲜橙多(CAN310ml),INTR767011663,饮料,3,2.5,20,20
`FS100745,货道15,统一蜜桃多(CAN310ml),INTR765012351,饮料,3,2.5,19,19
`FS100745,货道16,统一蜜桃多(CAN310ml),INTR765012351,饮料,3,2.5,19,19
`FS100745,货道17,海之言[柠檬](PET500ml),INTR039011682,饮料,4,4,20,20
`FS100745,货道18,,,,,,0,0
`FS100745,货道19,海之言[柠檬](PET500ml),INTR039011682,饮料,4,4,20,20
`FS100745,货道20,,,,,,0,0
`FS100745,货道21,雅哈[冰咖啡](PET450ml),INTR470011686,饮料,5.5,5.5,20,20
`FS100745,货道22,,,,,,0,0
`FS100745,货道23,怡宝[纯净水](PET555ml),INTR128012109,矿泉水,2,2,20,20
`FS100745,货道24,饮养四季[金桔柠檬](PET500ml),INTR372011680,饮料,3.5,3.5,20,20
`FS100745,货道25,统一冰红茶[柠檬](PET500ml),INTR894011688,饮料,3,3,20,20
`FS100745,货道26,小茗同学[大麦红茶](PET480ml),INTR714012445,饮料,5,5,15,15
`FS100745,货道27,统一饮养四季[冰糖雪梨](PET500ml),INTR56004726,饮料,3.5,3.5,20,20
`FS100745,货道28,焕神[热带水果风味]饮料(PET460ml),INTR583011691,饮料,5,5,20,20
`FS100745,货道29,怡宝[纯净水](PET555ml),INTR128012109,矿泉水,2,2,20,20
`FS100745,货道30,统一鲜橙多(PET450ml),INTR910011664,饮料,3.5,3.5,20,20
`FS100745,货道31,统一绿茶[茉莉](PET500ml),INTR577011683,饮料,3,3,20,20
`FS100745,货道32,统一阿萨姆[青提茉莉](PET450ml),INTR269013402,饮料,4.5,4.5,20,20
`FS100745,货道33,统一冰绿茶[青梅绿茶](PET500ml),INTR469011681,饮料,3,3,20,20
`FS100745,货道34,统一冰绿茶[青梅绿茶](PET500ml),INTR469011681,饮料,3,3,20,20
`FS100146,货道1,统一冰红茶(CAN310ml),INTR115011662,饮料,2.5,2.5,99999,99999
`FS100146,货道2,统一冰红茶(CAN310ml),INTR115011662,饮料,2.5,2.5,99995,99995
`FS100146,货道3,雪碧[自购版](CAN330ml),INTR685011636,饮料,3,3,99994,99994
`FS100146,货道4,雪碧[自购版](CAN330ml),INTR685011636,饮料,3,3,99996,99996
`FS100146,货道5,统一鲜橙多(CAN310ml),INTR767011663,饮料,3,3,99989,99989
`FS100146,货道6,统一鲜橙多(CAN310ml),INTR767011663,饮料,3,3,99994,99994
`FS100146,货道7,娃哈哈葡萄汁(PET500ml),INTR106013579,饮料,3,3.5,99988,99988
`FS100146,货道8,娃哈哈葡萄汁(PET500ml),INTR106013579,饮料,3,3.5,99985,99985
`FS100146,货道9,娃哈哈葡萄汁(PET500ml),INTR106013579,饮料,3,3.5,99963,99963
`FS100146,货道10,海之言[柠檬](PET500ml),INTR039011682,饮料,4,4,99991,99991
`FS100146,货道11,海之言[柠檬](PET500ml),INTR039011682,饮料,4,4,99975,99975
`FS100146,货道13,可口可乐[自购版](PET500ml),INTR724012203,饮料,3.5,3.5,99971,99971
`FS100146,货道14,,,,,,0,0
`FS100146,货道15,可口可乐[自购版](PET500ml),INTR724012203,饮料,3.5,3.5,99974,99974
`FS100146,货道16,,,,,,0,0
`FS100146,货道17,可口可乐[自购版](PET500ml),INTR724012203,饮料,3.5,3.5,99974,99974
`FS100146,货道19,统一鲜橙多(PET450ml),INTR910011664,饮料,3.5,3.5,99984,99984
`FS100146,货道21,统一鲜橙多(PET450ml),INTR910011664,饮料,3.5,3.5,99971,99971
`FS100146,货道23,统一绿茶[茉莉](PET500ml),INTR577011683,饮料,3,3,99976,99976
`FS100146,货道24,统一绿茶[茉莉](PET500ml),INTR577011683,饮料,3,3,99987,99987
`FS100146,货道25,统一绿茶[茉莉](PET500ml),INTR577011683,饮料,3,3,99988,99988
`FS100146,货道26,焕神[热带水果风味]饮料(PET460ml),INTR583011691,饮料,5,5,99992,99992
`FS100146,货道27,统一轻啵苏打水[柠檬味](PET500ml),INTR773011687,饮料,3.5,3.5,99999,99999
`FS100146,货道28,统一轻啵苏打水[柠檬味](PET500ml),INTR773011687,饮料,3.5,3.5,99997,99997
`FS100146,货道29,小茗同学[青柠红茶](PET480ml),INTR297011693,饮料,5,5,99983,99983
`FS100146,货道30,统一冰红茶[柠檬](PET500ml),INTR894011688,饮料,3,3,99990,99990
`FS100146,货道31,统一冰红茶[柠檬](PET500ml),INTR894011688,饮料,3,3,99992,99992
`FS100146,货道32,怡宝[纯净水](PET555ml),INTR128012109,矿泉水,2,2,99990,99990
`FS100146,货道33,怡宝[纯净水](PET555ml),INTR128012109,矿泉水,2,2,99984,99984
`FS100146,货道34,怡宝[纯净水](PET555ml),INTR128012109,矿泉水,2,2,99981,99981
`FS100215,货道1,,,,,0,0,0
`FS100215,货道2,,,,,0,0,0
`FS100215,货道3,,,,,0,0,0
`FS100215,货道4,,,,,0,0,0
`FS100215,货道5,统一冰红茶(CAN310ml),INTR115011662,饮料,2.5,2.5,9997,9997
`FS100215,货道6,统一冰红茶(CAN310ml),INTR115011662,饮料,2.5,2.5,9999,9999
`FS100215,货道7,统一阿萨姆[奶茶原味](PET500ml),INTR230011689,饮料,4.5,4.5,9998,9998
`FS100215,货道8,统一阿萨姆[奶茶原味](PET500ml),INTR230011689,饮料,4.5,4.5,9997,9997
`FS100215,货道9,统一阿萨姆[奶茶原味](PET500ml),INTR230011689,饮料,4.5,4.5,9986,9986
`FS100215,货道10,雅哈[冰咖啡](PET450ml),INTR470011686,饮料,5.5,5.5,9988,9988
`FS100215,货道11,雅哈[冰咖啡](PET450ml),INTR470011686,饮料,5.5,5.5,9994,9994
`FS100215,货道13,百事可乐(PET600ml),INTR065012794,饮料,3.5,3.5,9984,9984
`FS100215,货道14,,,,,0,0,0
`FS100215,货道15,百事可乐(PET600ml),INTR065012794,饮料,3.5,3.5,9989,9989
`FS100215,货道16,,,,,0,0,0
`FS100215,货道17,脉动[青柠味](PET600ml),INTR924012868,饮料,4,5,11,11
`FS100215,货道19,娃哈哈营养快线(PET500ml),INTR409012898,饮料,5,5,9990,9990
`FS100215,货道21,统一冰红茶[柠檬](PET500ml),INTR894011688,饮料,3,3,9993,9993
`FS100215,货道23,统一绿茶[茉莉](PET500ml),INTR577011683,饮料,3,3,9982,9982
`FS100215,货道24,怡宝[纯净水](PET555ml),INTR128012109,矿泉水,2,2,9987,9987
`FS100215,货道25,统一冰绿茶[青梅绿茶](PET500ml),INTR469011681,饮料,3,3,9998,9998
`FS100215,货道26,统一鲜橙多(PET450ml),INTR910011664,饮料,3.5,3.5,9987,9987
`FS100215,货道27,饮养四季[金桔柠檬](PET500ml),INTR372011680,饮料,3.5,3.5,9999,9999
`FS100215,货道28,统一茶裏王[无糖台式乌龙茶](PET420ml),INTR904011685,饮料,5,6,9999,9999
`FS100215,货道29,小茗同学[青柠红茶](PET480ml),INTR297011693,饮料,5,5,9993,9993
`FS100215,货道30,焕神[热带水果风味]饮料(PET460ml),INTR583011691,饮料,5,5,9990,9990
`FS100215,货道31,达利园青梅绿茶(PET500ml),INTR537012876,饮料,3,3,10,10
`FS100215,货道32,今麦郎芒顿小镇柠檬水(PET500ml),INTR322012790,饮料,2.5,3,9994,9994
`FS100215,货道33,海之言[柠檬](PET500ml),INTR039011682,饮料,4,4,9990,9990
`FS100215,货道34,海之言[柠檬](PET500ml),INTR039011682,饮料,4,4,9991,9991
`FS100345,货道1,台福[高钙花生牛奶](CAN365ml),INTR531012172,饮料,3.5,3.5,16,16
`FS100345,货道2,王老吉凉茶(CAN310ml),INTR472012173,饮料,3.5,3.5,16,16
`FS100345,货道3,乐虎维生素功能饮料(CAN250ml),INTR995012194,饮料,5.5,5.5,15,15
`FS100345,货道4,统一鲜橙多(CAN310ml),INTR767011663,饮料,3,3,14,14
`FS100345,货道5,台福[高钙花生牛奶](CAN365ml),INTR531012172,饮料,3.5,3.5,8,8
`FS100345,货道6,统一鲜橙多(CAN310ml),INTR767011663,饮料,3,3,7,7
`FS100345,货道7,农夫山泉(PET550ml),INTR993012106,矿泉水,2,2,6,6
`FS100345,货道8,百香公举[百香果](PET480ml),INTR017012171,饮料,4,4,17,17
`FS100345,货道9,统一绿茶[茉莉](PET500ml),INTR577011683,饮料,3,3,14,14
`FS100345,货道10,统一绿茶[茉莉](PET500ml),INTR577011683,饮料,3,3,3,3
`FS100345,货道11,饮养四季[金桔柠檬](PET500ml),INTR372011680,饮料,3.5,3,7,7
`FS100345,货道13,可口可乐[自购版](PET500ml),INTR724012203,饮料,3.5,3.5,20,20
`FS100345,货道15,统一饮养四季[冰糖雪梨](PET500ml),INTR56004726,饮料,3.5,3,17,17
`FS100345,货道17,饮养四季[金桔柠檬](PET500ml),INTR372011680,饮料,3.5,3,12,12
`FS100345,货道19,小茗同学[溜溜哒茶](PET480ml),INTR973011692,饮料,5,5,13,13
`FS100345,货道21,统一绿茶[茉莉](PET500ml),INTR577011683,饮料,3,3,8,8
`FS100345,货道23,统一绿茶[茉莉](PET500ml),INTR577011683,饮料,3,3,16,16
`FS100345,货道24,统一鲜橙多(PET450ml),INTR910011664,饮料,3.5,3.5,18,18
`FS100345,货道25,统一冰红茶[柠檬](PET500ml),INTR894011688,饮料,3,3,15,15
`FS100345,货道26,统一冰红茶[柠檬](PET500ml),INTR894011688,饮料,3,3,13,13
`FS100345,货道27,统一冰红茶[柠檬](PET500ml),INTR894011688,饮料,3,3,12,12
`FS100345,货道28,统一好料道[仙草凉茶](CAN310ml),INTR791011678,饮料,4,4,10,10
`FS100345,货道29,三得利乌龙茶[无糖](PET500ml),INTR907013377,饮料,5,5,15,15
`FS100345,货道30,统一阿萨姆[奶茶原味](PET500ml),INTR230011689,饮料,4.5,4,14,14
`FS100345,货道31,统一阿萨姆[奶茶原味](PET500ml),INTR230011689,饮料,4.5,4,14,14
`FS100345,货道32,海之言[柠檬](PET500ml),INTR039011682,饮料,4,4,9,9
`FS100345,货道33,焕神[热带水果风味]饮料(PET460ml),INTR583011691,饮料,5,5,3,3
`FS100345,货道34,统一冰绿茶[青梅绿茶](PET500ml),INTR469011681,饮料,3,3,3,3
`FS101296,货道1,可口可乐[自购版](CAN330ml),INTR121011635,饮料,3,2.5,59,59
`FS101296,货道2,小野[芒果汁](CAN245ml),INTR457012418,饮料,3,3,93,93
`FS101296,货道3,可口可乐[自购版](CAN330ml),INTR121011635,饮料,3,2.5,38,38
`FS101296,货道4,统一好料道[仙草凉茶](CAN310ml),INTR791011678,饮料,4,4,71,71
`FS101296,货道5,雪碧[自购版](CAN330ml),INTR685011636,饮料,3,2.5,41,41
`FS101296,货道6,爱朵拉拿铁咖啡(CAN310ml),INTR459011637,饮料,4,4,82,82
`FS101296,货道7,怡宝[纯净水](PET555ml),INTR128012109,矿泉水,2,2,66,66
`FS101296,货道8,体质能量(PET580ml),INTR468012175,饮料,4,4,24,24
`FS101296,货道9,可口可乐[自购版](PET500ml),INTR724012203,饮料,3.5,3.5,89,89
`FS101296,货道10,可口可乐[自购版](PET500ml),INTR724012203,饮料,3.5,3.5,94,94
`FS101296,货道11,可口可乐[自购版](PET500ml),INTR724012203,饮料,3.5,3.5,85,85
`FS101296,货道12,,,,,,0,0
`FS101296,货道13,统一轻啵苏打水[桃花味](PET500ml),INTR876012423,饮料,3.5,3.5,82,82
`FS101296,货道14,,,,,0,0,0
`FS101296,货道15,统一阿萨姆[奶茶原味](PET500ml),INTR230011689,饮料,4.5,4.5,80,80
`FS101296,货道16,,,,,0,0,0
`FS101296,货道17,海之言[柠檬](PET500ml),INTR039011682,饮料,4,4,96,96
`FS101296,货道18,,,,,,0,0
`FS101296,货道19,海之言[柠檬](PET500ml),INTR039011682,饮料,4,4,83,83
`FS101296,货道20,,,,,,0,0
`FS101296,货道21,海之言[柠檬](PET500ml),INTR039011682,饮料,4,4,90,90
`FS101296,货道22,,,,,,0,0
`FS101296,货道23,焕神[热带水果风味]饮料(PET460ml),INTR583011691,饮料,5,5,67,67
`FS101296,货道24,小茗同学[溜溜哒茶](PET480ml),INTR973011692,饮料,5,5,60,60
`FS101296,货道25,统一冰红茶[柠檬](PET500ml),INTR894011688,饮料,3,3,69,69
`FS101296,货道26,体质能量(PET580ml),INTR468012175,饮料,4,4,18,18
`FS101296,货道27,统一茶裏王[无糖台式乌龙茶](PET420ml),INTR904011685,饮料,5,5,80,80
`FS101296,货道28,今麦郎芒顿小镇柠檬水(PET500ml),INTR322012790,饮料,2.5,3,68,68
`FS101296,货道29,焕神[热带水果风味]饮料(PET460ml),INTR583011691,饮料,5,5,68,68
`FS101296,货道30,雅哈[冰咖啡](PET450ml),INTR470011686,饮料,5.5,5.5,14,14
`FS101296,货道31,统一阿萨姆[奶茶原味](PET500ml),INTR230011689,饮料,4.5,4.5,37,37
`FS101296,货道32,饮养四季[金桔柠檬](PET500ml),INTR372011680,饮料,3.5,3.5,0,0
`FS101296,货道33,统一冰绿茶[青梅绿茶](PET500ml),INTR469011681,饮料,3,3,99,99
`FS101296,货道34,饮养四季[金桔柠檬](PET500ml),INTR372011680,饮料,3.5,3.5,68,68
`FS100590,货道1,统一蜜桃多(CAN310ml),INTR765012351,饮料,3,2.5,1,1
`FS100590,货道2,统一好料道[仙草凉茶](CAN310ml),INTR791011678,饮料,4,4,11,11
`FS100590,货道3,可口可乐[自购版](CAN330ml),INTR121011635,饮料,3,2.5,1,1
`FS100590,货道4,可口可乐[自购版](CAN330ml),INTR121011635,饮料,3,2.5,1,1
`FS100590,货道5,统一鲜橙多(CAN310ml),INTR767011663,饮料,3,2.5,1,1
`FS100590,货道6,爱朵拉拿铁咖啡(CAN310ml),INTR459011637,饮料,4,4,8,8
`FS100590,货道7,怡宝[纯净水](PET555ml),INTR128012109,矿泉水,2,2,0,0
`FS100590,货道8,怡宝[纯净水](PET555ml),INTR128012109,矿泉水,2,2,4,4
`FS100590,货道9,怡宝[纯净水](PET555ml),INTR128012109,矿泉水,2,2,8,8
`FS100590,货道10,雅哈[冰咖啡](PET450ml),INTR470011686,饮料,5.5,5.5,1,1
`FS100590,货道11,统一轻啵苏打水[柠檬味](PET500ml),INTR773011687,饮料,3.5,3.5,9,9
`FS100590,货道13,小茗同学[溜溜哒茶](PET480ml),INTR973011692,饮料,5,5,13,13
`FS100590,货道15,统一阿萨姆[奶茶原味](PET500ml),INTR230011689,饮料,4.5,4.5,5,5
`FS100590,货道17,统一阿萨姆[奶茶原味](PET500ml),INTR230011689,饮料,4.5,4.5,2,2
`FS100590,货道19,海之言[柠檬](PET500ml),INTR039011682,饮料,4,4,4,4
`FS100590,货道21,海之言[柠檬](PET500ml),INTR039011682,饮料,4,4,4,4
`FS100590,货道23,焕神[热带水果风味]饮料(PET460ml),INTR583011691,饮料,5,5,0,0
`FS100590,货道24,焕神[热带水果风味]饮料(PET460ml),INTR583011691,饮料,5,5,2,2
`FS100590,货道25,统一冰红茶[柠檬](PET500ml),INTR894011688,饮料,3,3,5,5
`FS100590,货道26,统一冰红茶[柠檬](PET500ml),INTR894011688,饮料,3,3,2,2
`FS100590,货道27,统一冰绿茶[青梅绿茶](PET500ml),INTR469011681,饮料,3,3,7,7
`FS100590,货道28,统一茶裏王[无糖日式绿茶](PET420ml),INTR185012092,饮料,5,5,5,5
`FS100590,货道29,统一鲜橙多(PET450ml),INTR910011664,饮料,3.5,3.5,17,17
`FS100590,货道30,统一鲜橙多(PET450ml),INTR910011664,饮料,3.5,3.5,16,16
`FS100590,货道31,统一绿茶[茉莉](PET500ml),INTR577011683,饮料,3,3,2,2
`FS100590,货道32,饮养四季[金桔柠檬](PET500ml),INTR372011680,饮料,3.5,3.5,9,9
`FS100590,货道33,饮养四季[金桔柠檬](PET500ml),INTR372011680,饮料,3.5,3.5,5,5
`FS100590,货道34,统一饮养四季[冰糖雪梨](PET500ml),INTR56004726,饮料,3.5,3.5,6,6
`FS100760,货道1,可口可乐[自购版](CAN330ml),INTR121011635,饮料,3,2.5,2,2
`FS100760,货道2,可口可乐[自购版](CAN330ml),INTR121011635,饮料,3,2.5,7,7
`FS100760,货道3,统一蜜桃多(CAN310ml),INTR765012351,饮料,3,2.5,12,12
`FS100760,货道4,统一好料道[仙草凉茶](CAN310ml),INTR791011678,饮料,4,4,14,14
`FS100760,货道5,统一鲜橙多(CAN310ml),INTR767011663,饮料,3,2.5,11,11
`FS100760,货道6,爱朵拉拿铁咖啡(CAN310ml),INTR459011637,饮料,4,4,8,8
`FS100760,货道7,怡宝[纯净水](PET555ml),INTR128012109,矿泉水,2,2,0,0
`FS100760,货道8,怡宝[纯净水](PET555ml),INTR128012109,矿泉水,2,2,1,1
`FS100760,货道9,怡宝[纯净水](PET555ml),INTR128012109,矿泉水,2,2,2,2
`FS100760,货道10,雅哈[冰咖啡](PET450ml),INTR470011686,饮料,5.5,5.5,9,9
`FS100760,货道11,统一轻啵苏打水[柠檬味](PET500ml),INTR773011687,饮料,3.5,3.5,10,10
`FS100760,货道13,统一阿萨姆[奶茶原味](PET500ml),INTR230011689,饮料,4.5,4.5,13,13
`FS100760,货道15,统一阿萨姆[奶茶原味](PET500ml),INTR230011689,饮料,4.5,4.5,12,12
`FS100760,货道17,统一阿萨姆[奶茶原味](PET500ml),INTR230011689,饮料,4.5,4.5,9,9
`FS100760,货道19,统一阿萨姆[奶茶原味](PET500ml),INTR230011689,饮料,4.5,4.5,6,6
`FS100760,货道21,统一阿萨姆[奶茶原味](PET500ml),INTR230011689,饮料,4.5,4.5,2,2
`FS100760,货道23,焕神[热带水果风味]饮料(PET460ml),INTR583011691,饮料,5,5,16,16
`FS100760,货道24,焕神[热带水果风味]饮料(PET460ml),INTR583011691,饮料,5,5,14,14
`FS100760,货道25,统一冰红茶[柠檬](PET500ml),INTR894011688,饮料,3,3,5,5
`FS100760,货道26,小茗同学[溜溜哒茶](PET480ml),INTR973011692,饮料,5,5,11,11
`FS100760,货道27,统一冰绿茶[青梅绿茶](PET500ml),INTR469011681,饮料,3,3,12,12
`FS100760,货道28,统一茶裏王[无糖日式绿茶](PET420ml),INTR185012092,饮料,5,5,7,7
`FS100760,货道29,统一鲜橙多(PET450ml),INTR910011664,饮料,3.5,3.5,17,17
`FS100760,货道30,统一鲜橙多(PET450ml),INTR910011664,饮料,3.5,3.5,17,17
`FS100760,货道31,统一绿茶[茉莉](PET500ml),INTR577011683,饮料,3,3,6,6
`FS100760,货道32,海之言[柠檬](PET500ml),INTR039011682,饮料,4,4,3,3
`FS100760,货道33,饮养四季[金桔柠檬](PET500ml),INTR372011680,饮料,3.5,3.5,7,7
`FS100760,货道34,统一饮养四季[冰糖雪梨](PET500ml),INTR56004726,饮料,3.5,3.5,8,8
`FS100077,货道1,可口可乐[自购版](CAN330ml),INTR121011635,饮料,3,2.5,914,914
`FS100077,货道2,爱朵拉拿铁咖啡(CAN310ml),INTR459011637,饮料,4,4,983,983
`FS100077,货道3,宏宝莱碳酸饮料汽水荔枝味(CAN330ml),INTR992013247,饮料,3,2.5,978,978
`FS100077,货道4,雪碧[自购版](CAN330ml),INTR685011636,饮料,3,2.5,972,972
`FS100077,货道5,小野[芒果汁](CAN245ml),INTR457012418,饮料,3,3,985,985
`FS100077,货道6,三得利利趣拿铁(CAN310ml),INTR861012877,饮料,4,4,956,956
`FS100077,货道7,怡宝[纯净水](PET555ml),INTR128012109,矿泉水,2,2,942,942
`FS100077,货道8,元气森林苏打气泡水[荔枝味](PET480ml),INTR976013213,饮料,4,5,975,975
`FS100077,货道9,可口可乐[自购版](PET500ml),INTR724012203,饮料,3.5,3.5,939,939
`FS100077,货道10,可口可乐[自购版](PET500ml),INTR724012203,饮料,3.5,3.5,934,934
`FS100077,货道11,可口可乐[自购版](PET500ml),INTR724012203,饮料,3.5,3.5,940,940
`FS100077,货道13,体质能量(PET580ml),INTR468012175,饮料,4,4,946,946
`FS100077,货道14,,,,,0,0,0
`FS100077,货道15,统一冰绿茶[青梅绿茶](PET500ml),INTR469011681,饮料,3,3,909,909
`FS100077,货道16,,,,,0,0,0
`FS100077,货道17,,,,,4,99,99
`FS100077,货道19,饮养四季[金桔柠檬](PET500ml),INTR372011680,饮料,3.5,3.5,888,888
`FS100077,货道21,海之言[桃桃百香果](PET500ml),INTR950012403,饮料,4,4,945,945
`FS100077,货道23,统一轻啵苏打水[桃花味](PET500ml),INTR876012423,饮料,3.5,3.5,980,980
`FS100077,货道24,焕神[热带水果风味]饮料(PET460ml),INTR583011691,饮料,5,5,957,957
`FS100077,货道25,雅哈[冰咖啡](PET450ml),INTR470011686,饮料,5.5,5.5,879,879
`FS100077,货道26,海之言[蓝莓](PET500ml),INTR526012420,饮料,4,4,855,855
`FS100077,货道27,统一冰红茶[柠檬](PET500ml),INTR894011688,饮料,3,3,991,991
`FS100077,货道28,统一冰红茶[柠檬](PET500ml),INTR894011688,饮料,3,3,965,965
`FS100077,货道29,小茗同学[溜溜哒茶](PET480ml),INTR973011692,饮料,5,5,980,980
`FS100077,货道30,小茗同学[溜溜哒茶](PET480ml),INTR973011692,饮料,5,5,937,937
`FS100077,货道31,今麦郎芒顿小镇柠檬水(PET500ml),INTR322012790,饮料,2.5,3,989,989
`FS100077,货道32,统一阿萨姆[奶茶原味](PET500ml),INTR230011689,饮料,4.5,4.5,948,948
`FS100077,货道33,统一阿萨姆[奶茶原味](PET500ml),INTR230011689,饮料,4.5,4.5,974,974
`FS100077,货道34,统一茶裏王[无糖台式乌龙茶](PET420ml),INTR904011685,饮料,5,5,986,986
`FS100342,货道1,台福[高钙花生牛奶](CAN365ml),INTR531012172,饮料,3.5,3.5,16,16
`FS100342,货道2,百事可乐(CAN330ml),INTR785012174,饮料,2.5,2.5,15,15
`FS100342,货道3,统一蜜桃多(CAN310ml),INTR765012351,饮料,3,2.5,16,16
`FS100342,货道4,米源冰晶葡萄(CAN310ml),INTR290012105,饮料,2.5,2.5,8,8
`FS100342,货道5,统一鲜橙多(CAN310ml),INTR767011663,饮料,3,2.5,12,12
`FS100342,货道6,统一鲜橙多(CAN310ml),INTR767011663,饮料,3,2.5,10,10
`FS100342,货道7,农夫山泉(PET550ml),INTR993012106,矿泉水,2,2,15,15
`FS100342,货道8,百香公举[百香果](PET480ml),INTR017012171,饮料,4,4,18,18
`FS100342,货道9,统一绿茶[茉莉](PET500ml),INTR577011683,饮料,3,3,11,11
`FS100342,货道10,统一绿茶[茉莉](PET500ml),INTR577011683,饮料,3,3,9,9
`FS100342,货道11,饮养四季[金桔柠檬](PET500ml),INTR372011680,饮料,3.5,3,7,7
`FS100342,货道13,可口可乐[自购版](PET500ml),INTR724012203,饮料,3.5,3,12,12
`FS100342,货道15,统一饮养四季[冰糖雪梨](PET500ml),INTR56004726,饮料,3.5,3,17,17
`FS100342,货道17,饮养四季[金桔柠檬](PET500ml),INTR372011680,饮料,3.5,3,13,13
`FS100342,货道19,统一双萃[柠檬茶](PET500ml),INTR466012427,饮料,3,3,12,12
`FS100342,货道21,统一绿茶[茉莉](PET500ml),INTR577011683,饮料,3,3,7,7
`FS100342,货道23,今麦郎茉莉蜜茶(PET500ml),INTR701012110,饮料,4,3,23,23
`FS100342,货道24,统一鲜橙多(PET450ml),INTR910011664,饮料,3.5,3.5,18,18
`FS100342,货道25,统一冰红茶[柠檬](PET500ml),INTR894011688,饮料,3,3,16,16
`FS100342,货道26,统一冰红茶[柠檬](PET500ml),INTR894011688,饮料,3,3,14,14
`FS100342,货道27,统一冰红茶[柠檬](PET500ml),INTR894011688,饮料,3,3,11,11
`FS100342,货道28,统一好料道[仙草凉茶](CAN310ml),INTR791011678,饮料,4,4,10,10
`FS100342,货道29,统一冰绿茶[青梅绿茶](PET500ml),INTR469011681,饮料,3,3,20,20
`FS100342,货道30,统一阿萨姆[奶茶原味](PET500ml),INTR230011689,饮料,4.5,4,10,10
`FS100342,货道31,统一阿萨姆[奶茶原味](PET500ml),INTR230011689,饮料,4.5,4,16,16
`FS100342,货道32,海之言[柠檬](PET500ml),INTR039011682,饮料,4,4,11,11
`FS100342,货道33,焕神[热带水果风味]饮料(PET460ml),INTR583011691,饮料,5,5,3,3
`FS100342,货道34,今麦郎芒顿小镇蜜桃水(PET500ml),INTR133012193,饮料,2.5,2.5,0,0
`FS100084,货道1,统一冰红茶(CAN310ml),INTR115011662,饮料,2.5,2.5,9997,9997
`FS100084,货道2,统一鲜橙多(CAN310ml),INTR767011663,饮料,3,3,9985,9985
`FS100084,货道3,可口可乐[自购版](CAN330ml),INTR121011635,饮料,3,3,9994,9994
`FS100084,货道4,可口可乐[自购版](CAN330ml),INTR121011635,饮料,3,3,9997,9997
`FS100084,货道5,雪碧[自购版](CAN330ml),INTR685011636,饮料,3,3,9985,9985
`FS100084,货道6,雪碧[自购版](CAN330ml),INTR685011636,饮料,3,3,9999,9999
`FS100084,货道7,百事可乐(PET500ml),INTR859012793,饮料,3.5,3.5,9952,9952
`FS100084,货道8,百事可乐(PET500ml),INTR859012793,饮料,3.5,3.5,9949,9949
`FS100084,货道9,健力宝运动饮料[橙蜜](PET560ml),INTR216012107,饮料,4,4,9975,9975
`FS100084,货道10,统一绿茶[茉莉](PET500ml),INTR577011683,饮料,3,3,9995,9995
`FS100084,货道11,统一阿萨姆[奶茶原味](PET500ml),INTR230011689,饮料,4.5,4.5,9988,9988
`FS100084,货道13,ALKAQUA[饮用天然矿泉水](PET570ml),INTR997009154,矿泉水,4,4,9993,9993
`FS100084,货道14,,,,,,0,0
`FS100084,货道15,统一鲜橙多(PET450ml),INTR910011664,饮料,3.5,3.5,9984,9984
`FS100084,货道16,,,,,,0,0
`FS100084,货道17,统一阿萨姆[奶茶原味](PET500ml),INTR230011689,饮料,4.5,4.5,9961,9961
`FS100084,货道19,统一冰绿茶[青梅绿茶](PET500ml),INTR469011681,饮料,3,3,9986,9986
`FS100084,货道21,统一冰绿茶[青梅绿茶](PET500ml),INTR469011681,饮料,3,3,9987,9987
`FS100084,货道23,焕神[热带水果风味]饮料(PET460ml),INTR583011691,饮料,5,5,9977,9977
`FS100084,货道24,饮养四季[金桔柠檬](PET500ml),INTR372011680,饮料,3.5,3.5,9978,9978
`FS100084,货道25,娃哈哈AD钙(PET450ml),INTR722013399,饮料,5,5,9962,9962
`FS100084,货道26,焕神[热带水果风味]饮料(PET460ml),INTR583011691,饮料,5,5,9959,9959
`FS100084,货道27,小茗同学[溜溜哒茶](PET480ml),INTR973011692,饮料,5,5,9992,9992
`FS100084,货道28,雅哈[冰咖啡](PET450ml),INTR470011686,饮料,5.5,5.5,9984,9984
`FS100084,货道29,统一冰红茶[柠檬](PET500ml),INTR894011688,饮料,3,3,9984,9984
`FS100084,货道30,统一冰红茶[柠檬](PET500ml),INTR894011688,饮料,3,3,9965,9965
`FS100084,货道31,统一轻啵苏打水[柠檬味](PET500ml),INTR773011687,饮料,3.5,3.5,9999,9999
`FS100084,货道32,统一阿萨姆[奶茶原味](PET500ml),INTR230011689,饮料,4.5,4.5,9989,9989
`FS100084,货道33,统一绿茶[茉莉](PET500ml),INTR577011683,饮料,3,3,9986,9986
`FS100084,货道34,统一茶裏王[无糖台式乌龙茶](PET420ml),INTR904011685,饮料,5,5,9998,9998
`FS101314,货道1,可口可乐[自购版](CAN330ml),INTR121011635,饮料,3,2.5,977,977
`FS101314,货道2,雪碧[自购版](CAN330ml),INTR685011636,饮料,3,2.5,992,992
`FS101314,货道3,宏宝莱碳酸饮料汽水荔枝味(CAN330ml),INTR992013247,饮料,3,2.5,997,997
`FS101314,货道4,小野[芒果汁](CAN245ml),INTR457012418,饮料,3,3,998,998
`FS101314,货道5,爱朵拉拿铁咖啡(CAN310ml),INTR459011637,饮料,4,4,993,993
`FS101314,货道6,统一好料道[仙草凉茶](CAN310ml),INTR791011678,饮料,4,4,997,997
`FS101314,货道7,体质能量(PET580ml),INTR468012175,饮料,4,4,993,993
`FS101314,货道8,体质能量(PET580ml),INTR468012175,饮料,4,4,994,994
`FS101314,货道9,可口可乐(PET500ml),INTR310011684,饮料,3.5,3.5,990,990
`FS101314,货道10,可口可乐(PET500ml),INTR310011684,饮料,3.5,3.5,991,991
`FS101314,货道11,可口可乐(PET500ml),INTR310011684,饮料,3.5,3.5,993,993
`FS101314,货道13,焕神[热带水果风味]饮料(PET460ml),INTR583011691,饮料,5,5,986,986
`FS101314,货道14,,,,,0,0,0
`FS101314,货道15,统一冰绿茶[青梅绿茶](PET500ml),INTR469011681,饮料,3,3,978,978
`FS101314,货道16,,,,,0,0,0
`FS101314,货道17,海之言[柠檬](PET500ml),INTR039011682,饮料,4,4,991,991
`FS101314,货道19,海之言[柠檬](PET500ml),INTR039011682,饮料,4,4,990,990
`FS101314,货道21,怡宝[纯净水](PET555ml),INTR128012109,矿泉水,2,2,986,986
`FS101314,货道23,饮养四季[金桔柠檬](PET500ml),INTR372011680,饮料,3.5,3.5,996,996
`FS101314,货道24,饮养四季[金桔柠檬](PET500ml),INTR372011680,饮料,3.5,3.5,988,988
`FS101314,货道25,统一冰红茶[柠檬](PET500ml),INTR894011688,饮料,3,3,996,996
`FS101314,货道26,统一冰红茶[柠檬](PET500ml),INTR894011688,饮料,3,3,994,994
`FS101314,货道27,今麦郎芒顿小镇柠檬水(PET500ml),INTR322012790,饮料,2.5,3,995,995
`FS101314,货道28,统一茶裏王[无糖台式乌龙茶](PET420ml),INTR904011685,饮料,5,5,995,995
`FS101314,货道29,怡宝[纯净水](PET555ml),INTR128012109,矿泉水,2,2,988,988
`FS101314,货道30,统一阿萨姆[奶茶原味](PET500ml),INTR230011689,饮料,4.5,4.5,997,997
`FS101314,货道31,统一阿萨姆[奶茶原味](PET500ml),INTR230011689,饮料,4.5,4.5,993,993
`FS101314,货道32,雅哈[冰咖啡](PET450ml),INTR470011686,饮料,5.5,5.5,990,990
`FS101314,货道33,统一轻啵苏打水[桃花味](PET500ml),INTR876012423,饮料,3.5,3.5,995,995
`FS101314,货道34,统一轻啵苏打水[桃花味](PET500ml),INTR876012423,饮料,3.5,3.5,995,995
`FS101305,货道1,可口可乐[自购版](CAN330ml),INTR121011635,饮料,3,2.5,946,946
`FS101305,货道2,雪碧[自购版](CAN330ml),INTR685011636,饮料,3,2.5,990,990
`FS101305,货道3,宏宝莱碳酸饮料汽水荔枝味(CAN330ml),INTR992013247,饮料,3,2.5,992,992
`FS101305,货道4,小野[芒果汁](CAN245ml),INTR457012418,饮料,3,3,997,997
`FS101305,货道5,爱朵拉拿铁咖啡(CAN310ml),INTR459011637,饮料,4,4,986,986
`FS101305,货道6,统一好料道[仙草凉茶](CAN310ml),INTR791011678,饮料,4,4,999,999
`FS101305,货道7,体质能量(PET580ml),INTR468012175,饮料,4,4,985,985
`FS101305,货道8,体质能量(PET580ml),INTR468012175,饮料,4,4,993,993
`FS101305,货道9,可口可乐(PET500ml),INTR310011684,饮料,3.5,3.5,984,984
`FS101305,货道10,可口可乐(PET500ml),INTR310011684,饮料,3.5,3.5,980,980
`FS101305,货道11,可口可乐(PET500ml),INTR310011684,饮料,3.5,3.5,980,980
`FS101305,货道13,焕神[热带水果风味]饮料(PET460ml),INTR583011691,饮料,5,5,986,986
`FS101305,货道14,,,,,0,0,0
`FS101305,货道15,统一冰绿茶[青梅绿茶](PET500ml),INTR469011681,饮料,3,3,967,967
`FS101305,货道16,,,,,0,0,0
`FS101305,货道17,海之言[柠檬](PET500ml),INTR039011682,饮料,4,4,972,972
`FS101305,货道19,海之言[柠檬](PET500ml),INTR039011682,饮料,4,4,985,985
`FS101305,货道21,,,,,4,99,99
`FS101305,货道23,饮养四季[金桔柠檬](PET500ml),INTR372011680,饮料,3.5,3.5,988,988
`FS101305,货道24,饮养四季[金桔柠檬](PET500ml),INTR372011680,饮料,3.5,3.5,985,985
`FS101305,货道25,统一冰红茶[柠檬](PET500ml),INTR894011688,饮料,3,3,988,988
`FS101305,货道26,统一冰红茶[柠檬](PET500ml),INTR894011688,饮料,3,3,996,996
`FS101305,货道27,今麦郎芒顿小镇柠檬水(PET500ml),INTR322012790,饮料,2.5,3,995,995
`FS101305,货道28,统一茶裏王[无糖台式乌龙茶](PET420ml),INTR904011685,饮料,5,5,985,985
`FS101305,货道29,怡宝[纯净水](PET555ml),INTR128012109,矿泉水,2,2,927,927
`FS101305,货道30,统一阿萨姆[奶茶原味](PET500ml),INTR230011689,饮料,4.5,4.5,996,996
`FS101305,货道31,统一阿萨姆[奶茶原味](PET500ml),INTR230011689,饮料,4.5,4.5,992,992
`FS101305,货道32,雅哈[冰咖啡](PET450ml),INTR470011686,饮料,5.5,5.5,994,994
`FS101305,货道33,统一轻啵苏打水[桃花味](PET500ml),INTR876012423,饮料,3.5,3.5,995,995
`FS101305,货道34,统一轻啵苏打水[桃花味](PET500ml),INTR876012423,饮料,3.5,3.5,991,991
`FS100118,货道1,可口可乐[自购版](CAN330ml),INTR121011635,饮料,3,2.5,816,816
`FS100118,货道2,雪碧[自购版](CAN330ml),INTR685011636,饮料,3,2.5,886,886
`FS100118,货道3,宏宝莱碳酸饮料汽水荔枝味(CAN330ml),INTR992013247,饮料,3,2.5,849,849
`FS100118,货道4,爱朵拉拿铁咖啡(CAN310ml),INTR459011637,饮料,4,4,994,994
`FS100118,货道5,统一好料道[仙草凉茶](CAN310ml),INTR791011678,饮料,4,4,985,985
`FS100118,货道6,小野[芒果汁](CAN245ml),INTR457012418,饮料,3,3,997,997
`FS100118,货道7,体质能量(PET580ml),INTR468012175,饮料,4,4,925,925
`FS100118,货道8,体质能量(PET580ml),INTR468012175,饮料,4,4,940,940
`FS100118,货道9,可口可乐[自购版](PET500ml),INTR724012203,饮料,3.5,3.5,933,933
`FS100118,货道10,可口可乐[自购版](PET500ml),INTR724012203,饮料,3.5,3.5,901,901
`FS100118,货道11,可口可乐[自购版](PET500ml),INTR724012203,饮料,3.5,3.5,934,934
`FS100118,货道13,怡宝[纯净水](PET555ml),INTR128012109,矿泉水,2,2,939,939
`FS100118,货道14,,,,,0,0,0
`FS100118,货道15,统一冰绿茶[青梅绿茶](PET500ml),INTR469011681,饮料,3,3,884,884
`FS100118,货道16,,,,,0,0,0
`FS100118,货道17,雅哈[冰咖啡](PET450ml),INTR470011686,饮料,5.5,5.5,985,985
`FS100118,货道19,海之言[柠檬](PET500ml),INTR039011682,饮料,4,4,881,881
`FS100118,货道21,海之言[柠檬](PET500ml),INTR039011682,饮料,4,4,878,878
`FS100118,货道23,统一阿萨姆[奶茶原味](PET500ml),INTR230011689,饮料,4.5,4.5,968,968
`FS100118,货道24,统一阿萨姆[奶茶原味](PET500ml),INTR230011689,饮料,4.5,4.5,966,966
`FS100118,货道25,统一冰红茶[柠檬](PET500ml),INTR894011688,饮料,3,3,965,965
`FS100118,货道26,统一冰红茶[柠檬](PET500ml),INTR894011688,饮料,3,3,954,954
`FS100118,货道27,统一轻啵苏打水[桃花味](PET500ml),INTR876012423,饮料,3.5,3.5,957,957
`FS100118,货道28,小茗同学[溜溜哒茶](PET480ml),INTR973011692,饮料,5,5,982,982
`FS100118,货道29,饮养四季[金桔柠檬](PET500ml),INTR372011680,饮料,3.5,3.5,929,929
`FS100118,货道30,饮养四季[金桔柠檬](PET500ml),INTR372011680,饮料,3.5,3.5,890,890
`FS100118,货道31,今麦郎芒顿小镇柠檬水(PET500ml),INTR322012790,饮料,2.5,3,958,958
`FS100118,货道32,统一茶裏王[无糖台式乌龙茶](PET420ml),INTR904011685,饮料,5,5,995,995
`FS100118,货道33,,,,,3,99,99
`FS100118,货道34,焕神[热带水果风味]饮料(PET460ml),INTR583011691,饮料,5,5,951,951
`FS100229,货道1,可口可乐[自购版](CAN330ml),INTR121011635,饮料,3,2.5,6,6
`FS100229,货道2,可口可乐[自购版](CAN330ml),INTR121011635,饮料,3,2.5,1,1
`FS100229,货道3,统一鲜橙多(CAN310ml),INTR767011663,饮料,3,2.5,1,1
`FS100229,货道4,统一蜜桃多(CAN310ml),INTR765012351,饮料,3,2.5,1,1
`FS100229,货道5,统一绿茶[茉莉](PET500ml),INTR577011683,饮料,3,3,99,99
`FS100229,货道6,王老吉凉茶(CAN310ml),INTR472012173,饮料,3.5,4,7,7
`FS100229,货道7,怡宝[纯净水](PET555ml),INTR128012109,矿泉水,2,2,7,7
`FS100229,货道8,怡宝[纯净水](PET555ml),INTR128012109,矿泉水,2,2,6,6
`FS100229,货道9,怡宝[纯净水](PET555ml),INTR128012109,矿泉水,2,2,14,14
`FS100229,货道10,雅哈[冰咖啡](PET450ml),INTR470011686,饮料,5.5,5.5,9,9
`FS100229,货道11,统一轻啵苏打水[柠檬味](PET500ml),INTR773011687,饮料,3.5,3.5,12,12
`FS100229,货道13,小茗同学[溜溜哒茶](PET480ml),INTR973011692,饮料,5,5,19,19
`FS100229,货道15,统一阿萨姆[奶茶原味](PET500ml),INTR230011689,饮料,4.5,4.5,10,10
`FS100229,货道17,统一阿萨姆[奶茶原味](PET500ml),INTR230011689,饮料,4.5,4.5,6,6
`FS100229,货道19,海之言[柠檬](PET500ml),INTR039011682,饮料,4,4,9,9
`FS100229,货道21,海之言[柠檬](PET500ml),INTR039011682,饮料,4,4,9,9
`FS100229,货道23,焕神[热带水果风味]饮料(PET460ml),INTR583011691,饮料,5,5,14,14
`FS100229,货道24,焕神[热带水果风味]饮料(PET460ml),INTR583011691,饮料,5,5,14,14
`FS100229,货道25,统一冰红茶[柠檬](PET500ml),INTR894011688,饮料,3,3,10,10
`FS100229,货道26,统一冰红茶[柠檬](PET500ml),INTR894011688,饮料,3,3,10,10
`FS100229,货道27,统一冰绿茶[青梅绿茶](PET500ml),INTR469011681,饮料,3,3,8,8
`FS100229,货道28,统一茶裏王[无糖日式绿茶](PET420ml),INTR185012092,饮料,5,5,9,9
`FS100229,货道29,统一鲜橙多(PET450ml),INTR910011664,饮料,3.5,3.5,20,20
`FS100229,货道30,统一鲜橙多(PET450ml),INTR910011664,饮料,3.5,3.5,14,14
`FS100229,货道31,统一绿茶[茉莉](PET500ml),INTR577011683,饮料,3,3,4,4
`FS100229,货道32,统一绿茶[茉莉](PET500ml),INTR577011683,饮料,3,3,12,12
`FS100229,货道33,饮养四季[金桔柠檬](PET500ml),INTR372011680,饮料,3.5,3.5,12,12
`FS100229,货道34,统一饮养四季[冰糖雪梨](PET500ml),INTR56004726,饮料,3.5,3.5,9,9
`FS101263,货道1,可口可乐[自购版](CAN330ml),INTR121011635,饮料,3,2.5,838,838
`FS101263,货道2,小野[芒果汁](CAN245ml),INTR457012418,饮料,3,3,975,975
`FS101263,货道3,爱朵拉拿铁咖啡(CAN310ml),INTR459011637,饮料,4,4,966,966
`FS101263,货道4,雪碧[自购版](CAN330ml),INTR685011636,饮料,3,2.5,901,901
`FS101263,货道5,统一好料道[仙草凉茶](CAN310ml),INTR791011678,饮料,4,4,978,978
`FS101263,货道6,三得利利趣拿铁(CAN310ml),INTR861012877,饮料,4,4,948,948
`FS101263,货道7,怡宝[纯净水](PET555ml),INTR128012109,矿泉水,2,2,913,913
`FS101263,货道8,体质能量(PET580ml),INTR468012175,饮料,4,4,948,948
`FS101263,货道9,统一冰红茶[柠檬](PET500ml),INTR894011688,饮料,3,3,894,894
`FS101263,货道10,今麦郎芒顿小镇柠檬水(PET500ml),INTR322012790,饮料,2.5,3,983,983
`FS101263,货道11,海之言[柠檬](PET500ml),INTR039011682,饮料,4,4,858,858
`FS101263,货道13,焕神[热带水果风味]饮料(PET460ml),INTR583011691,饮料,5,5,939,939
`FS101263,货道14,,,,,0,0,0
`FS101263,货道15,体质能量(PET580ml),INTR468012175,饮料,4,4,925,925
`FS101263,货道16,,,,,0,0,0
`FS101263,货道17,可口可乐[自购版](PET500ml),INTR724012203,饮料,3.5,3.5,833,833
`FS101263,货道19,可口可乐[自购版](PET500ml),INTR724012203,饮料,3.5,3.5,882,882
`FS101263,货道21,海之言[柠檬](PET500ml),INTR039011682,饮料,4,4,856,856
`FS101263,货道23,统一轻啵苏打水[桃花味](PET500ml),INTR876012423,饮料,3.5,3.5,984,984
`FS101263,货道24,统一茶裏王[无糖台式乌龙茶](PET420ml),INTR904011685,饮料,5,5,918,918
`FS101263,货道25,海之言[柠檬](PET500ml),INTR039011682,饮料,4,4,911,911
`FS101263,货道26,统一冰绿茶[青梅绿茶](PET500ml),INTR469011681,饮料,3,3,863,863
`FS101263,货道27,小茗同学[溜溜哒茶](PET480ml),INTR973011692,饮料,5,5,954,954
`FS101263,货道28,小茗同学[溜溜哒茶](PET480ml),INTR973011692,饮料,5,5,953,953
`FS101263,货道29,焕神[热带水果风味]饮料(PET460ml),INTR583011691,饮料,5,5,959,959
`FS101263,货道30,雅哈[冰咖啡](PET450ml),INTR470011686,饮料,5.5,5.5,890,890
`FS101263,货道31,统一阿萨姆[奶茶原味](PET500ml),INTR230011689,饮料,4.5,4.5,979,979
`FS101263,货道32,饮养四季[金桔柠檬](PET500ml),INTR372011680,饮料,3.5,3.5,837,837
`FS101263,货道33,统一阿萨姆[奶茶原味](PET500ml),INTR230011689,饮料,4.5,4.5,918,918
`FS101263,货道34,统一阿萨姆[奶茶原味](PET500ml),INTR230011689,饮料,4.5,4.5,967,967
`FS100860,货道1,统一蜜桃多(CAN310ml),INTR765012351,饮料,3,3,950,950
`FS100860,货道2,统一蜜桃多(CAN310ml),INTR765012351,饮料,3,3,849,849
`FS100860,货道3,统一冰绿茶[青梅绿茶](CAN310ml),INTG116100075,饮料,2.5,2.5,861,861
`FS100860,货道4,统一冰绿茶[青梅绿茶](CAN310ml),INTG116100075,饮料,2.5,2.5,852,852
`FS100860,货道5,银鹭八宝粥[桂圆莲子](CAN360g),INTR760012867,食品,3.5,4,865,865
`FS100860,货道6,台福[高钙花生牛奶](CAN365ml),INTR531012172,饮料,3.5,4,824,824
`FS100860,货道7,雪碧(PET500ml),INTR274011679,饮料,3.5,3,274,274
`FS100860,货道8,百事可乐(PET500ml),INTR859012793,饮料,3.5,3,468,468
`FS100860,货道9,农夫水溶C100(PET445ml),14473,开门柜,1,5,839,839
`FS100860,货道10,统一饮养四季[冰糖雪梨](PET500ml),INTR56004726,饮料,3.5,3.5,827,827
`FS100860,货道11,统一阿萨姆[白桃观音](PET450ml),INTR609013401,饮料,4.5,4.5,872,872
`FS100860,货道13,统一冰红茶[柠檬](PET500ml),INTR894011688,饮料,3,3,491,491
`FS100860,货道15,统一冰绿茶[青梅绿茶](PET500ml),INTR469011681,饮料,3,3,748,748
`FS100860,货道17,统一阿萨姆[白桃观音](PET450ml),INTR609013401,饮料,4.5,4.5,912,912
`FS100860,货道19,饮养四季[金桔柠檬](PET500ml),INTR372011680,饮料,3.5,3.5,794,794
`FS100860,货道21,可口可乐(PET500ml),INTR310011684,饮料,3.5,3,572,572
`FS100860,货道23,统一鲜橙多(PET450ml),INTR910011664,饮料,3.5,3.5,764,764
`FS100860,货道24,统一鲜橙多(PET450ml),INTR910011664,饮料,3.5,3.5,717,717
`FS100860,货道25,海之言[柠檬](PET500ml),INTR039011682,饮料,4,4,781,781
`FS100860,货道26,海之言[柠檬](PET500ml),INTR039011682,饮料,4,4,844,844
`FS100860,货道27,统一茉莉蜜茶(PET500ml),INTR815013715,饮料,3,3,821,821
`FS100860,货道28,统一茉莉蜜茶(PET500ml),INTR815013715,饮料,3,3,823,823
`FS100860,货道29,怡宝[纯净水](PET555ml),INTR128012109,矿泉水,2,2,327,327
`FS100860,货道30,怡宝[纯净水](PET555ml),INTR128012109,矿泉水,2,2,720,720
`FS100860,货道31,怡宝[纯净水](PET555ml),INTR128012109,矿泉水,2,2,944,944
`FS100860,货道32,怡宝[纯净水](PET555ml),INTR128012109,矿泉水,2,2,887,887
`FS100860,货道33,小茗同学[青柠红茶](PET480ml),INTR297011693,饮料,5,5,899,899
`FS100860,货道34,焕神[热带水果风味]饮料(PET460ml),INTR583011691,饮料,5,5,894,894
`FS101347,货道1,可口可乐[自购版](CAN330ml),INTR121011635,饮料,3,2.5,772,772
`FS101347,货道2,爱朵拉拿铁咖啡(CAN310ml),INTR459011637,饮料,4,4,987,987
`FS101347,货道3,雪碧[自购版](CAN330ml),INTR685011636,饮料,3,2.5,811,811
`FS101347,货道4,小野[芒果汁](CAN245ml),INTR457012418,饮料,3,3,974,974
`FS101347,货道5,统一好料道[仙草凉茶](CAN310ml),INTR791011678,饮料,4,4,981,981
`FS101347,货道6,三得利利趣拿铁(CAN310ml),INTR861012877,饮料,4,4,949,949
`FS101347,货道7,怡宝[纯净水](PET555ml),INTR128012109,矿泉水,2,2,859,859
`FS101347,货道8,体质能量(PET580ml),INTR468012175,饮料,4,4,776,776
`FS101347,货道9,统一冰红茶[柠檬](PET500ml),INTR894011688,饮料,3,3,947,947
`FS101347,货道10,今麦郎芒顿小镇柠檬水(PET500ml),INTR322012790,饮料,2.5,3,925,925
`FS101347,货道11,焕神[热带水果风味]饮料(PET460ml),INTR583011691,饮料,5,5,912,912
`FS101347,货道13,统一茶裏王[无糖台式乌龙茶](PET420ml),INTR904011685,饮料,5,5,978,978
`FS101347,货道14,,,,,0,0,0
`FS101347,货道15,可口可乐[零度](500ml),INTR890011661,饮料,3.5,3.5,920,920
`FS101347,货道16,,,,,0,0,0
`FS101347,货道17,元气森林苏打气泡水[荔枝味](PET480ml),INTR976013213,饮料,4,4,927,927
`FS101347,货道19,统一轻啵苏打水[桃花味](PET500ml),INTR876012423,饮料,3.5,3.5,986,986
`FS101347,货道21,统一轻啵苏打水[桃花味](PET500ml),INTR876012423,饮料,3.5,3.5,991,991
`FS101347,货道23,焕神[热带水果风味]饮料(PET460ml),INTR583011691,饮料,5,5,887,887
`FS101347,货道24,小茗同学[溜溜哒茶](PET480ml),INTR973011692,饮料,5,5,907,907
`FS101347,货道25,统一冰红茶[柠檬](PET500ml),INTR894011688,饮料,3,3,877,877
`FS101347,货道26,饮养四季[金桔柠檬](PET500ml),INTR372011680,饮料,3.5,3.5,839,839
`FS101347,货道27,统一冰绿茶[青梅绿茶](PET500ml),INTR469011681,饮料,3,3,785,785
`FS101347,货道28,饮养四季[金桔柠檬](PET500ml),INTR372011680,饮料,3.5,3.5,907,907
`FS101347,货道29,统一阿萨姆[奶茶原味](PET500ml),INTR230011689,饮料,4.5,4.5,827,827
`FS101347,货道30,统一阿萨姆[奶茶原味](PET500ml),INTR230011689,饮料,4.5,4.5,930,930
`FS101347,货道31,统一阿萨姆[奶茶原味](PET500ml),INTR230011689,饮料,4.5,4.5,973,973
`FS101347,货道32,雅哈[冰咖啡](PET450ml),INTR470011686,饮料,5.5,5.5,900,900
`FS101347,货道33,海之言[柠檬](PET500ml),INTR039011682,饮料,4,4,772,772
`FS101347,货道34,海之言[柠檬](PET500ml),INTR039011682,饮料,4,4,835,835
`FS101317,货道1,可口可乐[自购版](CAN330ml),INTR121011635,饮料,3,2.5,904,904
`FS101317,货道2,爱朵拉拿铁咖啡(CAN310ml),INTR459011637,饮料,4,4,945,945
`FS101317,货道3,统一好料道[仙草凉茶](CAN310ml),INTR791011678,饮料,4,4,978,978
`FS101317,货道4,雪碧[自购版](CAN330ml),INTR685011636,饮料,3,2.5,943,943
`FS101317,货道5,小野[芒果汁](CAN245ml),INTR457012418,饮料,3,3,965,965
`FS101317,货道6,三得利利趣拿铁(CAN310ml),INTR861012877,饮料,4,4,897,897
`FS101317,货道7,怡宝[纯净水](PET555ml),INTR128012109,矿泉水,2,2,803,803
`FS101317,货道8,体质能量(PET580ml),INTR468012175,饮料,4,4,755,755
`FS101317,货道9,可口可乐[自购版](PET500ml),INTR724012203,饮料,3.5,3.5,914,914
`FS101317,货道10,小茗同学[溜溜哒茶](PET480ml),INTR973011692,饮料,5,5,928,928
`FS101317,货道11,统一冰红茶[柠檬](PET500ml),INTR894011688,饮料,3,3,865,865
`FS101317,货道13,统一轻啵苏打水[桃花味](PET500ml),INTR876012423,饮料,3.5,3.5,963,963
`FS101317,货道14,,,,,0,0,0
`FS101317,货道15,海之言[柠檬](PET500ml),INTR039011682,饮料,4,4,679,679
`FS101317,货道16,,,,,0,0,0
`FS101317,货道17,可口可乐[自购版](PET500ml),INTR724012203,饮料,3.5,3.5,924,924
`FS101317,货道19,可口可乐[自购版](PET500ml),INTR724012203,饮料,3.5,3.5,904,904
`FS101317,货道21,可口可乐[自购版](PET500ml),INTR724012203,饮料,3.5,3.5,853,853
`FS101317,货道23,饮养四季[金桔柠檬](PET500ml),INTR372011680,饮料,3.5,3.5,823,823
`FS101317,货道24,焕神[热带水果风味]饮料(PET460ml),INTR583011691,饮料,5,5,905,905
`FS101317,货道25,焕神[热带水果风味]饮料(PET460ml),INTR583011691,饮料,5,5,840,840
`FS101317,货道26,饮养四季[金桔柠檬](PET500ml),INTR372011680,饮料,3.5,3.5,894,894
`FS101317,货道27,元气森林苏打气泡水[荔枝味](PET480ml),INTR976013213,饮料,4,5,969,969
`FS101317,货道28,统一茶裏王[无糖台式乌龙茶](PET420ml),INTR904011685,饮料,5,5,954,954
`FS101317,货道29,统一阿萨姆[奶茶原味](PET500ml),INTR230011689,饮料,4.5,4.5,964,964
`FS101317,货道30,统一阿萨姆[奶茶原味](PET500ml),INTR230011689,饮料,4.5,4.5,898,898
`FS101317,货道31,统一阿萨姆[奶茶原味](PET500ml),INTR230011689,饮料,4.5,4.5,918,918
`FS101317,货道32,雅哈[冰咖啡](PET450ml),INTR470011686,饮料,5.5,5.5,810,810
`FS101317,货道33,统一冰绿茶[青梅绿茶](PET500ml),INTR469011681,饮料,3,3,818,818
`FS101317,货道34,今麦郎芒顿小镇柠檬水(PET500ml),INTR322012790,饮料,2.5,3,971,971
`FS100601,货道1,可口可乐[自购版](CAN330ml),INTR121011635,饮料,3,2.5,10,10
`FS100601,货道2,可口可乐[自购版](CAN330ml),INTR121011635,饮料,3,2.5,1,1
`FS100601,货道3,王老吉凉茶(CAN310ml),INTR472012173,饮料,3.5,4,13,13
`FS100601,货道4,统一蜜桃多(CAN310ml),INTR765012351,饮料,3,2.5,10,10
`FS100601,货道5,统一鲜橙多(CAN310ml),INTR767011663,饮料,3,2.5,6,6
`FS100601,货道6,爱朵拉拿铁咖啡(CAN310ml),INTR459011637,饮料,4,4,10,10
`FS100601,货道7,怡宝[纯净水](PET555ml),INTR128012109,矿泉水,2,2,0,0
`FS100601,货道8,怡宝[纯净水](PET555ml),INTR128012109,矿泉水,2,2,1,1
`FS100601,货道9,怡宝[纯净水](PET555ml),INTR128012109,矿泉水,2,2,2,2
`FS100601,货道10,雅哈[冰咖啡](PET450ml),INTR470011686,饮料,5.5,5.5,1,1
`FS100601,货道11,统一轻啵苏打水[柠檬味](PET500ml),INTR773011687,饮料,3.5,3.5,8,8
`FS100601,货道13,统一阿萨姆[奶茶原味](PET500ml),INTR230011689,饮料,4.5,4.5,2,2
`FS100601,货道15,统一阿萨姆[奶茶原味](PET500ml),INTR230011689,饮料,4.5,4.5,14,14
`FS100601,货道17,统一绿茶[茉莉](PET500ml),INTR577011683,饮料,3,3,2,2
`FS100601,货道19,焕神[热带水果风味]饮料(PET460ml),INTR583011691,饮料,5,5,8,8
`FS100601,货道21,焕神[热带水果风味]饮料(PET460ml),INTR583011691,饮料,5,5,2,2
`FS100601,货道23,海之言[柠檬](PET500ml),INTR039011682,饮料,4,4,18,18
`FS100601,货道24,海之言[柠檬](PET500ml),INTR039011682,饮料,4,4,11,11
`FS100601,货道25,统一冰红茶[柠檬](PET500ml),INTR894011688,饮料,3,3,6,6
`FS100601,货道26,统一冰红茶[柠檬](PET500ml),INTR894011688,饮料,3,3,7,7
`FS100601,货道27,统一冰绿茶[青梅绿茶](PET500ml),INTR469011681,饮料,3,3,12,12
`FS100601,货道28,统一冰绿茶[青梅绿茶](PET500ml),INTR469011681,饮料,3,3,7,7
`FS100601,货道29,统一鲜橙多(PET450ml),INTR910011664,饮料,3.5,3.5,17,17
`FS100601,货道30,统一鲜橙多(PET450ml),INTR910011664,饮料,3.5,3.5,9,9
`FS100601,货道31,小茗同学[溜溜哒茶](PET480ml),INTR973011692,饮料,5,5,13,13
`FS100601,货道32,饮养四季[金桔柠檬](PET500ml),INTR372011680,饮料,3.5,3.5,10,10
`FS100601,货道33,统一饮养四季[冰糖雪梨](PET500ml),INTR56004726,饮料,3.5,3.5,11,11
`FS100601,货道34,统一茶裏王[无糖日式绿茶](PET420ml),INTR185012092,饮料,5,5,4,4
`FS100575,货道1,统一鲜橙多(CAN310ml),INTR767011663,饮料,3,2.5,15,15
`FS100575,货道2,可口可乐[自购版](CAN330ml),INTR121011635,饮料,3,2.5,10,10
`FS100575,货道3,,,,,,0,0
`FS100575,货道4,可口可乐[自购版](CAN330ml),INTR121011635,饮料,3,2.5,12,12
`FS100575,货道5,可口可乐[自购版](CAN330ml),INTR121011635,饮料,3,2.5,6,6
`FS100575,货道6,可口可乐[自购版](CAN330ml),INTR121011635,饮料,3,2.5,5,5
`FS100575,货道7,统一鲜橙多(PET450ml),INTR910011664,饮料,3.5,3.5,17,17
`FS100575,货道8,统一鲜橙多(PET450ml),INTR910011664,饮料,3.5,3.5,14,14
`FS100575,货道9,怡宝[纯净水](PET555ml),INTR128012109,矿泉水,2,2,8,8
`FS100575,货道10,怡宝[纯净水](PET555ml),INTR128012109,矿泉水,2,2,8,8
`FS100575,货道11,怡宝[纯净水](PET555ml),INTR128012109,矿泉水,2,2,9,9
`FS100575,货道12,,,,,,0,0
`FS100575,货道13,海之言[柠檬](PET500ml),INTR039011682,饮料,4,4,17,17
`FS100575,货道14,,,,,,0,0
`FS100575,货道15,可口可乐[自购版](PET500ml),INTR724012203,饮料,3.5,3.5,6,6
`FS100575,货道16,,,,,,0,0
`FS100575,货道17,可口可乐[自购版](PET500ml),INTR724012203,饮料,3.5,3.5,10,10
`FS100575,货道18,,,,,,0,0
`FS100575,货道19,雪碧[自购版](CAN330ml),INTR685011636,饮料,3,2.5,8,8
`FS100575,货道20,雪碧[自购版](CAN330ml),INTR685011636,饮料,3,2.5,9,9
`FS100575,货道21,统一蜜桃多(CAN310ml),INTR765012351,饮料,3,2.5,7,7
`FS100575,货道22,统一蜜桃多(CAN310ml),INTR765012351,饮料,3,2.5,9,9
`FS100575,货道23,统一阿萨姆[青提茉莉](PET450ml),INTR269013402,饮料,4.5,4.5,16,16
`FS100575,货道24,饮养四季[金桔柠檬](PET500ml),INTR372011680,饮料,3.5,3.5,13,13
`FS100575,货道25,统一冰红茶[柠檬](PET500ml),INTR894011688,饮料,3,3,28,28
`FS100575,货道26,统一冰红茶[柠檬](PET500ml),INTR894011688,饮料,3,3,16,16
`FS100575,货道27,统一冰绿茶[青梅绿茶](PET500ml),INTR469011681,饮料,3,3,9,9
`FS100575,货道28,统一轻啵苏打水[柠檬味](PET500ml),INTR773011687,饮料,3.5,3.5,10,10
`FS100575,货道29,统一阿萨姆[奶茶原味](PET500ml),INTR230011689,饮料,4.5,4.5,20,20
`FS100575,货道30,统一阿萨姆[奶茶原味](PET500ml),INTR230011689,饮料,4.5,4.5,13,13
`FS100575,货道31,统一绿茶[茉莉](PET500ml),INTR577011683,饮料,3,3,14,14
`FS100575,货道32,统一绿茶[茉莉](PET500ml),INTR577011683,饮料,3,3,16,16
`FS100575,货道33,小茗同学[大麦红茶](PET480ml),INTR714012445,饮料,5,5,7,7
`FS100575,货道34,统一饮养四季[冰糖雪梨](PET500ml),INTR56004726,饮料,3.5,3.5,4,4
`FS101303,货道1,可口可乐[自购版](CAN330ml),INTR121011635,饮料,3,2.5,840,840
`FS101303,货道2,爱朵拉拿铁咖啡(CAN310ml),INTR459011637,饮料,4,4,936,936
`FS101303,货道3,雪碧[自购版](CAN330ml),INTR685011636,饮料,3,2.5,914,914
`FS101303,货道4,小野[芒果汁](CAN245ml),INTR457012418,饮料,3,3,966,966
`FS101303,货道5,统一好料道[仙草凉茶](CAN310ml),INTR791011678,饮料,4,4,956,956
`FS101303,货道6,三得利利趣拿铁(CAN310ml),INTR861012877,饮料,4,4,966,966
`FS101303,货道7,怡宝[纯净水](PET555ml),INTR128012109,矿泉水,2,2,828,828
`FS101303,货道8,体质能量(PET580ml),INTR468012175,饮料,4,4,809,809
`FS101303,货道9,可口可乐[自购版](PET500ml),INTR724012203,饮料,3.5,3.5,844,844
`FS101303,货道10,可口可乐[自购版](PET500ml),INTR724012203,饮料,3.5,3.5,866,866
`FS101303,货道11,可口可乐[自购版](PET500ml),INTR724012203,饮料,3.5,3.5,878,878
`FS101303,货道13,统一轻啵苏打水[桃花味](PET500ml),INTR876012423,饮料,3.5,3.5,929,929
`FS101303,货道14,,,,,0,0,0
`FS101303,货道15,体质能量(PET580ml),INTR468012175,饮料,4,4,872,872
`FS101303,货道16,,,,,0,0,0
`FS101303,货道17,可口可乐[自购版](PET500ml),INTR724012203,饮料,3.5,3.5,851,851
`FS101303,货道19,可口可乐[自购版](PET500ml),INTR724012203,饮料,3.5,3.5,855,855
`FS101303,货道21,可口可乐[自购版](PET500ml),INTR724012203,饮料,3.5,3.5,886,886
`FS101303,货道23,统一冰红茶[柠檬](PET500ml),INTR894011688,饮料,3,3,829,829
`FS101303,货道24,雅哈[冰咖啡](PET450ml),INTR470011686,饮料,5.5,5.5,860,860
`FS101303,货道25,统一冰绿茶[青梅绿茶](PET500ml),INTR469011681,饮料,3,3,844,844
`FS101303,货道26,海之言[柠檬](PET500ml),INTR039011682,饮料,4,4,856,856
`FS101303,货道27,海之言[柠檬](PET500ml),INTR039011682,饮料,4,4,897,897
`FS101303,货道28,怡宝[纯净水](PET555ml),INTR128012109,矿泉水,2,2,922,922
`FS101303,货道29,统一茶裏王[无糖台式乌龙茶](PET420ml),INTR904011685,饮料,5,5,959,959
`FS101303,货道30,焕神[热带水果风味]饮料(PET460ml),INTR583011691,饮料,5,5,886,886
`FS101303,货道31,统一阿萨姆[奶茶原味](PET500ml),INTR230011689,饮料,4.5,4.5,887,887
`FS101303,货道32,统一阿萨姆[奶茶原味](PET500ml),INTR230011689,饮料,4.5,4.5,876,876
`FS101303,货道33,饮养四季[金桔柠檬](PET500ml),INTR372011680,饮料,3.5,3.5,874,874
`FS101303,货道34,海之言[柠檬](PET500ml),INTR039011682,饮料,4,4,891,891
`FS100768,货道1,可口可乐[自购版](CAN330ml),INTR121011635,饮料,3,3,20,20
`FS100768,货道2,统一好料道[仙草凉茶](CAN310ml),INTR791011678,饮料,4,4,14,14
`FS100768,货道3,统一蜜桃多(CAN310ml),INTR765012351,饮料,3,2.5,16,16
`FS100768,货道4,统一鲜橙多(CAN310ml),INTR767011663,饮料,3,2.5,14,14
`FS100768,货道5,统一鲜橙多(CAN310ml),INTR767011663,饮料,3,2.5,7,7
`FS100768,货道6,统一鲜橙多(CAN310ml),INTR767011663,饮料,3,2.5,7,7
`FS100768,货道7,农夫山泉(PET550ml),INTR993012106,矿泉水,2,2,18,18
`FS100768,货道8,可口可乐[自购版](PET500ml),INTR724012203,饮料,3.5,3.5,7,7
`FS100768,货道9,统一冰红茶[柠檬](PET500ml),INTR894011688,饮料,3,3,15,15
`FS100768,货道10,统一冰红茶[柠檬](PET500ml),INTR894011688,饮料,3,3,12,12
`FS100768,货道11,统一冰红茶[柠檬](PET500ml),INTR894011688,饮料,3,3,9,9
`FS100768,货道13,台福[高钙花生牛奶](CAN365ml),INTR531012172,饮料,3.5,3.5,19,19
`FS100768,货道14,统一果汁[金桔柠檬](CAN310ml),1.56473E+17,开门柜,3,2.5,7,7
`FS100768,货道15,乐虎维生素功能饮料(CAN250ml),INTR995012194,饮料,5.5,5.5,17,17
`FS100768,货道16,粤喵喵生榨椰汁(CAN315ml),INTR618013709,饮料,0,3.5,15,15
`FS100768,货道17,统一双萃[柠檬茶](PET500ml),INTR466012427,饮料,3,3,12,12
`FS100768,货道19,小茗同学[溜溜哒茶](PET480ml),INTR973011692,饮料,5,5,12,12
`FS100768,货道21,统一双萃[柠檬茶](PET500ml),INTR466012427,饮料,3,3,9,9
`FS100768,货道23,统一饮养四季[冰糖雪梨](PET500ml),INTR56004726,饮料,3.5,3,20,20
`FS100768,货道24,统一鲜橙多(PET450ml),INTR910011664,饮料,3.5,3.5,17,17
`FS100768,货道25,统一绿茶[茉莉](PET500ml),INTR577011683,饮料,3,3,14,14
`FS100768,货道26,统一绿茶[茉莉](PET500ml),INTR577011683,饮料,3,3,11,11
`FS100768,货道27,饮养四季[金桔柠檬](PET500ml),INTR372011680,饮料,3.5,3,9,9
`FS100768,货道28,饮养四季[金桔柠檬](PET500ml),INTR372011680,饮料,3.5,3,7,7
`FS100768,货道29,统一阿萨姆[奶茶原味](PET500ml),INTR230011689,饮料,4.5,4,0,0
`FS100768,货道30,三得利乌龙茶[无糖](PET500ml),INTR907013377,饮料,5,5,8,8
`FS100768,货道31,统一阿萨姆[奶茶原味](PET500ml),INTR230011689,饮料,4.5,4,0,0
`FS100768,货道32,海之言[柠檬](PET500ml),INTR039011682,饮料,4,4,14,14
`FS100768,货道33,海之言[柠檬](PET500ml),INTR039011682,饮料,4,4,12,12
`FS100768,货道34,焕神[热带水果风味]饮料(PET460ml),INTR583011691,饮料,5,5,3,3
`FS100904,货道1,乐虎维生素功能饮料(CAN250ml),INTR995012194,饮料,5.5,5.5,18,18
`FS100904,货道2,台福[高钙花生牛奶](CAN365ml),INTR531012172,饮料,3.5,3.5,17,17
`FS100904,货道3,王老吉凉茶(CAN310ml),INTR472012173,饮料,3.5,3.5,8,8
`FS100904,货道4,统一好料道[仙草凉茶](CAN310ml),INTR791011678,饮料,4,4,13,13
`FS100904,货道5,统一鲜橙多(CAN310ml),INTR767011663,饮料,3,2.5,10,10
`FS100904,货道6,统一蜜桃多(CAN310ml),INTR765012351,饮料,3,2.5,8,8
`FS100904,货道7,农夫山泉(PET550ml),INTR993012106,矿泉水,2,2,9,9
`FS100904,货道8,盐典[PET503ml],INTR217013711,饮料,0,3.5,15,15
`FS100904,货道9,统一双萃[柠檬茶](PET500ml),INTR466012427,饮料,3,3,15,15
`FS100904,货道10,小茗同学[溜溜哒茶](PET480ml),INTR973011692,饮料,5,5,13,13
`FS100904,货道11,今麦郎芒顿小镇蜜桃水(PET500ml),INTR133012193,饮料,2.5,2.5,3,3
`FS100904,货道13,可口可乐[自购版](PET500ml),INTR724012203,饮料,3.5,3.5,17,17
`FS100904,货道15,统一饮养四季[冰糖雪梨](PET500ml),INTR56004726,饮料,3.5,3,18,18
`FS100904,货道17,可口可乐[自购版](PET500ml),INTR724012203,饮料,3.5,3.5,8,8
`FS100904,货道19,焕神[热带水果风味]饮料(PET460ml),INTR583011691,饮料,5,5,12,12
`FS100904,货道21,统一双萃[柠檬茶](PET500ml),INTR466012427,饮料,3,3,11,11
`FS100904,货道23,百香公举[百香果](PET480ml),INTR017012171,饮料,4,4,5,5
`FS100904,货道24,统一鲜橙多(PET450ml),INTR910011664,饮料,3.5,3.5,15,15
`FS100904,货道25,统一绿茶[茉莉](PET500ml),INTR577011683,饮料,3,3,13,13
`FS100904,货道26,统一绿茶[茉莉](PET500ml),INTR577011683,饮料,3,3,14,14
`FS100904,货道27,饮养四季[金桔柠檬](PET500ml),INTR372011680,饮料,3.5,3,12,12
`FS100904,货道28,饮养四季[金桔柠檬](PET500ml),INTR372011680,饮料,3.5,3,10,10
`FS100904,货道29,统一阿萨姆[奶茶原味](PET500ml),INTR230011689,饮料,4.5,4,0,0
`FS100904,货道30,统一阿萨姆[奶茶原味](PET500ml),INTR230011689,饮料,4.5,4,1,1
`FS100904,货道31,统一冰红茶[柠檬](PET500ml),INTR894011688,饮料,3,3,16,16
`FS100904,货道32,统一冰红茶[柠檬](PET500ml),INTR894011688,饮料,3,3,14,14
`FS100904,货道33,海之言[柠檬](PET500ml),INTR039011682,饮料,4,4,12,12
`FS100904,货道34,海之言[柠檬](PET500ml),INTR039011682,饮料,4,4,9,9
`FS100782,货道1,王老吉凉茶(CAN310ml),INTR472012173,饮料,3.5,3.5,19,19
`FS100782,货道2,统一果汁[金桔柠檬](CAN310ml),1.56473E+17,开门柜,3,2.5,18,18
`FS100782,货道3,统一好料道[仙草凉茶](CAN310ml),INTR791011678,饮料,4,4,16,16
`FS100782,货道4,可口可乐[自购版](CAN330ml),INTR121011635,饮料,3,3,12,12
`FS100782,货道5,统一鲜橙多(CAN310ml),INTR767011663,饮料,3,3,12,12
`FS100782,货道6,统一鲜橙多(CAN310ml),INTR767011663,饮料,3,3,10,10
`FS100782,货道7,农夫山泉(PET550ml),INTR993012106,矿泉水,2,2,22,22
`FS100782,货道8,可口可乐[自购版](PET500ml),INTR724012203,饮料,3.5,3.5,16,16
`FS100782,货道9,可口可乐[自购版](PET500ml),INTR724012203,饮料,3.5,3.5,13,13
`FS100782,货道10,统一冰红茶[柠檬](PET500ml),INTR894011688,饮料,3,3,12,12
`FS100782,货道11,统一冰红茶[柠檬](PET500ml),INTR894011688,饮料,3,3,11,11
`FS100782,货道13,台福[高钙花生牛奶](CAN365ml),INTR531012172,饮料,3.5,3.5,14,14
`FS100782,货道14,乐虎维生素功能饮料(CAN250ml),INTR995012194,饮料,5.5,5.5,15,15
`FS100782,货道15,百事可乐(CAN330ml),INTR785012174,饮料,2.5,2.5,18,18
`FS100782,货道16,统一蜜桃多(CAN310ml),INTR765012351,饮料,3,2.5,18,18
`FS100782,货道17,统一双萃[柠檬茶](PET500ml),INTR466012427,饮料,3,3,11,11
`FS100782,货道19,小茗同学[溜溜哒茶](PET480ml),INTR973011692,饮料,5,5,13,13
`FS100782,货道21,统一双萃[柠檬茶](PET500ml),INTR466012427,饮料,3,3,6,6
`FS100782,货道23,百香公举[百香果](PET480ml),INTR017012171,饮料,4,4,1,1
`FS100782,货道24,统一饮养四季[冰糖雪梨](PET500ml),INTR56004726,饮料,3.5,3,16,16
`FS100782,货道25,统一鲜橙多(PET450ml),INTR910011664,饮料,3.5,3.5,15,15
`FS100782,货道26,统一绿茶[茉莉](PET500ml),INTR577011683,饮料,3,3,9,9
`FS100782,货道27,统一绿茶[茉莉](PET500ml),INTR577011683,饮料,3,3,8,8
`FS100782,货道28,饮养四季[金桔柠檬](PET500ml),INTR372011680,饮料,3.5,3,4,4
`FS100782,货道29,农夫山泉(PET550ml),INTR993012106,矿泉水,2,2,21,21
`FS100782,货道30,焕神[热带水果风味]饮料(PET460ml),INTR583011691,饮料,5,5,17,17
`FS100782,货道31,统一阿萨姆[奶茶原味](PET500ml),INTR230011689,饮料,4.5,4,7,7
`FS100782,货道32,海之言[柠檬](PET500ml),INTR039011682,饮料,4,4,14,14
`FS100782,货道33,海之言[柠檬](PET500ml),INTR039011682,饮料,4,4,12,12
`FS100782,货道34,饮养四季[金桔柠檬](PET500ml),INTR372011680,饮料,3.5,3,10,10
`FS100848,货道1,统一蜜桃多(CAN310ml),INTR765012351,饮料,3,2.5,19,19
`FS100848,货道2,可口可乐[自购版](CAN330ml),INTR121011635,饮料,3,3,14,14
`FS100848,货道3,统一果汁[金桔柠檬](CAN310ml),1.56473E+17,开门柜,3,2.5,14,14
`FS100848,货道4,统一鲜橙多(CAN310ml),INTR767011663,饮料,3,2.5,14,14
`FS100848,货道5,统一鲜橙多(CAN310ml),INTR767011663,饮料,3,2.5,12,12
`FS100848,货道6,统一鲜橙多(CAN310ml),INTR767011663,饮料,3,2.5,9,9
`FS100848,货道7,农夫山泉(PET550ml),INTR993012106,矿泉水,2,2,9,9
`FS100848,货道8,百香公举[百香果](PET480ml),INTR017012171,饮料,4,4,6,6
`FS100848,货道9,统一冰红茶[柠檬](PET500ml),INTR894011688,饮料,3,3,14,14
`FS100848,货道10,统一冰红茶[柠檬](PET500ml),INTR894011688,饮料,3,3,12,12
`FS100848,货道11,统一冰红茶[柠檬](PET500ml),INTR894011688,饮料,3,3,11,11
`FS100848,货道13,台福[高钙花生牛奶](CAN365ml),INTR531012172,饮料,3.5,3.5,8,8
`FS100848,货道14,百事可乐(CAN330ml),INTR785012174,饮料,2.5,2.5,18,18
`FS100848,货道15,乐虎维生素功能饮料(CAN250ml),INTR995012194,饮料,5.5,5.5,15,15
`FS100848,货道16,王老吉凉茶(CAN310ml),INTR472012173,饮料,3.5,3.5,19,19
`FS100848,货道17,统一双萃[柠檬茶](PET500ml),INTR466012427,饮料,3,3,3,3
`FS100848,货道19,小茗同学[溜溜哒茶](PET480ml),INTR973011692,饮料,5,5,11,11
`FS100848,货道21,可口可乐[自购版](PET500ml),INTR724012203,饮料,3.5,3.5,3,3
`FS100848,货道23,统一饮养四季[冰糖雪梨](PET500ml),INTR56004726,饮料,3.5,3,20,20
`FS100848,货道24,统一鲜橙多(PET450ml),INTR910011664,饮料,3.5,3.5,17,17
`FS100848,货道25,统一绿茶[茉莉](PET500ml),INTR577011683,饮料,3,3,8,8
`FS100848,货道26,统一绿茶[茉莉](PET500ml),INTR577011683,饮料,3,3,9,9
`FS100848,货道27,饮养四季[金桔柠檬](PET500ml),INTR372011680,饮料,3.5,3,11,11
`FS100848,货道28,饮养四季[金桔柠檬](PET500ml),INTR372011680,饮料,3.5,3,6,6
`FS100848,货道29,统一阿萨姆[奶茶原味](PET500ml),INTR230011689,饮料,4.5,4,0,0
`FS100848,货道30,康之味油切麦仔茶(PET500ml),INTR114013710,饮料,3.5,3.5,14,14
`FS100848,货道31,统一阿萨姆[奶茶原味](PET500ml),INTR230011689,饮料,4.5,4,0,0
`FS100848,货道32,焕神[热带水果风味]饮料(PET460ml),INTR583011691,饮料,5,5,6,6
`FS100848,货道33,海之言[柠檬](PET500ml),INTR039011682,饮料,4,4,1,1
`FS100848,货道34,海之言[柠檬](PET500ml),INTR039011682,饮料,4,4,1,1
`FS100720,货道1,可口可乐[自购版](CAN330ml),INTR121011635,饮料,3,3,8,8
`FS100720,货道2,统一好料道[仙草凉茶](CAN310ml),INTR791011678,饮料,4,4,15,15
`FS100720,货道3,统一蜜桃多(CAN310ml),INTR765012351,饮料,3,2.5,13,13
`FS100720,货道4,统一鲜橙多(CAN310ml),INTR767011663,饮料,3,2.5,14,14
`FS100720,货道5,统一鲜橙多(CAN310ml),INTR767011663,饮料,3,2.5,10,10
`FS100720,货道6,统一鲜橙多(CAN310ml),INTR767011663,饮料,3,2.5,10,10
`FS100720,货道7,农夫山泉(PET550ml),INTR993012106,矿泉水,2,2,4,4
`FS100720,货道8,可口可乐[自购版](PET500ml),INTR724012203,饮料,3.5,3.5,12,12
`FS100720,货道9,统一冰红茶[柠檬](PET500ml),INTR894011688,饮料,3,3,13,13
`FS100720,货道10,统一冰红茶[柠檬](PET500ml),INTR894011688,饮料,3,3,11,11
`FS100720,货道11,统一冰红茶[柠檬](PET500ml),INTR894011688,饮料,3,3,11,11
`FS100720,货道13,台福[高钙花生牛奶](CAN365ml),INTR531012172,饮料,3.5,3.5,17,17
`FS100720,货道14,粤喵喵生榨椰汁(CAN315ml),INTR618013709,饮料,0,3.5,16,16
`FS100720,货道15,乐虎维生素功能饮料(CAN250ml),INTR995012194,饮料,5.5,5.5,19,19
`FS100720,货道16,王老吉凉茶(CAN310ml),INTR472012173,饮料,3.5,3.5,12,12
`FS100720,货道17,统一双萃[柠檬茶](PET500ml),INTR466012427,饮料,3,3,13,13
`FS100720,货道19,小茗同学[溜溜哒茶](PET480ml),INTR973011692,饮料,5,5,13,13
`FS100720,货道21,统一双萃[柠檬茶](PET500ml),INTR466012427,饮料,3,3,9,9
`FS100720,货道23,统一饮养四季[冰糖雪梨](PET500ml),INTR56004726,饮料,3.5,3,18,18
`FS100720,货道24,统一鲜橙多(PET450ml),INTR910011664,饮料,3.5,3.5,17,17
`FS100720,货道25,统一绿茶[茉莉](PET500ml),INTR577011683,饮料,3,3,14,14
`FS100720,货道26,统一绿茶[茉莉](PET500ml),INTR577011683,饮料,3,3,12,12
`FS100720,货道27,饮养四季[金桔柠檬](PET500ml),INTR372011680,饮料,3.5,3,12,12
`FS100720,货道28,饮养四季[金桔柠檬](PET500ml),INTR372011680,饮料,3.5,3,8,8
`FS100720,货道29,统一阿萨姆[奶茶原味](PET500ml),INTR230011689,饮料,4.5,4,0,0
`FS100720,货道30,农夫山泉(PET550ml),INTR993012106,矿泉水,2,2,13,13
`FS100720,货道31,统一阿萨姆[奶茶原味](PET500ml),INTR230011689,饮料,4.5,4,1,1
`FS100720,货道32,海之言[柠檬](PET500ml),INTR039011682,饮料,4,4,4,4
`FS100720,货道33,焕神[热带水果风味]饮料(PET460ml),INTR583011691,饮料,5,5,5,5
`FS100720,货道34,海之言[柠檬](PET500ml),INTR039011682,饮料,4,4,6,6
`FS100115,货道1,可口可乐[自购版](CAN330ml),INTR121011635,饮料,3,2.5,9999,9999
`FS100115,货道2,三得利利趣拿铁(CAN310ml),INTR861012877,饮料,4,4,9873,9873
`FS100115,货道3,宏宝莱碳酸饮料汽水荔枝味(CAN330ml),INTR992013247,饮料,3,2.5,9911,9911
`FS100115,货道4,统一好料道[仙草凉茶](CAN310ml),INTR791011678,饮料,4,4,9999,9999
`FS100115,货道5,爱朵拉拿铁咖啡(CAN310ml),INTR459011637,饮料,4,4,9977,9977
`FS100115,货道6,小野[芒果汁](CAN245ml),INTR457012418,饮料,3,3,9976,9976
`FS100115,货道7,可口可乐(PET500ml),INTR310011684,饮料,3.5,3.5,9875,9875
`FS100115,货道8,可口可乐(PET500ml),INTR310011684,饮料,3.5,3.5,9722,9722
`FS100115,货道9,统一茶裏王[无糖台式乌龙茶](PET420ml),INTR904011685,饮料,5,5,9953,9953
`FS100115,货道10,怡宝[纯净水](PET555ml),INTR128012109,矿泉水,2,2,9852,9852
`FS100115,货道11,统一阿萨姆[奶茶原味](PET500ml),INTR230011689,饮料,4.5,4.5,9974,9974
`FS100115,货道13,饮养四季[金桔柠檬](PET500ml),INTR372011680,饮料,3.5,3.5,9790,9790
`FS100115,货道14,,,,,0,9999,9999
`FS100115,货道15,小茗同学[溜溜哒茶](PET480ml),INTR973011692,饮料,5,5,9940,9940
`FS100115,货道16,,,,,0,9999,9999
`FS100115,货道17,统一鲜橙多(PET450ml),INTR910011664,饮料,3.5,3.5,9805,9805
`FS100115,货道19,雅哈[冰咖啡](PET450ml),INTR470011686,饮料,5.5,5.5,9827,9827
`FS100115,货道21,雪碧[自购版](PET500ml),INTR175012204,饮料,3.5,3.5,9925,9925
`FS100115,货道23,统一冰红茶[柠檬](PET500ml),INTR894011688,饮料,3,3,9960,9960
`FS100115,货道24,海之言[柠檬](PET500ml),INTR039011682,饮料,4,4,9675,9675
`FS100115,货道25,统一冰绿茶[青梅绿茶](PET500ml),INTR469011681,饮料,3,3,9800,9800
`FS100115,货道26,海之言[柠檬](PET500ml),INTR039011682,饮料,4,4,9982,9982
`FS100115,货道27,怡宝[纯净水](PET555ml),INTR128012109,矿泉水,2,2,9818,9818
`FS100115,货道28,统一阿萨姆[奶茶原味](PET500ml),INTR230011689,饮料,4.5,4.5,9959,9959
`FS100115,货道29,可口可乐[自购版](CAN330ml),INTR121011635,饮料,3,2.5,9665,9665
`FS100115,货道30,雪碧[自购版](CAN330ml),INTR685011636,饮料,3,2.5,9917,9917
`FS100115,货道31,统一轻啵苏打水[桃花味](PET500ml),INTR876012423,饮料,3.5,3.5,9956,9956
`FS100115,货道32,焕神[热带水果风味]饮料(PET460ml),INTR583011691,饮料,5,5,9895,9895
`FS100115,货道33,焕神[热带水果风味]饮料(PET460ml),INTR583011691,饮料,5,5,9902,9902
`FS100115,货道34,统一轻啵苏打水[桃花味](PET500ml),INTR876012423,饮料,3.5,3.5,9949,9949
`FS100122,货道1,可口可乐[自购版](CAN330ml),INTR121011635,饮料,3,2.5,9999,9999
`FS100122,货道2,三得利利趣拿铁(CAN310ml),INTR861012877,饮料,4,4,9808,9808
`FS100122,货道3,宏宝莱碳酸饮料汽水荔枝味(CAN330ml),INTR992013247,饮料,3,2.5,9902,9902
`FS100122,货道4,统一好料道[仙草凉茶](CAN310ml),INTR791011678,饮料,4,4,9983,9983
`FS100122,货道5,爱朵拉拿铁咖啡(CAN310ml),INTR459011637,饮料,4,4,9946,9946
`FS100122,货道6,小野[芒果汁](CAN245ml),INTR457012418,饮料,3,3,9983,9983
`FS100122,货道7,可口可乐[自购版](PET500ml),INTR724012203,饮料,3.5,3.5,9789,9789
`FS100122,货道8,可口可乐[自购版](PET500ml),INTR724012203,饮料,3.5,3.5,9618,9618
`FS100122,货道9,统一茶裏王[无糖台式乌龙茶](PET420ml),INTR904011685,饮料,5,5,9945,9945
`FS100122,货道10,怡宝[纯净水](PET555ml),INTR128012109,矿泉水,2,2,9908,9908
`FS100122,货道11,统一阿萨姆[奶茶原味](PET500ml),INTR230011689,饮料,4.5,4.5,9924,9924
`FS100122,货道13,饮养四季[金桔柠檬](PET500ml),INTR372011680,饮料,3.5,3.5,9851,9851
`FS100122,货道14,,,,,0,0,0
`FS100122,货道15,小茗同学[溜溜哒茶](PET480ml),INTR973011692,饮料,5,5,9888,9888
`FS100122,货道16,,,,,0,0,0
`FS100122,货道17,统一鲜橙多(PET450ml),INTR910011664,饮料,3.5,3.5,9861,9861
`FS100122,货道19,雅哈[冰咖啡](PET450ml),INTR470011686,饮料,5.5,5.5,9772,9772
`FS100122,货道21,雪碧[自购版](PET500ml),INTR175012204,饮料,3.5,3.5,9910,9910
`FS100122,货道23,统一冰红茶[柠檬](PET500ml),INTR894011688,饮料,3,3,9948,9948
`FS100122,货道24,海之言[柠檬](PET500ml),INTR039011682,饮料,4,4,9723,9723
`FS100122,货道25,统一冰绿茶[青梅绿茶](PET500ml),INTR469011681,饮料,3,3,9866,9866
`FS100122,货道26,统一绿茶[茉莉](PET500ml),INTR577011683,饮料,3,3,9979,9979
`FS100122,货道27,怡宝[纯净水](PET555ml),INTR128012109,矿泉水,2,2,9801,9801
`FS100122,货道28,统一阿萨姆[奶茶原味](PET500ml),INTR230011689,饮料,4.5,4.5,9914,9914
`FS100122,货道29,可口可乐[自购版](CAN330ml),INTR121011635,饮料,3,2.5,9619,9619
`FS100122,货道30,雪碧[自购版](CAN330ml),INTR685011636,饮料,3,2.5,9919,9919
`FS100122,货道31,统一轻啵苏打水[柠檬味](PET500ml),INTR773011687,饮料,3.5,3.5,9982,9982
`FS100122,货道32,焕神[热带水果风味]饮料(PET460ml),INTR583011691,饮料,5,5,9826,9826
`FS100122,货道33,焕神[热带水果风味]饮料(PET460ml),INTR583011691,饮料,5,5,9916,9916
`FS100122,货道34,统一轻啵苏打水[桃花味](PET500ml),INTR876012423,饮料,3.5,3.5,9974,9974
`FS100698,货道1,优好滋荔枝爽310ml,INTR860012104,饮料,2.5,3,19,19
`FS100698,货道2,统一冰红茶(CAN310ml),INTR115011662,饮料,2.5,2.5,15,15
`FS100698,货道3,统一鲜橙多(CAN310ml),INTR767011663,饮料,3,3,17,17
`FS100698,货道4,统一鲜橙多(CAN310ml),INTR767011663,饮料,3,3,14,14
`FS100698,货道5,统一冰红茶(CAN310ml),INTR115011662,饮料,2.5,2.5,9,9
`FS100698,货道6,统一好料道[仙草凉茶](CAN310ml),INTR791011678,饮料,4,4,10,10
`FS100698,货道7,新湖源奶饮品[黄桃味](PET521ml),INTR054012792,饮料,5,5,21,21
`FS100698,货道8,今麦郎茉莉蜜茶(PET500ml),INTR701012110,饮料,4,3,20,20
`FS100698,货道9,统一饮养四季[冰糖雪梨](PET500ml),INTR56004726,饮料,3.5,3.5,16,16
`FS100698,货道10,统一阿萨姆[奶茶原味](PET500ml),INTR230011689,饮料,4.5,4.5,15,15
`FS100698,货道11,统一阿萨姆[奶茶原味](PET500ml),INTR230011689,饮料,4.5,4.5,13,13
`FS100698,货道13,统一冰红茶[柠檬](PET500ml),INTR894011688,饮料,3,3,11,11
`FS100698,货道14,,,,,3,0,0
`FS100698,货道15,统一冰红茶[柠檬](PET500ml),INTR894011688,饮料,3,3,3,3
`FS100698,货道16,,,,,4,0,0
`FS100698,货道17,统一轻啵苏打水[原味](PET500ml),INTR452012400,饮料,3.5,3.5,18,18
`FS100698,货道19,海之言[柠檬](PET500ml),INTR039011682,饮料,4,4,16,16
`FS100698,货道21,海之言[柠檬](PET500ml),INTR039011682,饮料,4,4,12,12
`FS100698,货道23,农夫山泉(PET550ml),INTR993012106,矿泉水,2,2,5,5
`FS100698,货道24,格泉饮用天然水(PET500ml),INTR252012401,矿泉水,2,2,20,20
`FS100698,货道25,水趣多乳酸菌风味(PET500ml),INTR912012422,饮料,5,5,18,18
`FS100698,货道26,小茗同学[青柠红茶](PET480ml),INTR297011693,饮料,5,5,16,16
`FS100698,货道27,统一冰绿茶[青梅绿茶](PET500ml),INTR469011681,饮料,3,3,7,7
`FS100698,货道28,统一冰绿茶[青梅绿茶](PET500ml),INTR469011681,饮料,3,3,4,4
`FS100698,货道29,农夫山泉(PET550ml),INTR993012106,矿泉水,2,2,18,18
`FS100698,货道30,今麦郎芒顿小镇柠檬水(PET500ml),INTR322012790,饮料,2.5,3,13,13
`FS100698,货道31,统一绿茶[茉莉](PET500ml),INTR577011683,饮料,3,3,16,16
`FS100698,货道32,统一绿茶[茉莉](PET500ml),INTR577011683,饮料,3,3,14,14
`FS100698,货道33,小茗同学[溜溜哒茶](PET480ml),INTR973011692,饮料,5,5,13,13
`FS100698,货道34,饮养四季[金桔柠檬](PET500ml),INTR372011680,饮料,3.5,3.5,5,5
`FS100236,货道1,可口可乐[自购版](CAN330ml),INTR121011635,饮料,3,2.5,9999,9999
`FS100236,货道2,三得利利趣拿铁(CAN310ml),INTR861012877,饮料,4,4,9803,9803
`FS100236,货道3,宏宝莱碳酸饮料汽水荔枝味(CAN330ml),INTR992013247,饮料,3,2.5,9862,9862
`FS100236,货道4,统一好料道[仙草凉茶](CAN310ml),INTR791011678,饮料,4,4,9999,9999
`FS100236,货道5,爱朵拉拿铁咖啡(CAN310ml),INTR459011637,饮料,4,4,9971,9971
`FS100236,货道6,小野[芒果汁](CAN245ml),INTR457012418,饮料,3,3,9974,9974
`FS100236,货道7,可口可乐(PET500ml),INTR310011684,饮料,3.5,3.5,9830,9830
`FS100236,货道8,可口可乐(PET500ml),INTR310011684,饮料,3.5,3.5,9692,9692
`FS100236,货道9,统一茶裏王[无糖台式乌龙茶](PET420ml),INTR904011685,饮料,5,5,9919,9919
`FS100236,货道10,怡宝[纯净水](PET555ml),INTR128012109,矿泉水,2,2,9906,9906
`FS100236,货道11,统一阿萨姆[奶茶原味](PET500ml),INTR230011689,饮料,4.5,4.5,9922,9922
`FS100236,货道13,饮养四季[金桔柠檬](PET500ml),INTR372011680,饮料,3.5,3.5,9814,9814
`FS100236,货道14,,,,,0,0,0
`FS100236,货道15,小茗同学[溜溜哒茶](PET480ml),INTR973011692,饮料,5,5,9826,9826
`FS100236,货道16,,,,,0,0,0
`FS100236,货道17,统一鲜橙多(PET450ml),INTR910011664,饮料,3.5,3.5,9822,9822
`FS100236,货道19,雅哈[冰咖啡](PET450ml),INTR470011686,饮料,5.5,5.5,9765,9765
`FS100236,货道21,雪碧[自购版](PET500ml),INTR175012204,饮料,3.5,3.5,9902,9902
`FS100236,货道23,统一冰红茶[柠檬](PET500ml),INTR894011688,饮料,3,3,9950,9950
`FS100236,货道24,海之言[柠檬](PET500ml),INTR039011682,饮料,4,4,9617,9617
`FS100236,货道25,统一冰绿茶[青梅绿茶](PET500ml),INTR469011681,饮料,3,3,9785,9785
`FS100236,货道26,海之言[柠檬](PET500ml),INTR039011682,饮料,4,4,9986,9986
`FS100236,货道27,怡宝[纯净水](PET555ml),INTR128012109,矿泉水,2,2,9816,9816
`FS100236,货道28,统一阿萨姆[奶茶原味](PET500ml),INTR230011689,饮料,4.5,4.5,9909,9909
`FS100236,货道29,可口可乐[自购版](CAN330ml),INTR121011635,饮料,3,2.5,9497,9497
`FS100236,货道30,雪碧[自购版](CAN330ml),INTR685011636,饮料,3,2.5,9889,9889
`FS100236,货道31,统一轻啵苏打水[桃花味](PET500ml),INTR876012423,饮料,3.5,3.5,9960,9960
`FS100236,货道32,焕神[热带水果风味]饮料(PET460ml),INTR583011691,饮料,5,5,9801,9801
`FS100236,货道33,焕神[热带水果风味]饮料(PET460ml),INTR583011691,饮料,5,5,9823,9823
`FS100236,货道34,统一轻啵苏打水[桃花味](PET500ml),INTR876012423,饮料,3.5,3.5,9967,9967
`FS100767,货道1,王老吉凉茶(CAN310ml),INTR472012173,饮料,3.5,3.5,20,20
`FS100767,货道2,统一好料道[仙草凉茶](CAN310ml),INTR791011678,饮料,4,4,18,18
`FS100767,货道3,台福[高钙花生牛奶](CAN365ml),INTR531012172,饮料,3.5,3.5,16,16
`FS100767,货道4,可口可乐[自购版](CAN330ml),INTR121011635,饮料,3,3,14,14
`FS100767,货道5,统一鲜橙多(CAN310ml),INTR767011663,饮料,3,3,12,12
`FS100767,货道6,统一鲜橙多(CAN310ml),INTR767011663,饮料,3,3,7,7
`FS100767,货道7,农夫山泉(PET550ml),INTR993012106,矿泉水,2,2,21,21
`FS100767,货道8,百香公举[百香果](PET480ml),INTR017012171,饮料,4,4,18,18
`FS100767,货道9,统一冰红茶[柠檬](PET500ml),INTR894011688,饮料,3,3,15,15
`FS100767,货道10,统一冰红茶[柠檬](PET500ml),INTR894011688,饮料,3,3,12,12
`FS100767,货道11,统一冰红茶[柠檬](PET500ml),INTR894011688,饮料,3,3,10,10
`FS100767,货道13,台福[高钙花生牛奶](CAN365ml),INTR531012172,饮料,3.5,3.5,17,17
`FS100767,货道14,百事可乐(CAN330ml),INTR785012174,饮料,2.5,2.5,17,17
`FS100767,货道15,统一蜜桃多(CAN310ml),INTR765012351,饮料,3,3,18,18
`FS100767,货道16,乐虎维生素功能饮料(CAN250ml),INTR995012194,饮料,5.5,5.5,18,18
`FS100767,货道17,可口可乐[自购版](PET500ml),INTR724012203,饮料,3.5,3.5,11,11
`FS100767,货道19,小茗同学[溜溜哒茶](PET480ml),INTR973011692,饮料,5,5,13,13
`FS100767,货道21,可口可乐[自购版](PET500ml),INTR724012203,饮料,3.5,3.5,8,8
`FS100767,货道23,统一饮养四季[冰糖雪梨](PET500ml),INTR56004726,饮料,3.5,3,19,19
`FS100767,货道24,统一鲜橙多(PET450ml),INTR910011664,饮料,3.5,3.5,16,16
`FS100767,货道25,统一绿茶[茉莉](PET500ml),INTR577011683,饮料,3,3,12,12
`FS100767,货道26,统一绿茶[茉莉](PET500ml),INTR577011683,饮料,3,3,11,11
`FS100767,货道27,饮养四季[金桔柠檬](PET500ml),INTR372011680,饮料,3.5,3,7,7
`FS100767,货道28,焕神[热带水果风味]饮料(PET460ml),INTR583011691,饮料,5,5,9,9
`FS100767,货道29,三得利乌龙茶[无糖](PET500ml),INTR907013377,饮料,5,5,18,18
`FS100767,货道30,统一阿萨姆[奶茶原味](PET500ml),INTR230011689,饮料,4.5,4,18,18
`FS100767,货道31,统一阿萨姆[奶茶原味](PET500ml),INTR230011689,饮料,4.5,4,16,16
`FS100767,货道32,海之言[柠檬](PET500ml),INTR039011682,饮料,4,4,13,13
`FS100767,货道33,海之言[柠檬](PET500ml),INTR039011682,饮料,4,4,12,12
`FS100767,货道34,焕神[热带水果风味]饮料(PET460ml),INTR583011691,饮料,5,5,10,10
`FS100349,货道1,台福[高钙花生牛奶](CAN365ml),INTR531012172,饮料,3.5,3.5,19,19
`FS100349,货道2,王老吉凉茶(CAN310ml),INTR472012173,饮料,3.5,3.5,18,18
`FS100349,货道3,可口可乐[自购版](CAN330ml),INTR121011635,饮料,3,3,16,16
`FS100349,货道4,统一好料道[仙草凉茶](CAN310ml),INTR791011678,饮料,4,4,14,14
`FS100349,货道5,统一鲜橙多(CAN310ml),INTR767011663,饮料,3,2.5,11,11
`FS100349,货道6,统一鲜橙多(CAN310ml),INTR767011663,饮料,3,2.5,10,10
`FS100349,货道7,农夫山泉(PET550ml),INTR993012106,矿泉水,2,2,21,21
`FS100349,货道8,盐典[PET503ml],INTR217013711,饮料,0,3.5,18,18
`FS100349,货道9,统一绿茶[茉莉](PET500ml),INTR577011683,饮料,3,3,14,14
`FS100349,货道10,统一绿茶[茉莉](PET500ml),INTR577011683,饮料,3,3,10,10
`FS100349,货道11,饮养四季[金桔柠檬](PET500ml),INTR372011680,饮料,3.5,3,9,9
`FS100349,货道13,可口可乐[自购版](PET500ml),INTR724012203,饮料,3.5,3.5,17,17
`FS100349,货道14,,,,,5,18,18
`FS100349,货道15,焕神[热带水果风味]饮料(PET460ml),INTR583011691,饮料,5,5,15,15
`FS100349,货道16,,,,,3,10,10
`FS100349,货道17,统一双萃[柠檬茶](PET500ml),INTR466012427,饮料,3,3,13,13
`FS100349,货道19,统一双萃[柠檬茶](PET500ml),INTR466012427,饮料,3,3,11,11
`FS100349,货道21,今麦郎芒顿小镇蜜桃水(PET500ml),INTR133012193,饮料,2.5,2.5,11,11
`FS100349,货道23,今麦郎茉莉蜜茶(PET500ml),INTR701012110,饮料,4,3,20,20
`FS100349,货道24,统一鲜橙多(PET450ml),INTR910011664,饮料,3.5,3.5,17,17
`FS100349,货道25,统一饮养四季[冰糖雪梨](PET500ml),INTR56004726,饮料,3.5,3,13,13
`FS100349,货道26,统一冰红茶[柠檬](PET500ml),INTR894011688,饮料,3,3,14,14
`FS100349,货道27,统一冰红茶[柠檬](PET500ml),INTR894011688,饮料,3,3,12,12
`FS100349,货道28,统一蜜桃多(CAN310ml),INTR765012351,饮料,3,2.5,9,9
`FS100349,货道29,三得利乌龙茶[无糖](PET500ml),INTR907013377,饮料,5,5,20,20
`FS100349,货道30,统一阿萨姆[奶茶原味](PET500ml),INTR230011689,饮料,4.5,4,14,14
`FS100349,货道31,统一阿萨姆[奶茶原味](PET500ml),INTR230011689,饮料,4.5,4,0,0
`FS100349,货道32,海之言[柠檬](PET500ml),INTR039011682,饮料,4,4,14,14
`FS100349,货道33,海之言[柠檬](PET500ml),INTR039011682,饮料,4,4,12,12
`FS100349,货道34,饮养四季[金桔柠檬](PET500ml),INTR372011680,饮料,3.5,3,6,6
`FS100119,货道1,可口可乐[自购版](CAN330ml),INTR121011635,饮料,3,2.5,9999,9999
`FS100119,货道2,三得利利趣拿铁(CAN310ml),INTR861012877,饮料,4,4,9901,9901
`FS100119,货道3,宏宝莱碳酸饮料汽水荔枝味(CAN330ml),INTR992013247,饮料,3,2.5,9962,9962
`FS100119,货道4,统一好料道[仙草凉茶](CAN310ml),INTR791011678,饮料,4,4,9999,9999
`FS100119,货道5,爱朵拉拿铁咖啡(CAN310ml),INTR459011637,饮料,4,4,9989,9989
`FS100119,货道6,小野[芒果汁](CAN245ml),INTR457012418,饮料,3,3,9983,9983
`FS100119,货道7,可口可乐[自购版](PET500ml),INTR724012203,饮料,3.5,3.5,9964,9964
`FS100119,货道8,可口可乐[自购版](PET500ml),INTR724012203,饮料,3.5,3.5,9899,9899
`FS100119,货道9,统一茶裏王[无糖台式乌龙茶](PET420ml),INTR904011685,饮料,5,5,9976,9976
`FS100119,货道10,怡宝[纯净水](PET555ml),INTR128012109,矿泉水,2,2,9982,9982
`FS100119,货道11,统一阿萨姆[奶茶原味](PET500ml),INTR230011689,饮料,4.5,4.5,9977,9977
`FS100119,货道13,饮养四季[金桔柠檬](PET500ml),INTR372011680,饮料,3.5,3.5,9922,9922
`FS100119,货道14,,,,,0,0,0
`FS100119,货道15,小茗同学[溜溜哒茶](PET480ml),INTR973011692,饮料,5,5,9965,9965
`FS100119,货道16,,,,,0,0,0
`FS100119,货道17,统一鲜橙多(PET450ml),INTR910011664,饮料,3.5,3.5,9908,9908
`FS100119,货道19,雅哈[冰咖啡](PET450ml),INTR470011686,饮料,5.5,5.5,9877,9877
`FS100119,货道21,雪碧[自购版](PET500ml),INTR175012204,饮料,3.5,3.5,9957,9957
`FS100119,货道23,统一冰红茶[柠檬](PET500ml),INTR894011688,饮料,3,3,9988,9988
`FS100119,货道24,海之言[柠檬](PET500ml),INTR039011682,饮料,4,4,9836,9836
`FS100119,货道25,统一冰绿茶[青梅绿茶](PET500ml),INTR469011681,饮料,3,3,9904,9904
`FS100119,货道26,统一绿茶[茉莉](PET500ml),INTR577011683,饮料,3,3,9982,9982
`FS100119,货道27,怡宝[纯净水](PET555ml),INTR128012109,矿泉水,2,2,9942,9942
`FS100119,货道28,统一阿萨姆[奶茶原味](PET500ml),INTR230011689,饮料,4.5,4.5,9973,9973
`FS100119,货道29,可口可乐[自购版](CAN330ml),INTR121011635,饮料,3,2.5,9896,9896
`FS100119,货道30,雪碧[自购版](CAN330ml),INTR685011636,饮料,3,2.5,9969,9969
`FS100119,货道31,统一轻啵苏打水[柠檬味](PET500ml),INTR773011687,饮料,3.5,3.5,9991,9991
`FS100119,货道32,焕神[热带水果风味]饮料(PET460ml),INTR583011691,饮料,5,5,9953,9953
`FS100119,货道33,焕神[热带水果风味]饮料(PET460ml),INTR583011691,饮料,5,5,9940,9940
`FS100119,货道34,统一轻啵苏打水[桃花味](PET500ml),INTR876012423,饮料,3.5,3.5,9995,9995
`FS100123,货道1,可口可乐[自购版](CAN330ml),INTR121011635,饮料,3,2.5,9999,9999
`FS100123,货道2,三得利利趣拿铁(CAN310ml),INTR861012877,饮料,4,4,9941,9941
`FS100123,货道3,宏宝莱碳酸饮料汽水荔枝味(CAN330ml),INTR992013247,饮料,3,2.5,9975,9975
`FS100123,货道4,统一好料道[仙草凉茶](CAN310ml),INTR791011678,饮料,4,4,9999,9999
`FS100123,货道5,爱朵拉拿铁咖啡(CAN310ml),INTR459011637,饮料,4,4,9986,9986
`FS100123,货道6,小野[芒果汁](CAN245ml),INTR457012418,饮料,3,3,9991,9991
`FS100123,货道7,可口可乐(PET500ml),INTR310011684,饮料,3.5,3.5,9999,9999
`FS100123,货道8,可口可乐(PET500ml),INTR310011684,饮料,3.5,3.5,9883,9883
`FS100123,货道9,统一茶裏王[无糖台式乌龙茶](PET420ml),INTR904011685,饮料,5,5,9979,9979
`FS100123,货道10,怡宝[纯净水](PET555ml),INTR128012109,矿泉水,2,2,9973,9973
`FS100123,货道11,统一阿萨姆[奶茶原味](PET500ml),INTR230011689,饮料,4.5,4.5,9979,9979
`FS100123,货道13,饮养四季[金桔柠檬](PET500ml),INTR372011680,饮料,3.5,3.5,9915,9915
`FS100123,货道14,,,,,0,0,0
`FS100123,货道15,小茗同学[溜溜哒茶](PET480ml),INTR973011692,饮料,5,5,9971,9971
`FS100123,货道16,,,,,0,0,0
`FS100123,货道17,统一鲜橙多(PET450ml),INTR910011664,饮料,3.5,3.5,9938,9938
`FS100123,货道19,雅哈[冰咖啡](PET450ml),INTR470011686,饮料,5.5,5.5,9940,9940
`FS100123,货道21,雪碧[自购版](PET500ml),INTR175012204,饮料,3.5,3.5,9956,9956
`FS100123,货道23,统一冰红茶[柠檬](PET500ml),INTR894011688,饮料,3,3,9983,9983
`FS100123,货道24,海之言[柠檬](PET500ml),INTR039011682,饮料,4,4,9873,9873
`FS100123,货道25,统一冰绿茶[青梅绿茶](PET500ml),INTR469011681,饮料,3,3,9941,9941
`FS100123,货道26,统一绿茶[茉莉](PET500ml),INTR577011683,饮料,3,3,9982,9982
`FS100123,货道27,怡宝[纯净水](PET555ml),INTR128012109,矿泉水,2,2,9915,9915
`FS100123,货道28,统一阿萨姆[奶茶原味](PET500ml),INTR230011689,饮料,4.5,4.5,9981,9981
`FS100123,货道29,可口可乐[自购版](CAN330ml),INTR121011635,饮料,3,2.5,9901,9901
`FS100123,货道30,雪碧[自购版](CAN330ml),INTR685011636,饮料,3,2.5,9970,9970
`FS100123,货道31,统一轻啵苏打水[桃花味](PET500ml),INTR876012423,饮料,3.5,3.5,9991,9991
`FS100123,货道32,焕神[热带水果风味]饮料(PET460ml),INTR583011691,饮料,5,5,9959,9959
`FS100123,货道33,焕神[热带水果风味]饮料(PET460ml),INTR583011691,饮料,5,5,9970,9970
`FS100123,货道34,统一轻啵苏打水[桃花味](PET500ml),INTR876012423,饮料,3.5,3.5,9989,9989
`FS100114,货道1,可口可乐[自购版](CAN330ml),INTR121011635,饮料,3,2.5,9999,9999
`FS100114,货道2,三得利利趣拿铁(CAN310ml),INTR861012877,饮料,4,4,9995,9995
`FS100114,货道3,宏宝莱碳酸饮料汽水荔枝味(CAN330ml),INTR992013247,饮料,3,2.5,9998,9998
`FS100114,货道4,统一好料道[仙草凉茶](CAN310ml),INTR791011678,饮料,4,4,9998,9998
`FS100114,货道5,爱朵拉拿铁咖啡(CAN310ml),INTR459011637,饮料,4,4,9999,9999
`FS100114,货道6,小野[芒果汁](CAN245ml),INTR457012418,饮料,3,3,9999,9999
`FS100114,货道7,可口可乐(PET500ml),INTR310011684,饮料,3.5,3.5,9987,9987
`FS100114,货道8,可口可乐(PET500ml),INTR310011684,饮料,3.5,3.5,9989,9989
`FS100114,货道9,统一茶裏王[无糖台式乌龙茶](PET420ml),INTR904011685,饮料,5,5,9993,9993
`FS100114,货道10,怡宝[纯净水](PET555ml),INTR128012109,矿泉水,2,2,9996,9996
`FS100114,货道11,统一阿萨姆[奶茶原味](PET500ml),INTR230011689,饮料,4.5,4.5,9993,9993
`FS100114,货道13,饮养四季[金桔柠檬](PET500ml),INTR372011680,饮料,3.5,3.5,9980,9980
`FS100114,货道14,,,,,0,0,0
`FS100114,货道15,小茗同学[溜溜哒茶](PET480ml),INTR973011692,饮料,5,5,9993,9993
`FS100114,货道16,,,,,0,0,0
`FS100114,货道17,统一鲜橙多(PET450ml),INTR910011664,饮料,3.5,3.5,9963,9963
`FS100114,货道19,雅哈[冰咖啡](PET450ml),INTR470011686,饮料,5.5,5.5,9992,9992
`FS100114,货道21,雪碧[自购版](PET500ml),INTR175012204,饮料,3.5,3.5,9997,9997
`FS100114,货道23,统一冰红茶[柠檬](PET500ml),INTR894011688,饮料,3,3,9980,9980
`FS100114,货道24,海之言[柠檬](PET500ml),INTR039011682,饮料,4,4,9944,9944
`FS100114,货道25,统一冰绿茶[青梅绿茶](PET500ml),INTR469011681,饮料,3,3,9982,9982
`FS100114,货道26,统一绿茶[茉莉](PET500ml),INTR577011683,饮料,3,3,9999,9999
`FS100114,货道27,怡宝[纯净水](PET555ml),INTR128012109,矿泉水,2,2,9989,9989
`FS100114,货道28,统一阿萨姆[奶茶原味](PET500ml),INTR230011689,饮料,4.5,4.5,9997,9997
`FS100114,货道29,可口可乐[自购版](CAN330ml),INTR121011635,饮料,3,2.5,9987,9987
`FS100114,货道30,雪碧[自购版](CAN330ml),INTR685011636,饮料,3,2.5,9994,9994
`FS100114,货道31,统一轻啵苏打水[桃花味](PET500ml),INTR876012423,饮料,3.5,3.5,9994,9994
`FS100114,货道32,焕神[热带水果风味]饮料(PET460ml),INTR583011691,饮料,5,5,9985,9985
`FS100114,货道33,焕神[热带水果风味]饮料(PET460ml),INTR583011691,饮料,5,5,9989,9989
`FS100114,货道34,统一轻啵苏打水[桃花味](PET500ml),INTR876012423,饮料,3.5,3.5,9994,9994
`FS101050,货道1,可口可乐[自购版](CAN330ml),INTR121011635,饮料,3,3,9939,9939
`FS101050,货道2,雪碧[自购版](CAN330ml),INTR685011636,饮料,3,3,9979,9979
`FS101050,货道3,统一好料道[仙草凉茶](CAN310ml),INTR791011678,饮料,4,4,9983,9983
`FS101050,货道4,统一绿茶(CAN310ml),INTR838012449,饮料,2.5,2.5,9982,9982
`FS101050,货道5,统一冰红茶(CAN310ml),INTR115011662,饮料,2.5,2.5,9994,9994
`FS101050,货道6,统一鲜橙多(CAN310ml),INTR767011663,饮料,3,3,9995,9995
`FS101050,货道7,怡宝[纯净水](PET555ml),INTR128012109,矿泉水,2,2,9877,9877
`FS101050,货道8,怡宝[纯净水](PET555ml),INTR128012109,矿泉水,2,2,9879,9879
`FS101050,货道9,统一绿茶[茉莉](PET500ml),INTR577011683,饮料,3,3,9974,9974
`FS101050,货道10,饮养四季[金桔柠檬](PET500ml),INTR372011680,饮料,3.5,3.5,9978,9978
`FS101050,货道11,海之言[柠檬](PET500ml),INTR039011682,饮料,4,4,9952,9952
`FS101050,货道13,百事可乐(PET500ml),INTR859012793,饮料,3.5,3,9835,9835
`FS101050,货道14,,,,,0,0,0
`FS101050,货道15,美年达橙味500ml,114732,开门柜,5,3,9914,9914
`FS101050,货道16,,,,,0,0,0
`FS101050,货道17,达利园青梅绿茶(PET500ml),INTR537012876,饮料,3,3,9913,9913
`FS101050,货道19,统一蜜桃多(PET450ml),INTR769012352,饮料,3.5,3.5,9969,9969
`FS101050,货道21,脉动[青柠味](PET600ml),INTR924012868,饮料,4,5,9979,9979
`FS101050,货道23,统一阿萨姆[奶茶原味](PET500ml),INTR230011689,饮料,4.5,4.5,9967,9967
`FS101050,货道24,统一阿萨姆[奶茶原味](PET500ml),INTR230011689,饮料,4.5,4.5,9970,9970
`FS101050,货道25,统一鲜橙多(PET450ml),INTR910011664,饮料,3.5,3.5,9964,9964
`FS101050,货道26,小茗同学[青柠红茶](PET480ml),INTR297011693,饮料,5,5,9994,9994
`FS101050,货道27,小茗同学[溜溜哒茶](PET480ml),INTR973011692,饮料,5,5,9993,9993
`FS101050,货道28,小茗同学[青柠红茶](PET480ml),INTR297011693,饮料,5,5,9993,9993
`FS101050,货道29,统一冰红茶[柠檬](PET500ml),INTR894011688,饮料,3,3,9990,9990
`FS101050,货道30,统一冰红茶[柠檬](PET500ml),INTR894011688,饮料,3,3,9972,9972
`FS101050,货道31,统一饮养四季[冰糖雪梨](PET500ml),INTR56004726,饮料,3.5,3.5,9999,9999
`FS101050,货道32,统一茶裏王[无糖台式乌龙茶](PET420ml),INTR904011685,饮料,5,5,9993,9993
`FS101050,货道33,雅哈[椰椰拿铁](PET450ml),INTR880013468,饮料,5.5,5.5,9987,9987
`FS101050,货道34,,,,,0,0,0
`FS100669,货道1,雪碧[自购版](CAN330ml),INTR685011636,饮料,3,4,9967,9967
`FS100669,货道2,雪碧[自购版](CAN330ml),INTR685011636,饮料,3,4,9978,9978
`FS100669,货道3,雪碧[自购版](CAN330ml),INTR685011636,饮料,3,4,9982,9982
`FS100669,货道4,三得利利趣拿铁(CAN310ml),INTR861012877,饮料,4,5,9975,9975
`FS100669,货道5,三得利利趣拿铁(CAN310ml),INTR861012877,饮料,4,5,9999,9999
`FS100669,货道6,,,,,4.5,0,0
`FS100669,货道7,饮养四季[金桔柠檬](PET500ml),INTR372011680,饮料,3.5,4.5,9903,9903
`FS100669,货道8,统一轻啵苏打水[桃花味](PET500ml),INTR876012423,饮料,3.5,4.5,9919,9919
`FS100669,货道9,统一阿萨姆[奶茶原味](PET500ml),INTR230011689,饮料,4.5,5.5,9949,9949
`FS100669,货道10,统一阿萨姆[奶茶原味](PET500ml),INTR230011689,饮料,4.5,5.5,9955,9955
`FS100669,货道11,雅哈[冰咖啡](PET450ml),INTR470011686,饮料,5.5,6.5,9965,9965
`FS100669,货道13,可口可乐[自购版](CAN330ml),INTR121011635,饮料,3,4,9957,9957
`FS100669,货道14,可口可乐[自购版](CAN330ml),INTR121011635,饮料,3,4,9984,9984
`FS100669,货道15,可口可乐[自购版](CAN330ml),INTR121011635,饮料,3,4,9971,9971
`FS100669,货道16,可口可乐[自购版](CAN330ml),INTR121011635,饮料,3,4,9972,9972
`FS100669,货道17,小野[芒果汁](CAN245ml),INTR457012418,饮料,3,4,9992,9992
`FS100669,货道18,小野[芒果汁](CAN245ml),INTR457012418,饮料,3,4,9992,9992
`FS100669,货道19,爱朵拉拿铁咖啡(CAN310ml),INTR459011637,饮料,4,5,9989,9989
`FS100669,货道20,爱朵拉拿铁咖啡(CAN310ml),INTR459011637,饮料,4,5,9991,9991
`FS100669,货道21,可口可乐[自购版](CAN330ml),INTR121011635,饮料,3,4,9999,9999
`FS100669,货道22,统一好料道[仙草凉茶](CAN310ml),INTR791011678,饮料,4,5,9998,9998
`FS100669,货道23,统一冰红茶[柠檬](PET500ml),INTR894011688,饮料,3,4,9911,9911
`FS100669,货道24,统一冰红茶[柠檬](PET500ml),INTR894011688,饮料,3,4,9937,9937
`FS100669,货道25,统一冰绿茶[青梅绿茶](PET500ml),INTR469011681,饮料,3,4,9913,9913
`FS100669,货道26,海之言[柠檬](PET500ml),INTR039011682,饮料,4,5,9891,9891
`FS100669,货道27,焕神[热带水果风味]饮料(PET460ml),INTR583011691,饮料,5,6,9968,9968
`FS100669,货道28,统一鲜橙多(PET450ml),INTR910011664,饮料,3.5,4.5,9945,9945
`FS100669,货道29,小茗同学[溜溜哒茶](PET480ml),INTR973011692,饮料,5,6,9948,9948
`FS100669,货道30,统一茶裏王[无糖台式乌龙茶](PET420ml),INTR904011685,饮料,5,6,9976,9976
`FS100669,货道31,小茗同学[溜溜哒茶](PET480ml),INTR973011692,饮料,5,6,9937,9937
`FS100669,货道32,怡宝[纯净水](PET555ml),INTR128012109,矿泉水,2,3,9858,9858
`FS100669,货道33,怡宝[纯净水](PET555ml),INTR128012109,矿泉水,2,3,9879,9879
`FS100669,货道34,统一鲜橙多(PET450ml),INTR910011664,饮料,3.5,4.5,9944,9944
`FS101013,货道1,可口可乐[自购版](CAN330ml),INTR121011635,饮料,3,3,9909,9909
`FS101013,货道2,雪碧[自购版](CAN330ml),INTR685011636,饮料,3,3,9953,9953
`FS101013,货道3,统一好料道[仙草凉茶](CAN310ml),INTR791011678,饮料,4,4,9985,9985
`FS101013,货道4,统一绿茶(CAN310ml),INTR838012449,饮料,2.5,2.5,9975,9975
`FS101013,货道5,统一冰红茶(CAN310ml),INTR115011662,饮料,2.5,2.5,9992,9992
`FS101013,货道6,统一鲜橙多(CAN310ml),INTR767011663,饮料,3,3,9993,9993
`FS101013,货道7,怡宝[纯净水](PET555ml),INTR128012109,矿泉水,2,2,9816,9816
`FS101013,货道8,怡宝[纯净水](PET555ml),INTR128012109,矿泉水,2,2,9851,9851
`FS101013,货道9,统一绿茶[茉莉](PET500ml),INTR577011683,饮料,3,3,9962,9962
`FS101013,货道10,饮养四季[金桔柠檬](PET500ml),INTR372011680,饮料,3.5,3.5,9957,9957
`FS101013,货道11,海之言[柠檬](PET500ml),INTR039011682,饮料,4,4,9955,9955
`FS101013,货道13,百事可乐(PET500ml),INTR859012793,饮料,3.5,3,9799,9799
`FS101013,货道14,,,,,0,0,0
`FS101013,货道15,美年达橙味500ml,114732,开门柜,5,3,9884,9884
`FS101013,货道16,,,,,0,0,0
`FS101013,货道17,达利园青梅绿茶(PET500ml),INTR537012876,饮料,3,3,9933,9933
`FS101013,货道19,统一蜜桃多(PET450ml),INTR769012352,饮料,3.5,3.5,9969,9969
`FS101013,货道21,脉动[青柠味](PET600ml),INTR924012868,饮料,4,5,9967,9967
`FS101013,货道23,统一阿萨姆[奶茶原味](PET500ml),INTR230011689,饮料,4.5,4.5,9947,9947
`FS101013,货道24,统一阿萨姆[奶茶原味](PET500ml),INTR230011689,饮料,4.5,4.5,9949,9949
`FS101013,货道25,统一鲜橙多(PET450ml),INTR910011664,饮料,3.5,3.5,9950,9950
`FS101013,货道26,小茗同学[青柠红茶](PET480ml),INTR297011693,饮料,5,5,9995,9995
`FS101013,货道27,小茗同学[溜溜哒茶](PET480ml),INTR973011692,饮料,5,5,9994,9994
`FS101013,货道28,小茗同学[青柠红茶](PET480ml),INTR297011693,饮料,5,5,9988,9988
`FS101013,货道29,统一冰红茶[柠檬](PET500ml),INTR894011688,饮料,3,3,9978,9978
`FS101013,货道30,统一冰红茶[柠檬](PET500ml),INTR894011688,饮料,3,3,9930,9930
`FS101013,货道31,统一饮养四季[冰糖雪梨](PET500ml),INTR56004726,饮料,3.5,3.5,9999,9999
`FS101013,货道32,统一茶裏王[无糖台式乌龙茶](PET420ml),INTR904011685,饮料,5,5,9983,9983
`FS101013,货道33,雅哈[椰椰拿铁](PET450ml),INTR880013468,饮料,5.5,5.5,9986,9986
`FS101013,货道34,,,,,0,0,0
`FS100674,货道1,雪碧[自购版](CAN330ml),INTR685011636,饮料,3,4,9970,9970
`FS100674,货道2,雪碧[自购版](CAN330ml),INTR685011636,饮料,3,4,9963,9963
`FS100674,货道3,雪碧[自购版](CAN330ml),INTR685011636,饮料,3,4,9956,9956
`FS100674,货道4,三得利利趣拿铁(CAN310ml),INTR861012877,饮料,4,5,9959,9959
`FS100674,货道5,三得利利趣拿铁(CAN310ml),INTR861012877,饮料,4,5,9983,9983
`FS100674,货道6,三得利利趣拿铁(CAN310ml),INTR861012877,饮料,4,5,9974,9974
`FS100674,货道7,统一阿萨姆[奶茶原味](PET500ml),INTR230011689,饮料,4.5,5.5,9870,9870
`FS100674,货道8,统一轻啵苏打水[桃花味](PET500ml),INTR876012423,饮料,3.5,4.5,9862,9862
`FS100674,货道9,饮养四季[金桔柠檬](PET500ml),INTR372011680,饮料,3.5,4.5,9901,9901
`FS100674,货道10,饮养四季[金桔柠檬](PET500ml),INTR372011680,饮料,3.5,4.5,9910,9910
`FS100674,货道11,雅哈[冰咖啡](PET450ml),INTR470011686,饮料,5.5,6.5,9972,9972
`FS100674,货道12,,,,,,0,0
`FS100674,货道13,可口可乐[自购版](CAN330ml),INTR121011635,饮料,3,4,9902,9902
`FS100674,货道14,可口可乐[自购版](CAN330ml),INTR121011635,饮料,3,4,9944,9944
`FS100674,货道15,可口可乐[自购版](CAN330ml),INTR121011635,饮料,3,4,9960,9960
`FS100674,货道16,可口可乐[自购版](CAN330ml),INTR121011635,饮料,3,4,9952,9952
`FS100674,货道17,雪碧[自购版](CAN330ml),INTR685011636,饮料,3,4,9980,9980
`FS100674,货道18,雪碧[自购版](CAN330ml),INTR685011636,饮料,3,4,9980,9980
`FS100674,货道19,统一好料道[仙草凉茶](CAN310ml),INTR791011678,饮料,4,5,9987,9987
`FS100674,货道20,统一好料道[仙草凉茶](CAN310ml),INTR791011678,饮料,4,5,9986,9986
`FS100674,货道21,,,,,5,0,0
`FS100674,货道22,,,,,,0,0
`FS100674,货道23,统一冰红茶[柠檬](PET500ml),INTR894011688,饮料,3,4,9848,9848
`FS100674,货道24,统一冰红茶[柠檬](PET500ml),INTR894011688,饮料,3,4,9878,9878
`FS100674,货道25,统一冰绿茶[青梅绿茶](PET500ml),INTR469011681,饮料,3,4,9894,9894
`FS100674,货道26,海之言[柠檬](PET500ml),INTR039011682,饮料,4,5,9872,9872
`FS100674,货道27,海之言[柠檬](PET500ml),INTR039011682,饮料,4,5,9913,9913
`FS100674,货道28,怡宝[纯净水](PET555ml),INTR128012109,矿泉水,2,3,9888,9888
`FS100674,货道29,焕神[热带水果风味]饮料(PET460ml),INTR583011691,饮料,5,6,9935,9935
`FS100674,货道30,统一茶裏王[无糖台式乌龙茶](PET420ml),INTR904011685,饮料,5,6,9977,9977
`FS100674,货道31,小茗同学[溜溜哒茶](PET480ml),INTR973011692,饮料,5,6,9910,9910
`FS100674,货道32,怡宝[纯净水](PET555ml),INTR128012109,矿泉水,2,3,9851,9851
`FS100674,货道33,怡宝[纯净水](PET555ml),INTR128012109,矿泉水,2,3,9862,9862
`FS100674,货道34,统一鲜橙多(PET450ml),INTR910011664,饮料,3.5,4.5,9924,9924
`FS101392,货道1,百事可乐(CAN330ml),INTR785012174,饮料,2.5,2.5,14,14
`FS101392,货道2,乐虎维生素功能饮料(CAN250ml),INTR995012194,饮料,5.5,5.5,15,15
`FS101392,货道3,台福[高钙花生牛奶](CAN365ml),INTR531012172,饮料,3.5,3.5,13,13
`FS101392,货道4,王老吉凉茶(CAN310ml),INTR472012173,饮料,3.5,3.5,13,13
`FS101392,货道5,统一蜜桃多(CAN310ml),INTR765012351,饮料,3,2.5,9,9
`FS101392,货道6,统一鲜橙多(CAN310ml),INTR767011663,饮料,3,2.5,3,3
`FS101392,货道7,娃哈哈[钻面水](PET550ml),INTR055012170,矿泉水,2,2,21,21
`FS101392,货道8,娃哈哈[钻面水](PET550ml),INTR055012170,矿泉水,2,2,19,19
`FS101392,货道9,统一绿茶[茉莉](PET500ml),INTR577011683,饮料,3,3,14,14
`FS101392,货道10,统一绿茶[茉莉](PET500ml),INTR577011683,饮料,3,3,12,12
`FS101392,货道11,统一蜜桃多(CAN310ml),INTR765012351,饮料,3,2.5,1,1
`FS101392,货道13,可口可乐[自购版](PET500ml),INTR724012203,饮料,3.5,3.5,18,18
`FS101392,货道15,统一饮养四季[冰糖雪梨](PET500ml),INTR56004726,饮料,3.5,3,18,18
`FS101392,货道17,统一双萃[柠檬茶](PET500ml),INTR466012427,饮料,3,3,14,14
`FS101392,货道19,小茗同学[溜溜哒茶](PET480ml),INTR973011692,饮料,5,5,13,13
`FS101392,货道21,饮养四季[金桔柠檬](PET500ml),INTR372011680,饮料,3.5,3,11,11
`FS101392,货道23,百香公举[百香果](PET480ml),INTR017012171,饮料,4,4,8,8
`FS101392,货道24,统一鲜橙多(PET450ml),INTR910011664,饮料,3.5,3.5,18,18
`FS101392,货道25,统一冰红茶[柠檬](PET500ml),INTR894011688,饮料,3,3,16,16
`FS101392,货道26,统一冰红茶[柠檬](PET500ml),INTR894011688,饮料,3,3,14,14
`FS101392,货道27,统一冰红茶[柠檬](PET500ml),INTR894011688,饮料,3,3,12,12
`FS101392,货道28,统一绿茶[茉莉](PET500ml),INTR577011683,饮料,3,3,10,10
`FS101392,货道29,统一阿萨姆[奶茶原味](PET500ml),INTR230011689,饮料,4.5,4,0,0
`FS101392,货道30,统一阿萨姆[奶茶原味](PET500ml),INTR230011689,饮料,4.5,4,0,0
`FS101392,货道31,焕神[热带水果风味]饮料(PET460ml),INTR583011691,饮料,5,5,5,5
`FS101392,货道32,海之言[柠檬](PET500ml),INTR039011682,饮料,4,4,12,12
`FS101392,货道33,海之言[柠檬](PET500ml),INTR039011682,饮料,4,4,11,11
`FS101392,货道34,焕神[热带水果风味]饮料(PET460ml),INTR583011691,饮料,5,5,5,5
`FS100969,货道1,可口可乐[自购版](CAN330ml),INTR121011635,饮料,3,3,9938,9938
`FS100969,货道2,雪碧[自购版](CAN330ml),INTR685011636,饮料,3,3,9957,9957
`FS100969,货道3,统一好料道[仙草凉茶](CAN310ml),INTR791011678,饮料,4,4,9992,9992
`FS100969,货道4,统一绿茶(CAN310ml),INTR838012449,饮料,2.5,2.5,9987,9987
`FS100969,货道5,统一冰红茶(CAN310ml),INTR115011662,饮料,2.5,2.5,9986,9986
`FS100969,货道6,统一鲜橙多(CAN310ml),INTR767011663,饮料,3,3,9993,9993
`FS100969,货道7,怡宝[纯净水](PET555ml),INTR128012109,矿泉水,2,2,9822,9822
`FS100969,货道8,怡宝[纯净水](PET555ml),INTR128012109,矿泉水,2,2,9843,9843
`FS100969,货道9,统一绿茶[茉莉](PET500ml),INTR577011683,饮料,3,3,9961,9961
`FS100969,货道10,饮养四季[金桔柠檬](PET500ml),INTR372011680,饮料,3.5,3.5,9975,9975
`FS100969,货道11,海之言[柠檬](PET500ml),INTR039011682,饮料,4,4,9949,9949
`FS100969,货道13,百事可乐(PET500ml),INTR859012793,饮料,3.5,3,9815,9815
`FS100969,货道14,,,,,0,0,0
`FS100969,货道15,美年达橙味500ml,114732,开门柜,5,3,9880,9880
`FS100969,货道16,,,,,0,0,0
`FS100969,货道17,达利园青梅绿茶(PET500ml),INTR537012876,饮料,3,3,9881,9881
`FS100969,货道19,统一蜜桃多(PET450ml),INTR769012352,饮料,3.5,3.5,9948,9948
`FS100969,货道21,脉动[青柠味](PET600ml),INTR924012868,饮料,4,5,9959,9959
`FS100969,货道23,统一阿萨姆[奶茶原味](PET500ml),INTR230011689,饮料,4.5,4.5,9942,9942
`FS100969,货道24,统一阿萨姆[奶茶原味](PET500ml),INTR230011689,饮料,4.5,4.5,9950,9950
`FS100969,货道25,统一鲜橙多(PET450ml),INTR910011664,饮料,3.5,3.5,9930,9930
`FS100969,货道26,小茗同学[青柠红茶](PET480ml),INTR297011693,饮料,5,5,9998,9998
`FS100969,货道27,小茗同学[溜溜哒茶](PET480ml),INTR973011692,饮料,5,5,9978,9978
`FS100969,货道28,小茗同学[青柠红茶](PET480ml),INTR297011693,饮料,5,5,9991,9991
`FS100969,货道29,统一冰红茶[柠檬](PET500ml),INTR894011688,饮料,3,3,9927,9927
`FS100969,货道30,统一冰红茶[柠檬](PET500ml),INTR894011688,饮料,3,3,9911,9911
`FS100969,货道31,统一饮养四季[冰糖雪梨](PET500ml),INTR56004726,饮料,3.5,3.5,9999,9999
`FS100969,货道32,统一茶裏王[无糖日式绿茶](PET420ml),INTR185012092,饮料,5,5,9999,9999
`FS100969,货道33,雅哈[椰椰拿铁](PET450ml),INTR880013468,饮料,5.5,5.5,9974,9974
`FS100969,货道34,,,,,0,0,0
`FS101015,货道1,可口可乐[自购版](CAN330ml),INTR121011635,饮料,3,3,9957,9957
`FS101015,货道2,雪碧[自购版](CAN330ml),INTR685011636,饮料,3,3,9975,9975
`FS101015,货道3,统一好料道[仙草凉茶](CAN310ml),INTR791011678,饮料,4,4,9954,9954
`FS101015,货道4,统一绿茶(CAN310ml),INTR838012449,饮料,2.5,2.5,9974,9974
`FS101015,货道5,统一冰红茶(CAN310ml),INTR115011662,饮料,2.5,2.5,9985,9985
`FS101015,货道6,统一鲜橙多(CAN310ml),INTR767011663,饮料,3,3,9990,9990
`FS101015,货道7,怡宝[纯净水](PET555ml),INTR128012109,矿泉水,2,2,9821,9821
`FS101015,货道8,怡宝[纯净水](PET555ml),INTR128012109,矿泉水,2,2,9822,9822
`FS101015,货道9,统一绿茶[茉莉](PET500ml),INTR577011683,饮料,3,3,9940,9940
`FS101015,货道10,饮养四季[金桔柠檬](PET500ml),INTR372011680,饮料,3.5,3.5,9950,9950
`FS101015,货道11,海之言[柠檬](PET500ml),INTR039011682,饮料,4,4,9933,9933
`FS101015,货道13,百事可乐(PET500ml),INTR859012793,饮料,3.5,3,9820,9820
`FS101015,货道14,,,,,0,0,0
`FS101015,货道15,美年达橙味500ml,114732,开门柜,5,3,9883,9883
`FS101015,货道16,,,,,0,0,0
`FS101015,货道17,达利园青梅绿茶(PET500ml),INTR537012876,饮料,3,3,9897,9897
`FS101015,货道19,统一蜜桃多(PET450ml),INTR769012352,饮料,3.5,3.5,9934,9934
`FS101015,货道21,脉动[青柠味](PET600ml),INTR924012868,饮料,4,5,9964,9964
`FS101015,货道23,统一阿萨姆[奶茶原味](PET500ml),INTR230011689,饮料,4.5,4.5,9958,9958
`FS101015,货道24,统一阿萨姆[奶茶原味](PET500ml),INTR230011689,饮料,4.5,4.5,9930,9930
`FS101015,货道25,统一鲜橙多(PET450ml),INTR910011664,饮料,3.5,3.5,9965,9965
`FS101015,货道26,小茗同学[青柠红茶](PET480ml),INTR297011693,饮料,5,5,9987,9987
`FS101015,货道27,小茗同学[溜溜哒茶](PET480ml),INTR973011692,饮料,5,5,9988,9988
`FS101015,货道28,小茗同学[青柠红茶](PET480ml),INTR297011693,饮料,5,5,9982,9982
`FS101015,货道29,统一冰红茶[柠檬](PET500ml),INTR894011688,饮料,3,3,9963,9963
`FS101015,货道30,统一冰红茶[柠檬](PET500ml),INTR894011688,饮料,3,3,9924,9924
`FS101015,货道31,统一饮养四季[冰糖雪梨](PET500ml),INTR56004726,饮料,3.5,3.5,9999,9999
`FS101015,货道32,统一茶裏王[无糖台式乌龙茶](PET420ml),INTR904011685,饮料,5,5,9928,9928
`FS101015,货道33,雅哈[椰椰拿铁](PET450ml),INTR880013468,饮料,5.5,5.5,9977,9977
`FS101015,货道34,,,,,0,0,0
`FS101007,货道1,可口可乐[自购版](CAN330ml),INTR121011635,饮料,3,3,9894,9894
`FS101007,货道2,雪碧[自购版](CAN330ml),INTR685011636,饮料,3,3,9965,9965
`FS101007,货道3,统一好料道[仙草凉茶](CAN310ml),INTR791011678,饮料,4,4,9987,9987
`FS101007,货道4,统一绿茶(CAN310ml),INTR838012449,饮料,2.5,2.5,9981,9981
`FS101007,货道5,统一冰红茶(CAN310ml),INTR115011662,饮料,2.5,2.5,9994,9994
`FS101007,货道6,统一鲜橙多(CAN310ml),INTR767011663,饮料,3,3,9998,9998
`FS101007,货道7,怡宝[纯净水](PET555ml),INTR128012109,矿泉水,2,2,9838,9838
`FS101007,货道8,怡宝[纯净水](PET555ml),INTR128012109,矿泉水,2,2,9870,9870
`FS101007,货道9,统一绿茶[茉莉](PET500ml),INTR577011683,饮料,3,3,9968,9968
`FS101007,货道10,饮养四季[金桔柠檬](PET500ml),INTR372011680,饮料,3.5,3.5,9963,9963
`FS101007,货道11,海之言[柠檬](PET500ml),INTR039011682,饮料,4,4,9970,9970
`FS101007,货道13,百事可乐(PET500ml),INTR859012793,饮料,3.5,3,9869,9869
`FS101007,货道14,,,,,0,0,0
`FS101007,货道15,美年达橙味500ml,114732,开门柜,5,3,9970,9970
`FS101007,货道16,,,,,0,0,0
`FS101007,货道17,达利园青梅绿茶(PET500ml),INTR537012876,饮料,3,3,9910,9910
`FS101007,货道19,统一蜜桃多(PET450ml),INTR769012352,饮料,3.5,3.5,9968,9968
`FS101007,货道21,脉动[青柠味](PET600ml),INTR924012868,饮料,4,5,9994,9994
`FS101007,货道23,统一阿萨姆[奶茶原味](PET500ml),INTR230011689,饮料,4.5,4.5,9968,9968
`FS101007,货道24,统一阿萨姆[奶茶原味](PET500ml),INTR230011689,饮料,4.5,4.5,9976,9976
`FS101007,货道25,统一鲜橙多(PET450ml),INTR910011664,饮料,3.5,3.5,9982,9982
`FS101007,货道26,小茗同学[青柠红茶](PET480ml),INTR297011693,饮料,5,5,9997,9997
`FS101007,货道27,小茗同学[溜溜哒茶](PET480ml),INTR973011692,饮料,5,5,9992,9992
`FS101007,货道28,小茗同学[青柠红茶](PET480ml),INTR297011693,饮料,5,5,9994,9994
`FS101007,货道29,统一冰红茶[柠檬](PET500ml),INTR894011688,饮料,3,3,9990,9990
`FS101007,货道30,统一冰红茶[柠檬](PET500ml),INTR894011688,饮料,3,3,9979,9979
`FS101007,货道31,统一饮养四季[冰糖雪梨](PET500ml),INTR56004726,饮料,3.5,3.5,9999,9999
`FS101007,货道32,统一茶裏王[无糖台式乌龙茶](PET420ml),INTR904011685,饮料,5,5,9983,9983
`FS101007,货道33,雅哈[椰椰拿铁](PET450ml),INTR880013468,饮料,5.5,5.5,9999,9999
`FS101007,货道34,,,,,0,0,0
`FS100713,货道1,可口可乐[自购版](CAN330ml),INTR121011635,饮料,3,4,9966,9966
`FS100713,货道2,雪碧[自购版](CAN330ml),INTR685011636,饮料,3,4,9976,9976
`FS100713,货道3,小野[芒果汁](CAN245ml),INTR457012418,饮料,3,4,9997,9997
`FS100713,货道4,三得利利趣拿铁(CAN310ml),INTR861012877,饮料,4,5,9984,9984
`FS100713,货道5,三得利利趣拿铁(CAN310ml),INTR861012877,饮料,4,5,9987,9987
`FS100713,货道6,小野[芒果汁](CAN245ml),INTR457012418,饮料,3,4,9987,9987
`FS100713,货道7,统一轻啵苏打水[桃花味](PET500ml),INTR876012423,饮料,3.5,4.5,9952,9952
`FS100713,货道8,饮养四季[金桔柠檬](PET500ml),INTR372011680,饮料,3.5,4.5,9949,9949
`FS100713,货道9,海之言[柠檬](PET500ml),INTR039011682,饮料,4,5,9921,9921
`FS100713,货道10,统一阿萨姆[奶茶原味](PET500ml),INTR230011689,饮料,4.5,5.5,9954,9954
`FS100713,货道11,海之言[柠檬](PET500ml),INTR039011682,饮料,4,5,9959,9959
`FS100713,货道13,可口可乐[自购版](CAN330ml),INTR121011635,饮料,3,4,9965,9965
`FS100713,货道14,雪碧[自购版](CAN330ml),INTR685011636,饮料,3,4,9993,9993
`FS100713,货道15,可口可乐[自购版](CAN330ml),INTR121011635,饮料,3,4,9971,9971
`FS100713,货道16,雪碧[自购版](CAN330ml),INTR685011636,饮料,3,4,9995,9995
`FS100713,货道17,可口可乐[自购版](CAN330ml),INTR121011635,饮料,3,4,9997,9997
`FS100713,货道18,雪碧[自购版](CAN330ml),INTR685011636,饮料,3,4,9991,9991
`FS100713,货道19,可口可乐[自购版](CAN330ml),INTR121011635,饮料,3,4,9987,9987
`FS100713,货道20,统一好料道[仙草凉茶](CAN310ml),INTR791011678,饮料,4,5,9996,9996
`FS100713,货道21,雪碧[自购版](CAN330ml),INTR685011636,饮料,3,4,9996,9996
`FS100713,货道22,统一好料道[仙草凉茶](CAN310ml),INTR791011678,饮料,4,5,9995,9995
`FS100713,货道23,统一冰红茶[柠檬](PET500ml),INTR894011688,饮料,3,4,9937,9937
`FS100713,货道24,统一冰红茶[柠檬](PET500ml),INTR894011688,饮料,3,4,9934,9934
`FS100713,货道25,统一冰绿茶[青梅绿茶](PET500ml),INTR469011681,饮料,3,4,9951,9951
`FS100713,货道26,海之言[柠檬](PET500ml),INTR039011682,饮料,4,5,9947,9947
`FS100713,货道27,焕神[热带水果风味]饮料(PET460ml),INTR583011691,饮料,5,6,9969,9969
`FS100713,货道28,统一鲜橙多(PET450ml),INTR910011664,饮料,3.5,4.5,9955,9955
`FS100713,货道29,小茗同学[溜溜哒茶](PET480ml),INTR973011692,饮料,5,6,9958,9958
`FS100713,货道30,统一茶裏王[无糖台式乌龙茶](PET420ml),INTR904011685,饮料,5,6,9983,9983
`FS100713,货道31,元气森林苏打气泡水[荔枝味](PET480ml),INTR976013213,饮料,4,6,9984,9984
`FS100713,货道32,怡宝[纯净水](PET555ml),INTR128012109,矿泉水,2,3,9883,9883
`FS100713,货道33,怡宝[纯净水](PET555ml),INTR128012109,矿泉水,2,3,9902,9902
`FS100713,货道34,统一鲜橙多(PET450ml),INTR910011664,饮料,3.5,4.5,9959,9959
`FS101018,货道1,可口可乐[自购版](CAN330ml),INTR121011635,饮料,3,3,9948,9948
`FS101018,货道2,雪碧[自购版](CAN330ml),INTR685011636,饮料,3,3,9945,9945
`FS101018,货道3,统一好料道[仙草凉茶](CAN310ml),INTR791011678,饮料,4,4,9994,9994
`FS101018,货道4,统一绿茶(CAN310ml),INTR838012449,饮料,2.5,2.5,9991,9991
`FS101018,货道5,统一冰红茶(CAN310ml),INTR115011662,饮料,2.5,2.5,9993,9993
`FS101018,货道6,统一鲜橙多(CAN310ml),INTR767011663,饮料,3,3,9997,9997
`FS101018,货道7,怡宝[纯净水](PET555ml),INTR128012109,矿泉水,2,2,9919,9919
`FS101018,货道8,怡宝[纯净水](PET555ml),INTR128012109,矿泉水,2,2,9904,9904
`FS101018,货道9,统一绿茶[茉莉](PET500ml),INTR577011683,饮料,3,3,9976,9976
`FS101018,货道10,饮养四季[金桔柠檬](PET500ml),INTR372011680,饮料,3.5,3.5,9968,9968
`FS101018,货道11,海之言[柠檬](PET500ml),INTR039011682,饮料,4,4,9962,9962
`FS101018,货道13,百事可乐(PET500ml),INTR859012793,饮料,3.5,3,9865,9865
`FS101018,货道14,,,,,0,0,0
`FS101018,货道15,美年达橙味500ml,114732,开门柜,5,3,9919,9919
`FS101018,货道16,,,,,0,0,0
`FS101018,货道17,达利园青梅绿茶(PET500ml),INTR537012876,饮料,3,3,9947,9947
`FS101018,货道19,统一蜜桃多(PET450ml),INTR769012352,饮料,3.5,3.5,9984,9984
`FS101018,货道21,脉动[青柠味](PET600ml),INTR924012868,饮料,4,5,9982,9982
`FS101018,货道23,统一阿萨姆[奶茶原味](PET500ml),INTR230011689,饮料,4.5,4.5,9985,9985
`FS101018,货道24,统一阿萨姆[奶茶原味](PET500ml),INTR230011689,饮料,4.5,4.5,9982,9982
`FS101018,货道25,统一鲜橙多(PET450ml),INTR910011664,饮料,3.5,3.5,9984,9984
`FS101018,货道26,小茗同学[青柠红茶](PET480ml),INTR297011693,饮料,5,5,9998,9998
`FS101018,货道27,小茗同学[溜溜哒茶](PET480ml),INTR973011692,饮料,5,5,9990,9990
`FS101018,货道28,小茗同学[青柠红茶](PET480ml),INTR297011693,饮料,5,5,9994,9994
`FS101018,货道29,统一冰红茶[柠檬](PET500ml),INTR894011688,饮料,3,3,9992,9992
`FS101018,货道30,统一冰红茶[柠檬](PET500ml),INTR894011688,饮料,3,3,9979,9979
`FS101018,货道31,统一饮养四季[冰糖雪梨](PET500ml),INTR56004726,饮料,3.5,3.5,9999,9999
`FS101018,货道32,统一茶裏王[无糖台式乌龙茶](PET420ml),INTR904011685,饮料,5,5,9997,9997
`FS101018,货道33,雅哈[椰椰拿铁](PET450ml),INTR880013468,饮料,5.5,5.5,9996,9996
`FS101018,货道34,,,,,0,0,0
`FS100953,货道1,可口可乐[自购版](CAN330ml),INTR121011635,饮料,3,3,9940,9940
`FS100953,货道2,雪碧[自购版](CAN330ml),INTR685011636,饮料,3,3,9954,9954
`FS100953,货道3,统一好料道[仙草凉茶](CAN310ml),INTR791011678,饮料,4,4,9995,9995
`FS100953,货道4,统一绿茶(CAN310ml),INTR838012449,饮料,2.5,2.5,9996,9996
`FS100953,货道5,统一冰红茶(CAN310ml),INTR115011662,饮料,2.5,2.5,9994,9994
`FS100953,货道6,统一鲜橙多(CAN310ml),INTR767011663,饮料,3,3,9997,9997
`FS100953,货道7,怡宝[纯净水](PET555ml),INTR128012109,矿泉水,2,2,9921,9921
`FS100953,货道8,怡宝[纯净水](PET555ml),INTR128012109,矿泉水,2,2,9921,9921
`FS100953,货道9,统一绿茶[茉莉](PET500ml),INTR577011683,饮料,3,3,9992,9992
`FS100953,货道10,饮养四季[金桔柠檬](PET500ml),INTR372011680,饮料,3.5,3.5,9984,9984
`FS100953,货道11,海之言[柠檬](PET500ml),INTR039011682,饮料,4,4,9980,9980
`FS100953,货道13,百事可乐(PET500ml),INTR859012793,饮料,3.5,3,9913,9913
`FS100953,货道14,,,,,0,0,0
`FS100953,货道15,美年达橙味500ml,114732,开门柜,5,3,9970,9970
`FS100953,货道16,,,,,0,0,0
`FS100953,货道17,达利园青梅绿茶(PET500ml),INTR537012876,饮料,3,3,9947,9947
`FS100953,货道19,统一蜜桃多(PET450ml),INTR769012352,饮料,3.5,3.5,9984,9984
`FS100953,货道21,脉动[青柠味](PET600ml),INTR924012868,饮料,4,5,9983,9983
`FS100953,货道23,统一阿萨姆[奶茶原味](PET500ml),INTR230011689,饮料,4.5,4.5,9990,9990
`FS100953,货道24,统一阿萨姆[奶茶原味](PET500ml),INTR230011689,饮料,4.5,4.5,9982,9982
`FS100953,货道25,统一鲜橙多(PET450ml),INTR910011664,饮料,3.5,3.5,9994,9994
`FS100953,货道26,小茗同学[青柠红茶](PET480ml),INTR297011693,饮料,5,5,9994,9994
`FS100953,货道27,小茗同学[溜溜哒茶](PET480ml),INTR973011692,饮料,5,5,9992,9992
`FS100953,货道28,小茗同学[青柠红茶](PET480ml),INTR297011693,饮料,5,5,9994,9994
`FS100953,货道29,统一冰红茶[柠檬](PET500ml),INTR894011688,饮料,3,3,9986,9986
`FS100953,货道30,统一冰红茶[柠檬](PET500ml),INTR894011688,饮料,3,3,9985,9985
`FS100953,货道31,统一饮养四季[冰糖雪梨](PET500ml),INTR56004726,饮料,3.5,3.5,9999,9999
`FS100953,货道32,统一茶裏王[无糖台式乌龙茶](PET420ml),INTR904011685,饮料,5,5,9988,9988
`FS100953,货道33,雅哈[椰椰拿铁](PET450ml),INTR880013468,饮料,5.5,5.5,9997,9997
`FS100953,货道34,,,,,0,0,0
`FS101008,货道1,可口可乐[自购版](CAN330ml),INTR121011635,饮料,3,3,9999,9999
`FS101008,货道2,雪碧[自购版](CAN330ml),INTR685011636,饮料,3,3,9999,9999
`FS101008,货道3,统一好料道[仙草凉茶](CAN310ml),INTR791011678,饮料,4,4,9999,9999
`FS101008,货道4,统一绿茶(CAN310ml),INTR838012449,饮料,2.5,2.5,9999,9999
`FS101008,货道5,,,,,0,0,0
`FS101008,货道6,小野[芒果汁](CAN245ml),INTR457012418,饮料,3,3,9999,9999
`FS101008,货道7,怡宝[纯净水](PET555ml),INTR128012109,矿泉水,2,2,9995,9995
`FS101008,货道8,怡宝[纯净水](PET555ml),INTR128012109,矿泉水,2,2,9991,9991
`FS101008,货道9,统一绿茶[茉莉](PET500ml),INTR577011683,饮料,3,3,9999,9999
`FS101008,货道10,饮养四季[金桔柠檬](PET500ml),INTR372011680,饮料,3.5,3.5,9999,9999
`FS101008,货道11,海之言[柠檬](PET500ml),INTR039011682,饮料,4,4,9999,9999
`FS101008,货道13,百事可乐(PET500ml),INTR859012793,饮料,3.5,3,9991,9991
`FS101008,货道14,,,,,0,0,0
`FS101008,货道15,美年达橙味500ml,114732,开门柜,5,3,9994,9994
`FS101008,货道16,,,,,0,0,0
`FS101008,货道17,达利园青梅绿茶(PET500ml),INTR537012876,饮料,3,3,9991,9991
`FS101008,货道19,统一蜜桃多(PET450ml),INTR769012352,饮料,3.5,3.5,9999,9999
`FS101008,货道21,脉动[青柠味](PET600ml),INTR924012868,饮料,4,5,9999,9999
`FS101008,货道23,统一阿萨姆[奶茶原味](PET500ml),INTR230011689,饮料,4.5,4.5,9999,9999
`FS101008,货道24,统一阿萨姆[奶茶原味](PET500ml),INTR230011689,饮料,4.5,4.5,9999,9999
`FS101008,货道25,统一鲜橙多(PET450ml),INTR910011664,饮料,3.5,3.5,9999,9999
`FS101008,货道26,小茗同学[青柠红茶](PET480ml),INTR297011693,饮料,5,5,9999,9999
`FS101008,货道27,小茗同学[溜溜哒茶](PET480ml),INTR973011692,饮料,5,5,9999,9999
`FS101008,货道28,小茗同学[青柠红茶](PET480ml),INTR297011693,饮料,5,5,9999,9999
`FS101008,货道29,统一冰红茶[柠檬](PET500ml),INTR894011688,饮料,3,3,9999,9999
`FS101008,货道30,统一冰红茶[柠檬](PET500ml),INTR894011688,饮料,3,3,9999,9999
`FS101008,货道31,统一饮养四季[冰糖雪梨](PET500ml),INTR56004726,饮料,3.5,3.5,9999,9999
`FS101008,货道32,统一茶裏王[无糖台式乌龙茶](PET420ml),INTR904011685,饮料,5,5,9999,9999
`FS101008,货道33,雅哈[椰椰拿铁](PET450ml),INTR880013468,饮料,5.5,5.5,9999,9999
`FS101008,货道34,,,,,0,0,0
`FS100998,货道1,可口可乐[自购版](CAN330ml),INTR121011635,饮料,3,3,9963,9963
`FS100998,货道2,雪碧[自购版](CAN330ml),INTR685011636,饮料,3,3,9979,9979
`FS100998,货道3,统一好料道[仙草凉茶](CAN310ml),INTR791011678,饮料,4,4,9980,9980
`FS100998,货道4,统一绿茶(CAN310ml),INTR838012449,饮料,2.5,2.5,9974,9974
`FS100998,货道5,统一冰红茶(CAN310ml),INTR115011662,饮料,2.5,2.5,9995,9995
`FS100998,货道6,统一鲜橙多(CAN310ml),INTR767011663,饮料,3,3,9993,9993
`FS100998,货道7,怡宝[纯净水](PET555ml),INTR128012109,矿泉水,2,2,9800,9800
`FS100998,货道8,怡宝[纯净水](PET555ml),INTR128012109,矿泉水,2,2,9828,9828
`FS100998,货道9,统一绿茶[茉莉](PET500ml),INTR577011683,饮料,3,3,9951,9951
`FS100998,货道10,饮养四季[金桔柠檬](PET500ml),INTR372011680,饮料,3.5,3.5,9962,9962
`FS100998,货道11,海之言[柠檬](PET500ml),INTR039011682,饮料,4,4,9942,9942
`FS100998,货道13,百事可乐(PET500ml),INTR859012793,饮料,3.5,3,9876,9876
`FS100998,货道14,,,,,0,0,0
`FS100998,货道15,美年达橙味500ml,114732,开门柜,5,3,9934,9934
`FS100998,货道16,,,,,0,0,0
`FS100998,货道17,达利园青梅绿茶(PET500ml),INTR537012876,饮料,3,3,9889,9889
`FS100998,货道19,统一蜜桃多(PET450ml),INTR769012352,饮料,3.5,3.5,9949,9949
`FS100998,货道21,脉动[青柠味](PET600ml),INTR924012868,饮料,4,5,9936,9936
`FS100998,货道23,统一阿萨姆[奶茶原味](PET500ml),INTR230011689,饮料,4.5,4.5,9955,9955
`FS100998,货道24,统一阿萨姆[奶茶原味](PET500ml),INTR230011689,饮料,4.5,4.5,9930,9930
`FS100998,货道25,统一鲜橙多(PET450ml),INTR910011664,饮料,3.5,3.5,9959,9959
`FS100998,货道26,小茗同学[青柠红茶](PET480ml),INTR297011693,饮料,5,5,9978,9978
`FS100998,货道27,小茗同学[溜溜哒茶](PET480ml),INTR973011692,饮料,5,5,9976,9976
`FS100998,货道28,小茗同学[青柠红茶](PET480ml),INTR297011693,饮料,5,5,9983,9983
`FS100998,货道29,统一冰红茶[柠檬](PET500ml),INTR894011688,饮料,3,3,9936,9936
`FS100998,货道30,统一冰红茶[柠檬](PET500ml),INTR894011688,饮料,3,3,9936,9936
`FS100998,货道31,统一饮养四季[冰糖雪梨](PET500ml),INTR56004726,饮料,3.5,3.5,9999,9999
`FS100998,货道32,统一茶裏王[无糖日式绿茶](PET420ml),INTR185012092,饮料,5,5,9948,9948
`FS100998,货道33,雅哈[椰椰拿铁](PET450ml),INTR880013468,饮料,5.5,5.5,9963,9963
`FS100998,货道34,,,,,0,0,0
`FS100756,货道1,统一冰绿茶[青梅绿茶](CAN310ml),INTG116100075,饮料,2.5,2.5,996,996
`FS100756,货道2,统一冰绿茶[青梅绿茶](CAN310ml),INTG116100075,饮料,2.5,2.5,993,993
`FS100756,货道3,统一冰绿茶[青梅绿茶](CAN310ml),INTG116100075,饮料,2.5,2.5,987,987
`FS100756,货道4,统一蜜桃多(CAN310ml),INTR765012351,饮料,3,3,995,995
`FS100756,货道5,统一蜜桃多(CAN310ml),INTR765012351,饮料,3,3,997,997
`FS100756,货道6,统一蜜桃多(CAN310ml),INTR765012351,饮料,3,3,983,983
`FS100756,货道7,雪碧(PET500ml),INTR274011679,饮料,3.5,3,694,694
`FS100756,货道8,百事可乐(PET500ml),INTR859012793,饮料,3.5,3,701,701
`FS100756,货道9,农夫水溶C100(PET445ml),14473,开门柜,1,5,884,884
`FS100756,货道10,统一饮养四季[冰糖雪梨](PET500ml),INTR56004726,饮料,3.5,3.5,903,903
`FS100756,货道11,统一阿萨姆[白桃观音](PET450ml),INTR609013401,饮料,4.5,4.5,87,87
`FS100756,货道13,银鹭八宝粥[桂圆莲子](CAN360g),INTR760012867,食品,3.5,4,928,928
`FS100756,货道14,台福[高钙花生牛奶](CAN365ml),INTR531012172,饮料,3.5,4,909,909
`FS100756,货道15,统一鲜橙多(CAN310ml),INTR767011663,饮料,3,3,847,847
`FS100756,货道16,统一蜜桃多(CAN310ml),INTR765012351,饮料,3,3,766,766
`FS100756,货道17,小茗同学[青柠红茶](PET480ml),INTR297011693,饮料,5,5,997,997
`FS100756,货道19,饮养四季[金桔柠檬](PET500ml),INTR372011680,饮料,3.5,3.5,864,864
`FS100756,货道21,可口可乐(PET500ml),INTR310011684,饮料,3.5,3,786,786
`FS100756,货道23,统一冰红茶[柠檬](PET500ml),INTR894011688,饮料,3,3,742,742
`FS100756,货道24,统一绿茶[茉莉](PET500ml),INTR577011683,饮料,3,3,747,747
`FS100756,货道25,统一鲜橙多(PET450ml),INTR910011664,饮料,3.5,3.5,916,916
`FS100756,货道26,统一鲜橙多(PET450ml),INTR910011664,饮料,3.5,3.5,911,911
`FS100756,货道27,统一茉莉蜜茶(PET500ml),INTR815013715,饮料,3,3,988,988
`FS100756,货道28,统一阿萨姆[奶茶原味](PET500ml),INTR230011689,饮料,4.5,4.5,815,815
`FS100756,货道29,怡宝[纯净水](PET555ml),INTR128012109,矿泉水,2,2,867,867
`FS100756,货道30,怡宝[纯净水](PET555ml),INTR128012109,矿泉水,2,2,812,812
`FS100756,货道31,统一阿萨姆[白桃观音](PET450ml),INTR609013401,饮料,4.5,4.5,992,992
`FS100756,货道32,海之言[柠檬](PET500ml),INTR039011682,饮料,4,4,836,836
`FS100756,货道33,怡宝[纯净水](PET555ml),INTR128012109,矿泉水,2,2,804,804
`FS100756,货道34,焕神[热带水果风味]饮料(PET460ml),INTR583011691,饮料,5,5,943,943
`FS100991,货道1,可口可乐[自购版](CAN330ml),INTR121011635,饮料,3,3,9966,9966
`FS100991,货道2,雪碧[自购版](CAN330ml),INTR685011636,饮料,3,3,9981,9981
`FS100991,货道3,统一好料道[仙草凉茶](CAN310ml),INTR791011678,饮料,4,4,9983,9983
`FS100991,货道4,统一绿茶(CAN310ml),INTR838012449,饮料,2.5,2.5,9985,9985
`FS100991,货道5,统一冰红茶(CAN310ml),INTR115011662,饮料,2.5,2.5,9989,9989
`FS100991,货道6,统一鲜橙多(CAN310ml),INTR767011663,饮料,3,3,9996,9996
`FS100991,货道7,怡宝[纯净水](PET555ml),INTR128012109,矿泉水,2,2,9790,9790
`FS100991,货道8,怡宝[纯净水](PET555ml),INTR128012109,矿泉水,2,2,9821,9821
`FS100991,货道9,统一绿茶[茉莉](PET500ml),INTR577011683,饮料,3,3,9958,9958
`FS100991,货道10,饮养四季[金桔柠檬](PET500ml),INTR372011680,饮料,3.5,3.5,9970,9970
`FS100991,货道11,海之言[柠檬](PET500ml),INTR039011682,饮料,4,4,9946,9946
`FS100991,货道13,百事可乐(PET500ml),INTR859012793,饮料,3.5,3,9891,9891
`FS100991,货道14,,,,,0,0,0
`FS100991,货道15,美年达橙味500ml,114732,开门柜,5,3,9932,9932
`FS100991,货道16,,,,,0,0,0
`FS100991,货道17,达利园青梅绿茶(PET500ml),INTR537012876,饮料,3,3,9912,9912
`FS100991,货道19,统一蜜桃多(PET450ml),INTR769012352,饮料,3.5,3.5,9958,9958
`FS100991,货道21,脉动[青柠味](PET600ml),INTR924012868,饮料,4,5,9946,9946
`FS100991,货道23,统一阿萨姆[奶茶原味](PET500ml),INTR230011689,饮料,4.5,4.5,9943,9943
`FS100991,货道24,统一阿萨姆[奶茶原味](PET500ml),INTR230011689,饮料,4.5,4.5,9954,9954
`FS100991,货道25,统一鲜橙多(PET450ml),INTR910011664,饮料,3.5,3.5,9963,9963
`FS100991,货道26,小茗同学[青柠红茶](PET480ml),INTR297011693,饮料,5,5,9994,9994
`FS100991,货道27,小茗同学[溜溜哒茶](PET480ml),INTR973011692,饮料,5,5,9986,9986
`FS100991,货道28,小茗同学[青柠红茶](PET480ml),INTR297011693,饮料,5,5,9988,9988
`FS100991,货道29,统一冰红茶[柠檬](PET500ml),INTR894011688,饮料,3,3,9966,9966
`FS100991,货道30,统一冰红茶[柠檬](PET500ml),INTR894011688,饮料,3,3,9947,9947
`FS100991,货道31,统一饮养四季[冰糖雪梨](PET500ml),INTR56004726,饮料,3.5,3.5,9999,9999
`FS100991,货道32,统一茶裏王[无糖日式绿茶](PET420ml),INTR185012092,饮料,5,5,9956,9956
`FS100991,货道33,雅哈[椰椰拿铁](PET450ml),INTR880013468,饮料,5.5,5.5,9978,9978
`FS100991,货道34,,,,,0,0,0
`FS100964,货道1,可口可乐[自购版](CAN330ml),INTR121011635,饮料,3,3,9970,9970
`FS100964,货道2,雪碧[自购版](CAN330ml),INTR685011636,饮料,3,3,9987,9987
`FS100964,货道3,统一好料道[仙草凉茶](CAN310ml),INTR791011678,饮料,4,4,9995,9995
`FS100964,货道4,统一绿茶(CAN310ml),INTR838012449,饮料,2.5,2.5,9988,9988
`FS100964,货道5,统一冰红茶(CAN310ml),INTR115011662,饮料,2.5,2.5,9989,9989
`FS100964,货道6,统一鲜橙多(CAN310ml),INTR767011663,饮料,3,3,9999,9999
`FS100964,货道7,怡宝[纯净水](PET555ml),INTR128012109,矿泉水,2,2,9870,9870
`FS100964,货道8,怡宝[纯净水](PET555ml),INTR128012109,矿泉水,2,2,9903,9903
`FS100964,货道9,统一绿茶[茉莉](PET500ml),INTR577011683,饮料,3,3,9977,9977
`FS100964,货道10,饮养四季[金桔柠檬](PET500ml),INTR372011680,饮料,3.5,3.5,9984,9984
`FS100964,货道11,海之言[柠檬](PET500ml),INTR039011682,饮料,4,4,9972,9972
`FS100964,货道13,百事可乐(PET500ml),INTR859012793,饮料,3.5,3,9925,9925
`FS100964,货道14,,,,,0,0,0
`FS100964,货道15,美年达橙味500ml,114732,开门柜,5,3,9964,9964
`FS100964,货道16,,,,,0,0,0
`FS100964,货道17,达利园青梅绿茶(PET500ml),INTR537012876,饮料,3,3,9936,9936
`FS100964,货道19,统一蜜桃多(PET450ml),INTR769012352,饮料,3.5,3.5,9979,9979
`FS100964,货道21,脉动[青柠味](PET600ml),INTR924012868,饮料,4,5,9974,9974
`FS100964,货道23,统一阿萨姆[奶茶原味](PET500ml),INTR230011689,饮料,4.5,4.5,9980,9980
`FS100964,货道24,统一阿萨姆[奶茶原味](PET500ml),INTR230011689,饮料,4.5,4.5,9982,9982
`FS100964,货道25,统一鲜橙多(PET450ml),INTR910011664,饮料,3.5,3.5,9989,9989
`FS100964,货道26,小茗同学[青柠红茶](PET480ml),INTR297011693,饮料,5,5,9991,9991
`FS100964,货道27,小茗同学[溜溜哒茶](PET480ml),INTR973011692,饮料,5,5,9993,9993
`FS100964,货道28,小茗同学[青柠红茶](PET480ml),INTR297011693,饮料,5,5,9988,9988
`FS100964,货道29,统一冰红茶[柠檬](PET500ml),INTR894011688,饮料,3,3,9978,9978
`FS100964,货道30,统一冰红茶[柠檬](PET500ml),INTR894011688,饮料,3,3,9980,9980
`FS100964,货道31,统一饮养四季[冰糖雪梨](PET500ml),INTR56004726,饮料,3.5,3.5,9999,9999
`FS100964,货道32,统一茶裏王[无糖日式绿茶](PET420ml),INTR185012092,饮料,5,5,9977,9977
`FS100964,货道33,雅哈[椰椰拿铁](PET450ml),INTR880013468,饮料,5.5,5.5,9983,9983
`FS100964,货道34,,,,,0,0,0
`FS101031,货道1,可口可乐[自购版](CAN330ml),INTR121011635,饮料,3,3,9978,9978
`FS101031,货道2,雪碧[自购版](CAN330ml),INTR685011636,饮料,3,3,9989,9989
`FS101031,货道3,统一好料道[仙草凉茶](CAN310ml),INTR791011678,饮料,4,4,9983,9983
`FS101031,货道4,统一绿茶(CAN310ml),INTR838012449,饮料,2.5,2.5,9983,9983
`FS101031,货道5,统一冰红茶(CAN310ml),INTR115011662,饮料,2.5,2.5,9997,9997
`FS101031,货道6,统一鲜橙多(CAN310ml),INTR767011663,饮料,3,3,9997,9997
`FS101031,货道7,怡宝[纯净水](PET555ml),INTR128012109,矿泉水,2,2,9883,9883
`FS101031,货道8,怡宝[纯净水](PET555ml),INTR128012109,矿泉水,2,2,9868,9868
`FS101031,货道9,统一绿茶[茉莉](PET500ml),INTR577011683,饮料,3,3,9977,9977
`FS101031,货道10,饮养四季[金桔柠檬](PET500ml),INTR372011680,饮料,3.5,3.5,9983,9983
`FS101031,货道11,海之言[柠檬](PET500ml),INTR039011682,饮料,4,4,9964,9964
`FS101031,货道13,百事可乐(PET500ml),INTR859012793,饮料,3.5,3,9892,9892
`FS101031,货道14,,,,,0,0,0
`FS101031,货道15,美年达橙味500ml,114732,开门柜,5,3,9971,9971
`FS101031,货道16,,,,,0,0,0
`FS101031,货道17,达利园青梅绿茶(PET500ml),INTR537012876,饮料,3,3,9928,9928
`FS101031,货道19,统一蜜桃多(PET450ml),INTR769012352,饮料,3.5,3.5,9979,9979
`FS101031,货道21,脉动[青柠味](PET600ml),INTR924012868,饮料,4,5,9968,9968
`FS101031,货道23,统一阿萨姆[奶茶原味](PET500ml),INTR230011689,饮料,4.5,4.5,9954,9954
`FS101031,货道24,统一阿萨姆[奶茶原味](PET500ml),INTR230011689,饮料,4.5,4.5,9943,9943
`FS101031,货道25,统一鲜橙多(PET450ml),INTR910011664,饮料,3.5,3.5,9984,9984
`FS101031,货道26,小茗同学[青柠红茶](PET480ml),INTR297011693,饮料,5,5,9993,9993
`FS101031,货道27,小茗同学[溜溜哒茶](PET480ml),INTR973011692,饮料,5,5,9990,9990
`FS101031,货道28,小茗同学[青柠红茶](PET480ml),INTR297011693,饮料,5,5,9988,9988
`FS101031,货道29,统一冰红茶[柠檬](PET500ml),INTR894011688,饮料,3,3,9987,9987
`FS101031,货道30,统一冰红茶[柠檬](PET500ml),INTR894011688,饮料,3,3,9973,9973
`FS101031,货道31,统一饮养四季[冰糖雪梨](PET500ml),INTR56004726,饮料,3.5,3.5,9999,9999
`FS101031,货道32,统一茶裏王[无糖台式乌龙茶](PET420ml),INTR904011685,饮料,5,5,9985,9985
`FS101031,货道33,雅哈[椰椰拿铁](PET450ml),INTR880013468,饮料,5.5,5.5,9994,9994
`FS101031,货道34,,,,,0,0,0
`FS100976,货道1,可口可乐[自购版](CAN330ml),INTR121011635,饮料,3,3,9979,9979
`FS100976,货道2,雪碧[自购版](CAN330ml),INTR685011636,饮料,3,3,9989,9989
`FS100976,货道3,统一好料道[仙草凉茶](CAN310ml),INTR791011678,饮料,4,4,9992,9992
`FS100976,货道4,统一绿茶(CAN310ml),INTR838012449,饮料,2.5,2.5,9989,9989
`FS100976,货道5,统一冰红茶(CAN310ml),INTR115011662,饮料,2.5,2.5,9985,9985
`FS100976,货道6,统一鲜橙多(CAN310ml),INTR767011663,饮料,3,3,9998,9998
`FS100976,货道7,怡宝[纯净水](PET555ml),INTR128012109,矿泉水,2,2,9842,9842
`FS100976,货道8,怡宝[纯净水](PET555ml),INTR128012109,矿泉水,2,2,9857,9857
`FS100976,货道9,统一绿茶[茉莉](PET500ml),INTR577011683,饮料,3,3,9960,9960
`FS100976,货道10,饮养四季[金桔柠檬](PET500ml),INTR372011680,饮料,3.5,3.5,9972,9972
`FS100976,货道11,海之言[柠檬](PET500ml),INTR039011682,饮料,4,4,9949,9949
`FS100976,货道13,百事可乐(PET500ml),INTR859012793,饮料,3.5,3,9869,9869
`FS100976,货道14,,,,,0,0,0
`FS100976,货道15,美年达橙味500ml,114732,开门柜,5,3,9929,9929
`FS100976,货道16,,,,,0,0,0
`FS100976,货道17,达利园青梅绿茶(PET500ml),INTR537012876,饮料,3,3,9917,9917
`FS100976,货道19,统一蜜桃多(PET450ml),INTR769012352,饮料,3.5,3.5,9961,9961
`FS100976,货道21,脉动[青柠味](PET600ml),INTR924012868,饮料,4,5,9948,9948
`FS100976,货道23,统一阿萨姆[奶茶原味](PET500ml),INTR230011689,饮料,4.5,4.5,9958,9958
`FS100976,货道24,统一阿萨姆[奶茶原味](PET500ml),INTR230011689,饮料,4.5,4.5,9953,9953
`FS100976,货道25,统一鲜橙多(PET450ml),INTR910011664,饮料,3.5,3.5,9973,9973
`FS100976,货道26,小茗同学[青柠红茶](PET480ml),INTR297011693,饮料,5,5,9993,9993
`FS100976,货道27,小茗同学[溜溜哒茶](PET480ml),INTR973011692,饮料,5,5,9981,9981
`FS100976,货道28,小茗同学[青柠红茶](PET480ml),INTR297011693,饮料,5,5,9986,9986
`FS100976,货道29,统一冰红茶[柠檬](PET500ml),INTR894011688,饮料,3,3,9976,9976
`FS100976,货道30,统一冰红茶[柠檬](PET500ml),INTR894011688,饮料,3,3,9961,9961
`FS100976,货道31,统一饮养四季[冰糖雪梨](PET500ml),INTR56004726,饮料,3.5,3.5,9999,9999
`FS100976,货道32,统一茶裏王[无糖日式绿茶](PET420ml),INTR185012092,饮料,5,5,9973,9973
`FS100976,货道33,雅哈[椰椰拿铁](PET450ml),INTR880013468,饮料,5.5,5.5,9990,9990
`FS100976,货道34,,,,,0,0,0
`FS100961,货道1,可口可乐[自购版](CAN330ml),INTR121011635,饮料,3,3,9936,9936
`FS100961,货道2,雪碧[自购版](CAN330ml),INTR685011636,饮料,3,3,9975,9975
`FS100961,货道3,统一好料道[仙草凉茶](CAN310ml),INTR791011678,饮料,4,4,9992,9992
`FS100961,货道4,统一绿茶(CAN310ml),INTR838012449,饮料,2.5,2.5,9982,9982
`FS100961,货道5,统一冰红茶(CAN310ml),INTR115011662,饮料,2.5,2.5,9989,9989
`FS100961,货道6,统一鲜橙多(CAN310ml),INTR767011663,饮料,3,3,9996,9996
`FS100961,货道7,怡宝[纯净水](PET555ml),INTR128012109,矿泉水,2,2,9917,9917
`FS100961,货道8,怡宝[纯净水](PET555ml),INTR128012109,矿泉水,2,2,9909,9909
`FS100961,货道9,统一绿茶[茉莉](PET500ml),INTR577011683,饮料,3,3,9980,9980
`FS100961,货道10,饮养四季[金桔柠檬](PET500ml),INTR372011680,饮料,3.5,3.5,9971,9971
`FS100961,货道11,海之言[柠檬](PET500ml),INTR039011682,饮料,4,4,9952,9952
`FS100961,货道13,百事可乐(PET500ml),INTR859012793,饮料,3.5,3,9890,9890
`FS100961,货道14,,,,,0,0,0
`FS100961,货道15,美年达橙味500ml,114732,开门柜,5,3,9938,9938
`FS100961,货道16,,,,,0,0,0
`FS100961,货道17,达利园青梅绿茶(PET500ml),INTR537012876,饮料,3,3,9960,9960
`FS100961,货道19,统一蜜桃多(PET450ml),INTR769012352,饮料,3.5,3.5,9984,9984
`FS100961,货道21,脉动[青柠味](PET600ml),INTR924012868,饮料,4,5,9972,9972
`FS100961,货道23,统一阿萨姆[奶茶原味](PET500ml),INTR230011689,饮料,4.5,4.5,9981,9981
`FS100961,货道24,统一阿萨姆[奶茶原味](PET500ml),INTR230011689,饮料,4.5,4.5,9972,9972
`FS100961,货道25,统一鲜橙多(PET450ml),INTR910011664,饮料,3.5,3.5,9985,9985
`FS100961,货道26,小茗同学[青柠红茶](PET480ml),INTR297011693,饮料,5,5,9990,9990
`FS100961,货道27,小茗同学[溜溜哒茶](PET480ml),INTR973011692,饮料,5,5,9995,9995
`FS100961,货道28,小茗同学[青柠红茶](PET480ml),INTR297011693,饮料,5,5,9996,9996
`FS100961,货道29,统一冰红茶[柠檬](PET500ml),INTR894011688,饮料,3,3,9993,9993
`FS100961,货道30,统一冰红茶[柠檬](PET500ml),INTR894011688,饮料,3,3,9981,9981
`FS100961,货道31,统一饮养四季[冰糖雪梨](PET500ml),INTR56004726,饮料,3.5,3.5,9999,9999
`FS100961,货道32,统一茶裏王[无糖日式绿茶](PET420ml),INTR185012092,饮料,5,5,9997,9997
`FS100961,货道33,雅哈[椰椰拿铁](PET450ml),INTR880013468,饮料,5.5,5.5,9991,9991
`FS100961,货道34,,,,,0,0,0
`FS100968,货道1,可口可乐[自购版](CAN330ml),INTR121011635,饮料,3,3,9990,9990
`FS100968,货道2,雪碧[自购版](CAN330ml),INTR685011636,饮料,3,3,9993,9993
`FS100968,货道3,统一好料道[仙草凉茶](CAN310ml),INTR791011678,饮料,4,4,9991,9991
`FS100968,货道4,统一绿茶(CAN310ml),INTR838012449,饮料,2.5,2.5,9994,9994
`FS100968,货道5,统一冰红茶(CAN310ml),INTR115011662,饮料,2.5,2.5,9995,9995
`FS100968,货道6,统一鲜橙多(CAN310ml),INTR767011663,饮料,3,3,9999,9999
`FS100968,货道7,怡宝[纯净水](PET555ml),INTR128012109,矿泉水,2,2,9878,9878
`FS100968,货道8,怡宝[纯净水](PET555ml),INTR128012109,矿泉水,2,2,9916,9916
`FS100968,货道9,统一绿茶[茉莉](PET500ml),INTR577011683,饮料,3,3,9973,9973
`FS100968,货道10,饮养四季[金桔柠檬](PET500ml),INTR372011680,饮料,3.5,3.5,9982,9982
`FS100968,货道11,海之言[柠檬](PET500ml),INTR039011682,饮料,4,4,9980,9980
`FS100968,货道13,百事可乐(PET500ml),INTR859012793,饮料,3.5,3,9939,9939
`FS100968,货道14,,,,,0,0,0
`FS100968,货道15,美年达橙味500ml,114732,开门柜,5,3,9968,9968
`FS100968,货道16,,,,,0,0,0
`FS100968,货道17,达利园青梅绿茶(PET500ml),INTR537012876,饮料,3,3,9919,9919
`FS100968,货道19,统一蜜桃多(PET450ml),INTR769012352,饮料,3.5,3.5,9974,9974
`FS100968,货道21,脉动[青柠味](PET600ml),INTR924012868,饮料,4,5,9970,9970
`FS100968,货道23,统一阿萨姆[奶茶原味](PET500ml),INTR230011689,饮料,4.5,4.5,9974,9974
`FS100968,货道24,统一阿萨姆[奶茶原味](PET500ml),INTR230011689,饮料,4.5,4.5,9983,9983
`FS100968,货道25,统一鲜橙多(PET450ml),INTR910011664,饮料,3.5,3.5,9997,9997
`FS100968,货道26,小茗同学[青柠红茶](PET480ml),INTR297011693,饮料,5,5,9987,9987
`FS100968,货道27,小茗同学[溜溜哒茶](PET480ml),INTR973011692,饮料,5,5,9989,9989
`FS100968,货道28,小茗同学[青柠红茶](PET480ml),INTR297011693,饮料,5,5,9988,9988
`FS100968,货道29,统一冰红茶[柠檬](PET500ml),INTR894011688,饮料,3,3,9992,9992
`FS100968,货道30,统一冰红茶[柠檬](PET500ml),INTR894011688,饮料,3,3,9985,9985
`FS100968,货道31,统一饮养四季[冰糖雪梨](PET500ml),INTR56004726,饮料,3.5,3.5,9999,9999
`FS100968,货道32,统一茶裏王[无糖台式乌龙茶](PET420ml),INTR904011685,饮料,5,5,9973,9973
`FS100968,货道33,雅哈[椰椰拿铁](PET450ml),INTR880013468,饮料,5.5,5.5,9994,9994
`FS100968,货道34,,,,,0,0,0
`FS101259,货道1,可口可乐[自购版](CAN330ml),INTR121011635,饮料,3,3,9975,9975
`FS101259,货道2,雪碧[自购版](CAN330ml),INTR685011636,饮料,3,3,9986,9986
`FS101259,货道3,统一好料道[仙草凉茶](CAN310ml),INTR791011678,饮料,4,4,9992,9992
`FS101259,货道4,统一绿茶(CAN310ml),INTR838012449,饮料,2.5,2.5,9988,9988
`FS101259,货道5,统一冰红茶(CAN310ml),INTR115011662,饮料,2.5,2.5,9993,9993
`FS101259,货道6,小野[芒果汁](CAN245ml),INTR457012418,饮料,3,3,9995,9995
`FS101259,货道7,怡宝[纯净水](PET555ml),INTR128012109,矿泉水,2,2,9793,9793
`FS101259,货道8,怡宝[纯净水](PET555ml),INTR128012109,矿泉水,2,2,9814,9814
`FS101259,货道9,统一绿茶[茉莉](PET500ml),INTR577011683,饮料,3,3,9980,9980
`FS101259,货道10,饮养四季[金桔柠檬](PET500ml),INTR372011680,饮料,3.5,3.5,9986,9986
`FS101259,货道11,海之言[柠檬](PET500ml),INTR039011682,饮料,4,4,9965,9965
`FS101259,货道13,百事可乐(PET500ml),INTR859012793,饮料,3.5,3,9940,9940
`FS101259,货道14,,,,,0,0,0
`FS101259,货道15,美年达橙味500ml,114732,开门柜,5,3,9984,9984
`FS101259,货道16,,,,,0,0,0
`FS101259,货道17,达利园青梅绿茶(PET500ml),INTR537012876,饮料,3,3,9936,9936
`FS101259,货道19,统一蜜桃多(PET450ml),INTR769012352,饮料,3.5,3.5,9985,9985
`FS101259,货道21,脉动[青柠味](PET600ml),INTR924012868,饮料,4,5,9973,9973
`FS101259,货道23,统一阿萨姆[奶茶原味](PET500ml),INTR230011689,饮料,4.5,4.5,9980,9980
`FS101259,货道24,统一阿萨姆[奶茶原味](PET500ml),INTR230011689,饮料,4.5,4.5,9968,9968
`FS101259,货道25,统一鲜橙多(PET450ml),INTR910011664,饮料,3.5,3.5,9978,9978
`FS101259,货道26,小茗同学[青柠红茶](PET480ml),INTR297011693,饮料,5,5,9996,9996
`FS101259,货道27,小茗同学[溜溜哒茶](PET480ml),INTR973011692,饮料,5,5,9995,9995
`FS101259,货道28,小茗同学[青柠红茶](PET480ml),INTR297011693,饮料,5,5,9997,9997
`FS101259,货道29,统一冰红茶[柠檬](PET500ml),INTR894011688,饮料,3,3,9984,9984
`FS101259,货道30,统一冰红茶[柠檬](PET500ml),INTR894011688,饮料,3,3,9982,9982
`FS101259,货道31,统一饮养四季[冰糖雪梨](PET500ml),INTR56004726,饮料,3.5,3.5,9999,9999
`FS101259,货道32,统一茶裏王[无糖日式绿茶](PET420ml),INTR185012092,饮料,5,5,9982,9982
`FS101259,货道33,雅哈[椰椰拿铁](PET450ml),INTR880013468,饮料,5.5,5.5,9991,9991
`FS101259,货道34,雅哈[冰咖啡](PET450ml),INTR470011686,饮料,5.5,5.5,9999,9999
`FS100716,货道1,乐虎维生素功能饮料(CAN250ml),INTR995012194,饮料,5.5,5.5,18,18
`FS100716,货道2,百事可乐(CAN330ml),INTR785012174,饮料,2.5,2.5,17,17
`FS100716,货道3,可口可乐[自购版](CAN330ml),INTR121011635,饮料,3,2.5,13,13
`FS100716,货道4,统一鲜橙多(CAN310ml),INTR767011663,饮料,3,2.5,13,13
`FS100716,货道5,统一鲜橙多(CAN310ml),INTR767011663,饮料,3,2.5,11,11
`FS100716,货道6,统一鲜橙多(CAN310ml),INTR767011663,饮料,3,2.5,6,6
`FS100716,货道7,农夫山泉(PET550ml),INTR993012106,矿泉水,2,2,16,16
`FS100716,货道8,可口可乐[自购版](PET500ml),INTR724012203,饮料,3.5,3,15,15
`FS100716,货道9,统一冰红茶[柠檬](PET500ml),INTR894011688,饮料,3,3,13,13
`FS100716,货道10,统一冰红茶[柠檬](PET500ml),INTR894011688,饮料,3,3,13,13
`FS100716,货道11,饮养四季[金桔柠檬](PET500ml),INTR372011680,饮料,3.5,3,6,6
`FS100716,货道13,统一蜜桃多(CAN310ml),INTR765012351,饮料,3,2.5,18,18
`FS100716,货道14,王老吉凉茶(CAN310ml),INTR472012173,饮料,3.5,3.5,14,14
`FS100716,货道15,可口可乐[自购版](CAN330ml),INTR121011635,饮料,3,2.5,16,16
`FS100716,货道16,三得利利趣拿铁(CAN310ml),INTR861012877,饮料,4,4,16,16
`FS100716,货道17,饮养四季[金桔柠檬](PET500ml),INTR372011680,饮料,3.5,3,8,8
`FS100716,货道19,小茗同学[溜溜哒茶](PET480ml),INTR973011692,饮料,5,5,12,12
`FS100716,货道21,三得利乌龙茶[无糖](PET500ml),INTR907013377,饮料,5,5,9,9
`FS100716,货道23,今麦郎茉莉蜜茶(PET500ml),INTR701012110,饮料,4,3,16,16
`FS100716,货道24,统一饮养四季[冰糖雪梨](PET500ml),INTR56004726,饮料,3.5,3,12,12
`FS100716,货道25,统一鲜橙多(PET450ml),INTR910011664,饮料,3.5,3.5,15,15
`FS100716,货道26,统一绿茶[茉莉](PET500ml),INTR577011683,饮料,3,3,6,6
`FS100716,货道27,统一绿茶[茉莉](PET500ml),INTR577011683,饮料,3,3,1,1
`FS100716,货道28,统一双萃[柠檬茶](PET500ml),INTR466012427,饮料,3,3,8,8
`FS100716,货道29,焕神[热带水果风味]饮料(PET460ml),INTR583011691,饮料,5,5,20,20
`FS100716,货道30,统一阿萨姆[奶茶原味](PET500ml),INTR230011689,饮料,4.5,4,19,19
`FS100716,货道31,统一阿萨姆[奶茶原味](PET500ml),INTR230011689,饮料,4.5,4,16,16
`FS100716,货道32,统一阿萨姆[奶茶原味](PET500ml),INTR230011689,饮料,4.5,4,14,14
`FS100716,货道33,海之言[柠檬](PET500ml),INTR039011682,饮料,4,4,7,7
`FS100716,货道34,海之言[柠檬](PET500ml),INTR039011682,饮料,4,4,8,8
`FS101280,货道1,可口可乐[自购版](CAN330ml),INTR121011635,饮料,3,3,9982,9982
`FS101280,货道2,雪碧[自购版](CAN330ml),INTR685011636,饮料,3,3,9988,9988
`FS101280,货道3,统一好料道[仙草凉茶](CAN310ml),INTR791011678,饮料,4,4,9989,9989
`FS101280,货道4,统一绿茶(CAN310ml),INTR838012449,饮料,2.5,2.5,9987,9987
`FS101280,货道5,统一冰红茶(CAN310ml),INTR115011662,饮料,2.5,2.5,9992,9992
`FS101280,货道6,小野[芒果汁](CAN245ml),INTR457012418,饮料,3,3,9992,9992
`FS101280,货道7,怡宝[纯净水](PET555ml),INTR128012109,矿泉水,2,2,9777,9777
`FS101280,货道8,怡宝[纯净水](PET555ml),INTR128012109,矿泉水,2,2,9800,9800
`FS101280,货道9,统一绿茶[茉莉](PET500ml),INTR577011683,饮料,3,3,9967,9967
`FS101280,货道10,饮养四季[金桔柠檬](PET500ml),INTR372011680,饮料,3.5,3.5,9968,9968
`FS101280,货道11,海之言[柠檬](PET500ml),INTR039011682,饮料,4,4,9959,9959
`FS101280,货道13,百事可乐(PET500ml),INTR859012793,饮料,3.5,3,9899,9899
`FS101280,货道14,,,,,0,0,0
`FS101280,货道15,美年达橙味500ml,114732,开门柜,5,3,9963,9963
`FS101280,货道16,,,,,0,0,0
`FS101280,货道17,达利园青梅绿茶(PET500ml),INTR537012876,饮料,3,3,9918,9918
`FS101280,货道19,统一蜜桃多(PET450ml),INTR769012352,饮料,3.5,3.5,9977,9977
`FS101280,货道21,脉动[青柠味](PET600ml),INTR924012868,饮料,4,5,9978,9978
`FS101280,货道23,统一阿萨姆[奶茶原味](PET500ml),INTR230011689,饮料,4.5,4.5,9966,9966
`FS101280,货道24,统一阿萨姆[奶茶原味](PET500ml),INTR230011689,饮料,4.5,4.5,9962,9962
`FS101280,货道25,统一鲜橙多(PET450ml),INTR910011664,饮料,3.5,3.5,9973,9973
`FS101280,货道26,小茗同学[青柠红茶](PET480ml),INTR297011693,饮料,5,5,9993,9993
`FS101280,货道27,小茗同学[溜溜哒茶](PET480ml),INTR973011692,饮料,5,5,9992,9992
`FS101280,货道28,小茗同学[青柠红茶](PET480ml),INTR297011693,饮料,5,5,9992,9992
`FS101280,货道29,统一冰红茶[柠檬](PET500ml),INTR894011688,饮料,3,3,9985,9985
`FS101280,货道30,统一冰红茶[柠檬](PET500ml),INTR894011688,饮料,3,3,9977,9977
`FS101280,货道31,统一饮养四季[冰糖雪梨](PET500ml),INTR56004726,饮料,3.5,3.5,9999,9999
`FS101280,货道32,统一茶裏王[无糖日式绿茶](PET420ml),INTR185012092,饮料,5,5,9976,9976
`FS101280,货道33,雅哈[椰椰拿铁](PET450ml),INTR880013468,饮料,5.5,5.5,9984,9984
`FS101280,货道34,雅哈[冰咖啡](PET450ml),INTR470011686,饮料,5.5,5.5,9999,9999
`FS101272,货道1,可口可乐[自购版](CAN330ml),INTR121011635,饮料,3,3,9985,9985
`FS101272,货道2,雪碧[自购版](CAN330ml),INTR685011636,饮料,3,3,9993,9993
`FS101272,货道3,统一好料道[仙草凉茶](CAN310ml),INTR791011678,饮料,4,4,9992,9992
`FS101272,货道4,统一绿茶(CAN310ml),INTR838012449,饮料,2.5,2.5,9979,9979
`FS101272,货道5,统一冰红茶(CAN310ml),INTR115011662,饮料,2.5,2.5,9992,9992
`FS101272,货道6,小野[芒果汁](CAN245ml),INTR457012418,饮料,3,3,9990,9990
`FS101272,货道7,怡宝[纯净水](PET555ml),INTR128012109,矿泉水,2,2,9778,9778
`FS101272,货道8,怡宝[纯净水](PET555ml),INTR128012109,矿泉水,2,2,9800,9800
`FS101272,货道9,统一绿茶[茉莉](PET500ml),INTR577011683,饮料,3,3,9980,9980
`FS101272,货道10,饮养四季[金桔柠檬](PET500ml),INTR372011680,饮料,3.5,3.5,9973,9973
`FS101272,货道11,海之言[柠檬](PET500ml),INTR039011682,饮料,4,4,9961,9961
`FS101272,货道13,百事可乐(PET500ml),INTR859012793,饮料,3.5,3,9916,9916
`FS101272,货道14,,,,,0,0,0
`FS101272,货道15,美年达橙味500ml,114732,开门柜,5,3,9962,9962
`FS101272,货道16,,,,,0,0,0
`FS101272,货道17,达利园青梅绿茶(PET500ml),INTR537012876,饮料,3,3,9923,9923
`FS101272,货道19,统一蜜桃多(PET450ml),INTR769012352,饮料,3.5,3.5,9979,9979
`FS101272,货道21,脉动[青柠味](PET600ml),INTR924012868,饮料,4,5,9972,9972
`FS101272,货道23,统一阿萨姆[奶茶原味](PET500ml),INTR230011689,饮料,4.5,4.5,9968,9968
`FS101272,货道24,统一阿萨姆[奶茶原味](PET500ml),INTR230011689,饮料,4.5,4.5,9956,9956
`FS101272,货道25,统一鲜橙多(PET450ml),INTR910011664,饮料,3.5,3.5,9981,9981
`FS101272,货道26,小茗同学[青柠红茶](PET480ml),INTR297011693,饮料,5,5,9994,9994
`FS101272,货道27,小茗同学[溜溜哒茶](PET480ml),INTR973011692,饮料,5,5,9990,9990
`FS101272,货道28,小茗同学[青柠红茶](PET480ml),INTR297011693,饮料,5,5,9993,9993
`FS101272,货道29,统一冰红茶[柠檬](PET500ml),INTR894011688,饮料,3,3,9986,9986
`FS101272,货道30,统一冰红茶[柠檬](PET500ml),INTR894011688,饮料,3,3,9978,9978
`FS101272,货道31,统一饮养四季[冰糖雪梨](PET500ml),INTR56004726,饮料,3.5,3.5,9999,9999
`FS101272,货道32,统一茶裏王[无糖日式绿茶](PET420ml),INTR185012092,饮料,5,5,9984,9984
`FS101272,货道33,雅哈[椰椰拿铁](PET450ml),INTR880013468,饮料,5.5,5.5,9984,9984
`FS101272,货道34,雅哈[冰咖啡](PET450ml),INTR470011686,饮料,5.5,5.5,9999,9999
`FS101338,货道1,可口可乐[自购版](CAN330ml),INTR121011635,饮料,3,3,9982,9982
`FS101338,货道2,雪碧[自购版](CAN330ml),INTR685011636,饮料,3,3,9988,9988
`FS101338,货道3,统一好料道[仙草凉茶](CAN310ml),INTR791011678,饮料,4,4,9990,9990
`FS101338,货道4,统一绿茶(CAN310ml),INTR838012449,饮料,2.5,2.5,9977,9977
`FS101338,货道5,统一冰红茶(CAN310ml),INTR115011662,饮料,2.5,2.5,9990,9990
`FS101338,货道6,小野[芒果汁](CAN245ml),INTR457012418,饮料,3,3,9994,9994
`FS101338,货道7,怡宝[纯净水](PET555ml),INTR128012109,矿泉水,2,2,9766,9766
`FS101338,货道8,怡宝[纯净水](PET555ml),INTR128012109,矿泉水,2,2,9818,9818
`FS101338,货道9,统一绿茶[茉莉](PET500ml),INTR577011683,饮料,3,3,9980,9980
`FS101338,货道10,饮养四季[金桔柠檬](PET500ml),INTR372011680,饮料,3.5,3.5,9970,9970
`FS101338,货道11,海之言[柠檬](PET500ml),INTR039011682,饮料,4,4,9963,9963
`FS101338,货道13,百事可乐(PET500ml),INTR859012793,饮料,3.5,3,9902,9902
`FS101338,货道14,,,,,0,0,0
`FS101338,货道15,美年达橙味500ml,114732,开门柜,5,3,9952,9952
`FS101338,货道16,,,,,0,0,0
`FS101338,货道17,达利园青梅绿茶(PET500ml),INTR537012876,饮料,3,3,9920,9920
`FS101338,货道19,统一蜜桃多(PET450ml),INTR769012352,饮料,3.5,3.5,9972,9972
`FS101338,货道21,脉动[青柠味](PET600ml),INTR924012868,饮料,4,5,9977,9977
`FS101338,货道23,统一阿萨姆[奶茶原味](PET500ml),INTR230011689,饮料,4.5,4.5,9967,9967
`FS101338,货道24,统一阿萨姆[奶茶原味](PET500ml),INTR230011689,饮料,4.5,4.5,9967,9967
`FS101338,货道25,统一鲜橙多(PET450ml),INTR910011664,饮料,3.5,3.5,9975,9975
`FS101338,货道26,小茗同学[青柠红茶](PET480ml),INTR297011693,饮料,5,5,9997,9997
`FS101338,货道27,小茗同学[溜溜哒茶](PET480ml),INTR973011692,饮料,5,5,9993,9993
`FS101338,货道28,小茗同学[青柠红茶](PET480ml),INTR297011693,饮料,5,5,9992,9992
`FS101338,货道29,统一冰红茶[柠檬](PET500ml),INTR894011688,饮料,3,3,9983,9983
`FS101338,货道30,统一冰红茶[柠檬](PET500ml),INTR894011688,饮料,3,3,9968,9968
`FS101338,货道31,统一饮养四季[冰糖雪梨](PET500ml),INTR56004726,饮料,3.5,3.5,9999,9999
`FS101338,货道32,统一茶裏王[无糖台式乌龙茶](PET420ml),INTR904011685,饮料,5,5,9974,9974
`FS101338,货道33,雅哈[椰椰拿铁](PET450ml),INTR880013468,饮料,5.5,5.5,9988,9988
`FS101338,货道34,雅哈[冰咖啡](PET450ml),INTR470011686,饮料,5.5,5.5,9999,9999
`FS101256,货道1,可口可乐[自购版](CAN330ml),INTR121011635,饮料,3,3,9979,9979
`FS101256,货道2,雪碧[自购版](CAN330ml),INTR685011636,饮料,3,3,9989,9989
`FS101256,货道3,统一好料道[仙草凉茶](CAN310ml),INTR791011678,饮料,4,4,9994,9994
`FS101256,货道4,统一绿茶(CAN310ml),INTR838012449,饮料,2.5,2.5,9980,9980
`FS101256,货道5,统一冰红茶(CAN310ml),INTR115011662,饮料,2.5,2.5,9992,9992
`FS101256,货道6,小野[芒果汁](CAN245ml),INTR457012418,饮料,3,3,9994,9994
`FS101256,货道7,怡宝[纯净水](PET555ml),INTR128012109,矿泉水,2,2,9799,9799
`FS101256,货道8,怡宝[纯净水](PET555ml),INTR128012109,矿泉水,2,2,9817,9817
`FS101256,货道9,统一绿茶[茉莉](PET500ml),INTR577011683,饮料,3,3,9975,9975
`FS101256,货道10,饮养四季[金桔柠檬](PET500ml),INTR372011680,饮料,3.5,3.5,9963,9963
`FS101256,货道11,海之言[柠檬](PET500ml),INTR039011682,饮料,4,4,9956,9956
`FS101256,货道13,百事可乐(PET500ml),INTR859012793,饮料,3.5,3,9908,9908
`FS101256,货道14,,,,,0,0,0
`FS101256,货道15,美年达橙味500ml,114732,开门柜,5,3,9946,9946
`FS101256,货道16,,,,,0,0,0
`FS101256,货道17,达利园青梅绿茶(PET500ml),INTR537012876,饮料,3,3,9916,9916
`FS101256,货道19,统一蜜桃多(PET450ml),INTR769012352,饮料,3.5,3.5,9973,9973
`FS101256,货道21,脉动[青柠味](PET600ml),INTR924012868,饮料,4,5,9967,9967
`FS101256,货道23,统一阿萨姆[奶茶原味](PET500ml),INTR230011689,饮料,4.5,4.5,9956,9956
`FS101256,货道24,统一阿萨姆[奶茶原味](PET500ml),INTR230011689,饮料,4.5,4.5,9944,9944
`FS101256,货道25,统一鲜橙多(PET450ml),INTR910011664,饮料,3.5,3.5,9981,9981
`FS101256,货道26,小茗同学[青柠红茶](PET480ml),INTR297011693,饮料,5,5,9994,9994
`FS101256,货道27,小茗同学[溜溜哒茶](PET480ml),INTR973011692,饮料,5,5,9992,9992
`FS101256,货道28,小茗同学[青柠红茶](PET480ml),INTR297011693,饮料,5,5,9992,9992
`FS101256,货道29,统一冰红茶[柠檬](PET500ml),INTR894011688,饮料,3,3,9981,9981
`FS101256,货道30,统一冰红茶[柠檬](PET500ml),INTR894011688,饮料,3,3,9969,9969
`FS101256,货道31,统一饮养四季[冰糖雪梨](PET500ml),INTR56004726,饮料,3.5,3.5,9999,9999
`FS101256,货道32,统一茶裏王[无糖日式绿茶](PET420ml),INTR185012092,饮料,5,5,9991,9991
`FS101256,货道33,雅哈[椰椰拿铁](PET450ml),INTR880013468,饮料,5.5,5.5,9991,9991
`FS101256,货道34,雅哈[冰咖啡](PET450ml),INTR470011686,饮料,5.5,5.5,9999,9999
`FS101291,货道1,可口可乐[自购版](CAN330ml),INTR121011635,饮料,3,3,9985,9985
`FS101291,货道2,雪碧[自购版](CAN330ml),INTR685011636,饮料,3,3,9991,9991
`FS101291,货道3,统一好料道[仙草凉茶](CAN310ml),INTR791011678,饮料,4,4,9994,9994
`FS101291,货道4,统一绿茶(CAN310ml),INTR838012449,饮料,2.5,2.5,9970,9970
`FS101291,货道5,统一冰红茶(CAN310ml),INTR115011662,饮料,2.5,2.5,9991,9991
`FS101291,货道6,小野[芒果汁](CAN245ml),INTR457012418,饮料,3,3,9993,9993
`FS101291,货道7,怡宝[纯净水](PET555ml),INTR128012109,矿泉水,2,2,9786,9786
`FS101291,货道8,怡宝[纯净水](PET555ml),INTR128012109,矿泉水,2,2,9796,9796
`FS101291,货道9,统一绿茶[茉莉](PET500ml),INTR577011683,饮料,3,3,9976,9976
`FS101291,货道10,饮养四季[金桔柠檬](PET500ml),INTR372011680,饮料,3.5,3.5,9968,9968
`FS101291,货道11,海之言[柠檬](PET500ml),INTR039011682,饮料,4,4,9963,9963
`FS101291,货道13,百事可乐(PET500ml),INTR859012793,饮料,3.5,3,9936,9936
`FS101291,货道14,,,,,0,0,0
`FS101291,货道15,美年达橙味500ml,114732,开门柜,5,3,9973,9973
`FS101291,货道16,,,,,0,0,0
`FS101291,货道17,达利园青梅绿茶(PET500ml),INTR537012876,饮料,3,3,9930,9930
`FS101291,货道19,统一蜜桃多(PET450ml),INTR769012352,饮料,3.5,3.5,9976,9976
`FS101291,货道21,脉动[青柠味](PET600ml),INTR924012868,饮料,4,5,9963,9963
`FS101291,货道23,统一阿萨姆[奶茶原味](PET500ml),INTR230011689,饮料,4.5,4.5,9959,9959
`FS101291,货道24,统一阿萨姆[奶茶原味](PET500ml),INTR230011689,饮料,4.5,4.5,9972,9972
`FS101291,货道25,统一鲜橙多(PET450ml),INTR910011664,饮料,3.5,3.5,9975,9975
`FS101291,货道26,小茗同学[青柠红茶](PET480ml),INTR297011693,饮料,5,5,9995,9995
`FS101291,货道27,小茗同学[溜溜哒茶](PET480ml),INTR973011692,饮料,5,5,9991,9991
`FS101291,货道28,小茗同学[青柠红茶](PET480ml),INTR297011693,饮料,5,5,9992,9992
`FS101291,货道29,统一冰红茶[柠檬](PET500ml),INTR894011688,饮料,3,3,9977,9977
`FS101291,货道30,统一冰红茶[柠檬](PET500ml),INTR894011688,饮料,3,3,9976,9976
`FS101291,货道31,统一饮养四季[冰糖雪梨](PET500ml),INTR56004726,饮料,3.5,3.5,9999,9999
`FS101291,货道32,统一茶裏王[无糖日式绿茶](PET420ml),INTR185012092,饮料,5,5,9986,9986
`FS101291,货道33,雅哈[椰椰拿铁](PET450ml),INTR880013468,饮料,5.5,5.5,9990,9990
`FS101291,货道34,雅哈[冰咖啡](PET450ml),INTR470011686,饮料,5.5,5.5,9999,9999
`FS100736,货道1,统一好料道[仙草凉茶](CAN310ml),INTR791011678,饮料,4,4,20,20
`FS100736,货道2,可口可乐[自购版](CAN330ml),INTR121011635,饮料,3,3,18,18
`FS100736,货道3,统一好料道[仙草凉茶](CAN310ml),INTR791011678,饮料,4,4,16,16
`FS100736,货道4,统一果汁[金桔柠檬](CAN310ml),1.56473E+17,开门柜,3,3,14,14
`FS100736,货道5,统一鲜橙多(CAN310ml),INTR767011663,饮料,3,3,12,12
`FS100736,货道6,统一鲜橙多(CAN310ml),INTR767011663,饮料,3,3,10,10
`FS100736,货道7,农夫山泉(PET550ml),INTR993012106,矿泉水,2,2,22,22
`FS100736,货道8,康之味油切麦仔茶(PET500ml),INTR114013710,饮料,3.5,3.5,17,17
`FS100736,货道9,统一冰红茶[柠檬](PET500ml),INTR894011688,饮料,3,3,15,15
`FS100736,货道10,统一冰红茶[柠檬](PET500ml),INTR894011688,饮料,3,3,13,13
`FS100736,货道11,统一冰红茶[柠檬](PET500ml),INTR894011688,饮料,3,3,10,10
`FS100736,货道13,台福[高钙花生牛奶](CAN365ml),INTR531012172,饮料,3.5,3.5,18,18
`FS100736,货道14,王老吉凉茶(CAN310ml),INTR472012173,饮料,3.5,3.5,20,20
`FS100736,货道15,乐虎维生素功能饮料(CAN250ml),INTR995012194,饮料,5.5,5.5,18,18
`FS100736,货道16,台福椰子汁(CAN238ml),INTR913012195,饮料,3,3,15,15
`FS100736,货道17,统一双萃[柠檬茶](PET500ml),INTR466012427,饮料,3,3,15,15
`FS100736,货道19,小茗同学[溜溜哒茶](PET480ml),INTR973011692,饮料,5,5,12,12
`FS100736,货道21,可口可乐[自购版](PET500ml),INTR724012203,饮料,3.5,3.5,7,7
`FS100736,货道23,统一饮养四季[冰糖雪梨](PET500ml),INTR56004726,饮料,3.5,3.5,17,17
`FS100736,货道24,统一鲜橙多(PET450ml),INTR910011664,饮料,3.5,3.5,16,16
`FS100736,货道25,统一绿茶[茉莉](PET500ml),INTR577011683,饮料,3,3,16,16
`FS100736,货道26,统一绿茶[茉莉](PET500ml),INTR577011683,饮料,3,3,13,13
`FS100736,货道27,饮养四季[金桔柠檬](PET500ml),INTR372011680,饮料,3.5,3.5,12,12
`FS100736,货道28,饮养四季[金桔柠檬](PET500ml),INTR372011680,饮料,3.5,3.5,10,10
`FS100736,货道29,统一阿萨姆[奶茶原味](PET500ml),INTR230011689,饮料,4.5,4.5,0,0
`FS100736,货道30,三得利乌龙茶[无糖](PET500ml),INTR907013377,饮料,5,5,18,18
`FS100736,货道31,统一阿萨姆[奶茶原味](PET500ml),INTR230011689,饮料,4.5,4.5,0,0
`FS100736,货道32,焕神[热带水果风味]饮料(PET460ml),INTR583011691,饮料,5,5,6,6
`FS100736,货道33,海之言[柠檬](PET500ml),INTR039011682,饮料,4,4,12,12
`FS100736,货道34,海之言[柠檬](PET500ml),INTR039011682,饮料,4,4,9,9
`FS101268,货道1,可口可乐[自购版](CAN330ml),INTR121011635,饮料,3,3,9975,9975
`FS101268,货道2,雪碧[自购版](CAN330ml),INTR685011636,饮料,3,3,9994,9994
`FS101268,货道3,统一好料道[仙草凉茶](CAN310ml),INTR791011678,饮料,4,4,9991,9991
`FS101268,货道4,统一绿茶(CAN310ml),INTR838012449,饮料,2.5,2.5,9977,9977
`FS101268,货道5,统一冰红茶(CAN310ml),INTR115011662,饮料,2.5,2.5,9987,9987
`FS101268,货道6,小野[芒果汁](CAN245ml),INTR457012418,饮料,3,3,9984,9984
`FS101268,货道7,怡宝[纯净水](PET555ml),INTR128012109,矿泉水,2,2,9788,9788
`FS101268,货道8,怡宝[纯净水](PET555ml),INTR128012109,矿泉水,2,2,9833,9833
`FS101268,货道9,统一绿茶[茉莉](PET500ml),INTR577011683,饮料,3,3,9959,9959
`FS101268,货道10,饮养四季[金桔柠檬](PET500ml),INTR372011680,饮料,3.5,3.5,9976,9976
`FS101268,货道11,海之言[柠檬](PET500ml),INTR039011682,饮料,4,4,9963,9963
`FS101268,货道13,百事可乐(PET500ml),INTR859012793,饮料,3.5,3,9912,9912
`FS101268,货道14,,,,,0,0,0
`FS101268,货道15,美年达橙味500ml,114732,开门柜,5,3,9951,9951
`FS101268,货道16,,,,,0,0,0
`FS101268,货道17,达利园青梅绿茶(PET500ml),INTR537012876,饮料,3,3,9907,9907
`FS101268,货道19,统一蜜桃多(PET450ml),INTR769012352,饮料,3.5,3.5,9972,9972
`FS101268,货道21,脉动[青柠味](PET600ml),INTR924012868,饮料,4,5,9966,9966
`FS101268,货道23,统一阿萨姆[奶茶原味](PET500ml),INTR230011689,饮料,4.5,4.5,9962,9962
`FS101268,货道24,统一阿萨姆[奶茶原味](PET500ml),INTR230011689,饮料,4.5,4.5,9951,9951
`FS101268,货道25,统一鲜橙多(PET450ml),INTR910011664,饮料,3.5,3.5,9961,9961
`FS101268,货道26,小茗同学[青柠红茶](PET480ml),INTR297011693,饮料,5,5,9983,9983
`FS101268,货道27,小茗同学[溜溜哒茶](PET480ml),INTR973011692,饮料,5,5,9987,9987
`FS101268,货道28,小茗同学[青柠红茶](PET480ml),INTR297011693,饮料,5,5,9986,9986
`FS101268,货道29,统一冰红茶[柠檬](PET500ml),INTR894011688,饮料,3,3,9964,9964
`FS101268,货道30,统一冰红茶[柠檬](PET500ml),INTR894011688,饮料,3,3,9964,9964
`FS101268,货道31,统一饮养四季[冰糖雪梨](PET500ml),INTR56004726,饮料,3.5,3.5,9999,9999
`FS101268,货道32,统一茶裏王[无糖台式乌龙茶](PET420ml),INTR904011685,饮料,5,5,9964,9964
`FS101268,货道33,雅哈[椰椰拿铁](PET450ml),INTR880013468,饮料,5.5,5.5,9983,9983
`FS101268,货道34,雅哈[冰咖啡](PET450ml),INTR470011686,饮料,5.5,5.5,9999,9999
`FS100773,货道1,统一冰绿茶[青梅绿茶](CAN310ml),INTG116100075,饮料,2.5,2.5,870,870
`FS100773,货道2,统一冰绿茶[青梅绿茶](CAN310ml),INTG116100075,饮料,2.5,2.5,648,648
`FS100773,货道3,统一蜜桃多(CAN310ml),INTR765012351,饮料,3,3,946,946
`FS100773,货道4,统一蜜桃多(CAN310ml),INTR765012351,饮料,3,3,965,965
`FS100773,货道5,米源冰晶葡萄(CAN310ml),INTR290012105,饮料,2.5,2.5,916,916
`FS100773,货道6,米源冰晶葡萄(CAN310ml),INTR290012105,饮料,2.5,2.5,924,924
`FS100773,货道7,雪碧(PET500ml),INTR274011679,饮料,3.5,3,582,582
`FS100773,货道8,百事可乐(PET600ml),INTR065012794,饮料,3.5,3,668,668
`FS100773,货道9,农夫水溶C100(PET445ml),14473,开门柜,1,5,727,727
`FS100773,货道10,统一饮养四季[冰糖雪梨](PET500ml),INTR56004726,饮料,3.5,3.5,870,870
`FS100773,货道11,统一阿萨姆[白桃观音](PET450ml),INTR609013401,饮料,4.5,4.5,934,934
`FS100773,货道13,银鹭八宝粥[桂圆莲子](CAN360g),INTR760012867,食品,3.5,4,812,812
`FS100773,货道14,台福[高钙花生牛奶](CAN365ml),INTR531012172,饮料,3.5,4,491,491
`FS100773,货道15,统一蜜桃多(CAN310ml),INTR765012351,饮料,3,3,957,957
`FS100773,货道16,统一蜜桃多(CAN310ml),INTR765012351,饮料,3,3,951,951
`FS100773,货道17,小茗同学[青柠红茶](PET480ml),INTR297011693,饮料,5,5,911,911
`FS100773,货道19,饮养四季[金桔柠檬](PET500ml),INTR372011680,饮料,3.5,3.5,765,765
`FS100773,货道21,可口可乐(PET500ml),INTR310011684,饮料,3.5,3,707,707
`FS100773,货道23,统一冰红茶[柠檬](PET500ml),INTR894011688,饮料,3,3,718,718
`FS100773,货道24,统一绿茶[茉莉](PET500ml),INTR577011683,饮料,3,3,560,560
`FS100773,货道25,统一鲜橙多(PET450ml),INTR910011664,饮料,3.5,3.5,864,864
`FS100773,货道26,统一鲜橙多(PET450ml),INTR910011664,饮料,3.5,3.5,656,656
`FS100773,货道27,统一茉莉蜜茶(PET500ml),INTR815013715,饮料,3,3,768,768
`FS100773,货道28,统一阿萨姆[白桃观音](PET450ml),INTR609013401,饮料,4.5,4.5,711,711
`FS100773,货道29,怡宝[纯净水](PET555ml),INTR128012109,矿泉水,2,2,370,370
`FS100773,货道30,怡宝[纯净水](PET555ml),INTR128012109,矿泉水,2,2,378,378
`FS100773,货道31,统一阿萨姆[白桃观音](PET450ml),INTR609013401,饮料,4.5,4.5,957,957
`FS100773,货道32,海之言[柠檬](PET500ml),INTR039011682,饮料,4,4,663,663
`FS100773,货道33,怡宝[纯净水](PET555ml),INTR128012109,矿泉水,2,2,715,715
`FS100773,货道34,焕神[热带水果风味]饮料(PET460ml),INTR583011691,饮料,5,5,863,863
`FS101399,货道1,百事可乐(CAN330ml),INTR785012174,饮料,2.5,2.5,19,19
`FS101399,货道2,百事可乐(CAN330ml),INTR785012174,饮料,2.5,2.5,18,18
`FS101399,货道3,台福[高钙花生牛奶](CAN365ml),INTR531012172,饮料,3.5,3.5,16,16
`FS101399,货道4,统一鲜橙多(CAN310ml),INTR767011663,饮料,3,2.5,14,14
`FS101399,货道5,统一鲜橙多(CAN310ml),INTR767011663,饮料,3,2.5,12,12
`FS101399,货道6,统一果汁[金桔柠檬](CAN310ml),1.56473E+17,开门柜,3,2.5,9,9
`FS101399,货道7,农夫山泉(PET550ml),INTR993012106,矿泉水,2,2,20,20
`FS101399,货道8,农夫山泉(PET550ml),INTR993012106,矿泉水,2,2,15,15
`FS101399,货道9,统一绿茶[茉莉](PET500ml),INTR577011683,饮料,3,3,12,12
`FS101399,货道10,统一绿茶[茉莉](PET500ml),INTR577011683,饮料,3,3,13,13
`FS101399,货道11,饮养四季[金桔柠檬](PET500ml),INTR372011680,饮料,3.5,3,11,11
`FS101399,货道12,,,,,,0,0
`FS101399,货道13,可口可乐[自购版](PET500ml),INTR724012203,饮料,3.5,3.5,17,17
`FS101399,货道14,,,,,,0,0
`FS101399,货道15,统一饮养四季[冰糖雪梨](PET500ml),INTR56004726,饮料,3.5,3,18,18
`FS101399,货道16,,,,,,0,0
`FS101399,货道17,饮养四季[金桔柠檬](PET500ml),INTR372011680,饮料,3.5,3,13,13
`FS101399,货道18,,,,,,0,0
`FS101399,货道19,小茗同学[溜溜哒茶](PET480ml),INTR973011692,饮料,5,5,13,13
`FS101399,货道20,,,,,,0,0
`FS101399,货道21,可口可乐[自购版](PET500ml),INTR724012203,饮料,3.5,3.5,11,11
`FS101399,货道22,,,,,,0,0
`FS101399,货道23,百香公举[百香果](PET480ml),INTR017012171,饮料,4,4,12,12
`FS101399,货道24,统一鲜橙多(PET450ml),INTR910011664,饮料,3.5,3.5,18,18
`FS101399,货道25,统一冰红茶[柠檬](PET500ml),INTR894011688,饮料,3,3,16,16
`FS101399,货道26,统一冰红茶[柠檬](PET500ml),INTR894011688,饮料,3,3,14,14
`FS101399,货道27,统一冰红茶[柠檬](PET500ml),INTR894011688,饮料,3,3,11,11
`FS101399,货道28,统一好料道[仙草凉茶](CAN310ml),INTR791011678,饮料,4,4,10,10
`FS101399,货道29,焕神[热带水果风味]饮料(PET460ml),INTR583011691,饮料,5,5,19,19
`FS101399,货道30,统一阿萨姆[奶茶原味](PET500ml),INTR230011689,饮料,4.5,4,9,9
`FS101399,货道31,统一阿萨姆[奶茶原味](PET500ml),INTR230011689,饮料,4.5,4,7,7
`FS101399,货道32,海之言[柠檬](PET500ml),INTR039011682,饮料,4,4,14,14
`FS101399,货道33,海之言[柠檬](PET500ml),INTR039011682,饮料,4,4,11,11
`FS101399,货道34,统一饮养四季[冰糖雪梨](PET500ml),INTR56004726,饮料,3.5,3,10,10
`FS100820,货道1,可口可乐[自购版](CAN330ml),INTR121011635,饮料,3,3,9985,9985
`FS100820,货道2,可口可乐[自购版](CAN330ml),INTR121011635,饮料,3,3,9963,9963
`FS100820,货道3,宏宝莱碳酸饮料汽水荔枝味(CAN330ml),INTR992013247,饮料,3,2.5,9982,9982
`FS100820,货道4,宏宝莱碳酸饮料汽水荔枝味(CAN330ml),INTR992013247,饮料,3,2.5,9994,9994
`FS100820,货道5,爱朵拉拿铁咖啡(CAN310ml),INTR459011637,饮料,4,4,9992,9992
`FS100820,货道6,小野[芒果汁](CAN245ml),INTR457012418,饮料,3,3,9995,9995
`FS100820,货道7,可口可乐[自购版](PET500ml),INTR724012203,饮料,3.5,3.5,9933,9933
`FS100820,货道8,可口可乐[自购版](PET500ml),INTR724012203,饮料,3.5,3.5,9920,9920
`FS100820,货道9,小茗同学[溜溜哒茶](PET480ml),INTR973011692,饮料,5,5,9978,9978
`FS100820,货道10,脉动[青柠味](PET600ml),INTR924012868,饮料,4,5,9974,9974
`FS100820,货道11,元气森林苏打气泡水[荔枝味](PET480ml),INTR976013213,饮料,4,5,9980,9980
`FS100820,货道13,雪碧[自购版](CAN330ml),INTR685011636,饮料,3,3,9983,9983
`FS100820,货道14,雪碧[自购版](CAN330ml),INTR685011636,饮料,3,3,9994,9994
`FS100820,货道15,,,,,5,9999,9999
`FS100820,货道16,,,,,0,0,0
`FS100820,货道17,,,,,3.5,9999,9999
`FS100820,货道19,,,,,5.5,9999,9999
`FS100820,货道21,,,,,3.5,9999,9999
`FS100820,货道23,统一冰红茶[柠檬](PET500ml),INTR894011688,饮料,3,3,9984,9984
`FS100820,货道24,统一冰红茶[柠檬](PET500ml),INTR894011688,饮料,3,3,9982,9982
`FS100820,货道25,统一冰绿茶[青梅绿茶](PET500ml),INTR469011681,饮料,3,3,9984,9984
`FS100820,货道26,统一冰绿茶[青梅绿茶](PET500ml),INTR469011681,饮料,3,3,9983,9983
`FS100820,货道27,海之言[柠檬](PET500ml),INTR039011682,饮料,4,4,9954,9954
`FS100820,货道28,雅哈[冰咖啡](PET450ml),INTR470011686,饮料,5.5,5.5,9991,9991
`FS100820,货道29,统一鲜橙多(PET450ml),INTR910011664,饮料,3.5,3.5,9987,9987
`FS100820,货道30,统一鲜橙多(PET450ml),INTR910011664,饮料,3.5,3.5,9980,9980
`FS100820,货道31,怡宝[纯净水](PET555ml),INTR128012109,矿泉水,2,2,9972,9972
`FS100820,货道32,怡宝[纯净水](PET555ml),INTR128012109,矿泉水,2,2,9975,9975
`FS100820,货道33,统一阿萨姆[奶茶原味](PET500ml),INTR230011689,饮料,4.5,4.5,9991,9991
`FS100820,货道34,统一阿萨姆[奶茶原味](PET500ml),INTR230011689,饮料,4.5,4.5,9992,9992
`FS100822,货道1,可口可乐[自购版](CAN330ml),INTR121011635,饮料,3,3,9976,9976
`FS100822,货道2,可口可乐[自购版](CAN330ml),INTR121011635,饮料,3,3,9977,9977
`FS100822,货道3,宏宝莱碳酸饮料汽水荔枝味(CAN330ml),INTR992013247,饮料,3,2.5,9994,9994
`FS100822,货道4,宏宝莱碳酸饮料汽水荔枝味(CAN330ml),INTR992013247,饮料,3,2.5,9992,9992
`FS100822,货道5,爱朵拉拿铁咖啡(CAN310ml),INTR459011637,饮料,4,4,9997,9997
`FS100822,货道6,小野[芒果汁](CAN245ml),INTR457012418,饮料,3,3,9999,9999
`FS100822,货道7,体质能量(PET580ml),INTR468012175,饮料,4,4,9954,9954
`FS100822,货道8,体质能量(PET580ml),INTR468012175,饮料,4,4,9943,9943
`FS100822,货道9,小茗同学[溜溜哒茶](PET480ml),INTR973011692,饮料,5,5,9969,9969
`FS100822,货道10,脉动[青柠味](PET600ml),INTR924012868,饮料,4,5,9978,9978
`FS100822,货道11,脉动[青柠味](PET600ml),INTR924012868,饮料,4,5,9978,9978
`FS100822,货道13,雪碧[自购版](CAN330ml),INTR685011636,饮料,3,3,9987,9987
`FS100822,货道14,雪碧[自购版](CAN330ml),INTR685011636,饮料,3,3,9991,9991
`FS100822,货道15,,,,,5,9999,9999
`FS100822,货道16,,,,,0,0,0
`FS100822,货道17,,,,,3.5,9999,9999
`FS100822,货道19,,,,,5.5,9999,9999
`FS100822,货道21,,,,,3.5,9999,9999
`FS100822,货道23,统一冰红茶[柠檬](PET500ml),INTR894011688,饮料,3,3,9990,9990
`FS100822,货道24,统一冰红茶[柠檬](PET500ml),INTR894011688,饮料,3,3,9982,9982
`FS100822,货道25,统一冰绿茶[青梅绿茶](PET500ml),INTR469011681,饮料,3,3,9990,9990
`FS100822,货道26,统一冰绿茶[青梅绿茶](PET500ml),INTR469011681,饮料,3,3,9962,9962
`FS100822,货道27,饮养四季[金桔柠檬](PET500ml),INTR372011680,饮料,3.5,3.5,9976,9976
`FS100822,货道28,雅哈[冰咖啡](PET450ml),INTR470011686,饮料,5.5,5.5,9978,9978
`FS100822,货道29,统一鲜橙多(PET450ml),INTR910011664,饮料,3.5,3.5,9987,9987
`FS100822,货道30,统一鲜橙多(PET450ml),INTR910011664,饮料,3.5,3.5,9975,9975
`FS100822,货道31,统一轻啵苏打水[桃花味](PET500ml),INTR876012423,饮料,3.5,3.5,9974,9974
`FS100822,货道32,焕神[热带水果风味]饮料(PET460ml),INTR583011691,饮料,5,5,9991,9991
`FS100822,货道33,统一阿萨姆[奶茶原味](PET500ml),INTR230011689,饮料,4.5,4.5,9985,9985
`FS100822,货道34,统一阿萨姆[奶茶原味](PET500ml),INTR230011689,饮料,4.5,4.5,9995,9995
`FS100832,货道1,可口可乐[自购版](CAN330ml),INTR121011635,饮料,3,3,9997,9997
`FS100832,货道2,可口可乐[自购版](CAN330ml),INTR121011635,饮料,3,3,9996,9996
`FS100832,货道3,宏宝莱碳酸饮料汽水荔枝味(CAN330ml),INTR992013247,饮料,3,2.5,9999,9999
`FS100832,货道4,宏宝莱碳酸饮料汽水荔枝味(CAN330ml),INTR992013247,饮料,3,2.5,9998,9998
`FS100832,货道5,,,,,4,9999,9999
`FS100832,货道6,,,,,4,9999,9999
`FS100832,货道7,体质能量(PET580ml),INTR468012175,饮料,4,4,9999,9999
`FS100832,货道8,体质能量(PET580ml),INTR468012175,饮料,4,4,9999,9999
`FS100832,货道9,小茗同学[溜溜哒茶](PET480ml),INTR973011692,饮料,5,5,9999,9999
`FS100832,货道10,可口可乐[自购版](PET500ml),INTR724012203,饮料,3.5,3.5,9997,9997
`FS100832,货道11,统一轻啵苏打水[桃花味](PET500ml),INTR876012423,饮料,3.5,3.5,9999,9999
`FS100832,货道13,雪碧[自购版](CAN330ml),INTR685011636,饮料,3,3,9998,9998
`FS100832,货道14,雪碧[自购版](CAN330ml),INTR685011636,饮料,3,3,9998,9998
`FS100832,货道15,,,,,5,9999,9999
`FS100832,货道16,,,,,0,0,0
`FS100832,货道17,,,,,3.5,9999,9999
`FS100832,货道19,,,,,5.5,9999,9999
`FS100832,货道21,,,,,3.5,9999,9999
`FS100832,货道23,统一冰红茶[柠檬](PET500ml),INTR894011688,饮料,3,3,9997,9997
`FS100832,货道24,统一冰红茶[柠檬](PET500ml),INTR894011688,饮料,3,3,9999,9999
`FS100832,货道25,统一冰绿茶[青梅绿茶](PET500ml),INTR469011681,饮料,3,3,9999,9999
`FS100832,货道26,统一冰绿茶[青梅绿茶](PET500ml),INTR469011681,饮料,3,3,9999,9999
`FS100832,货道27,海之言[蓝莓](PET500ml),INTR526012420,饮料,4,4,9999,9999
`FS100832,货道28,雅哈[冰咖啡](PET450ml),INTR470011686,饮料,5.5,5.5,9998,9998
`FS100832,货道29,,,,,4,9999,9999
`FS100832,货道30,统一鲜橙多(PET450ml),INTR910011664,饮料,3.5,3.5,9999,9999
`FS100832,货道31,,,,,4,9999,9999
`FS100832,货道32,饮养四季[金桔柠檬](PET500ml),INTR372011680,饮料,3.5,3,9999,9999
`FS100832,货道33,,,,,4.5,9999,9999
`FS100832,货道34,统一阿萨姆[奶茶原味](PET500ml),INTR230011689,饮料,4.5,4.5,9998,9998
`FS100343,货道1,台福[高钙花生牛奶](CAN365ml),INTR531012172,饮料,3.5,3.5,7,7
`FS100343,货道2,王老吉凉茶(CAN310ml),INTR472012173,饮料,3.5,3.5,7,7
`FS100343,货道3,统一好料道[仙草凉茶](CAN310ml),INTR791011678,饮料,4,4,12,12
`FS100343,货道4,可口可乐[自购版](CAN330ml),INTR121011635,饮料,3,3,9,9
`FS100343,货道5,统一鲜橙多(CAN310ml),INTR767011663,饮料,3,3,9,9
`FS100343,货道6,统一鲜橙多(CAN310ml),INTR767011663,饮料,3,3,1,1
`FS100343,货道7,农夫山泉(PET550ml),INTR993012106,矿泉水,2,2,0,0
`FS100343,货道8,康之味油切麦仔茶(PET500ml),INTR114013710,饮料,3.5,3.5,15,15
`FS100343,货道9,统一绿茶[茉莉](PET500ml),INTR577011683,饮料,3,3,12,12
`FS100343,货道10,统一绿茶[茉莉](PET500ml),INTR577011683,饮料,3,3,13,13
`FS100343,货道11,饮养四季[金桔柠檬](PET500ml),INTR372011680,饮料,3.5,3.5,10,10
`FS100343,货道12,,,,,,0,0
`FS100343,货道13,可口可乐[自购版](PET500ml),INTR724012203,饮料,3.5,3.5,17,17
`FS100343,货道14,,,,,,0,0
`FS100343,货道15,统一饮养四季[冰糖雪梨](PET500ml),INTR56004726,饮料,3.5,3.5,14,14
`FS100343,货道16,,,,,,0,0
`FS100343,货道17,统一双萃[柠檬茶](PET500ml),INTR466012427,饮料,3,3,14,14
`FS100343,货道18,,,,,,0,0
`FS100343,货道19,统一双萃[柠檬茶](PET500ml),INTR466012427,饮料,3,3,11,11
`FS100343,货道20,,,,,,0,0
`FS100343,货道21,可口可乐[自购版](PET500ml),INTR724012203,饮料,3.5,3.5,9,9
`FS100343,货道22,,,,,,0,0
`FS100343,货道23,今麦郎茉莉蜜茶(PET500ml),INTR701012110,饮料,4,3,20,20
`FS100343,货道24,统一鲜橙多(PET450ml),INTR910011664,饮料,3.5,3.5,18,18
`FS100343,货道25,今麦郎芒顿小镇蜜桃水(PET500ml),INTR133012193,饮料,2.5,2.5,9,9
`FS100343,货道26,统一冰红茶[柠檬](PET500ml),INTR894011688,饮料,3,3,11,11
`FS100343,货道27,统一冰红茶[柠檬](PET500ml),INTR894011688,饮料,3,3,11,11
`FS100343,货道28,统一蜜桃多(CAN310ml),INTR765012351,饮料,3,3,1,1
`FS100343,货道29,三得利乌龙茶[无糖](PET500ml),INTR907013377,饮料,5,5,18,18
`FS100343,货道30,统一阿萨姆[奶茶原味](PET500ml),INTR230011689,饮料,4.5,4.5,10,10
`FS100343,货道31,统一阿萨姆[奶茶原味](PET500ml),INTR230011689,饮料,4.5,4.5,10,10
`FS100343,货道32,海之言[柠檬](PET500ml),INTR039011682,饮料,4,4,11,11
`FS100343,货道33,焕神[热带水果风味]饮料(PET460ml),INTR583011691,饮料,5,5,7,7
`FS100343,货道34,饮养四季[金桔柠檬](PET500ml),INTR372011680,饮料,3.5,3.5,8,8
`FS100747,货道1,三得利利趣拿铁(CAN310ml),INTR861012877,饮料,4,4,9989,9989
`FS100747,货道2,三得利利趣拿铁(CAN310ml),INTR861012877,饮料,4,4,9993,9993
`FS100747,货道3,爱朵拉拿铁咖啡(CAN310ml),INTR459011637,饮料,4,4,9996,9996
`FS100747,货道4,爱朵拉拿铁咖啡(CAN310ml),INTR459011637,饮料,4,4,9996,9996
`FS100747,货道5,爱朵拉拿铁咖啡(CAN310ml),INTR459011637,饮料,4,4,9998,9998
`FS100747,货道6,爱朵拉拿铁咖啡(CAN310ml),INTR459011637,饮料,4,4,9994,9994
`FS100747,货道7,,,,,3,9999,9999
`FS100747,货道8,统一阿萨姆[奶茶原味](PET500ml),INTR230011689,饮料,4.5,4.5,9988,9988
`FS100747,货道9,统一阿萨姆[奶茶原味](PET500ml),INTR230011689,饮料,4.5,4.5,9981,9981
`FS100747,货道10,统一阿萨姆[奶茶原味](PET500ml),INTR230011689,饮料,4.5,4.5,9978,9978
`FS100747,货道11,统一阿萨姆[奶茶原味](PET500ml),INTR230011689,饮料,4.5,4.5,9971,9971
`FS100747,货道13,体质能量(PET580ml),INTR468012175,饮料,4,4,9984,9984
`FS100747,货道14,,,,,0,0,0
`FS100747,货道15,体质能量(PET580ml),INTR468012175,饮料,4,4,9983,9983
`FS100747,货道16,,,,,0,0,0
`FS100747,货道17,海之言[蓝莓](PET500ml),INTR526012420,饮料,4,4,9978,9978
`FS100747,货道19,海之言[蓝莓](PET500ml),INTR526012420,饮料,4,4,9993,9993
`FS100747,货道21,雪碧[自购版](CAN330ml),INTR685011636,饮料,3,3,9994,9994
`FS100747,货道23,可口可乐[自购版](CAN330ml),INTR121011635,饮料,3,3,991,991
`FS100747,货道24,统一冰红茶[柠檬](PET500ml),INTR894011688,饮料,3,3,9969,9969
`FS100747,货道25,统一冰绿茶[青梅绿茶](PET500ml),INTR469011681,饮料,3,3,9973,9973
`FS100747,货道26,小茗同学[溜溜哒茶](PET480ml),INTR973011692,饮料,5,5,9984,9984
`FS100747,货道27,统一鲜橙多(PET450ml),INTR910011664,饮料,3.5,3.5,9970,9970
`FS100747,货道28,统一鲜橙多(PET450ml),INTR910011664,饮料,3.5,3.5,9994,9994
`FS100747,货道29,统一轻啵苏打水[桃花味](PET500ml),INTR876012423,饮料,3.5,3.5,9967,9967
`FS100747,货道30,体质能量(PET580ml),INTR468012175,饮料,4,4,9984,9984
`FS100747,货道31,饮养四季[金桔柠檬](PET500ml),INTR372011680,饮料,3.5,3.5,9972,9972
`FS100747,货道32,海之言[蓝莓](PET500ml),INTR526012420,饮料,4,4,9975,9975
`FS100747,货道33,焕神[热带水果风味]饮料(PET460ml),INTR583011691,饮料,5,5,9993,9993
`FS100747,货道34,今麦郎芒顿小镇蜜桃水(PET500ml),INTR133012193,饮料,2.5,3,9975,9975
`FS100831,货道1,可口可乐[自购版](CAN330ml),INTR121011635,饮料,3,3,9976,9976
`FS100831,货道2,可口可乐[自购版](CAN330ml),INTR121011635,饮料,3,3,9965,9965
`FS100831,货道3,宏宝莱碳酸饮料汽水荔枝味(CAN330ml),INTR992013247,饮料,3,2.5,9982,9982
`FS100831,货道4,宏宝莱碳酸饮料汽水荔枝味(CAN330ml),INTR992013247,饮料,3,2.5,9988,9988
`FS100831,货道5,,,,,4,9999,9999
`FS100831,货道6,小野[芒果汁](CAN245ml),INTR457012418,饮料,3,3,9998,9998
`FS100831,货道7,体质能量(PET580ml),INTR468012175,饮料,4,4,9987,9987
`FS100831,货道8,体质能量(PET580ml),INTR468012175,饮料,4,4,9985,9985
`FS100831,货道9,可口可乐[自购版](PET500ml),INTR724012203,饮料,3.5,3.5,9978,9978
`FS100831,货道10,脉动[青柠味](PET600ml),INTR924012868,饮料,4,5,9993,9993
`FS100831,货道11,脉动[青柠味](PET600ml),INTR924012868,饮料,4,5,9993,9993
`FS100831,货道13,雪碧[自购版](CAN330ml),INTR685011636,饮料,3,3,9985,9985
`FS100831,货道14,雪碧[自购版](CAN330ml),INTR685011636,饮料,3,3,9980,9980
`FS100831,货道15,,,,,5,9999,9999
`FS100831,货道16,,,,,0,0,0
`FS100831,货道17,,,,,3.5,9999,9999
`FS100831,货道19,,,,,5.5,9999,9999
`FS100831,货道21,,,,,3.5,9999,9999
`FS100831,货道23,统一冰红茶[柠檬](PET500ml),INTR894011688,饮料,3,3,9996,9996
`FS100831,货道24,统一冰红茶[柠檬](PET500ml),INTR894011688,饮料,3,3,9982,9982
`FS100831,货道25,统一冰绿茶[青梅绿茶](PET500ml),INTR469011681,饮料,3,3,9987,9987
`FS100831,货道26,统一冰绿茶[青梅绿茶](PET500ml),INTR469011681,饮料,3,3,9988,9988
`FS100831,货道27,海之言[蓝莓](PET500ml),INTR526012420,饮料,4,4,9999,9999
`FS100831,货道28,雅哈[冰咖啡](PET450ml),INTR470011686,饮料,5.5,5.5,9997,9997
`FS100831,货道29,统一鲜橙多(PET450ml),INTR910011664,饮料,3.5,3.5,9990,9990
`FS100831,货道30,统一鲜橙多(PET450ml),INTR910011664,饮料,3.5,3.5,9995,9995
`FS100831,货道31,海之言[蓝莓](PET500ml),INTR526012420,饮料,4,4,9991,9991
`FS100831,货道32,海之言[蓝莓](PET500ml),INTR526012420,饮料,4,4,9981,9981
`FS100831,货道33,统一阿萨姆[奶茶原味](PET500ml),INTR230011689,饮料,4.5,4.5,9998,9998
`FS100831,货道34,统一阿萨姆[奶茶原味](PET500ml),INTR230011689,饮料,4.5,4.5,9995,9995
`FS100761,货道1,统一好料道[仙草凉茶](CAN310ml),INTR791011678,饮料,4,4,18,18
`FS100761,货道2,王老吉凉茶(CAN310ml),INTR472012173,饮料,3.5,3.5,16,16
`FS100761,货道3,统一鲜橙多(CAN310ml),INTR767011663,饮料,3,2.5,15,15
`FS100761,货道4,统一鲜橙多(CAN310ml),INTR767011663,饮料,3,2.5,13,13
`FS100761,货道5,统一蜜桃多(CAN310ml),INTR765012351,饮料,3,3,12,12
`FS100761,货道6,百事可乐(CAN330ml),INTR785012174,饮料,2.5,2.5,9,9
`FS100761,货道7,农夫山泉(PET550ml),INTR993012106,矿泉水,2,2,10,10
`FS100761,货道8,可口可乐[自购版](PET500ml),INTR724012203,饮料,3.5,3.5,4,4
`FS100761,货道9,可口可乐[自购版](PET500ml),INTR724012203,饮料,3.5,3.5,14,14
`FS100761,货道10,统一冰红茶[柠檬](PET500ml),INTR894011688,饮料,3,3,6,6
`FS100761,货道11,统一冰红茶[柠檬](PET500ml),INTR894011688,饮料,3,3,11,11
`FS100761,货道13,台福[高钙花生牛奶](CAN365ml),INTR531012172,饮料,3.5,3.5,13,13
`FS100761,货道14,三得利利趣拿铁(CAN310ml),INTR861012877,饮料,4,4,19,19
`FS100761,货道15,可口可乐[自购版](CAN330ml),INTR121011635,饮料,3,3,16,16
`FS100761,货道16,百事可乐(CAN330ml),INTR785012174,饮料,2.5,2.5,7,7
`FS100761,货道17,统一阿萨姆[奶茶原味](PET500ml),INTR230011689,饮料,4.5,4,15,15
`FS100761,货道19,小茗同学[溜溜哒茶](PET480ml),INTR973011692,饮料,5,5,13,13
`FS100761,货道21,可口可乐[自购版](PET500ml),INTR724012203,饮料,3.5,3.5,11,11
`FS100761,货道23,今麦郎茉莉蜜茶(PET500ml),INTR701012110,饮料,4,3,20,20
`FS100761,货道24,统一鲜橙多(PET450ml),INTR910011664,饮料,3.5,3.5,16,16
`FS100761,货道25,统一绿茶[茉莉](PET500ml),INTR577011683,饮料,3,3,16,16
`FS100761,货道26,统一绿茶[茉莉](PET500ml),INTR577011683,饮料,3,3,13,13
`FS100761,货道27,饮养四季[金桔柠檬](PET500ml),INTR372011680,饮料,3.5,3,8,8
`FS100761,货道28,饮养四季[金桔柠檬](PET500ml),INTR372011680,饮料,3.5,3,9,9
`FS100761,货道29,统一饮养四季[冰糖雪梨](PET500ml),INTR56004726,饮料,3.5,3,17,17
`FS100761,货道30,焕神[热带水果风味]饮料(PET460ml),INTR583011691,饮料,5,5,17,17
`FS100761,货道31,统一阿萨姆[奶茶原味](PET500ml),INTR230011689,饮料,4.5,4,12,12
`FS100761,货道32,统一阿萨姆[奶茶原味](PET500ml),INTR230011689,饮料,4.5,4,1,1
`FS100761,货道33,海之言[柠檬](PET500ml),INTR039011682,饮料,4,4,10,10
`FS100761,货道34,海之言[柠檬](PET500ml),INTR039011682,饮料,4,4,10,10
`FS100769,货道1,统一好料道[仙草凉茶](CAN310ml),INTR791011678,饮料,4,4,20,20
`FS100769,货道2,王老吉凉茶(CAN310ml),INTR472012173,饮料,3.5,3.5,17,17
`FS100769,货道3,统一鲜橙多(CAN310ml),INTR767011663,饮料,3,2.5,16,16
`FS100769,货道4,统一鲜橙多(CAN310ml),INTR767011663,饮料,3,2.5,14,14
`FS100769,货道5,统一蜜桃多(CAN310ml),INTR765012351,饮料,3,3,11,11
`FS100769,货道6,米源冰晶葡萄(CAN310ml),INTR290012105,饮料,2.5,2.5,8,8
`FS100769,货道7,农夫山泉(PET550ml),INTR993012106,矿泉水,2,2,15,15
`FS100769,货道8,百香公举[百香果](PET480ml),INTR017012171,饮料,4,4,17,17
`FS100769,货道9,可口可乐[自购版](PET500ml),INTR724012203,饮料,3.5,3.5,5,5
`FS100769,货道10,统一冰红茶[柠檬](PET500ml),INTR894011688,饮料,3,3,11,11
`FS100769,货道11,统一冰红茶[柠檬](PET500ml),INTR894011688,饮料,3,3,10,10
`FS100769,货道13,百事可乐(CAN330ml),INTR785012174,饮料,2.5,2.5,14,14
`FS100769,货道14,乐虎维生素功能饮料(CAN250ml),INTR995012194,饮料,5.5,5.5,16,16
`FS100769,货道15,可口可乐[自购版](CAN330ml),INTR121011635,饮料,3,3,13,13
`FS100769,货道16,可口可乐[自购版](CAN330ml),INTR121011635,饮料,3,3,16,16
`FS100769,货道17,可口可乐[自购版](PET500ml),INTR724012203,饮料,3.5,3.5,15,15
`FS100769,货道19,小茗同学[溜溜哒茶](PET480ml),INTR973011692,饮料,5,5,13,13
`FS100769,货道21,可口可乐[自购版](PET500ml),INTR724012203,饮料,3.5,3.5,9,9
`FS100769,货道23,今麦郎茉莉蜜茶(PET500ml),INTR701012110,饮料,4,3,20,20
`FS100769,货道24,统一鲜橙多(PET450ml),INTR910011664,饮料,3.5,3.5,18,18
`FS100769,货道25,统一绿茶[茉莉](PET500ml),INTR577011683,饮料,3,3,13,13
`FS100769,货道26,统一绿茶[茉莉](PET500ml),INTR577011683,饮料,3,3,10,10
`FS100769,货道27,饮养四季[金桔柠檬](PET500ml),INTR372011680,饮料,3.5,3,12,12
`FS100769,货道28,饮养四季[金桔柠檬](PET500ml),INTR372011680,饮料,3.5,3,6,6
`FS100769,货道29,三得利乌龙茶[无糖](PET500ml),INTR907013377,饮料,5,5,18,18
`FS100769,货道30,焕神[热带水果风味]饮料(PET460ml),INTR583011691,饮料,5,5,18,18
`FS100769,货道31,统一阿萨姆[奶茶原味](PET500ml),INTR230011689,饮料,4.5,4,11,11
`FS100769,货道32,统一阿萨姆[奶茶原味](PET500ml),INTR230011689,饮料,4.5,4,12,12
`FS100769,货道33,海之言[柠檬](PET500ml),INTR039011682,饮料,4,4,12,12
`FS100769,货道34,海之言[柠檬](PET500ml),INTR039011682,饮料,4,4,9,9
`FS100341,货道1,可口可乐[自购版](CAN330ml),INTR121011635,饮料,3,3,20,20
`FS100341,货道2,乐虎维生素功能饮料(CAN250ml),INTR995012194,饮料,5.5,5.5,18,18
`FS100341,货道3,统一好料道[仙草凉茶](CAN310ml),INTR791011678,饮料,4,4,16,16
`FS100341,货道4,可口可乐[自购版](CAN330ml),INTR121011635,饮料,3,3,14,14
`FS100341,货道5,统一鲜橙多(CAN310ml),INTR767011663,饮料,3,3,12,12
`FS100341,货道6,统一鲜橙多(CAN310ml),INTR767011663,饮料,3,3,10,10
`FS100341,货道7,农夫山泉(PET550ml),INTR993012106,矿泉水,2,2,20,20
`FS100341,货道8,康之味油切麦仔茶(PET500ml),INTR114013710,饮料,3.5,3.5,19,19
`FS100341,货道9,统一绿茶[茉莉](PET500ml),INTR577011683,饮料,3,3,13,13
`FS100341,货道10,统一绿茶[茉莉](PET500ml),INTR577011683,饮料,3,3,12,12
`FS100341,货道11,饮养四季[金桔柠檬](PET500ml),INTR372011680,饮料,3.5,3.5,11,11
`FS100341,货道12,,,,,,0,0
`FS100341,货道13,可口可乐[自购版](PET500ml),INTR724012203,饮料,3.5,3.5,22,22
`FS100341,货道14,,,,,,0,0
`FS100341,货道15,统一饮养四季[冰糖雪梨](PET500ml),INTR56004726,饮料,3.5,3.5,19,19
`FS100341,货道16,,,,,,0,0
`FS100341,货道17,统一双萃[柠檬茶](PET500ml),INTR466012427,饮料,3,3,14,14
`FS100341,货道18,,,,,,0,0
`FS100341,货道19,统一双萃[柠檬茶](PET500ml),INTR466012427,饮料,3,3,13,13
`FS100341,货道20,,,,,,0,0
`FS100341,货道21,海之言[柠檬](PET500ml),INTR039011682,饮料,4,4,11,11
`FS100341,货道22,,,,,,0,0
`FS100341,货道23,今麦郎茉莉蜜茶(PET500ml),INTR701012110,饮料,4,3,22,22
`FS100341,货道24,统一鲜橙多(PET450ml),INTR910011664,饮料,3.5,3.5,18,18
`FS100341,货道25,今麦郎芒顿小镇蜜桃水(PET500ml),INTR133012193,饮料,2.5,2.5,16,16
`FS100341,货道26,统一冰红茶[柠檬](PET500ml),INTR894011688,饮料,3,3,14,14
`FS100341,货道27,统一冰红茶[柠檬](PET500ml),INTR894011688,饮料,3,3,12,12
`FS100341,货道28,统一蜜桃多(CAN310ml),INTR765012351,饮料,3,3,10,10
`FS100341,货道29,三得利乌龙茶[无糖](PET500ml),INTR907013377,饮料,5,5,19,19
`FS100341,货道30,统一阿萨姆[奶茶原味](PET500ml),INTR230011689,饮料,4.5,4.5,13,13
`FS100341,货道31,统一阿萨姆[奶茶原味](PET500ml),INTR230011689,饮料,4.5,4.5,14,14
`FS100341,货道32,海之言[柠檬](PET500ml),INTR039011682,饮料,4,4,14,14
`FS100341,货道33,焕神[热带水果风味]饮料(PET460ml),INTR583011691,饮料,5,5,12,12
`FS100341,货道34,饮养四季[金桔柠檬](PET500ml),INTR372011680,饮料,3.5,3.5,10,10
`FS101257,货道1,可口可乐[自购版](CAN330ml),INTR121011635,饮料,3,3,9998,9998
`FS101257,货道2,雪碧[自购版](CAN330ml),INTR685011636,饮料,3,3,9999,9999
`FS101257,货道3,统一好料道[仙草凉茶](CAN310ml),INTR791011678,饮料,4,4,9998,9998
`FS101257,货道4,统一绿茶(CAN310ml),INTR838012449,饮料,2.5,2.5,9998,9998
`FS101257,货道5,统一冰红茶(CAN310ml),INTR115011662,饮料,2.5,2.5,9999,9999
`FS101257,货道6,小野[芒果汁](CAN245ml),INTR457012418,饮料,3,3,9999,9999
`FS101257,货道7,怡宝[纯净水](PET555ml),INTR128012109,矿泉水,2,2,9966,9966
`FS101257,货道8,怡宝[纯净水](PET555ml),INTR128012109,矿泉水,2,2,9976,9976
`FS101257,货道9,统一绿茶[茉莉](PET500ml),INTR577011683,饮料,3,3,9995,9995
`FS101257,货道10,饮养四季[金桔柠檬](PET500ml),INTR372011680,饮料,3.5,3.5,9997,9997
`FS101257,货道11,海之言[柠檬](PET500ml),INTR039011682,饮料,4,4,9994,9994
`FS101257,货道13,百事可乐(PET500ml),INTR859012793,饮料,3.5,3,9992,9992
`FS101257,货道14,,,,,0,0,0
`FS101257,货道15,美年达橙味500ml,114732,开门柜,5,3,9992,9992
`FS101257,货道16,,,,,0,0,0
`FS101257,货道17,达利园青梅绿茶(PET500ml),INTR537012876,饮料,3,3,9979,9979
`FS101257,货道19,统一蜜桃多(PET450ml),INTR769012352,饮料,3.5,3.5,9996,9996
`FS101257,货道21,脉动[青柠味](PET600ml),INTR924012868,饮料,4,5,9998,9998
`FS101257,货道23,统一阿萨姆[奶茶原味](PET500ml),INTR230011689,饮料,4.5,4.5,9997,9997
`FS101257,货道24,统一阿萨姆[奶茶原味](PET500ml),INTR230011689,饮料,4.5,4.5,9999,9999
`FS101257,货道25,统一鲜橙多(PET450ml),INTR910011664,饮料,3.5,3.5,9997,9997
`FS101257,货道26,小茗同学[青柠红茶](PET480ml),INTR297011693,饮料,5,5,9999,9999
`FS101257,货道27,小茗同学[溜溜哒茶](PET480ml),INTR973011692,饮料,5,5,9999,9999
`FS101257,货道28,小茗同学[青柠红茶](PET480ml),INTR297011693,饮料,5,5,9999,9999
`FS101257,货道29,统一冰红茶[柠檬](PET500ml),INTR894011688,饮料,3,3,9997,9997
`FS101257,货道30,统一冰红茶[柠檬](PET500ml),INTR894011688,饮料,3,3,9999,9999
`FS101257,货道31,统一饮养四季[冰糖雪梨](PET500ml),INTR56004726,饮料,3.5,3.5,9999,9999
`FS101257,货道32,统一茶裏王[无糖日式绿茶](PET420ml),INTR185012092,饮料,5,5,9998,9998
`FS101257,货道33,雅哈[椰椰拿铁](PET450ml),INTR880013468,饮料,5.5,5.5,9999,9999
`FS101257,货道34,雅哈[冰咖啡](PET450ml),INTR470011686,饮料,5.5,5.5,9999,9999
`FS101311,货道1,可口可乐[自购版](CAN330ml),INTR121011635,饮料,3,3,9985,9985
`FS101311,货道2,可口可乐[自购版](CAN330ml),INTR121011635,饮料,3,3,9985,9985
`FS101311,货道3,可口可乐[自购版](CAN330ml),INTR121011635,饮料,3,3,9985,9985
`FS101311,货道4,小野[芒果汁](CAN245ml),INTR457012418,饮料,3,3,9990,9990
`FS101311,货道5,爱朵拉拿铁咖啡(CAN310ml),INTR459011637,饮料,4,4,9990,9990
`FS101311,货道6,宏宝莱碳酸饮料汽水荔枝味(CAN330ml),INTR992013247,饮料,3,2.5,9967,9967
`FS101311,货道7,统一冰红茶[柠檬](PET500ml),INTR894011688,饮料,3,3,9993,9993
`FS101311,货道8,统一冰红茶[柠檬](PET500ml),INTR894011688,饮料,3,3,9964,9964
`FS101311,货道9,统一冰绿茶[青梅绿茶](PET500ml),INTR469011681,饮料,3,3,9890,9890
`FS101311,货道10,可口可乐[自购版](PET500ml),INTR724012203,饮料,3.5,3.5,65,65
`FS101311,货道11,雅哈[冰咖啡](PET450ml),INTR470011686,饮料,5.5,5.5,9967,9967
`FS101311,货道13,体质能量(PET580ml),INTR468012175,饮料,4,4,9781,9781
`FS101311,货道14,,,,,0,0,0
`FS101311,货道15,体质能量(PET580ml),INTR468012175,饮料,4,4,9815,9815
`FS101311,货道16,,,,,0,0,0
`FS101311,货道17,小茗同学[溜溜哒茶](PET480ml),INTR973011692,饮料,5,5,9979,9979
`FS101311,货道19,可口可乐[自购版](PET500ml),INTR724012203,饮料,3.5,3.5,9875,9875
`FS101311,货道21,今麦郎芒顿小镇柠檬水(PET500ml),INTR322012790,饮料,2.5,3,9981,9981
`FS101311,货道23,雪碧[自购版](CAN330ml),INTR685011636,饮料,3,3,9996,9996
`FS101311,货道24,雪碧[自购版](CAN330ml),INTR685011636,饮料,3,3,9985,9985
`FS101311,货道25,小茗同学[溜溜哒茶](PET480ml),INTR973011692,饮料,5,5,9983,9983
`FS101311,货道26,小茗同学[溜溜哒茶](PET480ml),INTR973011692,饮料,5,5,9993,9993
`FS101311,货道27,统一阿萨姆[奶茶原味](PET500ml),INTR230011689,饮料,4.5,4.5,9981,9981
`FS101311,货道28,统一阿萨姆[奶茶原味](PET500ml),INTR230011689,饮料,4.5,4.5,9972,9972
`FS101311,货道29,统一轻啵苏打水[桃花味](PET500ml),INTR876012423,饮料,3.5,3.5,9990,9990
`FS101311,货道30,统一鲜橙多(PET450ml),INTR910011664,饮料,3.5,3.5,9956,9956
`FS101311,货道31,海之言[柠檬](PET500ml),INTR039011682,饮料,4,4,9833,9833
`FS101311,货道32,焕神[热带水果风味]饮料(PET460ml),INTR583011691,饮料,5,5,9915,9915
`FS101311,货道33,饮养四季[金桔柠檬](PET500ml),INTR372011680,饮料,3.5,3.5,9892,9892
`FS101311,货道34,怡宝[纯净水](PET555ml),INTR128012109,矿泉水,2,2,9907,9907
`FS100774,货道1,乐虎维生素功能饮料(CAN250ml),INTR995012194,饮料,5.5,5.5,19,19
`FS100774,货道2,可口可乐[自购版](CAN330ml),INTR121011635,饮料,3,2.5,17,17
`FS100774,货道3,统一好料道[仙草凉茶](CAN310ml),INTR791011678,饮料,4,4,14,14
`FS100774,货道4,统一果汁[金桔柠檬](CAN310ml),1.56473E+17,开门柜,3,2.5,13,13
`FS100774,货道5,统一鲜橙多(CAN310ml),INTR767011663,饮料,3,2.5,12,12
`FS100774,货道6,统一鲜橙多(CAN310ml),INTR767011663,饮料,3,2.5,10,10
`FS100774,货道7,娃哈哈[钻面水](PET550ml),INTR055012170,矿泉水,2,2,5,5
`FS100774,货道8,可口可乐[自购版](PET500ml),INTR724012203,饮料,3.5,3,1,1
`FS100774,货道9,统一冰红茶[柠檬](PET500ml),INTR894011688,饮料,3,3,9,9
`FS100774,货道10,统一冰红茶[柠檬](PET500ml),INTR894011688,饮料,3,3,10,10
`FS100774,货道11,统一绿茶[茉莉](PET500ml),INTR577011683,饮料,3,3,2,2
`FS100774,货道12,,,,,,0,0
`FS100774,货道13,统一果汁[金桔柠檬](CAN310ml),1.56473E+17,开门柜,3,2.5,20,20
`FS100774,货道14,王老吉凉茶(CAN310ml),INTR472012173,饮料,3.5,3.5,18,18
`FS100774,货道15,统一果汁[金桔柠檬](CAN310ml),1.56473E+17,开门柜,3,2.5,18,18
`FS100774,货道16,统一蜜桃多(CAN310ml),INTR765012351,饮料,3,2.5,15,15
`FS100774,货道17,饮养四季[金桔柠檬](PET500ml),INTR372011680,饮料,3.5,3,12,12
`FS100774,货道18,,,,,,0,0
`FS100774,货道19,小茗同学[溜溜哒茶](PET480ml),INTR973011692,饮料,5,5,12,12
`FS100774,货道20,,,,,,0,0
`FS100774,货道21,统一双萃[柠檬茶](PET500ml),INTR466012427,饮料,3,3,10,10
`FS100774,货道22,,,,,,0,0
`FS100774,货道23,三得利乌龙茶[无糖](PET500ml),INTR907013377,饮料,5,5,16,16
`FS100774,货道24,统一饮养四季[冰糖雪梨](PET500ml),INTR56004726,饮料,3.5,3,14,14
`FS100774,货道25,统一鲜橙多(PET450ml),INTR910011664,饮料,3.5,3.5,13,13
`FS100774,货道26,统一绿茶[茉莉](PET500ml),INTR577011683,饮料,3,3,14,14
`FS100774,货道27,今麦郎芒顿小镇蜜桃水(PET500ml),INTR133012193,饮料,2.5,2.5,8,8
`FS100774,货道28,饮养四季[金桔柠檬](PET500ml),INTR372011680,饮料,3.5,3,1,1
`FS100774,货道29,焕神[热带水果风味]饮料(PET460ml),INTR583011691,饮料,5,5,0,0
`FS100774,货道30,康之味油切麦仔茶(PET500ml),INTR114013710,饮料,3.5,3.5,13,13
`FS100774,货道31,统一阿萨姆[奶茶原味](PET500ml),INTR230011689,饮料,4.5,4,0,0
`FS100774,货道32,统一阿萨姆[奶茶原味](PET500ml),INTR230011689,饮料,4.5,4,0,0
`FS100774,货道33,海之言[柠檬](PET500ml),INTR039011682,饮料,4,4,1,1
`FS100774,货道34,海之言[柠檬](PET500ml),INTR039011682,饮料,4,4,6,6
`FS101346,货道1,可口可乐[自购版](CAN330ml),INTR121011635,饮料,3,3,9915,9915
`FS101346,货道2,雪碧[自购版](CAN330ml),INTR685011636,饮料,3,3,9925,9925
`FS101346,货道3,统一好料道[仙草凉茶](CAN310ml),INTR791011678,饮料,4,4,9985,9985
`FS101346,货道4,统一绿茶(CAN310ml),INTR838012449,饮料,2.5,2.5,9954,9954
`FS101346,货道5,统一冰红茶(CAN310ml),INTR115011662,饮料,2.5,2.5,9978,9978
`FS101346,货道6,小野[芒果汁](CAN245ml),INTR457012418,饮料,3,3,9975,9975
`FS101346,货道7,怡宝[纯净水](PET555ml),INTR128012109,矿泉水,2,2,9894,9894
`FS101346,货道8,怡宝[纯净水](PET555ml),INTR128012109,矿泉水,2,2,9917,9917
`FS101346,货道9,统一绿茶[茉莉](PET500ml),INTR577011683,饮料,3,3,9959,9959
`FS101346,货道10,饮养四季[金桔柠檬](PET500ml),INTR372011680,饮料,3.5,3.5,9949,9949
`FS101346,货道11,海之言[柠檬](PET500ml),INTR039011682,饮料,4,4,9958,9958
`FS101346,货道13,百事可乐(PET500ml),INTR859012793,饮料,3.5,3,9818,9818
`FS101346,货道14,,,,,0,0,0
`FS101346,货道15,美年达橙味500ml,114732,开门柜,5,3,9927,9927
`FS101346,货道16,,,,,0,0,0
`FS101346,货道17,达利园青梅绿茶(PET500ml),INTR537012876,饮料,3,3,9903,9903
`FS101346,货道19,统一蜜桃多(PET450ml),INTR769012352,饮料,3.5,3.5,9962,9962
`FS101346,货道21,脉动[青柠味](PET600ml),INTR924012868,饮料,4,5,9978,9978
`FS101346,货道23,统一阿萨姆[奶茶原味](PET500ml),INTR230011689,饮料,4.5,4.5,9956,9956
`FS101346,货道24,统一阿萨姆[奶茶原味](PET500ml),INTR230011689,饮料,4.5,4.5,9942,9942
`FS101346,货道25,统一鲜橙多(PET450ml),INTR910011664,饮料,3.5,3.5,9955,9955
`FS101346,货道26,小茗同学[青柠红茶](PET480ml),INTR297011693,饮料,5,5,9983,9983
`FS101346,货道27,小茗同学[溜溜哒茶](PET480ml),INTR973011692,饮料,5,5,9980,9980
`FS101346,货道28,小茗同学[青柠红茶](PET480ml),INTR297011693,饮料,5,5,9978,9978
`FS101346,货道29,统一冰红茶[柠檬](PET500ml),INTR894011688,饮料,3,3,9943,9943
`FS101346,货道30,统一冰红茶[柠檬](PET500ml),INTR894011688,饮料,3,3,9938,9938
`FS101346,货道31,统一饮养四季[冰糖雪梨](PET500ml),INTR56004726,饮料,3.5,3.5,9999,9999
`FS101346,货道32,统一茶裏王[无糖日式绿茶](PET420ml),INTR185012092,饮料,5,5,9980,9980
`FS101346,货道33,雅哈[椰椰拿铁](PET450ml),INTR880013468,饮料,5.5,5.5,9981,9981
`FS101346,货道34,雅哈[冰咖啡](PET450ml),INTR470011686,饮料,5.5,5.5,9999,9999
`FS101265,货道1,可口可乐[自购版](CAN330ml),INTR121011635,饮料,3,3,9995,9995
`FS101265,货道2,可口可乐[自购版](CAN330ml),INTR121011635,饮料,3,3,9996,9996
`FS101265,货道3,爱朵拉拿铁咖啡(CAN310ml),INTR459011637,饮料,4,4,9994,9994
`FS101265,货道4,小野[芒果汁](CAN245ml),INTR457012418,饮料,3,3,9999,9999
`FS101265,货道5,三得利利趣拿铁(CAN310ml),INTR861012877,饮料,4,4,9979,9979
`FS101265,货道6,三得利利趣拿铁(CAN310ml),INTR861012877,饮料,4,4,9984,9984
`FS101265,货道7,统一冰红茶[柠檬](PET500ml),INTR894011688,饮料,3,3,9996,9996
`FS101265,货道8,统一冰红茶[柠檬](PET500ml),INTR894011688,饮料,3,3,9990,9990
`FS101265,货道9,统一冰绿茶[青梅绿茶](PET500ml),INTR469011681,饮料,3,3,9982,9982
`FS101265,货道10,统一冰绿茶[青梅绿茶](PET500ml),INTR469011681,饮料,3,3,9967,9967
`FS101265,货道11,雅哈[冰咖啡](PET450ml),INTR470011686,饮料,5.5,5.5,9990,9990
`FS101265,货道13,体质能量(PET580ml),INTR468012175,饮料,4,4,9978,9978
`FS101265,货道14,,,,,0,0,0
`FS101265,货道15,体质能量(PET580ml),INTR468012175,饮料,4,4,9966,9966
`FS101265,货道16,,,,,0,0,0
`FS101265,货道17,小茗同学[溜溜哒茶](PET480ml),INTR973011692,饮料,5,5,9992,9992
`FS101265,货道19,焕神[热带水果风味]饮料(PET460ml),INTR583011691,饮料,5,5,9972,9972
`FS101265,货道21,海之言[柠檬](PET500ml),INTR039011682,饮料,4,4,9967,9967
`FS101265,货道23,雪碧[自购版](CAN330ml),INTR685011636,饮料,3,3,9997,9997
`FS101265,货道24,雪碧[自购版](CAN330ml),INTR685011636,饮料,3,3,9998,9998
`FS101265,货道25,小茗同学[溜溜哒茶](PET480ml),INTR973011692,饮料,5,5,9993,9993
`FS101265,货道26,小茗同学[溜溜哒茶](PET480ml),INTR973011692,饮料,5,5,9997,9997
`FS101265,货道27,统一阿萨姆[奶茶原味](PET500ml),INTR230011689,饮料,4.5,4.5,9985,9985
`FS101265,货道28,统一阿萨姆[奶茶原味](PET500ml),INTR230011689,饮料,4.5,4.5,9990,9990
`FS101265,货道29,统一鲜橙多(PET450ml),INTR910011664,饮料,3.5,3.5,9995,9995
`FS101265,货道30,统一鲜橙多(PET450ml),INTR910011664,饮料,3.5,3.5,9996,9996
`FS101265,货道31,海之言[柠檬](PET500ml),INTR039011682,饮料,4,4,9928,9928
`FS101265,货道32,统一轻啵苏打水[桃花味](PET500ml),INTR876012423,饮料,3.5,3.5,9998,9998
`FS101265,货道33,饮养四季[金桔柠檬](PET500ml),INTR372011680,饮料,3.5,3.5,9979,9979
`FS101265,货道34,怡宝[纯净水](PET555ml),INTR128012109,矿泉水,2,2,9994,9994
`FS100739,货道1,可口可乐[自购版](CAN330ml),INTR121011635,饮料,3,3,9970,9970
`FS100739,货道2,雪碧[自购版](CAN330ml),INTR685011636,饮料,3,3,9981,9981
`FS100739,货道3,小野[芒果汁](CAN245ml),INTR457012418,饮料,3,3,9985,9985
`FS100739,货道4,宏宝莱碳酸饮料汽水荔枝味(CAN330ml),INTR992013247,饮料,3,2.5,9990,9990
`FS100739,货道5,统一好料道[仙草凉茶](CAN310ml),INTR791011678,饮料,4,4,9988,9988
`FS100739,货道6,,,,,4,9989,9989
`FS100739,货道7,,,,,2,9999,9999
`FS100739,货道8,可口可乐[自购版](PET500ml),INTR724012203,饮料,3.5,3.5,9951,9951
`FS100739,货道9,统一阿萨姆[奶茶原味](PET500ml),INTR230011689,饮料,4.5,4.5,9958,9958
`FS100739,货道10,饮养四季[金桔柠檬](PET500ml),INTR372011680,饮料,3.5,3.5,9959,9959
`FS100739,货道11,焕神[热带水果风味]饮料(PET460ml),INTR583011691,饮料,5,5,9981,9981
`FS100739,货道13,体质能量(PET580ml),INTR468012175,饮料,4,4,9936,9936
`FS100739,货道14,,,,,0,0,0
`FS100739,货道15,,,,,5,9999,9999
`FS100739,货道16,,,,,0,0,0
`FS100739,货道17,海之言[蓝莓](PET500ml),INTR526012420,饮料,4,4,9967,9967
`FS100739,货道19,海之言[蓝莓](PET500ml),INTR526012420,饮料,4,4,9995,9995
`FS100739,货道21,,,,,3.5,9999,9999
`FS100739,货道23,统一冰红茶[柠檬](PET500ml),INTR894011688,饮料,3,3,9966,9966
`FS100739,货道24,统一冰红茶[柠檬](PET500ml),INTR894011688,饮料,3,3,9963,9963
`FS100739,货道25,统一冰绿茶[青梅绿茶](PET500ml),INTR469011681,饮料,3,3,9951,9951
`FS100739,货道26,小茗同学[溜溜哒茶](PET480ml),INTR973011692,饮料,5,5,9962,9962
`FS100739,货道27,统一鲜橙多(PET450ml),INTR910011664,饮料,3.5,3.5,9947,9947
`FS100739,货道28,统一鲜橙多(PET450ml),INTR910011664,饮料,3.5,3.5,9997,9997
`FS100739,货道29,怡宝[纯净水](PET555ml),INTR128012109,矿泉水,2,2,9895,9895
`FS100739,货道30,怡宝[纯净水](PET555ml),INTR128012109,矿泉水,2,2,9899,9899
`FS100739,货道31,怡宝[纯净水](PET555ml),INTR128012109,矿泉水,2,2,9900,9900
`FS100739,货道32,海之言[蓝莓](PET500ml),INTR526012420,饮料,4,4,9974,9974
`FS100739,货道33,统一轻啵苏打水[桃花味](PET500ml),INTR876012423,饮料,3.5,3.5,9974,9974
`FS100739,货道34,今麦郎芒顿小镇蜜桃水(PET500ml),INTR133012193,饮料,2.5,3,9959,9959
`FS100727,货道1,统一蜜桃多(CAN310ml),INTR765012351,饮料,3,3,3,3
`FS100727,货道2,统一好料道[仙草凉茶](CAN310ml),INTR791011678,饮料,4,4,16,16
`FS100727,货道3,统一好料道[仙草凉茶](CAN310ml),INTR791011678,饮料,4,4,11,11
`FS100727,货道4,统一鲜橙多(CAN310ml),INTR767011663,饮料,3,2.5,5,5
`FS100727,货道5,统一鲜橙多(CAN310ml),INTR767011663,饮料,3,2.5,1,1
`FS100727,货道6,统一鲜橙多(CAN310ml),INTR767011663,饮料,3,2.5,5,5
`FS100727,货道7,农夫山泉(PET550ml),INTR993012106,矿泉水,2,2,0,0
`FS100727,货道8,康之味油切麦仔茶(PET500ml),INTR114013710,饮料,3.5,3.5,4,4
`FS100727,货道9,统一冰红茶[柠檬](PET500ml),INTR894011688,饮料,3,3,2,2
`FS100727,货道10,统一冰红茶[柠檬](PET500ml),INTR894011688,饮料,3,3,0,0
`FS100727,货道11,今麦郎芒顿小镇蜜桃水(PET500ml),INTR133012193,饮料,2.5,2.5,0,0
`FS100727,货道12,,,,,,0,0
`FS100727,货道13,台福[高钙花生牛奶](CAN365ml),INTR531012172,饮料,3.5,3.5,15,15
`FS100727,货道14,王老吉凉茶(CAN310ml),INTR472012173,饮料,3.5,3.5,4,4
`FS100727,货道15,可口可乐[自购版](CAN330ml),INTR121011635,饮料,3,2.5,1,1
`FS100727,货道16,可口可乐[自购版](CAN330ml),INTR121011635,饮料,3,2.5,1,1
`FS100727,货道17,统一双萃[柠檬茶](PET500ml),INTR466012427,饮料,3,3,9,9
`FS100727,货道18,,,,,,0,0
`FS100727,货道19,统一双萃[柠檬茶](PET500ml),INTR466012427,饮料,3,3,3,3
`FS100727,货道20,,,,,,0,0
`FS100727,货道21,海之言[柠檬](PET500ml),INTR039011682,饮料,4,4,1,1
`FS100727,货道22,,,,,,0,0
`FS100727,货道23,统一饮养四季[冰糖雪梨](PET500ml),INTR56004726,饮料,3.5,3,1,1
`FS100727,货道24,统一鲜橙多(PET450ml),INTR910011664,饮料,3.5,3.5,14,14
`FS100727,货道25,统一绿茶[茉莉](PET500ml),INTR577011683,饮料,3,3,5,5
`FS100727,货道26,统一绿茶[茉莉](PET500ml),INTR577011683,饮料,3,3,1,1
`FS100727,货道27,饮养四季[金桔柠檬](PET500ml),INTR372011680,饮料,3.5,3,2,2
`FS100727,货道28,饮养四季[金桔柠檬](PET500ml),INTR372011680,饮料,3.5,3,2,2
`FS100727,货道29,三得利乌龙茶[无糖](PET500ml),INTR907013377,饮料,5,5,19,19
`FS100727,货道30,统一阿萨姆[奶茶原味](PET500ml),INTR230011689,饮料,4.5,4,1,1
`FS100727,货道31,统一阿萨姆[奶茶原味](PET500ml),INTR230011689,饮料,4.5,4,1,1
`FS100727,货道32,海之言[柠檬](PET500ml),INTR039011682,饮料,4,4,1,1
`FS100727,货道33,焕神[热带水果风味]饮料(PET460ml),INTR583011691,饮料,5,5,1,1
`FS100727,货道34,焕神[热带水果风味]饮料(PET460ml),INTR583011691,饮料,5,5,1,1
`FS101329,货道1,可口可乐[自购版](CAN330ml),INTR121011635,饮料,3,3,9983,9983
`FS101329,货道2,可口可乐[自购版](CAN330ml),INTR121011635,饮料,3,3,9977,9977
`FS101329,货道3,宏宝莱碳酸饮料汽水荔枝味(CAN330ml),INTR992013247,饮料,3,2.5,9965,9965
`FS101329,货道4,宏宝莱碳酸饮料汽水荔枝味(CAN330ml),INTR992013247,饮料,3,2.5,9973,9973
`FS101329,货道5,爱朵拉拿铁咖啡(CAN310ml),INTR459011637,饮料,4,4,9993,9993
`FS101329,货道6,小野[芒果汁](CAN245ml),INTR457012418,饮料,3,3,9991,9991
`FS101329,货道7,统一冰红茶[柠檬](PET500ml),INTR894011688,饮料,3,3,9983,9983
`FS101329,货道8,统一冰红茶[柠檬](PET500ml),INTR894011688,饮料,3,3,9946,9946
`FS101329,货道9,统一冰绿茶[青梅绿茶](PET500ml),INTR469011681,饮料,3,3,9974,9974
`FS101329,货道10,统一冰绿茶[青梅绿茶](PET500ml),INTR469011681,饮料,3,3,9959,9959
`FS101329,货道11,雅哈[冰咖啡](PET450ml),INTR470011686,饮料,5.5,5.5,9986,9986
`FS101329,货道13,体质能量(PET580ml),INTR468012175,饮料,4,4,9877,9877
`FS101329,货道14,,,,,0,0,0
`FS101329,货道15,体质能量(PET580ml),INTR468012175,饮料,4,4,9862,9862
`FS101329,货道16,,,,,0,0,0
`FS101329,货道17,焕神[热带水果风味]饮料(PET460ml),INTR583011691,饮料,5,5,9971,9971
`FS101329,货道19,统一轻啵苏打水[桃花味](PET500ml),INTR876012423,饮料,3.5,3.5,9995,9995
`FS101329,货道21,饮养四季[金桔柠檬](PET500ml),INTR372011680,饮料,3.5,3,9930,9930
`FS101329,货道23,雪碧[自购版](CAN330ml),INTR685011636,饮料,3,3,9989,9989
`FS101329,货道24,雪碧[自购版](CAN330ml),INTR685011636,饮料,3,3,9985,9985
`FS101329,货道25,小茗同学[溜溜哒茶](PET480ml),INTR973011692,饮料,5,5,9976,9976
`FS101329,货道26,小茗同学[溜溜哒茶](PET480ml),INTR973011692,饮料,5,5,9989,9989
`FS101329,货道27,统一阿萨姆[奶茶原味](PET500ml),INTR230011689,饮料,4.5,4.5,9982,9982
`FS101329,货道28,统一阿萨姆[奶茶原味](PET500ml),INTR230011689,饮料,4.5,4.5,9973,9973
`FS101329,货道29,统一鲜橙多(PET450ml),INTR910011664,饮料,3.5,3.5,9980,9980
`FS101329,货道30,统一鲜橙多(PET450ml),INTR910011664,饮料,3.5,3.5,9985,9985
`FS101329,货道31,今麦郎芒顿小镇柠檬水(PET500ml),INTR322012790,饮料,2.5,3,9989,9989
`FS101329,货道32,今麦郎芒顿小镇柠檬水(PET500ml),INTR322012790,饮料,2.5,3,9990,9990
`FS101329,货道33,海之言[柠檬](PET500ml),INTR039011682,饮料,4,4,9974,9974
`FS101329,货道34,海之言[柠檬](PET500ml),INTR039011682,饮料,4,4,9963,9963
`FS100754,货道1,统一好料道[仙草凉茶](CAN310ml),INTR791011678,饮料,4,4,20,20
`FS100754,货道2,统一好料道[仙草凉茶](CAN310ml),INTR791011678,饮料,4,4,18,18
`FS100754,货道3,统一蜜桃多(CAN310ml),INTR765012351,饮料,3,3,16,16
`FS100754,货道4,统一鲜橙多(CAN310ml),INTR767011663,饮料,3,3,14,14
`FS100754,货道5,统一鲜橙多(CAN310ml),INTR767011663,饮料,3,3,12,12
`FS100754,货道6,统一鲜橙多(CAN310ml),INTR767011663,饮料,3,3,10,10
`FS100754,货道7,娃哈哈[钻面水](PET550ml),INTR055012170,矿泉水,2,2,21,21
`FS100754,货道8,可口可乐[自购版](PET500ml),INTR724012203,饮料,3.5,3.5,18,18
`FS100754,货道9,统一冰红茶[柠檬](PET500ml),INTR894011688,饮料,3,3,15,15
`FS100754,货道10,统一冰红茶[柠檬](PET500ml),INTR894011688,饮料,3,3,11,11
`FS100754,货道11,今麦郎芒顿小镇蜜桃水(PET500ml),INTR133012193,饮料,2.5,2.5,11,11
`FS100754,货道13,台福[高钙花生牛奶](CAN365ml),INTR531012172,饮料,3.5,3.5,20,20
`FS100754,货道14,乐虎维生素功能饮料(CAN250ml),INTR995012194,饮料,5.5,5.5,20,20
`FS100754,货道15,可口可乐[自购版](CAN330ml),INTR121011635,饮料,3,3,18,18
`FS100754,货道16,王老吉凉茶(CAN310ml),INTR472012173,饮料,3.5,3.5,18,18
`FS100754,货道17,统一双萃[柠檬茶](PET500ml),INTR466012427,饮料,3,3,15,15
`FS100754,货道19,小茗同学[溜溜哒茶](PET480ml),INTR973011692,饮料,5,5,13,13
`FS100754,货道21,海之言[柠檬](PET500ml),INTR039011682,饮料,4,4,11,11
`FS100754,货道23,百香公举[百香果](PET480ml),INTR017012171,饮料,4,4,18,18
`FS100754,货道24,统一饮养四季[冰糖雪梨](PET500ml),INTR56004726,饮料,3.5,3.5,18,18
`FS100754,货道25,统一鲜橙多(PET450ml),INTR910011664,饮料,3.5,3.5,16,16
`FS100754,货道26,统一绿茶[茉莉](PET500ml),INTR577011683,饮料,3,3,14,14
`FS100754,货道27,统一绿茶[茉莉](PET500ml),INTR577011683,饮料,3,3,12,12
`FS100754,货道28,饮养四季[金桔柠檬](PET500ml),INTR372011680,饮料,3.5,3.5,10,10
`FS100754,货道29,三得利乌龙茶[无糖](PET500ml),INTR907013377,饮料,5,5,22,22
`FS100754,货道30,统一阿萨姆[奶茶原味](PET500ml),INTR230011689,饮料,4.5,4.5,1,1
`FS100754,货道31,统一阿萨姆[奶茶原味](PET500ml),INTR230011689,饮料,4.5,4.5,1,1
`FS100754,货道32,海之言[柠檬](PET500ml),INTR039011682,饮料,4,4,14,14
`FS100754,货道33,焕神[热带水果风味]饮料(PET460ml),INTR583011691,饮料,5,5,0,0
`FS100754,货道34,饮养四季[金桔柠檬](PET500ml),INTR372011680,饮料,3.5,3.5,10,10
`FS100743,货道1,可口可乐[自购版](CAN330ml),INTR121011635,饮料,3,3,9988,9988
`FS100743,货道2,雪碧[自购版](CAN330ml),INTR685011636,饮料,3,3,9993,9993
`FS100743,货道3,小野[芒果汁](CAN245ml),INTR457012418,饮料,3,3,9999,9999
`FS100743,货道4,宏宝莱碳酸饮料汽水荔枝味(CAN330ml),INTR992013247,饮料,3,2.5,9997,9997
`FS100743,货道5,统一好料道[仙草凉茶](CAN310ml),INTR791011678,饮料,4,4,9997,9997
`FS100743,货道6,,,,,4,9999,9999
`FS100743,货道7,,,,,2,9999,9999
`FS100743,货道8,可口可乐[自购版](PET500ml),INTR724012203,饮料,3.5,3.5,9986,9986
`FS100743,货道9,统一阿萨姆[奶茶原味](PET500ml),INTR230011689,饮料,4.5,4.5,9996,9996
`FS100743,货道10,饮养四季[金桔柠檬](PET500ml),INTR372011680,饮料,3.5,3.5,9993,9993
`FS100743,货道11,焕神[热带水果风味]饮料(PET460ml),INTR583011691,饮料,5,5,9997,9997
`FS100743,货道13,,,,,3.5,9999,9999
`FS100743,货道14,,,,,0,0,0
`FS100743,货道15,,,,,5,9999,9999
`FS100743,货道16,,,,,0,0,0
`FS100743,货道17,,,,,3.5,9999,9999
`FS100743,货道19,,,,,5.5,9999,9999
`FS100743,货道21,,,,,3.5,9999,9999
`FS100743,货道23,体质能量(PET580ml),INTR468012175,饮料,4,4,9994,9994
`FS100743,货道24,统一冰红茶[柠檬](PET500ml),INTR894011688,饮料,3,3,9982,9982
`FS100743,货道25,统一冰绿茶[青梅绿茶](PET500ml),INTR469011681,饮料,3,3,9988,9988
`FS100743,货道26,小茗同学[溜溜哒茶](PET480ml),INTR973011692,饮料,5,5,9998,9998
`FS100743,货道27,统一鲜橙多(PET450ml),INTR910011664,饮料,3.5,3.5,9986,9986
`FS100743,货道28,统一鲜橙多(PET450ml),INTR910011664,饮料,3.5,3.5,9998,9998
`FS100743,货道29,怡宝[纯净水](PET555ml),INTR128012109,矿泉水,2,2,9983,9983
`FS100743,货道30,怡宝[纯净水](PET555ml),INTR128012109,矿泉水,2,2,9981,9981
`FS100743,货道31,怡宝[纯净水](PET555ml),INTR128012109,矿泉水,2,2,9983,9983
`FS100743,货道32,海之言[蓝莓](PET500ml),INTR526012420,饮料,4,4,9989,9989
`FS100743,货道33,统一轻啵苏打水[桃花味](PET500ml),INTR876012423,饮料,3.5,3.5,9995,9995
`FS100743,货道34,今麦郎芒顿小镇柠檬水(PET500ml),INTR322012790,饮料,2.5,3,9995,9995
