设备编号,货道名称,商品名称,商品编号,分类,参考价格,实际价格,可售库存,合计库存
`FS101331,货道1,统一冰红茶(CAN310ml),INTR115011662,饮料,2.5,2,99937,99937
`FS101331,货道2,统一冰红茶(CAN310ml),INTR115011662,饮料,2.5,2,99906,99906
`FS101331,货道3,雪碧[自购版](CAN330ml),INTR685011636,饮料,3,2.5,99911,99911
`FS101331,货道4,雪碧[自购版](CAN330ml),INTR685011636,饮料,3,2.5,99945,99945
`FS101331,货道5,统一鲜橙多(CAN310ml),INTR767011663,饮料,3,2.5,99884,99884
`FS101331,货道6,统一鲜橙多(CAN310ml),INTR767011663,饮料,3,2.5,99908,99908
`FS101331,货道7,娃哈哈葡萄汁(PET500ml),INTR106013579,饮料,3,3,99813,99813
`FS101331,货道8,娃哈哈葡萄汁(PET500ml),INTR106013579,饮料,3,3,99840,99840
`FS101331,货道9,娃哈哈葡萄汁(PET500ml),INTR106013579,饮料,3,3,99855,99855
`FS101331,货道10,海之言[柠檬](PET500ml),INTR039011682,饮料,4,4,99902,99902
`FS101331,货道11,海之言[柠檬](PET500ml),INTR039011682,饮料,4,4,99900,99900
`FS101331,货道13,可口可乐[自购版](PET500ml),INTR724012203,饮料,3.5,3,99703,99703
`FS101331,货道14,,,,,,0,0
`FS101331,货道15,可口可乐[自购版](PET500ml),INTR724012203,饮料,3.5,3,99606,99606
`FS101331,货道16,,,,,,0,0
`FS101331,货道17,可口可乐[自购版](PET500ml),INTR724012203,饮料,3.5,3,99685,99685
`FS101331,货道19,统一鲜橙多(PET450ml),INTR910011664,饮料,3.5,3,99768,99768
`FS101331,货道21,统一鲜橙多(PET450ml),INTR910011664,饮料,3.5,3,99766,99766
`FS101331,货道23,统一冰绿茶[青梅绿茶](PET500ml),INTR469011681,饮料,3,3,99978,99978
`FS101331,货道24,统一冰绿茶[青梅绿茶](PET500ml),INTR469011681,饮料,3,3,99978,99978
`FS101331,货道25,统一冰绿茶[青梅绿茶](PET500ml),INTR469011681,饮料,3,3,99982,99982
`FS101331,货道26,焕神[热带水果风味]饮料(PET460ml),INTR583011691,饮料,5,5,99732,99732
`FS101331,货道27,统一轻啵苏打水[柠檬味](PET500ml),INTR773011687,饮料,3.5,3.5,99930,99930
`FS101331,货道28,统一轻啵苏打水[柠檬味](PET500ml),INTR773011687,饮料,3.5,3.5,99936,99936
`FS101331,货道29,小茗同学[鸭屎香柠檬茶](PET480ml),INTR116013656,饮料,5,5,99984,99984
`FS101331,货道30,统一冰红茶[柠檬](PET500ml),INTR894011688,饮料,3,3,99826,99826
`FS101331,货道31,统一冰红茶[柠檬](PET500ml),INTR894011688,饮料,3,3,99809,99809
`FS101331,货道32,怡宝[纯净水](PET555ml),INTR128012109,矿泉水,2,2,99866,99866
`FS101331,货道33,怡宝[纯净水](PET555ml),INTR128012109,矿泉水,2,2,99849,99849
`FS101331,货道34,怡宝[纯净水](PET555ml),INTR128012109,矿泉水,2,2,99871,99871
`FS101380,货道1,统一冰红茶(CAN310ml),INTR115011662,饮料,2.5,2.5,99965,99965
`FS101380,货道2,统一冰红茶(CAN310ml),INTR115011662,饮料,2.5,2.5,99913,99913
`FS101380,货道3,雪碧[自购版](CAN330ml),INTR685011636,饮料,3,3,99879,99879
`FS101380,货道4,雪碧[自购版](CAN330ml),INTR685011636,饮料,3,3,99932,99932
`FS101380,货道5,统一鲜橙多(CAN310ml),INTR767011663,饮料,3,3,99981,99981
`FS101380,货道6,统一鲜橙多(CAN310ml),INTR767011663,饮料,3,3,99970,99970
`FS101380,货道7,娃哈哈葡萄汁(PET500ml),INTR106013579,饮料,3,3.5,99859,99859
`FS101380,货道8,娃哈哈葡萄汁(PET500ml),INTR106013579,饮料,3,3.5,99885,99885
`FS101380,货道9,娃哈哈葡萄汁(PET500ml),INTR106013579,饮料,3,3.5,99874,99874
`FS101380,货道10,海之言[柠檬](PET500ml),INTR039011682,饮料,4,4,99942,99942
`FS101380,货道11,海之言[柠檬](PET500ml),INTR039011682,饮料,4,4,99910,99910
`FS101380,货道13,可口可乐[自购版](PET500ml),INTR724012203,饮料,3.5,3.5,99780,99780
`FS101380,货道14,,,,,,0,0
`FS101380,货道15,可口可乐[自购版](PET500ml),INTR724012203,饮料,3.5,3.5,99780,99780
`FS101380,货道16,,,,,,0,0
`FS101380,货道17,可口可乐[自购版](PET500ml),INTR724012203,饮料,3.5,3.5,99872,99872
`FS101380,货道19,农夫山泉力量帝维他命水(PET500ml),INTR911012108,饮料,5,5,99956,99956
`FS101380,货道21,农夫山泉力量帝维他命水(PET500ml),INTR911012108,饮料,5,5,99958,99958
`FS101380,货道23,统一冰红茶[柠檬](PET500ml),INTR894011688,饮料,3,3,99894,99894
`FS101380,货道24,统一冰红茶[柠檬](PET500ml),INTR894011688,饮料,3,3,99765,99765
`FS101380,货道25,统一鲜橙多(PET450ml),INTR910011664,饮料,3.5,3.5,99867,99867
`FS101380,货道26,统一鲜橙多(PET450ml),INTR910011664,饮料,3.5,3.5,99792,99792
`FS101380,货道27,焕神[热带水果风味]饮料(PET460ml),INTR583011691,饮料,5,5,99967,99967
`FS101380,货道28,焕神[热带水果风味]饮料(PET460ml),INTR583011691,饮料,5,5,99966,99966
`FS101380,货道29,小茗同学[青柠红茶](PET480ml),INTR297011693,饮料,5,5,99938,99938
`FS101380,货道30,统一绿茶[茉莉](PET500ml),INTR577011683,饮料,3,3,99918,99918
`FS101380,货道31,统一轻啵苏打水[柠檬味](PET500ml),INTR773011687,饮料,3.5,3.5,99954,99954
`FS101380,货道32,ALKAQUA[饮用天然矿泉水](PET570ml),INTR997009154,矿泉水,4,4,99904,99904
`FS101380,货道33,统一绿茶[茉莉](PET500ml),INTR577011683,饮料,3,3,99938,99938
`FS101380,货道34,统一绿茶[茉莉](PET500ml),INTR577011683,饮料,3,3,99970,99970
`FS100497,货道1,怡宝火咖[意式倍醇](CAN280ml),INTR284012885,饮料,4,4,99988,99988
`FS100497,货道2,怡宝火咖[意式倍醇](CAN280ml),INTR284012885,饮料,4,4,99984,99984
`FS100497,货道3,爱朵拉拿铁咖啡(CAN310ml),INTR459011637,饮料,4,4,99972,99972
`FS100497,货道4,爱朵拉拿铁咖啡(CAN310ml),INTR459011637,饮料,4,4,99993,99993
`FS100497,货道5,旺旺牛奶(CAN245ml),INTR783012872,饮料,6,5.5,99973,99973
`FS100497,货道6,旺旺牛奶(CAN245ml),INTR783012872,饮料,6,5.5,99988,99988
`FS100497,货道7,雅哈[冰咖啡](PET450ml),INTR470011686,饮料,5.5,5.5,99943,99943
`FS100497,货道8,统一阿萨姆[奶茶原味](PET500ml),INTR230011689,饮料,4.5,4.5,99964,99964
`FS100497,货道9,统一阿萨姆[奶茶原味](PET500ml),INTR230011689,饮料,4.5,4.5,99964,99964
`FS100497,货道10,统一阿萨姆[奶茶原味](PET500ml),INTR230011689,饮料,4.5,4.5,99952,99952
`FS100497,货道11,统一阿萨姆[奶茶原味](PET500ml),INTR230011689,饮料,4.5,4.5,99951,99951
`FS100497,货道13,雅哈[冰咖啡](PET450ml),INTR470011686,饮料,5.5,5.5,99968,99968
`FS100497,货道14,,,,,,0,0
`FS100497,货道15,红牛金罐(CAN250ml),INTR442012892,饮料,6,6,99969,99969
`FS100497,货道16,,,,,,0,0
`FS100497,货道17,红牛金罐(CAN250ml),INTR442012892,饮料,6,6,99964,99964
`FS100497,货道19,统一轻啵苏打水[柠檬味](PET500ml),INTR773011687,饮料,3.5,3.5,99979,99979
`FS100497,货道21,统一轻啵苏打水[柠檬味](PET500ml),INTR773011687,饮料,3.5,3.5,99979,99979
`FS100497,货道23,焕神[热带水果风味]饮料(PET460ml),INTR583011691,饮料,5,5,99833,99833
`FS100497,货道24,统一绿茶[茉莉](PET500ml),INTR577011683,饮料,3,3,99921,99921
`FS100497,货道25,统一绿茶[茉莉](PET500ml),INTR577011683,饮料,3,3,99898,99898
`FS100497,货道26,统一鲜橙多(PET450ml),INTR910011664,饮料,3.5,3.5,99938,99938
`FS100497,货道27,统一鲜橙多(PET450ml),INTR910011664,饮料,3.5,3.5,99935,99935
`FS100497,货道28,统一鲜橙多(PET450ml),INTR910011664,饮料,3.5,3.5,99962,99962
`FS100497,货道29,焕神[热带水果风味]饮料(PET460ml),INTR583011691,饮料,5,5,99828,99828
`FS100497,货道30,海之言[柠檬](PET500ml),INTR039011682,饮料,4,4,99948,99948
`FS100497,货道31,海之言[柠檬](PET500ml),INTR039011682,饮料,4,4,99953,99953
`FS100497,货道32,小茗同学[溜溜哒茶](PET480ml),INTR973011692,饮料,5,5,99962,99962
`FS100497,货道33,小茗同学[溜溜哒茶](PET480ml),INTR973011692,饮料,5,5,99950,99950
`FS100497,货道34,小茗同学[溜溜哒茶](PET480ml),INTR973011692,饮料,5,5,99971,99971
`FS100451,货道1,怡宝火咖[意式倍醇](CAN280ml),INTR284012885,饮料,4,4,99989,99989
`FS100451,货道2,爱朵拉拿铁咖啡(CAN310ml),INTR459011637,饮料,4,4,99990,99990
`FS100451,货道3,爱朵拉拿铁咖啡(CAN310ml),INTR459011637,饮料,4,4,99997,99997
`FS100451,货道4,娃哈哈桂圆莲子八宝粥(CAN360ml),INTR218012884,食品,4,4,99985,99985
`FS100451,货道5,李子园果蔬酸奶(PET280ml),INTR644012893,饮料,5.5,5,99993,99993
`FS100451,货道6,旺旺牛奶(CAN245ml),INTR783012872,饮料,6,6,99985,99985
`FS100451,货道7,雅哈[冰咖啡](PET450ml),INTR470011686,饮料,5.5,5.5,99989,99989
`FS100451,货道8,统一阿萨姆[奶茶原味](PET500ml),INTR230011689,饮料,4.5,4.5,99989,99989
`FS100451,货道9,统一阿萨姆[奶茶原味](PET500ml),INTR230011689,饮料,4.5,4.5,99987,99987
`FS100451,货道10,统一阿萨姆[奶茶原味](PET500ml),INTR230011689,饮料,4.5,4.5,99989,99989
`FS100451,货道11,统一阿萨姆[奶茶原味](PET500ml),INTR230011689,饮料,4.5,4.5,99991,99991
`FS100451,货道13,雅哈[冰咖啡](PET450ml),INTR470011686,饮料,5.5,5.5,99984,99984
`FS100451,货道14,,,,,,0,0
`FS100451,货道15,海之言[柠檬](PET500ml),INTR039011682,饮料,4,4,99989,99989
`FS100451,货道16,,,,,,0,0
`FS100451,货道17,海之言[柠檬](PET500ml),INTR039011682,饮料,4,4,99992,99992
`FS100451,货道19,红牛金罐(CAN250ml),INTR442012892,饮料,6,6,99992,99992
`FS100451,货道21,红牛金罐(CAN250ml),INTR442012892,饮料,6,6,99994,99994
`FS100451,货道23,焕神[热带水果风味]饮料(PET460ml),INTR583011691,饮料,5,5,99980,99980
`FS100451,货道24,统一冰红茶[柠檬](PET500ml),INTR894011688,饮料,3,3,99987,99987
`FS100451,货道25,统一冰红茶[柠檬](PET500ml),INTR894011688,饮料,3,3,99981,99981
`FS100451,货道26,统一鲜橙多(PET450ml),INTR910011664,饮料,3.5,3.5,99982,99982
`FS100451,货道27,统一鲜橙多(PET450ml),INTR910011664,饮料,3.5,3.5,99984,99984
`FS100451,货道28,统一鲜橙多(PET450ml),INTR910011664,饮料,3.5,3.5,99991,99991
`FS100451,货道29,焕神[热带水果风味]饮料(PET460ml),INTR583011691,饮料,5,5,99998,99998
`FS100451,货道30,饮养四季[金桔柠檬](PET500ml),INTR372011680,饮料,3.5,3.5,99995,99995
`FS100451,货道31,饮养四季[金桔柠檬](PET500ml),INTR372011680,饮料,3.5,3.5,99990,99990
`FS100451,货道32,统一绿茶[茉莉](PET500ml),INTR577011683,饮料,3,3,99979,99979
`FS100451,货道33,小茗同学[溜溜哒茶](PET480ml),INTR973011692,饮料,5,5,99992,99992
`FS100451,货道34,小茗同学[溜溜哒茶](PET480ml),INTR973011692,饮料,5,5,99992,99992
`FS100129,货道1,优好滋港式奶茶(CAN310ml),INTR029012897,饮料,4,4,99997,99997
`FS100129,货道2,优好滋港式奶茶(CAN310ml),INTR029012897,饮料,4,4,99997,99997
`FS100129,货道3,爱朵拉拿铁咖啡(CAN310ml),INTR459011637,饮料,4,4,99995,99995
`FS100129,货道4,爱朵拉拿铁咖啡(CAN310ml),INTR459011637,饮料,4,4,99998,99998
`FS100129,货道5,红牛金罐(CAN250ml),INTR442012892,饮料,6,6,99996,99996
`FS100129,货道6,红牛金罐(CAN250ml),INTR442012892,饮料,6,6,99989,99989
`FS100129,货道7,统一阿萨姆[奶茶原味](PET500ml),INTR230011689,饮料,4.5,4.5,99983,99983
`FS100129,货道8,统一阿萨姆[奶茶原味](PET500ml),INTR230011689,饮料,4.5,4.5,99994,99994
`FS100129,货道9,统一阿萨姆[奶茶原味](PET500ml),INTR230011689,饮料,4.5,4.5,99985,99985
`FS100129,货道10,统一阿萨姆[奶茶原味](PET500ml),INTR230011689,饮料,4.5,4.5,99975,99975
`FS100129,货道11,雅哈[冰咖啡](PET450ml),INTR470011686,饮料,5.5,5.5,99994,99994
`FS100129,货道13,可口可乐[自购版](PET500ml),INTR724012203,饮料,3.5,3.5,99935,99935
`FS100129,货道14,,,,,,0,0
`FS100129,货道15,雪碧[自购版](PET500ml),INTR175012204,饮料,3.5,3.5,99955,99955
`FS100129,货道16,,,,,,0,0
`FS100129,货道17,农夫山泉(PET550ml),INTR993012106,矿泉水,2,2,99953,99953
`FS100129,货道19,饮养四季[金桔柠檬](PET500ml),INTR372011680,饮料,3.5,3.5,99984,99984
`FS100129,货道21,农夫山泉(PET550ml),INTR993012106,矿泉水,2,2,99969,99969
`FS100129,货道23,焕神[热带水果风味]饮料(PET460ml),INTR583011691,饮料,5,5,99996,99996
`FS100129,货道24,统一冰红茶[柠檬](PET500ml),INTR894011688,饮料,3,3,99967,99967
`FS100129,货道25,统一绿茶[茉莉](PET500ml),INTR577011683,饮料,3,3,99918,99918
`FS100129,货道26,统一鲜橙多(PET450ml),INTR910011664,饮料,3.5,3.5,99990,99990
`FS100129,货道27,统一鲜橙多(PET450ml),INTR910011664,饮料,3.5,3.5,99981,99981
`FS100129,货道28,统一鲜橙多(PET450ml),INTR910011664,饮料,3.5,3.5,99978,99978
`FS100129,货道29,焕神[热带水果风味]饮料(PET460ml),INTR583011691,饮料,5,5,99993,99993
`FS100129,货道30,海之言[柠檬](PET500ml),INTR039011682,饮料,4,4,99982,99982
`FS100129,货道31,海之言[柠檬](PET500ml),INTR039011682,饮料,4,4,99985,99985
`FS100129,货道32,小茗同学[溜溜哒茶](PET480ml),INTR973011692,饮料,5,5,99998,99998
`FS100129,货道33,小茗同学[溜溜哒茶](PET480ml),INTR973011692,饮料,5,5,99993,99993
`FS100129,货道34,小茗同学[溜溜哒茶](PET480ml),INTR973011692,饮料,5,5,99995,99995
`FS101000,货道1,优好滋港式奶茶(CAN310ml),INTR029012897,饮料,4,4,99992,99992
`FS101000,货道2,娃哈哈桂圆莲子八宝粥(CAN360ml),INTR218012884,食品,4,4,99951,99951
`FS101000,货道3,优好滋港式奶茶(CAN310ml),INTR029012897,饮料,4,4,99987,99987
`FS101000,货道4,优好滋港式奶茶(CAN310ml),INTR029012897,饮料,4,4,99994,99994
`FS101000,货道5,爱朵拉拿铁咖啡(CAN310ml),INTR459011637,饮料,4,4,99980,99980
`FS101000,货道6,爱朵拉拿铁咖啡(CAN310ml),INTR459011637,饮料,4,4,99985,99985
`FS101000,货道7,雅哈[冰咖啡](PET450ml),INTR470011686,饮料,5.5,5.5,99947,99947
`FS101000,货道8,统一阿萨姆[奶茶原味](PET500ml),INTR230011689,饮料,4.5,4.5,99954,99954
`FS101000,货道9,统一阿萨姆[奶茶原味](PET500ml),INTR230011689,饮料,4.5,4.5,99985,99985
`FS101000,货道10,统一阿萨姆[奶茶原味](PET500ml),INTR230011689,饮料,4.5,4.5,99973,99973
`FS101000,货道11,统一阿萨姆[奶茶原味](PET500ml),INTR230011689,饮料,4.5,4.5,99965,99965
`FS101000,货道13,雅哈[冰咖啡](PET450ml),INTR470011686,饮料,5.5,5.5,99950,99950
`FS101000,货道14,,,,,,0,0
`FS101000,货道15,娃哈哈营养快线(PET500ml),INTR409012898,饮料,5,4.5,99941,99941
`FS101000,货道16,,,,,,0,0
`FS101000,货道17,娃哈哈营养快线(PET500ml),INTR409012898,饮料,5,4.5,99931,99931
`FS101000,货道19,统一轻啵苏打水[柠檬味](PET500ml),INTR773011687,饮料,3.5,3.5,99997,99997
`FS101000,货道21,统一轻啵苏打水[柠檬味](PET500ml),INTR773011687,饮料,3.5,3.5,99995,99995
`FS101000,货道23,焕神[热带水果风味]饮料(PET460ml),INTR583011691,饮料,5,5,99936,99936
`FS101000,货道24,统一绿茶[茉莉](PET500ml),INTR577011683,饮料,3,3,99980,99980
`FS101000,货道25,统一绿茶[茉莉](PET500ml),INTR577011683,饮料,3,3,99973,99973
`FS101000,货道26,统一鲜橙多(PET450ml),INTR910011664,饮料,3.5,3.5,99974,99974
`FS101000,货道27,统一鲜橙多(PET450ml),INTR910011664,饮料,3.5,3.5,99983,99983
`FS101000,货道28,统一鲜橙多(PET450ml),INTR910011664,饮料,3.5,3.5,99977,99977
`FS101000,货道29,焕神[热带水果风味]饮料(PET460ml),INTR583011691,饮料,5,5,99965,99965
`FS101000,货道30,海之言[柠檬](PET500ml),INTR039011682,饮料,4,4,99983,99983
`FS101000,货道31,海之言[柠檬](PET500ml),INTR039011682,饮料,4,4,99981,99981
`FS101000,货道32,小茗同学[溜溜哒茶](PET480ml),INTR973011692,饮料,5,5,99987,99987
`FS101000,货道33,小茗同学[溜溜哒茶](PET480ml),INTR973011692,饮料,5,5,99984,99984
`FS101000,货道34,小茗同学[溜溜哒茶](PET480ml),INTR973011692,饮料,5,5,99982,99982
`FS101035,货道1,米源冰晶葡萄(CAN310ml),INTR290012105,饮料,2.5,2.5,99951,99951
`FS101035,货道2,米源冰晶葡萄(CAN310ml),INTR290012105,饮料,2.5,2.5,99945,99945
`FS101035,货道3,优好滋荔枝爽310ml,INTR860012104,饮料,2.5,3,99955,99955
`FS101035,货道4,优好滋荔枝爽310ml,INTR860012104,饮料,2.5,3,99965,99965
`FS101035,货道5,红牛金罐(CAN250ml),INTR442012892,饮料,6,6,99907,99907
`FS101035,货道6,娃哈哈桂圆莲子八宝粥(CAN360ml),INTR218012884,食品,4,4,99918,99918
`FS101035,货道7,雅哈[冰咖啡](PET450ml),INTR470011686,饮料,5.5,5.5,99797,99797
`FS101035,货道8,统一阿萨姆[奶茶原味](PET500ml),INTR230011689,饮料,4.5,4.5,99758,99758
`FS101035,货道9,统一阿萨姆[奶茶原味](PET500ml),INTR230011689,饮料,4.5,4.5,99824,99824
`FS101035,货道10,统一阿萨姆[奶茶原味](PET500ml),INTR230011689,饮料,4.5,4.5,99843,99843
`FS101035,货道11,统一阿萨姆[奶茶原味](PET500ml),INTR230011689,饮料,4.5,4.5,99861,99861
`FS101035,货道13,雅哈[冰咖啡](PET450ml),INTR470011686,饮料,5.5,5.5,99999,99999
`FS101035,货道14,,,,,,0,0
`FS101035,货道15,娃哈哈营养快线(PET500ml),INTR409012898,饮料,5,4.5,99927,99927
`FS101035,货道16,,,,,,0,0
`FS101035,货道17,娃哈哈营养快线(PET500ml),INTR409012898,饮料,5,4.5,99811,99811
`FS101035,货道19,统一轻啵苏打水[柠檬味](PET500ml),INTR773011687,饮料,3.5,3.5,99943,99943
`FS101035,货道21,统一轻啵苏打水[柠檬味](PET500ml),INTR773011687,饮料,3.5,3.5,99964,99964
`FS101035,货道23,焕神[热带水果风味]饮料(PET460ml),INTR583011691,饮料,5,5,99724,99724
`FS101035,货道24,统一绿茶[茉莉](PET500ml),INTR577011683,饮料,3,3,99842,99842
`FS101035,货道25,统一绿茶[茉莉](PET500ml),INTR577011683,饮料,3,3,99842,99842
`FS101035,货道26,统一鲜橙多(PET450ml),INTR910011664,饮料,3.5,3.5,99835,99835
`FS101035,货道27,统一鲜橙多(PET450ml),INTR910011664,饮料,3.5,3.5,99829,99829
`FS101035,货道28,统一鲜橙多(PET450ml),INTR910011664,饮料,3.5,3.5,99867,99867
`FS101035,货道29,焕神[热带水果风味]饮料(PET460ml),INTR583011691,饮料,5,5,99760,99760
`FS101035,货道30,海之言[柠檬](PET500ml),INTR039011682,饮料,4,4,99856,99856
`FS101035,货道31,海之言[柠檬](PET500ml),INTR039011682,饮料,4,4,99856,99856
`FS101035,货道32,小茗同学[溜溜哒茶](PET480ml),INTR973011692,饮料,5,5,99928,99928
`FS101035,货道33,小茗同学[溜溜哒茶](PET480ml),INTR973011692,饮料,5,5,99938,99938
`FS101035,货道34,小茗同学[溜溜哒茶](PET480ml),INTR973011692,饮料,5,5,99933,99933
`FS100980,货道1,统一奶茶[麦香](CAN310ml),106623,开门柜,5,4,99988,99988
`FS100980,货道2,统一奶茶[麦香](CAN310ml),106623,开门柜,5,4,99995,99995
`FS100980,货道3,优好滋港式奶茶(CAN310ml),INTR029012897,饮料,4,4,99980,99980
`FS100980,货道4,优好滋港式奶茶(CAN310ml),INTR029012897,饮料,4,4,99986,99986
`FS100980,货道5,红牛金罐(CAN250ml),INTR442012892,饮料,6,6,99960,99960
`FS100980,货道6,红牛金罐(CAN250ml),INTR442012892,饮料,6,6,99959,99959
`FS100980,货道7,雅哈[冰咖啡](PET450ml),INTR470011686,饮料,5.5,5.5,99917,99917
`FS100980,货道8,统一阿萨姆[奶茶原味](PET500ml),INTR230011689,饮料,4.5,4.5,99911,99911
`FS100980,货道9,统一阿萨姆[奶茶原味](PET500ml),INTR230011689,饮料,4.5,4.5,99935,99935
`FS100980,货道10,统一阿萨姆[奶茶原味](PET500ml),INTR230011689,饮料,4.5,4.5,99924,99924
`FS100980,货道11,统一阿萨姆[奶茶原味](PET500ml),INTR230011689,饮料,4.5,4.5,99933,99933
`FS100980,货道13,雅哈[冰咖啡](PET450ml),INTR470011686,饮料,5.5,5.5,99952,99952
`FS100980,货道14,,,,,,0,0
`FS100980,货道15,娃哈哈营养快线(PET500ml),INTR409012898,饮料,5,5,99946,99946
`FS100980,货道16,,,,,,0,0
`FS100980,货道17,娃哈哈营养快线(PET500ml),INTR409012898,饮料,5,5,99944,99944
`FS100980,货道19,统一轻啵苏打水[柠檬味](PET500ml),INTR773011687,饮料,3.5,3.5,99990,99990
`FS100980,货道21,统一轻啵苏打水[柠檬味](PET500ml),INTR773011687,饮料,3.5,3.5,99987,99987
`FS100980,货道23,焕神[热带水果风味]饮料(PET460ml),INTR583011691,饮料,5,5,99952,99952
`FS100980,货道24,统一绿茶[茉莉](PET500ml),INTR577011683,饮料,3,3,99947,99947
`FS100980,货道25,统一绿茶[茉莉](PET500ml),INTR577011683,饮料,3,3,99927,99927
`FS100980,货道26,统一鲜橙多(PET450ml),INTR910011664,饮料,3.5,3.5,99955,99955
`FS100980,货道27,统一鲜橙多(PET450ml),INTR910011664,饮料,3.5,3.5,99981,99981
`FS100980,货道28,统一鲜橙多(PET450ml),INTR910011664,饮料,3.5,3.5,99983,99983
`FS100980,货道29,焕神[热带水果风味]饮料(PET460ml),INTR583011691,饮料,5,5,99944,99944
`FS100980,货道30,海之言[柠檬](PET500ml),INTR039011682,饮料,4,4,99964,99964
`FS100980,货道31,海之言[柠檬](PET500ml),INTR039011682,饮料,4,4,99976,99976
`FS100980,货道32,小茗同学[溜溜哒茶](PET480ml),INTR973011692,饮料,5,5,99985,99985
`FS100980,货道33,小茗同学[溜溜哒茶](PET480ml),INTR973011692,饮料,5,5,99976,99976
`FS100980,货道34,小茗同学[溜溜哒茶](PET480ml),INTR973011692,饮料,5,5,99976,99976
`FS101260,货道1,统一冰红茶(CAN310ml),INTR115011662,饮料,2.5,2.5,99955,99955
`FS101260,货道2,统一冰红茶(CAN310ml),INTR115011662,饮料,2.5,2.5,99950,99950
`FS101260,货道3,雪碧[自购版](CAN330ml),INTR685011636,饮料,3,3,99982,99982
`FS101260,货道4,雪碧[自购版](CAN330ml),INTR685011636,饮料,3,3,99988,99988
`FS101260,货道5,统一鲜橙多(CAN310ml),INTR767011663,饮料,3,3,99985,99985
`FS101260,货道6,统一鲜橙多(CAN310ml),INTR767011663,饮料,3,3,99977,99977
`FS101260,货道7,娃哈哈葡萄汁(PET500ml),INTR106013579,饮料,3,3.5,99915,99915
`FS101260,货道8,娃哈哈葡萄汁(PET500ml),INTR106013579,饮料,3,3.5,99957,99957
`FS101260,货道9,娃哈哈葡萄汁(PET500ml),INTR106013579,饮料,3,3.5,99952,99952
`FS101260,货道10,海之言[柠檬](PET500ml),INTR039011682,饮料,4,4,99992,99992
`FS101260,货道11,海之言[柠檬](PET500ml),INTR039011682,饮料,4,4,99980,99980
`FS101260,货道13,可口可乐[自购版](PET500ml),INTR724012203,饮料,3.5,3.5,99892,99892
`FS101260,货道14,,,,,3.5,0,0
`FS101260,货道15,可口可乐[自购版](PET500ml),INTR724012203,饮料,3.5,3.5,99906,99906
`FS101260,货道16,,,,,,0,0
`FS101260,货道17,可口可乐[自购版](PET500ml),INTR724012203,饮料,3.5,3.5,99956,99956
`FS101260,货道19,农夫山泉力量帝维他命水(PET500ml),INTR911012108,饮料,5,5,99986,99986
`FS101260,货道21,农夫山泉力量帝维他命水(PET500ml),INTR911012108,饮料,5,5,99981,99981
`FS101260,货道23,统一冰红茶[柠檬](PET500ml),INTR894011688,饮料,3,3,99953,99953
`FS101260,货道24,统一冰红茶[柠檬](PET500ml),INTR894011688,饮料,3,3,99845,99845
`FS101260,货道25,统一鲜橙多(PET450ml),INTR910011664,饮料,3.5,3.5,99896,99896
`FS101260,货道26,统一鲜橙多(PET450ml),INTR910011664,饮料,3.5,3.5,99878,99878
`FS101260,货道27,焕神[热带水果风味]饮料(PET460ml),INTR583011691,饮料,5,5,99998,99998
`FS101260,货道28,焕神[热带水果风味]饮料(PET460ml),INTR583011691,饮料,5,5,99998,99998
`FS101260,货道29,小茗同学[青柠红茶](PET480ml),INTR297011693,饮料,5,5,99987,99987
`FS101260,货道30,统一冰绿茶[青梅绿茶](PET500ml),INTR469011681,饮料,3,3,99992,99992
`FS101260,货道31,统一轻啵苏打水[柠檬味](PET500ml),INTR773011687,饮料,3.5,3.5,99971,99971
`FS101260,货道32,ALKAQUA[饮用天然矿泉水](PET570ml),INTR997009154,矿泉水,4,4,99895,99895
`FS101260,货道33,统一冰绿茶[青梅绿茶](PET500ml),INTR469011681,饮料,3,3,99989,99989
`FS101260,货道34,统一冰绿茶[青梅绿茶](PET500ml),INTR469011681,饮料,3,3,99993,99993
`FS101374,货道1,统一冰红茶(CAN310ml),INTR115011662,饮料,2.5,2.5,99880,99880
`FS101374,货道2,统一冰红茶(CAN310ml),INTR115011662,饮料,2.5,2.5,99841,99841
`FS101374,货道3,雪碧[自购版](CAN330ml),INTR685011636,饮料,3,3,99776,99776
`FS101374,货道4,雪碧[自购版](CAN330ml),INTR685011636,饮料,3,3,99806,99806
`FS101374,货道5,统一鲜橙多(CAN310ml),INTR767011663,饮料,3,3,99923,99923
`FS101374,货道6,统一鲜橙多(CAN310ml),INTR767011663,饮料,3,3,99941,99941
`FS101374,货道7,娃哈哈葡萄汁(PET500ml),INTR106013579,饮料,3,3.5,99703,99703
`FS101374,货道8,娃哈哈葡萄汁(PET500ml),INTR106013579,饮料,3,3.5,99636,99636
`FS101374,货道9,娃哈哈葡萄汁(PET500ml),INTR106013579,饮料,3,3.5,99533,99533
`FS101374,货道10,海之言[柠檬](PET500ml),INTR039011682,饮料,4,4,99770,99770
`FS101374,货道11,海之言[柠檬](PET500ml),INTR039011682,饮料,4,4,99769,99769
`FS101374,货道13,可口可乐[自购版](PET500ml),INTR724012203,饮料,3.5,3.5,99110,99110
`FS101374,货道14,,,,,,0,0
`FS101374,货道15,可口可乐[自购版](PET500ml),INTR724012203,饮料,3.5,3.5,99038,99038
`FS101374,货道16,,,,,,0,0
`FS101374,货道17,可口可乐[自购版](PET500ml),INTR724012203,饮料,3.5,3.5,99184,99184
`FS101374,货道19,农夫山泉力量帝维他命水(PET500ml),INTR911012108,饮料,5,5,99795,99795
`FS101374,货道21,农夫山泉力量帝维他命水(PET500ml),INTR911012108,饮料,5,5,99815,99815
`FS101374,货道23,统一冰红茶[柠檬](PET500ml),INTR894011688,饮料,3,3,99443,99443
`FS101374,货道24,统一冰红茶[柠檬](PET500ml),INTR894011688,饮料,3,3,99036,99036
`FS101374,货道25,统一鲜橙多(PET450ml),INTR910011664,饮料,3.5,3.5,99313,99313
`FS101374,货道26,统一鲜橙多(PET450ml),INTR910011664,饮料,3.5,3.5,99199,99199
`FS101374,货道27,焕神[热带水果风味]饮料(PET460ml),INTR583011691,饮料,5,5,99918,99918
`FS101374,货道28,焕神[热带水果风味]饮料(PET460ml),INTR583011691,饮料,5,5,99892,99892
`FS101374,货道29,小茗同学[鸭屎香柠檬茶](PET480ml),INTR116013656,饮料,5,5,99998,99998
`FS101374,货道30,统一冰绿茶[青梅绿茶](PET500ml),INTR469011681,饮料,3,3,99950,99950
`FS101374,货道31,统一轻啵苏打水[柠檬味](PET500ml),INTR773011687,饮料,3.5,3.5,99752,99752
`FS101374,货道32,ALKAQUA[饮用天然矿泉水](PET570ml),INTR997009154,矿泉水,4,4,99762,99762
`FS101374,货道33,统一冰绿茶[青梅绿茶](PET500ml),INTR469011681,饮料,3,3,99941,99941
`FS101374,货道34,统一冰绿茶[青梅绿茶](PET500ml),INTR469011681,饮料,3,3,99951,99951
`FS100058,货道1,统一冰红茶(CAN310ml),INTR115011662,饮料,2.5,2.5,99996,99996
`FS100058,货道2,统一冰红茶(CAN310ml),INTR115011662,饮料,2.5,2.5,99992,99992
`FS100058,货道3,雪碧[自购版](CAN330ml),INTR685011636,饮料,3,3,99984,99984
`FS100058,货道4,雪碧[自购版](CAN330ml),INTR685011636,饮料,3,3,99988,99988
`FS100058,货道5,统一鲜橙多(CAN310ml),INTR767011663,饮料,3,3,99974,99974
`FS100058,货道6,统一鲜橙多(CAN310ml),INTR767011663,饮料,3,3,99984,99984
`FS100058,货道7,娃哈哈葡萄汁(PET500ml),INTR106013579,饮料,3,3.5,99959,99959
`FS100058,货道8,娃哈哈葡萄汁(PET500ml),INTR106013579,饮料,3,3.5,99912,99912
`FS100058,货道9,娃哈哈葡萄汁(PET500ml),INTR106013579,饮料,3,3.5,99897,99897
`FS100058,货道10,海之言[柠檬](PET500ml),INTR039011682,饮料,4,4,99979,99979
`FS100058,货道11,海之言[柠檬](PET500ml),INTR039011682,饮料,4,4,99967,99967
`FS100058,货道13,可口可乐[自购版](PET500ml),INTR724012203,饮料,3.5,3.5,99845,99845
`FS100058,货道14,,,,,,0,0
`FS100058,货道15,可口可乐[自购版](PET500ml),INTR724012203,饮料,3.5,3.5,99811,99811
`FS100058,货道16,,,,,,0,0
`FS100058,货道17,可口可乐[自购版](PET500ml),INTR724012203,饮料,3.5,3.5,99853,99853
`FS100058,货道19,统一鲜橙多(PET450ml),INTR910011664,饮料,3.5,3.5,99898,99898
`FS100058,货道21,统一鲜橙多(PET450ml),INTR910011664,饮料,3.5,3.5,99900,99900
`FS100058,货道23,统一绿茶[茉莉](PET500ml),INTR577011683,饮料,3,3,99991,99991
`FS100058,货道24,统一绿茶[茉莉](PET500ml),INTR577011683,饮料,3,3,99977,99977
`FS100058,货道25,统一绿茶[茉莉](PET500ml),INTR577011683,饮料,3,3,99969,99969
`FS100058,货道26,焕神[热带水果风味]饮料(PET460ml),INTR583011691,饮料,5,5,99964,99964
`FS100058,货道27,统一轻啵苏打水[柠檬味](PET500ml),INTR773011687,饮料,3.5,3.5,99986,99986
`FS100058,货道28,统一轻啵苏打水[柠檬味](PET500ml),INTR773011687,饮料,3.5,3.5,99975,99975
`FS100058,货道29,小茗同学[青柠红茶](PET480ml),INTR297011693,饮料,5,5,99977,99977
`FS100058,货道30,统一冰红茶[柠檬](PET500ml),INTR894011688,饮料,3,3,99964,99964
`FS100058,货道31,统一冰红茶[柠檬](PET500ml),INTR894011688,饮料,3,3,99968,99968
`FS100058,货道32,怡宝[纯净水](PET555ml),INTR128012109,矿泉水,2,2,99979,99979
`FS100058,货道33,怡宝[纯净水](PET555ml),INTR128012109,矿泉水,2,2,99959,99959
`FS100058,货道34,怡宝[纯净水](PET555ml),INTR128012109,矿泉水,2,2,99977,99977
`FS100062,货道1,统一冰红茶(CAN310ml),INTR115011662,饮料,2.5,2.5,99997,99997
`FS100062,货道2,统一冰红茶(CAN310ml),INTR115011662,饮料,2.5,2.5,99992,99992
`FS100062,货道3,雪碧[自购版](CAN330ml),INTR685011636,饮料,3,3,99970,99970
`FS100062,货道4,,,,,4,99991,99991
`FS100062,货道5,统一鲜橙多(CAN310ml),INTR767011663,饮料,3,3,99975,99975
`FS100062,货道6,统一鲜橙多(CAN310ml),INTR767011663,饮料,3,3,99979,99979
`FS100062,货道7,娃哈哈葡萄汁(PET500ml),INTR106013579,饮料,3,3.5,99984,99984
`FS100062,货道8,娃哈哈葡萄汁(PET500ml),INTR106013579,饮料,3,3.5,99940,99940
`FS100062,货道9,娃哈哈葡萄汁(PET500ml),INTR106013579,饮料,3,3.5,99902,99902
`FS100062,货道10,海之言[柠檬](PET500ml),INTR039011682,饮料,4,4,99986,99986
`FS100062,货道11,海之言[柠檬](PET500ml),INTR039011682,饮料,4,4,99960,99960
`FS100062,货道13,可口可乐[自购版](PET500ml),INTR724012203,饮料,3.5,3.5,99812,99812
`FS100062,货道14,,,,,,0,0
`FS100062,货道15,可口可乐[自购版](PET500ml),INTR724012203,饮料,3.5,3.5,99817,99817
`FS100062,货道16,,,,,,0,0
`FS100062,货道17,可口可乐[自购版](PET500ml),INTR724012203,饮料,3.5,3.5,99868,99868
`FS100062,货道19,统一鲜橙多(PET450ml),INTR910011664,饮料,3.5,3.5,99885,99885
`FS100062,货道21,统一鲜橙多(PET450ml),INTR910011664,饮料,3.5,3.5,99887,99887
`FS100062,货道23,统一绿茶[茉莉](PET500ml),INTR577011683,饮料,3,3,99987,99987
`FS100062,货道24,统一绿茶[茉莉](PET500ml),INTR577011683,饮料,3,3,99979,99979
`FS100062,货道25,统一绿茶[茉莉](PET500ml),INTR577011683,饮料,3,3,99969,99969
`FS100062,货道26,焕神[热带水果风味]饮料(PET460ml),INTR583011691,饮料,5,5,99940,99940
`FS100062,货道27,统一轻啵苏打水[柠檬味](PET500ml),INTR773011687,饮料,3.5,3.5,99992,99992
`FS100062,货道28,统一轻啵苏打水[柠檬味](PET500ml),INTR773011687,饮料,3.5,3.5,99992,99992
`FS100062,货道29,小茗同学[青柠红茶](PET480ml),INTR297011693,饮料,5,5,99961,99961
`FS100062,货道30,统一冰红茶[柠檬](PET500ml),INTR894011688,饮料,3,3,99970,99970
`FS100062,货道31,统一冰红茶[柠檬](PET500ml),INTR894011688,饮料,3,3,99970,99970
`FS100062,货道32,怡宝[纯净水](PET555ml),INTR128012109,矿泉水,2,2,99970,99970
`FS100062,货道33,怡宝[纯净水](PET555ml),INTR128012109,矿泉水,2,2,99961,99961
`FS100062,货道34,怡宝[纯净水](PET555ml),INTR128012109,矿泉水,2,2,99982,99982
`FS100895,货道1,统一冰红茶(CAN310ml),INTR115011662,饮料,2.5,3,99992,99992
`FS100895,货道2,统一鲜橙多(CAN310ml),INTR767011663,饮料,3,3,99990,99990
`FS100895,货道3,统一鲜橙多(CAN310ml),INTR767011663,饮料,3,3,99987,99987
`FS100895,货道4,旺旺牛奶(CAN245ml),INTR783012872,饮料,6,6,99975,99975
`FS100895,货道5,统一冰红茶(CAN310ml),INTR115011662,饮料,2.5,3,99990,99990
`FS100895,货道6,统一鲜橙多(CAN310ml),INTR767011663,饮料,3,3,99992,99992
`FS100895,货道7,统一饮养四季[冰糖雪梨](PET500ml),INTR56004726,饮料,3.5,3.5,99980,99980
`FS100895,货道8,统一阿萨姆[奶茶原味](PET500ml),INTR230011689,饮料,4.5,4.5,99916,99916
`FS100895,货道9,统一冰红茶[柠檬](PET500ml),INTR894011688,饮料,3,3,99927,99927
`FS100895,货道10,雅哈[冰咖啡](PET450ml),INTR470011686,饮料,5.5,5.5,99988,99988
`FS100895,货道11,海之言[桃桃百香果](PET500ml),INTR950012403,饮料,4,4.5,99930,99930
`FS100895,货道12,,,,,,0,0
`FS100895,货道13,统一冰绿茶[青梅绿茶](PET500ml),INTR469011681,饮料,3,3,99855,99855
`FS100895,货道14,,,,,,0,0
`FS100895,货道15,百事可乐(PET600ml),INTR065012794,饮料,3.5,3,99458,99458
`FS100895,货道16,,,,,,0,0
`FS100895,货道17,农夫山泉(PET550ml),INTR993012106,矿泉水,2,2,99707,99707
`FS100895,货道18,,,,,,0,0
`FS100895,货道19,ALKAQUA[饮用天然矿泉水](PET570ml),INTR997009154,矿泉水,4,4,99919,99919
`FS100895,货道20,,,,,,0,0
`FS100895,货道21,农夫山泉力量帝维他命水(PET500ml),INTR911012108,饮料,5,5,99836,99836
`FS100895,货道22,,,,,,0,0
`FS100895,货道23,统一冰绿茶[青梅绿茶](PET500ml),INTR469011681,饮料,3,3,99836,99836
`FS100895,货道24,农夫山泉(PET550ml),INTR993012106,矿泉水,2,2,99815,99815
`FS100895,货道25,统一饮养四季[冰糖雪梨](PET500ml),INTR56004726,饮料,3.5,3.5,99962,99962
`FS100895,货道26,统一绿茶[茉莉](PET500ml),INTR577011683,饮料,3,3,99765,99765
`FS100895,货道27,统一冰绿茶[青梅绿茶](PET500ml),INTR469011681,饮料,3,3,99876,99876
`FS100895,货道28,统一茶裏王[无糖日式绿茶](PET420ml),INTR185012092,饮料,5,6,99959,99959
`FS100895,货道29,统一饮养四季[冰糖雪梨](PET500ml),INTR56004726,饮料,3.5,3.5,99961,99961
`FS100895,货道30,雅哈[冰咖啡](PET450ml),INTR470011686,饮料,5.5,5.5,99747,99747
`FS100895,货道31,小茗同学[青柠红茶](PET480ml),INTR297011693,饮料,5,5.5,99967,99967
`FS100895,货道32,统一鲜橙多(PET450ml),INTR910011664,饮料,3.5,3.5,99854,99854
`FS100895,货道33,统一鲜橙多(PET450ml),INTR910011664,饮料,3.5,3.5,99681,99681
`FS100895,货道34,海之言[桃桃百香果](PET500ml),INTR950012403,饮料,4,4.5,99928,99928
`FS100909,货道1,统一冰红茶(CAN310ml),INTR115011662,饮料,2.5,3,99988,99988
`FS100909,货道2,统一鲜橙多(CAN310ml),INTR767011663,饮料,3,3,99986,99986
`FS100909,货道3,统一鲜橙多(CAN310ml),INTR767011663,饮料,3,3,99991,99991
`FS100909,货道4,旺旺牛奶(CAN245ml),INTR783012872,饮料,6,6,99923,99923
`FS100909,货道5,统一冰红茶(CAN310ml),INTR115011662,饮料,2.5,3,99995,99995
`FS100909,货道6,统一鲜橙多(CAN310ml),INTR767011663,饮料,3,3,99985,99985
`FS100909,货道7,统一饮养四季[冰糖雪梨](PET500ml),INTR56004726,饮料,3.5,3.5,99963,99963
`FS100909,货道8,统一阿萨姆[奶茶原味](PET500ml),INTR230011689,饮料,4.5,4.5,99930,99930
`FS100909,货道9,统一冰红茶[柠檬](PET500ml),INTR894011688,饮料,3,3,99902,99902
`FS100909,货道10,统一冰绿茶[青梅绿茶](PET500ml),INTR469011681,饮料,3,3,99995,99995
`FS100909,货道11,海之言[柠檬](PET500ml),INTR039011682,饮料,4,4.5,99956,99956
`FS100909,货道12,,,,,,0,0
`FS100909,货道13,统一冰绿茶[青梅绿茶](PET500ml),INTR469011681,饮料,3,3,99904,99904
`FS100909,货道14,,,,,,0,0
`FS100909,货道15,百事可乐(PET600ml),INTR065012794,饮料,3.5,3,99515,99515
`FS100909,货道16,,,,,,0,0
`FS100909,货道17,统一绿茶[茉莉](PET500ml),INTR577011683,饮料,3,3,99868,99868
`FS100909,货道18,,,,,,0,0
`FS100909,货道19,ALKAQUA[饮用天然矿泉水](PET570ml),INTR997009154,矿泉水,4,4,99889,99889
`FS100909,货道20,,,,,,0,0
`FS100909,货道21,农夫山泉力量帝维他命水(PET500ml),INTR911012108,饮料,5,5,99800,99800
`FS100909,货道22,,,,,,0,0
`FS100909,货道23,统一饮养四季[冰糖雪梨](PET500ml),INTR56004726,饮料,3.5,3.5,99969,99969
`FS100909,货道24,雅哈[冰咖啡](PET450ml),INTR470011686,饮料,5.5,5.5,99888,99888
`FS100909,货道25,统一冰绿茶[青梅绿茶](PET500ml),INTR469011681,饮料,3,3,99891,99891
`FS100909,货道26,统一饮养四季[冰糖雪梨](PET500ml),INTR56004726,饮料,3.5,3.5,99962,99962
`FS100909,货道27,雅哈[冰咖啡](PET450ml),INTR470011686,饮料,5.5,5.5,99919,99919
`FS100909,货道28,统一茶裏王[无糖台式乌龙茶](PET420ml),INTR904011685,饮料,5,6,99940,99940
`FS100909,货道29,农夫山泉(PET550ml),INTR993012106,矿泉水,2,2,99298,99298
`FS100909,货道30,统一冰绿茶[青梅绿茶](PET500ml),INTR469011681,饮料,3,3,99900,99900
`FS100909,货道31,小茗同学[青柠红茶](PET480ml),INTR297011693,饮料,5,5.5,99963,99963
`FS100909,货道32,统一鲜橙多(PET450ml),INTR910011664,饮料,3.5,3.5,99843,99843
`FS100909,货道33,统一鲜橙多(PET450ml),INTR910011664,饮料,3.5,3.5,99765,99765
`FS100909,货道34,海之言[桃桃百香果](PET500ml),INTR950012403,饮料,4,4.5,99952,99952
`FS101428,货道1,统一冰红茶(CAN310ml),INTR115011662,饮料,2.5,3,99994,99994
`FS101428,货道2,统一鲜橙多(CAN310ml),INTR767011663,饮料,3,3,99981,99981
`FS101428,货道3,统一鲜橙多(CAN310ml),INTR767011663,饮料,3,3,99990,99990
`FS101428,货道4,旺旺牛奶(CAN245ml),INTR783012872,饮料,6,6,99968,99968
`FS101428,货道5,统一冰红茶(CAN310ml),INTR115011662,饮料,2.5,3,99997,99997
`FS101428,货道6,统一鲜橙多(CAN310ml),INTR767011663,饮料,3,3,99994,99994
`FS101428,货道7,统一冰绿茶[青梅绿茶](PET500ml),INTR469011681,饮料,3,3,99908,99908
`FS101428,货道8,统一阿萨姆[奶茶原味](PET500ml),INTR230011689,饮料,4.5,4.5,99917,99917
`FS101428,货道9,雅哈[冰咖啡](PET450ml),INTR470011686,饮料,5.5,5.5,99796,99796
`FS101428,货道10,统一冰绿茶[青梅绿茶](PET500ml),INTR469011681,饮料,3,3,99993,99993
`FS101428,货道11,海之言[桃桃百香果](PET500ml),INTR950012403,饮料,4,4.5,99959,99959
`FS101428,货道12,,,,,,0,0
`FS101428,货道13,统一饮养四季[冰糖雪梨](PET500ml),INTR56004726,饮料,3.5,3.5,99962,99962
`FS101428,货道14,,,,,,0,0
`FS101428,货道15,百事可乐(PET600ml),INTR065012794,饮料,3.5,3,99698,99698
`FS101428,货道16,,,,,,0,0
`FS101428,货道17,ALKAQUA[饮用天然矿泉水](PET570ml),INTR495012438,矿泉水,4,4,99991,99991
`FS101428,货道18,,,,,,0,0
`FS101428,货道19,统一冰红茶[柠檬](PET500ml),INTR894011688,饮料,3,3,99936,99936
`FS101428,货道20,,,,,,0,0
`FS101428,货道21,农夫山泉力量帝维他命水(PET500ml),INTR911012108,饮料,5,5,99918,99918
`FS101428,货道22,,,,,,0,0
`FS101428,货道23,统一冰绿茶[青梅绿茶](PET500ml),INTR469011681,饮料,3,3,99898,99898
`FS101428,货道24,雅哈[冰咖啡](PET450ml),INTR470011686,饮料,5.5,5.5,99942,99942
`FS101428,货道25,统一鲜橙多(PET450ml),INTR910011664,饮料,3.5,3.5,99939,99939
`FS101428,货道26,农夫山泉(PET550ml),INTR993012106,矿泉水,2,2,99785,99785
`FS101428,货道27,统一鲜橙多(PET450ml),INTR910011664,饮料,3.5,3.5,99751,99751
`FS101428,货道28,统一茶裏王[无糖日式绿茶](PET420ml),INTR185012092,饮料,5,6,99970,99970
`FS101428,货道29,统一冰绿茶[青梅绿茶](PET500ml),INTR469011681,饮料,3,3,99942,99942
`FS101428,货道30,统一绿茶[茉莉](PET500ml),INTR577011683,饮料,3,3,99881,99881
`FS101428,货道31,小茗同学[青柠红茶](PET480ml),INTR297011693,饮料,5,5.5,99981,99981
`FS101428,货道32,统一鲜橙多(PET450ml),INTR910011664,饮料,3.5,3.5,99903,99903
`FS101428,货道33,统一饮养四季[冰糖雪梨](PET500ml),INTR56004726,饮料,3.5,3.5,99964,99964
`FS101428,货道34,海之言[桃桃百香果](PET500ml),INTR950012403,饮料,4,4.5,99936,99936
`FS101425,货道1,统一冰红茶(CAN310ml),INTR115011662,饮料,2.5,3,99983,99983
`FS101425,货道2,统一鲜橙多(CAN310ml),INTR767011663,饮料,3,3,99966,99966
`FS101425,货道3,统一鲜橙多(CAN310ml),INTR767011663,饮料,3,3,99976,99976
`FS101425,货道4,旺旺牛奶(CAN245ml),INTR783012872,饮料,6,6,99875,99875
`FS101425,货道5,统一冰红茶(CAN310ml),INTR115011662,饮料,2.5,3,99982,99982
`FS101425,货道6,统一鲜橙多(CAN310ml),INTR767011663,饮料,3,3,99974,99974
`FS101425,货道7,统一冰绿茶[青梅绿茶](PET500ml),INTR469011681,饮料,3,3,99857,99857
`FS101425,货道8,统一阿萨姆[奶茶原味](PET500ml),INTR230011689,饮料,4.5,4.5,99786,99786
`FS101425,货道9,统一饮养四季[冰糖雪梨](PET500ml),INTR56004726,饮料,3.5,3.5,99967,99967
`FS101425,货道10,统一轻啵苏打水[柠檬味](PET500ml),INTR773011687,饮料,3.5,4,99979,99979
`FS101425,货道11,统一冰绿茶[青梅绿茶](PET500ml),INTR469011681,饮料,3,3,99970,99970
`FS101425,货道12,,,,,,0,0
`FS101425,货道13,百事可乐(PET600ml),INTR065012794,饮料,3.5,3,99242,99242
`FS101425,货道14,,,,,,0,0
`FS101425,货道15,百事可乐(PET600ml),INTR065012794,饮料,3.5,3,99926,99926
`FS101425,货道16,,,,,,0,0
`FS101425,货道17,ALKAQUA[饮用天然矿泉水](PET570ml),INTR997009154,矿泉水,4,4,99862,99862
`FS101425,货道18,,,,,,0,0
`FS101425,货道19,ALKAQUA[饮用天然矿泉水](PET570ml),INTR997009154,矿泉水,4,4,99745,99745
`FS101425,货道20,,,,,,0,0
`FS101425,货道21,娃哈哈AD钙(PET450ml),INTR263012498,饮料,4.5,5,99773,99773
`FS101425,货道22,,,,,,0,0
`FS101425,货道23,统一绿茶[茉莉](PET500ml),INTR577011683,饮料,3,3,99698,99698
`FS101425,货道24,统一冰红茶[柠檬](PET500ml),INTR894011688,饮料,3,3,99839,99839
`FS101425,货道25,统一鲜橙多(PET450ml),INTR910011664,饮料,3.5,3.5,99895,99895
`FS101425,货道26,统一冰绿茶[青梅绿茶](PET500ml),INTR469011681,饮料,3,3,99868,99868
`FS101425,货道27,统一鲜橙多(PET450ml),INTR910011664,饮料,3.5,3.5,99674,99674
`FS101425,货道28,农夫山泉力量帝维他命水(PET500ml),INTR911012108,饮料,5,5,99942,99942
`FS101425,货道29,农夫山泉(PET550ml),INTR993012106,矿泉水,2,2,98976,98976
`FS101425,货道30,雅哈[冰咖啡](PET450ml),INTR470011686,饮料,5.5,5.5,99824,99824
`FS101425,货道31,小茗同学[青柠红茶](PET480ml),INTR297011693,饮料,5,5.5,99862,99862
`FS101425,货道32,统一饮养四季[冰糖雪梨](PET500ml),INTR56004726,饮料,3.5,3.5,99966,99966
`FS101425,货道33,海之言[柠檬](PET500ml),INTR039011682,饮料,4,4.5,99940,99940
`FS101425,货道34,海之言[柠檬](PET500ml),INTR039011682,饮料,4,4.5,99950,99950
`FS101433,货道1,统一冰红茶(CAN310ml),INTR115011662,饮料,2.5,3,99938,99938
`FS101433,货道2,统一鲜橙多(CAN310ml),INTR767011663,饮料,3,3,99953,99953
`FS101433,货道3,统一鲜橙多(CAN310ml),INTR767011663,饮料,3,3,99980,99980
`FS101433,货道4,旺旺牛奶(CAN245ml),INTR783012872,饮料,6,6,99867,99867
`FS101433,货道5,统一冰红茶(CAN310ml),INTR115011662,饮料,2.5,3,99981,99981
`FS101433,货道6,统一鲜橙多(CAN310ml),INTR767011663,饮料,3,3,99968,99968
`FS101433,货道7,统一绿茶[茉莉](PET500ml),INTR577011683,饮料,3,3,99707,99707
`FS101433,货道8,统一冰绿茶[青梅绿茶](PET500ml),INTR469011681,饮料,3,3,99816,99816
`FS101433,货道9,统一冰绿茶[青梅绿茶](PET500ml),INTR469011681,饮料,3,3,99778,99778
`FS101433,货道10,小茗同学[青柠红茶](PET480ml),INTR297011693,饮料,5,5.5,99971,99971
`FS101433,货道11,统一鲜橙多(PET450ml),INTR910011664,饮料,3.5,3.5,99765,99765
`FS101433,货道12,,,,,,0,0
`FS101433,货道13,百事可乐(PET600ml),INTR065012794,饮料,3.5,3,99288,99288
`FS101433,货道14,,,,,,0,0
`FS101433,货道15,百事可乐(PET600ml),INTR065012794,饮料,3.5,3,99088,99088
`FS101433,货道16,,,,,,0,0
`FS101433,货道17,ALKAQUA[饮用天然矿泉水](PET570ml),INTR997009154,矿泉水,4,4,99880,99880
`FS101433,货道18,,,,,,0,0
`FS101433,货道19,统一饮养四季[冰糖雪梨](PET500ml),INTR56004726,饮料,3.5,3.5,99881,99881
`FS101433,货道20,,,,,,0,0
`FS101433,货道21,统一冰绿茶[青梅绿茶](PET500ml),INTR469011681,饮料,3,3,99857,99857
`FS101433,货道22,,,,,,0,0
`FS101433,货道23,农夫山泉(PET550ml),INTR993012106,矿泉水,2,2,99375,99375
`FS101433,货道24,统一绿茶[茉莉](PET500ml),INTR577011683,饮料,3,3,99524,99524
`FS101433,货道25,农夫山泉力量帝维他命水(PET500ml),INTR911012108,饮料,5,5,99580,99580
`FS101433,货道26,统一鲜橙多(PET450ml),INTR910011664,饮料,3.5,3.5,99403,99403
`FS101433,货道27,统一茶裏王[无糖日式绿茶](PET420ml),INTR185012092,饮料,5,6,99945,99945
`FS101433,货道28,统一冰红茶[柠檬](PET500ml),INTR894011688,饮料,3,3,99619,99619
`FS101433,货道29,农夫山泉(PET550ml),INTR993012106,矿泉水,2,2,98887,98887
`FS101433,货道30,统一冰红茶[柠檬](PET500ml),INTR894011688,饮料,3,3,99803,99803
`FS101433,货道31,统一阿萨姆[奶茶原味](PET500ml),INTR230011689,饮料,4.5,4.5,99853,99853
`FS101433,货道32,雅哈[冰咖啡](PET450ml),INTR470011686,饮料,5.5,5.5,99565,99565
`FS101433,货道33,海之言[桃桃百香果](PET500ml),INTR950012403,饮料,4,4.5,9872,9872
`FS101433,货道34,海之言[柠檬](PET500ml),INTR039011682,饮料,4,4.5,99568,99568
`FS100061,货道1,统一冰红茶(CAN310ml),INTR115011662,饮料,2.5,2.5,99992,99992
`FS100061,货道2,统一冰红茶(CAN310ml),INTR115011662,饮料,2.5,2.5,99991,99991
`FS100061,货道3,雪碧[自购版](CAN330ml),INTR685011636,饮料,3,3,99997,99997
`FS100061,货道4,雪碧[自购版](CAN330ml),INTR685011636,饮料,3,3,99988,99988
`FS100061,货道5,统一鲜橙多(CAN310ml),INTR767011663,饮料,3,3,99981,99981
`FS100061,货道6,统一鲜橙多(CAN310ml),INTR767011663,饮料,3,3,99977,99977
`FS100061,货道7,娃哈哈葡萄汁(PET500ml),INTR106013579,饮料,3,3.5,99977,99977
`FS100061,货道8,娃哈哈葡萄汁(PET500ml),INTR106013579,饮料,3,3.5,99977,99977
`FS100061,货道9,娃哈哈葡萄汁(PET500ml),INTR106013579,饮料,3,3.5,99960,99960
`FS100061,货道10,海之言[柠檬](PET500ml),INTR039011682,饮料,4,4,99971,99971
`FS100061,货道11,海之言[柠檬](PET500ml),INTR039011682,饮料,4,4,99958,99958
`FS100061,货道13,可口可乐[自购版](PET500ml),INTR724012203,饮料,3.5,3.5,99858,99858
`FS100061,货道14,,,,,,0,0
`FS100061,货道15,可口可乐[自购版](PET500ml),INTR724012203,饮料,3.5,3.5,99836,99836
`FS100061,货道16,,,,,,0,0
`FS100061,货道17,可口可乐[自购版](PET500ml),INTR724012203,饮料,3.5,3.5,99913,99913
`FS100061,货道19,统一鲜橙多(PET450ml),INTR910011664,饮料,3.5,3.5,99932,99932
`FS100061,货道21,统一鲜橙多(PET450ml),INTR910011664,饮料,3.5,3.5,99894,99894
`FS100061,货道23,统一绿茶[茉莉](PET500ml),INTR577011683,饮料,3,3,99989,99989
`FS100061,货道24,统一绿茶[茉莉](PET500ml),INTR577011683,饮料,3,3,99979,99979
`FS100061,货道25,统一绿茶[茉莉](PET500ml),INTR577011683,饮料,3,3,99983,99983
`FS100061,货道26,焕神[热带水果风味]饮料(PET460ml),INTR583011691,饮料,5,5,99974,99974
`FS100061,货道27,统一轻啵苏打水[柠檬味](PET500ml),INTR773011687,饮料,3.5,3.5,99987,99987
`FS100061,货道28,统一轻啵苏打水[柠檬味](PET500ml),INTR773011687,饮料,3.5,3.5,99988,99988
`FS100061,货道29,小茗同学[青柠红茶](PET480ml),INTR297011693,饮料,5,5,99977,99977
`FS100061,货道30,统一冰红茶[柠檬](PET500ml),INTR894011688,饮料,3,3,99971,99971
`FS100061,货道31,统一冰红茶[柠檬](PET500ml),INTR894011688,饮料,3,3,99982,99982
`FS100061,货道32,怡宝[纯净水](PET555ml),INTR128012109,矿泉水,2,2,99978,99978
`FS100061,货道33,怡宝[纯净水](PET555ml),INTR128012109,矿泉水,2,2,99973,99973
`FS100061,货道34,怡宝[纯净水](PET555ml),INTR128012109,矿泉水,2,2,99984,99984
`FS101372,货道1,统一冰红茶(CAN310ml),INTR115011662,饮料,2.5,2.5,99946,99946
`FS101372,货道2,统一冰红茶(CAN310ml),INTR115011662,饮料,2.5,2.5,99869,99869
`FS101372,货道3,雪碧[自购版](CAN330ml),INTR685011636,饮料,3,3,99928,99928
`FS101372,货道4,雪碧[自购版](CAN330ml),INTR685011636,饮料,3,3,99927,99927
`FS101372,货道5,统一鲜橙多(CAN310ml),INTR767011663,饮料,3,3,99958,99958
`FS101372,货道6,统一鲜橙多(CAN310ml),INTR767011663,饮料,3,3,99935,99935
`FS101372,货道7,娃哈哈葡萄汁(PET500ml),INTR106013579,饮料,3,3.5,99852,99852
`FS101372,货道8,娃哈哈葡萄汁(PET500ml),INTR106013579,饮料,3,3.5,99879,99879
`FS101372,货道9,娃哈哈葡萄汁(PET500ml),INTR106013579,饮料,3,3.5,99806,99806
`FS101372,货道10,海之言[柠檬](PET500ml),INTR039011682,饮料,4,4,99910,99910
`FS101372,货道11,海之言[柠檬](PET500ml),INTR039011682,饮料,4,4,99867,99867
`FS101372,货道13,可口可乐[自购版](PET500ml),INTR724012203,饮料,3.5,3.5,99756,99756
`FS101372,货道14,,,,,,0,0
`FS101372,货道15,可口可乐[自购版](PET500ml),INTR724012203,饮料,3.5,3.5,99751,99751
`FS101372,货道16,,,,,,0,0
`FS101372,货道17,可口可乐[自购版](PET500ml),INTR724012203,饮料,3.5,3.5,99745,99745
`FS101372,货道19,农夫山泉力量帝维他命水(PET500ml),INTR911012108,饮料,5,5,99941,99941
`FS101372,货道21,农夫山泉力量帝维他命水(PET500ml),INTR911012108,饮料,5,5,99932,99932
`FS101372,货道23,统一冰红茶[柠檬](PET500ml),INTR894011688,饮料,3,3,99914,99914
`FS101372,货道24,统一冰红茶[柠檬](PET500ml),INTR894011688,饮料,3,3,99656,99656
`FS101372,货道25,统一鲜橙多(PET450ml),INTR910011664,饮料,3.5,3.5,99836,99836
`FS101372,货道26,统一鲜橙多(PET450ml),INTR910011664,饮料,3.5,3.5,99707,99707
`FS101372,货道27,焕神[热带水果风味]饮料(PET460ml),INTR583011691,饮料,5,5,99955,99955
`FS101372,货道28,焕神[热带水果风味]饮料(PET460ml),INTR583011691,饮料,5,5,99938,99938
`FS101372,货道29,小茗同学[青柠红茶](PET480ml),INTR297011693,饮料,5,5,99953,99953
`FS101372,货道30,统一冰绿茶[青梅绿茶](PET500ml),INTR469011681,饮料,3,3,99984,99984
`FS101372,货道31,统一轻啵苏打水[柠檬味](PET500ml),INTR773011687,饮料,3.5,3.5,99921,99921
`FS101372,货道32,ALKAQUA[饮用天然矿泉水](PET570ml),INTR997009154,矿泉水,4,4,99858,99858
`FS101372,货道33,统一冰绿茶[青梅绿茶](PET500ml),INTR469011681,饮料,3,3,99981,99981
`FS101372,货道34,统一冰绿茶[青梅绿茶](PET500ml),INTR469011681,饮料,3,3,99987,99987
`FS100476,货道1,统一冰红茶(CAN310ml),INTR115011662,饮料,2.5,2.5,99993,99993
`FS100476,货道2,统一冰红茶(CAN310ml),INTR115011662,饮料,2.5,2.5,99985,99985
`FS100476,货道3,雪碧[自购版](CAN330ml),INTR685011636,饮料,3,3,99984,99984
`FS100476,货道4,雪碧[自购版](CAN330ml),INTR685011636,饮料,3,3,99984,99984
`FS100476,货道5,统一鲜橙多(CAN310ml),INTR767011663,饮料,3,3,99968,99968
`FS100476,货道6,统一鲜橙多(CAN310ml),INTR767011663,饮料,3,3,99966,99966
`FS100476,货道7,娃哈哈葡萄汁(PET500ml),INTR106013579,饮料,3,3.5,99922,99922
`FS100476,货道8,娃哈哈葡萄汁(PET500ml),INTR106013579,饮料,3,3.5,99923,99923
`FS100476,货道9,娃哈哈葡萄汁(PET500ml),INTR106013579,饮料,3,3.5,99890,99890
`FS100476,货道10,海之言[柠檬](PET500ml),INTR039011682,饮料,4,4,99985,99985
`FS100476,货道11,海之言[柠檬](PET500ml),INTR039011682,饮料,4,4,99947,99947
`FS100476,货道13,可口可乐[自购版](PET500ml),INTR724012203,饮料,3.5,3.5,99897,99897
`FS100476,货道14,,,,,,0,0
`FS100476,货道15,可口可乐[自购版](PET500ml),INTR724012203,饮料,3.5,3.5,99842,99842
`FS100476,货道16,,,,,,0,0
`FS100476,货道17,可口可乐[自购版](PET500ml),INTR724012203,饮料,3.5,3.5,99866,99866
`FS100476,货道19,统一鲜橙多(PET450ml),INTR910011664,饮料,3.5,3.5,99876,99876
`FS100476,货道21,统一鲜橙多(PET450ml),INTR910011664,饮料,3.5,3.5,99838,99838
`FS100476,货道23,统一绿茶[茉莉](PET500ml),INTR577011683,饮料,3,3,99974,99974
`FS100476,货道24,统一绿茶[茉莉](PET500ml),INTR577011683,饮料,3,3,99958,99958
`FS100476,货道25,统一绿茶[茉莉](PET500ml),INTR577011683,饮料,3,3,99962,99962
`FS100476,货道26,焕神[热带水果风味]饮料(PET460ml),INTR583011691,饮料,5,5,99918,99918
`FS100476,货道27,统一轻啵苏打水[柠檬味](PET500ml),INTR773011687,饮料,3.5,3.5,99985,99985
`FS100476,货道28,统一轻啵苏打水[柠檬味](PET500ml),INTR773011687,饮料,3.5,3.5,99976,99976
`FS100476,货道29,小茗同学[青柠红茶](PET480ml),INTR297011693,饮料,5,5,99944,99944
`FS100476,货道30,统一冰红茶[柠檬](PET500ml),INTR894011688,饮料,3,3,99941,99941
`FS100476,货道31,统一冰红茶[柠檬](PET500ml),INTR894011688,饮料,3,3,99971,99971
`FS100476,货道32,怡宝[纯净水](PET555ml),INTR128012109,矿泉水,2,2,99952,99952
`FS100476,货道33,怡宝[纯净水](PET555ml),INTR128012109,矿泉水,2,2,99959,99959
`FS100476,货道34,怡宝[纯净水](PET555ml),INTR128012109,矿泉水,2,2,99944,99944
`FS100469,货道1,统一冰红茶(CAN310ml),INTR115011662,饮料,2.5,2.5,99980,99980
`FS100469,货道2,统一冰红茶(CAN310ml),INTR115011662,饮料,2.5,2.5,99973,99973
`FS100469,货道3,雪碧[自购版](CAN330ml),INTR685011636,饮料,3,3,99968,99968
`FS100469,货道4,雪碧[自购版](CAN330ml),INTR685011636,饮料,3,3,99988,99988
`FS100469,货道5,统一鲜橙多(CAN310ml),INTR767011663,饮料,3,3,99979,99979
`FS100469,货道6,统一鲜橙多(CAN310ml),INTR767011663,饮料,3,3,99967,99967
`FS100469,货道7,娃哈哈葡萄汁(PET500ml),INTR106013579,饮料,3,3.5,99872,99872
`FS100469,货道8,娃哈哈葡萄汁(PET500ml),INTR106013579,饮料,3,3.5,99880,99880
`FS100469,货道9,娃哈哈葡萄汁(PET500ml),INTR106013579,饮料,3,3.5,99873,99873
`FS100469,货道10,海之言[柠檬](PET500ml),INTR039011682,饮料,4,4,99941,99941
`FS100469,货道11,海之言[柠檬](PET500ml),INTR039011682,饮料,4,4,99898,99898
`FS100469,货道13,可口可乐[自购版](PET500ml),INTR724012203,饮料,3.5,3.5,99839,99839
`FS100469,货道14,,,,,,0,0
`FS100469,货道15,可口可乐[自购版](PET500ml),INTR724012203,饮料,3.5,3.5,99821,99821
`FS100469,货道16,,,,,,0,0
`FS100469,货道17,可口可乐[自购版](PET500ml),INTR724012203,饮料,3.5,3.5,99818,99818
`FS100469,货道19,统一鲜橙多(PET450ml),INTR910011664,饮料,3.5,3.5,99832,99832
`FS100469,货道21,统一鲜橙多(PET450ml),INTR910011664,饮料,3.5,3.5,99820,99820
`FS100469,货道23,统一绿茶[茉莉](PET500ml),INTR577011683,饮料,3,3,99945,99945
`FS100469,货道24,统一绿茶[茉莉](PET500ml),INTR577011683,饮料,3,3,99918,99918
`FS100469,货道25,统一绿茶[茉莉](PET500ml),INTR577011683,饮料,3,3,99909,99909
`FS100469,货道26,焕神[热带水果风味]饮料(PET460ml),INTR583011691,饮料,5,5,99920,99920
`FS100469,货道27,统一轻啵苏打水[柠檬味](PET500ml),INTR773011687,饮料,3.5,3.5,99940,99940
`FS100469,货道28,统一轻啵苏打水[柠檬味](PET500ml),INTR773011687,饮料,3.5,3.5,99936,99936
`FS100469,货道29,小茗同学[青柠红茶](PET480ml),INTR297011693,饮料,5,5,99952,99952
`FS100469,货道30,统一冰红茶[柠檬](PET500ml),INTR894011688,饮料,3,3,99893,99893
`FS100469,货道31,统一冰红茶[柠檬](PET500ml),INTR894011688,饮料,3,3,99902,99902
`FS100469,货道32,怡宝[纯净水](PET555ml),INTR128012109,矿泉水,2,2,99900,99900
`FS100469,货道33,怡宝[纯净水](PET555ml),INTR128012109,矿泉水,2,2,99887,99887
`FS100469,货道34,怡宝[纯净水](PET555ml),INTR128012109,矿泉水,2,2,99906,99906
`FS100437,货道1,统一冰红茶(CAN310ml),INTR115011662,饮料,2.5,2.5,99989,99989
`FS100437,货道2,统一冰红茶(CAN310ml),INTR115011662,饮料,2.5,2.5,99978,99978
`FS100437,货道3,雪碧[自购版](CAN330ml),INTR685011636,饮料,3,3,99976,99976
`FS100437,货道4,雪碧[自购版](CAN330ml),INTR685011636,饮料,3,3,99981,99981
`FS100437,货道5,统一鲜橙多(CAN310ml),INTR767011663,饮料,3,3,99959,99959
`FS100437,货道6,统一鲜橙多(CAN310ml),INTR767011663,饮料,3,3,99943,99943
`FS100437,货道7,娃哈哈葡萄汁(PET500ml),INTR106013579,饮料,3,3.5,99817,99817
`FS100437,货道8,娃哈哈葡萄汁(PET500ml),INTR106013579,饮料,3,3.5,99838,99838
`FS100437,货道9,娃哈哈葡萄汁(PET500ml),INTR106013579,饮料,3,3.5,99826,99826
`FS100437,货道10,海之言[柠檬](PET500ml),INTR039011682,饮料,4,4,99947,99947
`FS100437,货道11,海之言[柠檬](PET500ml),INTR039011682,饮料,4,4,99928,99928
`FS100437,货道13,可口可乐[自购版](PET500ml),INTR724012203,饮料,3.5,3.5,99770,99770
`FS100437,货道14,,,,,,0,0
`FS100437,货道15,可口可乐[自购版](PET500ml),INTR724012203,饮料,3.5,3.5,99723,99723
`FS100437,货道16,,,,,,0,0
`FS100437,货道17,可口可乐[自购版](PET500ml),INTR724012203,饮料,3.5,3.5,99771,99771
`FS100437,货道19,统一鲜橙多(PET450ml),INTR910011664,饮料,3.5,3.5,99814,99814
`FS100437,货道21,统一鲜橙多(PET450ml),INTR910011664,饮料,3.5,3.5,99801,99801
`FS100437,货道23,统一绿茶[茉莉](PET500ml),INTR577011683,饮料,3,3,99906,99906
`FS100437,货道24,统一绿茶[茉莉](PET500ml),INTR577011683,饮料,3,3,99889,99889
`FS100437,货道25,统一绿茶[茉莉](PET500ml),INTR577011683,饮料,3,3,99864,99864
`FS100437,货道26,焕神[热带水果风味]饮料(PET460ml),INTR583011691,饮料,5,5,99861,99861
`FS100437,货道27,统一轻啵苏打水[柠檬味](PET500ml),INTR773011687,饮料,3.5,3.5,99976,99976
`FS100437,货道28,统一轻啵苏打水[柠檬味](PET500ml),INTR773011687,饮料,3.5,3.5,99968,99968
`FS100437,货道29,小茗同学[青柠红茶](PET480ml),INTR297011693,饮料,5,5,99938,99938
`FS100437,货道30,统一冰红茶[柠檬](PET500ml),INTR894011688,饮料,3,3,99856,99856
`FS100437,货道31,统一冰红茶[柠檬](PET500ml),INTR894011688,饮料,3,3,99880,99880
`FS100437,货道32,怡宝[纯净水](PET555ml),INTR128012109,矿泉水,2,2,99867,99867
`FS100437,货道33,怡宝[纯净水](PET555ml),INTR128012109,矿泉水,2,2,99832,99832
`FS100437,货道34,怡宝[纯净水](PET555ml),INTR128012109,矿泉水,2,2,99859,99859
`FS100730,货道1,统一冰红茶(CAN310ml),INTR115011662,饮料,2.5,2.5,99975,99975
`FS100730,货道2,统一冰红茶(CAN310ml),INTR115011662,饮料,2.5,2.5,99981,99981
`FS100730,货道3,雪碧[自购版](CAN330ml),INTR685011636,饮料,3,3,99986,99986
`FS100730,货道4,雪碧[自购版](CAN330ml),INTR685011636,饮料,3,3,99985,99985
`FS100730,货道5,统一鲜橙多(CAN310ml),INTR767011663,饮料,3,3,99979,99979
`FS100730,货道6,统一鲜橙多(CAN310ml),INTR767011663,饮料,3,3,99958,99958
`FS100730,货道7,娃哈哈葡萄汁(PET500ml),INTR106013579,饮料,3,3.5,99885,99885
`FS100730,货道8,娃哈哈葡萄汁(PET500ml),INTR106013579,饮料,3,3.5,99897,99897
`FS100730,货道9,娃哈哈葡萄汁(PET500ml),INTR106013579,饮料,3,3.5,99903,99903
`FS100730,货道10,海之言[柠檬](PET500ml),INTR039011682,饮料,4,4,99964,99964
`FS100730,货道11,海之言[柠檬](PET500ml),INTR039011682,饮料,4,4,99941,99941
`FS100730,货道13,统一冰红茶(CAN310ml),INTR115011662,饮料,2.5,2.5,99994,99994
`FS100730,货道14,,,,,,0,0
`FS100730,货道15,统一冰红茶(CAN310ml),INTR115011662,饮料,2.5,2.5,99988,99988
`FS100730,货道16,,,,,,0,0
`FS100730,货道17,统一冰红茶(CAN310ml),INTR115011662,饮料,2.5,2.5,99991,99991
`FS100730,货道19,可口可乐[自购版](PET500ml),INTR724012203,饮料,3.5,3.5,99802,99802
`FS100730,货道21,可口可乐[自购版](PET500ml),INTR724012203,饮料,3.5,3.5,99826,99826
`FS100730,货道23,统一鲜橙多(PET450ml),INTR910011664,饮料,3.5,3.5,99811,99811
`FS100730,货道24,统一绿茶[茉莉](PET500ml),INTR577011683,饮料,3,3,99921,99921
`FS100730,货道25,统一绿茶[茉莉](PET500ml),INTR577011683,饮料,3,3,99868,99868
`FS100730,货道26,焕神[热带水果风味]饮料(PET460ml),INTR583011691,饮料,5,5,99890,99890
`FS100730,货道27,统一轻啵苏打水[柠檬味](PET500ml),INTR773011687,饮料,3.5,3.5,99985,99985
`FS100730,货道28,统一轻啵苏打水[柠檬味](PET500ml),INTR773011687,饮料,3.5,3.5,99979,99979
`FS100730,货道29,小茗同学[青柠红茶](PET480ml),INTR297011693,饮料,5,5,99937,99937
`FS100730,货道30,统一冰红茶[柠檬](PET500ml),INTR894011688,饮料,3,3,99902,99902
`FS100730,货道31,统一冰红茶[柠檬](PET500ml),INTR894011688,饮料,3,3,99910,99910
`FS100730,货道32,怡宝[纯净水](PET555ml),INTR128012109,矿泉水,2,2,99891,99891
`FS100730,货道33,怡宝[纯净水](PET555ml),INTR128012109,矿泉水,2,2,99866,99866
`FS100730,货道34,怡宝[纯净水](PET555ml),INTR128012109,矿泉水,2,2,99881,99881
`FS100784,货道1,统一冰红茶(CAN310ml),INTR115011662,饮料,2.5,2.5,99976,99976
`FS100784,货道2,统一冰红茶(CAN310ml),INTR115011662,饮料,2.5,2.5,99952,99952
`FS100784,货道3,雪碧[自购版](CAN330ml),INTR685011636,饮料,3,3,99973,99973
`FS100784,货道4,雪碧[自购版](CAN330ml),INTR685011636,饮料,3,3,99970,99970
`FS100784,货道5,统一鲜橙多(CAN310ml),INTR767011663,饮料,3,3,99946,99946
`FS100784,货道6,统一鲜橙多(CAN310ml),INTR767011663,饮料,3,3,99952,99952
`FS100784,货道7,娃哈哈葡萄汁(PET500ml),INTR106013579,饮料,3,3.5,99803,99803
`FS100784,货道8,娃哈哈葡萄汁(PET500ml),INTR106013579,饮料,3,3.5,99812,99812
`FS100784,货道9,娃哈哈葡萄汁(PET500ml),INTR106013579,饮料,3,3.5,99836,99836
`FS100784,货道10,海之言[柠檬](PET500ml),INTR039011682,饮料,4,4,99921,99921
`FS100784,货道11,海之言[柠檬](PET500ml),INTR039011682,饮料,4,4,99915,99915
`FS100784,货道13,统一冰红茶(CAN310ml),INTR115011662,饮料,2.5,2.5,99984,99984
`FS100784,货道14,统一冰红茶(CAN310ml),INTR115011662,饮料,2.5,2.5,99980,99980
`FS100784,货道15,统一冰红茶(CAN310ml),INTR115011662,饮料,2.5,2.5,99976,99976
`FS100784,货道16,统一冰红茶(CAN310ml),INTR115011662,饮料,2.5,2.5,99983,99983
`FS100784,货道17,可口可乐[自购版](PET500ml),INTR724012203,饮料,3.5,3.5,99749,99749
`FS100784,货道19,可口可乐[自购版](PET500ml),INTR724012203,饮料,3.5,3.5,99726,99726
`FS100784,货道21,可口可乐[自购版](PET500ml),INTR724012203,饮料,3.5,3.5,99806,99806
`FS100784,货道23,统一鲜橙多(PET450ml),INTR910011664,饮料,3.5,3.5,99704,99704
`FS100784,货道24,统一绿茶[茉莉](PET500ml),INTR577011683,饮料,3,3,99819,99819
`FS100784,货道25,统一绿茶[茉莉](PET500ml),INTR577011683,饮料,3,3,99785,99785
`FS100784,货道26,焕神[热带水果风味]饮料(PET460ml),INTR583011691,饮料,5,5,99814,99814
`FS100784,货道27,统一轻啵苏打水[柠檬味](PET500ml),INTR773011687,饮料,3.5,3.5,99953,99953
`FS100784,货道28,统一轻啵苏打水[柠檬味](PET500ml),INTR773011687,饮料,3.5,3.5,99933,99933
`FS100784,货道29,小茗同学[青柠红茶](PET480ml),INTR297011693,饮料,5,5,99904,99904
`FS100784,货道30,统一冰红茶[柠檬](PET500ml),INTR894011688,饮料,3,3,99844,99844
`FS100784,货道31,统一冰红茶[柠檬](PET500ml),INTR894011688,饮料,3,3,99823,99823
`FS100784,货道32,怡宝[纯净水](PET555ml),INTR128012109,矿泉水,2,2,99829,99829
`FS100784,货道33,怡宝[纯净水](PET555ml),INTR128012109,矿泉水,2,2,99804,99804
`FS100784,货道34,怡宝[纯净水](PET555ml),INTR128012109,矿泉水,2,2,99841,99841
`FS101033,货道1,王老吉凉茶(CAN310ml),INTR472012173,饮料,3.5,3.5,99949,99949
`FS101033,货道2,王老吉凉茶(CAN310ml),INTR472012173,饮料,3.5,3.5,99963,99963
`FS101033,货道3,可口可乐[自购版](CAN330ml),INTR121011635,饮料,3,2,99897,99897
`FS101033,货道4,可口可乐[自购版](CAN330ml),INTR121011635,饮料,3,2,99962,99962
`FS101033,货道5,统一鲜橙多(CAN310ml),INTR767011663,饮料,3,2.5,99990,99990
`FS101033,货道6,统一冰红茶(CAN310ml),INTR115011662,饮料,2.5,2,99988,99988
`FS101033,货道7,统一阿萨姆[奶茶原味](PET500ml),INTR230011689,饮料,4.5,4,99936,99936
`FS101033,货道8,统一阿萨姆[奶茶原味](PET500ml),INTR230011689,饮料,4.5,4,99965,99965
`FS101033,货道9,雅哈[冰咖啡](PET450ml),INTR470011686,饮料,5.5,5,99981,99981
`FS101033,货道10,海之言[柠檬](PET500ml),INTR039011682,饮料,4,4,99958,99958
`FS101033,货道11,海之言[柠檬](PET500ml),INTR039011682,饮料,4,4,99959,99959
`FS101033,货道13,统一冰红茶[柠檬](PET500ml),INTR894011688,饮料,3,2.5,99951,99951
`FS101033,货道14,,,,,,0,0
`FS101033,货道15,可口可乐(PET500ml),INTR310011684,饮料,3.5,3,99935,99935
`FS101033,货道16,,,,,,0,0
`FS101033,货道17,可口可乐(PET500ml),INTR310011684,饮料,3.5,3,99912,99912
`FS101033,货道19,可口可乐(PET500ml),INTR310011684,饮料,3.5,3,99926,99926
`FS101033,货道21,百岁山矿泉水(PET570ml),INTR168013121,矿泉水,3,2.5,99955,99955
`FS101033,货道23,统一冰红茶[柠檬](PET500ml),INTR894011688,饮料,3,2.5,99931,99931
`FS101033,货道24,统一绿茶[茉莉](PET500ml),INTR577011683,饮料,3,2.5,99890,99890
`FS101033,货道25,统一绿茶[茉莉](PET500ml),INTR577011683,饮料,3,2.5,99885,99885
`FS101033,货道26,统一鲜橙多(PET450ml),INTR910011664,饮料,3.5,3,99899,99899
`FS101033,货道27,统一鲜橙多(PET450ml),INTR910011664,饮料,3.5,3,99949,99949
`FS101033,货道28,饮养四季[金桔柠檬](PET500ml),INTR372011680,饮料,3.5,3,99915,99915
`FS101033,货道29,焕神[热带水果风味]饮料(PET460ml),INTR583011691,饮料,5,4.5,99899,99899
`FS101033,货道30,焕神[热带水果风味]饮料(PET460ml),INTR583011691,饮料,5,4.5,99826,99826
`FS101033,货道31,海之言[柠檬](PET500ml),INTR039011682,饮料,4,4,99971,99971
`FS101033,货道32,海之言[柠檬](PET500ml),INTR039011682,饮料,4,4,99975,99975
`FS101033,货道33,小茗同学[溜溜哒茶](PET480ml),INTR973011692,饮料,5,4.5,99981,99981
`FS101033,货道34,小茗同学[溜溜哒茶](PET480ml),INTR973011692,饮料,5,4.5,99976,99976
`FS101378,货道1,统一冰红茶(CAN310ml),INTR115011662,饮料,2.5,2.5,99958,99958
`FS101378,货道2,统一冰红茶(CAN310ml),INTR115011662,饮料,2.5,2.5,99946,99946
`FS101378,货道3,爱朵拉拿铁咖啡(CAN310ml),INTR459011637,饮料,4,4,99909,99909
`FS101378,货道4,红牛金罐(CAN250ml),INTR442012892,饮料,6,6,99921,99921
`FS101378,货道5,爱朵拉拿铁咖啡(CAN310ml),INTR459011637,饮料,4,4,99927,99927
`FS101378,货道6,怡宝火咖[意式倍醇](CAN280ml),INTR284012885,饮料,4,4,99959,99959
`FS101378,货道7,统一阿萨姆[奶茶原味](PET500ml),INTR230011689,饮料,4.5,4.5,99761,99761
`FS101378,货道8,娃哈哈营养快线(PET500ml),INTR409012898,饮料,5,5,99833,99833
`FS101378,货道9,统一阿萨姆[奶茶原味](PET500ml),INTR230011689,饮料,4.5,4.5,99790,99790
`FS101378,货道10,统一阿萨姆[奶茶原味](PET500ml),INTR230011689,饮料,4.5,4.5,99806,99806
`FS101378,货道11,统一阿萨姆[奶茶原味](PET500ml),INTR230011689,饮料,4.5,4.5,99834,99834
`FS101378,货道13,统一阿萨姆[奶茶原味](PET500ml),INTR230011689,饮料,4.5,4.5,99951,99951
`FS101378,货道14,,,,,,0,0
`FS101378,货道15,饮养四季[金桔柠檬](PET500ml),INTR372011680,饮料,3.5,3.5,99886,99886
`FS101378,货道16,,,,,5,0,0
`FS101378,货道17,小茗同学[溜溜哒茶](PET480ml),INTR973011692,饮料,5,5,99919,99919
`FS101378,货道19,雅哈[冰咖啡](PET450ml),INTR470011686,饮料,5.5,5.5,99857,99857
`FS101378,货道21,雅哈[冰咖啡](PET450ml),INTR470011686,饮料,5.5,5.5,99862,99862
`FS101378,货道23,饮养四季[金桔柠檬](PET500ml),INTR372011680,饮料,3.5,3.5,99894,99894
`FS101378,货道24,统一冰红茶[柠檬](PET500ml),INTR894011688,饮料,3,3,99730,99730
`FS101378,货道25,统一绿茶[茉莉](PET500ml),INTR577011683,饮料,3,3,99745,99745
`FS101378,货道26,海之言[柠檬](PET500ml),INTR039011682,饮料,4,4,99853,99853
`FS101378,货道27,统一鲜橙多(PET450ml),INTR910011664,饮料,3.5,3.5,99821,99821
`FS101378,货道28,统一鲜橙多(PET450ml),INTR910011664,饮料,3.5,3.5,99906,99906
`FS101378,货道29,焕神[热带水果风味]饮料(PET460ml),INTR583011691,饮料,5,5,99739,99739
`FS101378,货道30,统一冰红茶[柠檬](PET500ml),INTR894011688,饮料,3,3,99735,99735
`FS101378,货道31,统一绿茶[茉莉](PET500ml),INTR577011683,饮料,3,3,99755,99755
`FS101378,货道32,海之言[柠檬](PET500ml),INTR039011682,饮料,4,4,99903,99903
`FS101378,货道33,焕神[热带水果风味]饮料(PET460ml),INTR583011691,饮料,5,5,99825,99825
`FS101378,货道34,统一茶裏王[无糖台式乌龙茶](PET420ml),INTR904011685,饮料,5,5,99988,99988
`FS100899,货道1,怡宝火咖[意式倍醇](CAN280ml),INTR284012885,饮料,4,4,99998,99998
`FS100899,货道2,统一冰红茶(CAN310ml),INTR115011662,饮料,2.5,2.5,99997,99997
`FS100899,货道3,统一冰红茶(CAN310ml),INTR115011662,饮料,2.5,2.5,99998,99998
`FS100899,货道4,统一冰红茶(CAN310ml),INTR115011662,饮料,2.5,2.5,99999,99999
`FS100899,货道5,娃哈哈桂圆莲子八宝粥(CAN360ml),INTR218012884,食品,4,4,99999,99999
`FS100899,货道6,娃哈哈桂圆莲子八宝粥(CAN360ml),INTR218012884,食品,4,4,99999,99999
`FS100899,货道7,新湖源奶饮品[黄桃味](PET521ml),INTR054012792,饮料,5,4.5,99999,99999
`FS100899,货道8,新湖源奶饮品[黄桃味](PET521ml),INTR054012792,饮料,5,4.5,99999,99999
`FS100899,货道9,统一阿萨姆[奶茶原味](PET500ml),INTR230011689,饮料,4.5,4.5,99998,99998
`FS100899,货道10,雅哈[冰咖啡](PET450ml),INTR470011686,饮料,5.5,5.5,99999,99999
`FS100899,货道11,雅哈[冰咖啡](PET450ml),INTR470011686,饮料,5.5,5.5,99998,99998
`FS100899,货道13,统一绿茶[茉莉](PET500ml),INTR577011683,饮料,3,3,99999,99999
`FS100899,货道14,,,,,,0,0
`FS100899,货道15,统一绿茶[茉莉](PET500ml),INTR577011683,饮料,3,3,99999,99999
`FS100899,货道16,,,,,,0,0
`FS100899,货道17,统一绿茶[茉莉](PET500ml),INTR577011683,饮料,3,3,99997,99997
`FS100899,货道19,统一冰红茶[柠檬](PET500ml),INTR894011688,饮料,3,3,99998,99998
`FS100899,货道21,三得利乌龙茶[无糖](PET500ml),INTR907013377,饮料,5,3,99993,99993
`FS100899,货道23,焕神[热带水果风味]饮料(PET460ml),INTR583011691,饮料,5,5,99999,99999
`FS100899,货道24,焕神[热带水果风味]饮料(PET460ml),INTR583011691,饮料,5,5,99999,99999
`FS100899,货道25,饮养四季[金桔柠檬](PET500ml),INTR372011680,饮料,3.5,3.5,99999,99999
`FS100899,货道26,饮养四季[金桔柠檬](PET500ml),INTR372011680,饮料,3.5,3.5,99999,99999
`FS100899,货道27,统一鲜橙多(PET450ml),INTR910011664,饮料,3.5,3.5,99997,99997
`FS100899,货道28,统一鲜橙多(PET450ml),INTR910011664,饮料,3.5,3.5,99998,99998
`FS100899,货道29,统一冰红茶[柠檬](PET500ml),INTR894011688,饮料,3,3,99999,99999
`FS100899,货道30,统一冰红茶[柠檬](PET500ml),INTR894011688,饮料,3,3,99998,99998
`FS100899,货道31,海之言[柠檬](PET500ml),INTR039011682,饮料,4,4,99999,99999
`FS100899,货道32,海之言[柠檬](PET500ml),INTR039011682,饮料,4,4,99998,99998
`FS100899,货道33,小茗同学[冰橘绿茶](PET480ml),INTR001012220,饮料,5,5,99997,99997
`FS100899,货道34,小茗同学[冰橘绿茶](PET480ml),INTR001012220,饮料,5,5,99998,99998
`FS101385,货道1,爱朵拉拿铁咖啡(CAN310ml),INTR459011637,饮料,4,4,99993,99993
`FS101385,货道2,统一奶茶[麦香](CAN310ml),106623,开门柜,5,4,99997,99997
`FS101385,货道3,红牛金罐(CAN250ml),INTR442012892,饮料,6,6,99989,99989
`FS101385,货道4,爱朵拉拿铁咖啡(CAN310ml),INTR459011637,饮料,4,4,99990,99990
`FS101385,货道5,统一奶茶[麦香](CAN310ml),106623,开门柜,5,4,99996,99996
`FS101385,货道6,娃哈哈桂圆莲子八宝粥(CAN360ml),INTR218012884,食品,4,4,99992,99992
`FS101385,货道7,娃哈哈营养快线(PET500ml),INTR409012898,饮料,5,5,99991,99991
`FS101385,货道8,娃哈哈营养快线(PET500ml),INTR409012898,饮料,5,5,99986,99986
`FS101385,货道9,统一阿萨姆[奶茶原味](PET500ml),INTR230011689,饮料,4.5,4.5,99965,99965
`FS101385,货道10,雅哈[冰咖啡](PET450ml),INTR470011686,饮料,5.5,5.5,99976,99976
`FS101385,货道11,统一阿萨姆[奶茶原味](PET500ml),INTR230011689,饮料,4.5,4.5,99976,99976
`FS101385,货道13,统一冰红茶[柠檬](PET500ml),INTR894011688,饮料,3,3,99950,99950
`FS101385,货道14,,,,,,0,0
`FS101385,货道15,统一冰红茶[柠檬](PET500ml),INTR894011688,饮料,3,3,99957,99957
`FS101385,货道16,,,,,,0,0
`FS101385,货道17,统一阿萨姆[奶茶原味](PET500ml),INTR230011689,饮料,4.5,4.5,99999,99999
`FS101385,货道19,焕神[热带水果风味]饮料(PET460ml),INTR583011691,饮料,5,5,99995,99995
`FS101385,货道21,焕神[热带水果风味]饮料(PET460ml),INTR583011691,饮料,5,5,99992,99992
`FS101385,货道23,统一绿茶[茉莉](PET500ml),INTR577011683,饮料,3,3,99989,99989
`FS101385,货道24,小茗同学[溜溜哒茶](PET480ml),INTR973011692,饮料,5,5,99987,99987
`FS101385,货道25,统一鲜橙多(PET450ml),INTR910011664,饮料,3.5,3.5,99986,99986
`FS101385,货道26,统一鲜橙多(PET450ml),INTR910011664,饮料,3.5,3.5,99993,99993
`FS101385,货道27,饮养四季[金桔柠檬](PET500ml),INTR372011680,饮料,3.5,3.5,99989,99989
`FS101385,货道28,饮养四季[金桔柠檬](PET500ml),INTR372011680,饮料,3.5,3.5,99990,99990
`FS101385,货道29,统一阿萨姆[奶茶原味](PET500ml),INTR230011689,饮料,4.5,4.5,99981,99981
`FS101385,货道30,统一绿茶[茉莉](PET500ml),INTR577011683,饮料,3,3,99985,99985
`FS101385,货道31,焕神[热带水果风味]饮料(PET460ml),INTR583011691,饮料,5,5,99985,99985
`FS101385,货道32,海之言[柠檬](PET500ml),INTR039011682,饮料,4,4,99980,99980
`FS101385,货道33,雅哈[冰咖啡](PET450ml),INTR470011686,饮料,5.5,5.5,99984,99984
`FS101385,货道34,小茗同学[溜溜哒茶](PET480ml),INTR973011692,饮料,5,5,99995,99995
`FS100903,货道1,百事可乐(CAN330ml),INTR785012174,饮料,2.5,2.5,99987,99987
`FS100903,货道2,百事可乐(CAN330ml),INTR785012174,饮料,2.5,2.5,99984,99984
`FS100903,货道3,王老吉凉茶(CAN310ml),INTR472012173,饮料,3.5,3.5,99990,99990
`FS100903,货道4,红牛金罐(CAN250ml),INTR442012892,饮料,6,6,99986,99986
`FS100903,货道5,红牛金罐(CAN250ml),INTR442012892,饮料,6,6,99989,99989
`FS100903,货道6,王老吉凉茶(CAN310ml),INTR472012173,饮料,3.5,3.5,99990,99990
`FS100903,货道7,统一阿萨姆[奶茶原味](PET500ml),INTR230011689,饮料,4.5,4.5,99993,99993
`FS100903,货道8,统一阿萨姆[奶茶原味](PET500ml),INTR230011689,饮料,4.5,4.5,99996,99996
`FS100903,货道9,统一阿萨姆[奶茶原味](PET500ml),INTR230011689,饮料,4.5,4.5,99996,99996
`FS100903,货道10,雅哈[冰咖啡](PET450ml),INTR470011686,饮料,5.5,5.5,99994,99994
`FS100903,货道11,雅哈[冰咖啡](PET450ml),INTR470011686,饮料,5.5,5.5,99991,99991
`FS100903,货道13,可口可乐[自购版](PET500ml),INTR724012203,饮料,3.5,3.5,99993,99993
`FS100903,货道14,,,,,,0,0
`FS100903,货道15,可口可乐[自购版](PET500ml),INTR724012203,饮料,3.5,3.5,99982,99982
`FS100903,货道16,,,,,,0,0
`FS100903,货道17,统一鲜橙多(PET450ml),INTR910011664,饮料,3.5,3.5,99996,99996
`FS100903,货道19,统一鲜橙多(PET450ml),INTR910011664,饮料,3.5,3.5,99988,99988
`FS100903,货道21,焕神[热带水果风味]饮料(PET460ml),INTR583011691,饮料,5,5,99994,99994
`FS100903,货道23,焕神[热带水果风味]饮料(PET460ml),INTR583011691,饮料,5,5,99996,99996
`FS100903,货道24,焕神[热带水果风味]饮料(PET460ml),INTR583011691,饮料,5,5,99997,99997
`FS100903,货道25,海之言[柠檬](PET500ml),INTR039011682,饮料,4,4,99990,99990
`FS100903,货道26,饮养四季[金桔柠檬](PET500ml),INTR372011680,饮料,3.5,3.5,99993,99993
`FS100903,货道27,海之言[柠檬](PET500ml),INTR039011682,饮料,4,4,99994,99994
`FS100903,货道28,饮养四季[金桔柠檬](PET500ml),INTR372011680,饮料,3.5,3.5,99994,99994
`FS100903,货道29,统一冰红茶[柠檬](PET500ml),INTR894011688,饮料,3,3,99992,99992
`FS100903,货道30,统一冰红茶[柠檬](PET500ml),INTR894011688,饮料,3,3,99992,99992
`FS100903,货道31,统一冰红茶[柠檬](PET500ml),INTR894011688,饮料,3,3,99988,99988
`FS100903,货道32,统一绿茶[茉莉](PET500ml),INTR577011683,饮料,3,3,99994,99994
`FS100903,货道33,统一绿茶[茉莉](PET500ml),INTR577011683,饮料,3,3,99997,99997
`FS100903,货道34,统一绿茶[茉莉](PET500ml),INTR577011683,饮料,3,3,99996,99996
`FS101377,货道1,可口可乐[自购版](CAN330ml),INTR121011635,饮料,3,3,99892,99892
`FS101377,货道2,可口可乐[自购版](CAN330ml),INTR121011635,饮料,3,3,99933,99933
`FS101377,货道3,可口可乐[自购版](CAN330ml),INTR121011635,饮料,3,3,99900,99900
`FS101377,货道4,红牛金罐(CAN250ml),INTR442012892,饮料,6,6,99869,99869
`FS101377,货道5,爱朵拉拿铁咖啡(CAN310ml),INTR459011637,饮料,4,4,99966,99966
`FS101377,货道6,爱朵拉拿铁咖啡(CAN310ml),INTR459011637,饮料,4,4,99946,99946
`FS101377,货道7,雅哈[冰咖啡](PET450ml),INTR470011686,饮料,5.5,5.5,99833,99833
`FS101377,货道8,雅哈[冰咖啡](PET450ml),INTR470011686,饮料,5.5,5.5,99754,99754
`FS101377,货道9,统一阿萨姆[奶茶原味](PET500ml),INTR230011689,饮料,4.5,4.5,99730,99730
`FS101377,货道10,统一阿萨姆[奶茶原味](PET500ml),INTR230011689,饮料,4.5,4.5,99758,99758
`FS101377,货道11,统一阿萨姆[奶茶原味](PET500ml),INTR230011689,饮料,4.5,4.5,99793,99793
`FS101377,货道13,娃哈哈AD钙(PET450ml),INTR263012498,饮料,4.5,4.5,99877,99877
`FS101377,货道14,,,,,,0,0
`FS101377,货道15,焕神[热带水果风味]饮料(PET460ml),INTR583011691,饮料,5,5,99924,99924
`FS101377,货道16,,,,,,0,0
`FS101377,货道17,焕神[热带水果风味]饮料(PET460ml),INTR583011691,饮料,5,5,99834,99834
`FS101377,货道19,脉动[青柠味](PET600ml),INTR924012868,饮料,4,4,99898,99898
`FS101377,货道21,脉动[青柠味](PET600ml),INTR924012868,饮料,4,4,99899,99899
`FS101377,货道23,统一阿萨姆[奶茶原味](PET500ml),INTR230011689,饮料,4.5,4.5,99710,99710
`FS101377,货道24,海之言[柠檬](PET500ml),INTR039011682,饮料,4,4,99750,99750
`FS101377,货道25,统一鲜橙多(PET450ml),INTR910011664,饮料,3.5,3.5,99752,99752
`FS101377,货道26,焕神[热带水果风味]饮料(PET460ml),INTR583011691,饮料,5,5,99865,99865
`FS101377,货道27,统一绿茶[茉莉](PET500ml),INTR577011683,饮料,3,3,99807,99807
`FS101377,货道28,统一绿茶[茉莉](PET500ml),INTR577011683,饮料,3,3,99846,99846
`FS101377,货道29,统一阿萨姆[奶茶原味](PET500ml),INTR230011689,饮料,4.5,4.5,99747,99747
`FS101377,货道30,统一冰红茶[柠檬](PET500ml),INTR894011688,饮料,3,3,99699,99699
`FS101377,货道31,统一冰红茶[柠檬](PET500ml),INTR894011688,饮料,3,3,99677,99677
`FS101377,货道32,小茗同学[溜溜哒茶](PET480ml),INTR973011692,饮料,5,5,99857,99857
`FS101377,货道33,焕神[热带水果风味]饮料(PET460ml),INTR583011691,饮料,5,5,99857,99857
`FS101377,货道34,小茗同学[溜溜哒茶](PET480ml),INTR973011692,饮料,5,5,99897,99897
`FS100885,货道1,爱朵拉拿铁咖啡(CAN310ml),INTR459011637,饮料,4,4,99990,99990
`FS100885,货道2,怡宝火咖[意式倍醇](CAN280ml),INTR284012885,饮料,4,4,99976,99976
`FS100885,货道3,红牛金罐(CAN250ml),INTR442012892,饮料,6,6,99965,99965
`FS100885,货道4,娃哈哈桂圆莲子八宝粥(CAN360ml),INTR218012884,食品,4,4,99981,99981
`FS100885,货道5,怡宝火咖[意式倍醇](CAN280ml),INTR284012885,饮料,4,4,99978,99978
`FS100885,货道6,爱朵拉拿铁咖啡(CAN310ml),INTR459011637,饮料,4,4,99989,99989
`FS100885,货道7,娃哈哈营养快线(PET500ml),INTR409012898,饮料,5,5,99939,99939
`FS100885,货道8,统一阿萨姆[奶茶原味](PET500ml),INTR230011689,饮料,4.5,4.5,99914,99914
`FS100885,货道9,统一阿萨姆[奶茶原味](PET500ml),INTR230011689,饮料,4.5,4.5,99889,99889
`FS100885,货道10,统一阿萨姆[奶茶原味](PET500ml),INTR230011689,饮料,4.5,4.5,99902,99902
`FS100885,货道11,统一阿萨姆[奶茶原味](PET500ml),INTR230011689,饮料,4.5,4.5,99945,99945
`FS100885,货道13,焕神[热带水果风味]饮料(PET460ml),INTR583011691,饮料,5,5,99946,99946
`FS100885,货道14,,,,,,0,0
`FS100885,货道15,焕神[热带水果风味]饮料(PET460ml),INTR583011691,饮料,5,5,99974,99974
`FS100885,货道16,,,,,,0,0
`FS100885,货道17,焕神[热带水果风味]饮料(PET460ml),INTR583011691,饮料,5,5,99952,99952
`FS100885,货道19,统一鲜橙多(PET450ml),INTR910011664,饮料,3.5,3.5,99925,99925
`FS100885,货道21,统一鲜橙多(PET450ml),INTR910011664,饮料,3.5,3.5,99928,99928
`FS100885,货道23,统一冰红茶[柠檬](PET500ml),INTR894011688,饮料,3,3,99918,99918
`FS100885,货道24,统一阿萨姆[奶茶原味](PET500ml),INTR230011689,饮料,4.5,4.5,99956,99956
`FS100885,货道25,海之言[柠檬](PET500ml),INTR039011682,饮料,4,4,99925,99925
`FS100885,货道26,海之言[柠檬](PET500ml),INTR039011682,饮料,4,4,99906,99906
`FS100885,货道27,饮养四季[金桔柠檬](PET500ml),INTR372011680,饮料,3.5,3.5,99939,99939
`FS100885,货道28,饮养四季[金桔柠檬](PET500ml),INTR372011680,饮料,3.5,3.5,99952,99952
`FS100885,货道29,统一绿茶[茉莉](PET500ml),INTR577011683,饮料,3,3,99891,99891
`FS100885,货道30,小茗同学[溜溜哒茶](PET480ml),INTR973011692,饮料,5,5,99931,99931
`FS100885,货道31,统一绿茶[茉莉](PET500ml),INTR577011683,饮料,3,3,99922,99922
`FS100885,货道32,统一阿萨姆[奶茶原味](PET500ml),INTR230011689,饮料,4.5,4.5,99951,99951
`FS100885,货道33,雅哈[冰咖啡](PET450ml),INTR470011686,饮料,5.5,5.5,99982,99982
`FS100885,货道34,雅哈[冰咖啡](PET450ml),INTR470011686,饮料,5.5,5.5,99974,99974
`FS100880,货道1,统一鲜橙多(CAN310ml),INTR767011663,饮料,3,3,99973,99973
`FS100880,货道2,统一鲜橙多(CAN310ml),INTR767011663,饮料,3,3,99982,99982
`FS100880,货道3,统一冰红茶(CAN310ml),INTR115011662,饮料,2.5,2.5,99984,99984
`FS100880,货道4,统一冰红茶(CAN310ml),INTR115011662,饮料,2.5,2.5,99991,99991
`FS100880,货道5,可口可乐[自购版](CAN330ml),INTR121011635,饮料,3,2.5,99967,99967
`FS100880,货道6,可口可乐[自购版](CAN330ml),INTR121011635,饮料,3,2.5,99974,99974
`FS100880,货道7,雅哈[冰咖啡](PET450ml),INTR470011686,饮料,5.5,5.5,99969,99969
`FS100880,货道8,统一阿萨姆[奶茶原味](PET500ml),INTR230011689,饮料,4.5,4.5,99974,99974
`FS100880,货道9,统一阿萨姆[奶茶原味](PET500ml),INTR230011689,饮料,4.5,4.5,99967,99967
`FS100880,货道10,统一阿萨姆[奶茶原味](PET500ml),INTR230011689,饮料,4.5,4.5,99968,99968
`FS100880,货道11,统一阿萨姆[奶茶原味](PET500ml),INTR230011689,饮料,4.5,4.5,99987,99987
`FS100880,货道13,百事可乐(PET600ml),INTR065012794,饮料,3.5,3,99927,99927
`FS100880,货道14,,,,,3.5,99999,99999
`FS100880,货道15,雪碧[自购版](PET500ml),INTR175012204,饮料,3.5,3.5,99967,99967
`FS100880,货道16,,,,,5,0,0
`FS100880,货道17,三得利乌龙茶[无糖](PET500ml),INTR907013377,饮料,5,3,99998,99998
`FS100880,货道19,娃哈哈营养快线(PET500ml),INTR409012898,饮料,5,4.5,99995,99995
`FS100880,货道21,三得利乌龙茶[无糖](PET500ml),INTR907013377,饮料,5,3,99991,99991
`FS100880,货道23,统一绿茶[茉莉](PET500ml),INTR577011683,饮料,3,3,99977,99977
`FS100880,货道24,统一绿茶[茉莉](PET500ml),INTR577011683,饮料,3,3,99980,99980
`FS100880,货道25,达利园乐虎(PET350ml),INTR889012197,饮料,5,4,99978,99978
`FS100880,货道26,统一鲜橙多(PET450ml),INTR910011664,饮料,3.5,3.5,99984,99984
`FS100880,货道27,统一鲜橙多(PET450ml),INTR910011664,饮料,3.5,3.5,99984,99984
`FS100880,货道28,统一鲜橙多(PET450ml),INTR910011664,饮料,3.5,3.5,99979,99979
`FS100880,货道29,统一冰红茶[柠檬](PET500ml),INTR894011688,饮料,3,3,99977,99977
`FS100880,货道30,统一冰红茶[柠檬](PET500ml),INTR894011688,饮料,3,3,99986,99986
`FS100880,货道31,海之言[柠檬](PET500ml),INTR039011682,饮料,4,4,99968,99968
`FS100880,货道32,海之言[柠檬](PET500ml),INTR039011682,饮料,4,4,99984,99984
`FS100880,货道33,小茗同学[溜溜哒茶](PET480ml),INTR973011692,饮料,5,5,99987,99987
`FS100880,货道34,小茗同学[溜溜哒茶](PET480ml),INTR973011692,饮料,5,5,99986,99986
`FS101438,货道1,怡宝火咖[意式倍醇](CAN280ml),INTR284012885,饮料,4,4,99942,99942
`FS101438,货道2,统一鲜橙多(CAN310ml),INTR767011663,饮料,3,3,99913,99913
`FS101438,货道3,爱朵拉拿铁咖啡(CAN310ml),INTR459011637,饮料,4,4,99956,99956
`FS101438,货道4,统一鲜橙多(CAN310ml),INTR767011663,饮料,3,3,99925,99925
`FS101438,货道5,红牛金罐(CAN250ml),INTR442012892,饮料,6,6,99917,99917
`FS101438,货道6,爱朵拉拿铁咖啡(CAN310ml),INTR459011637,饮料,4,4,99973,99973
`FS101438,货道7,统一阿萨姆[奶茶原味](PET500ml),INTR230011689,饮料,4.5,4.5,99812,99812
`FS101438,货道8,王老吉凉茶(CAN310ml),INTR472012173,饮料,3.5,3.5,99887,99887
`FS101438,货道9,雅哈[冰咖啡](PET450ml),INTR470011686,饮料,5.5,5.5,99924,99924
`FS101438,货道10,娃哈哈营养快线(PET500ml),INTR409012898,饮料,5,5,99897,99897
`FS101438,货道11,雅哈[冰咖啡](PET450ml),INTR470011686,饮料,5.5,5.5,99943,99943
`FS101438,货道13,雪碧[自购版](CAN330ml),INTR685011636,饮料,3,3,99907,99907
`FS101438,货道14,,,,,,0,0
`FS101438,货道15,可口可乐[自购版](PET500ml),INTR724012203,饮料,3.5,3.5,99823,99823
`FS101438,货道16,,,,,,0,0
`FS101438,货道17,可口可乐[自购版](PET500ml),INTR724012203,饮料,3.5,3.5,99808,99808
`FS101438,货道19,小茗同学[溜溜哒茶](PET480ml),INTR973011692,饮料,5,5,99917,99917
`FS101438,货道21,海之言[柠檬](PET500ml),INTR039011682,饮料,4,4,99900,99900
`FS101438,货道23,统一冰红茶[柠檬](PET500ml),INTR894011688,饮料,3,3,99766,99766
`FS101438,货道24,统一绿茶[茉莉](PET500ml),INTR577011683,饮料,3,3,99844,99844
`FS101438,货道25,焕神[热带水果风味]饮料(PET460ml),INTR583011691,饮料,5,5,99919,99919
`FS101438,货道26,焕神[热带水果风味]饮料(PET460ml),INTR583011691,饮料,5,5,99896,99896
`FS101438,货道27,统一鲜橙多(PET450ml),INTR910011664,饮料,3.5,3.5,99899,99899
`FS101438,货道28,统一鲜橙多(PET450ml),INTR910011664,饮料,3.5,3.5,99908,99908
`FS101438,货道29,统一鲜橙多(PET450ml),INTR910011664,饮料,3.5,3.5,99894,99894
`FS101438,货道30,饮养四季[金桔柠檬](PET500ml),INTR372011680,饮料,3.5,3.5,99894,99894
`FS101438,货道31,小茗同学[溜溜哒茶](PET480ml),INTR973011692,饮料,5,5,99874,99874
`FS101438,货道32,海之言[柠檬](PET500ml),INTR039011682,饮料,4,4,99870,99870
`FS101438,货道33,统一鲜橙多(PET450ml),INTR910011664,饮料,3.5,3.5,99931,99931
`FS101438,货道34,统一冰红茶[柠檬](PET500ml),INTR894011688,饮料,3,3,99895,99895
`FS100900,货道1,怡宝火咖[意式倍醇](CAN280ml),INTR284012885,饮料,4,4,99901,99901
`FS100900,货道2,统一奶茶[麦香](CAN310ml),106623,开门柜,5,4,99965,99965
`FS100900,货道3,统一奶茶[麦香](CAN310ml),106623,开门柜,5,4,99909,99909
`FS100900,货道4,百事可乐(CAN330ml),INTR785012174,饮料,2.5,2.5,99942,99942
`FS100900,货道5,百事可乐(CAN330ml),INTR785012174,饮料,2.5,2.5,99948,99948
`FS100900,货道6,统一奶茶[麦香](CAN310ml),106623,开门柜,5,4,99952,99952
`FS100900,货道7,雅哈[冰咖啡](PET450ml),INTR470011686,饮料,5.5,5.5,99943,99943
`FS100900,货道8,雅哈[冰咖啡](PET450ml),INTR470011686,饮料,5.5,5.5,99883,99883
`FS100900,货道9,统一阿萨姆[奶茶原味](PET500ml),INTR230011689,饮料,4.5,4.5,99827,99827
`FS100900,货道10,统一阿萨姆[奶茶原味](PET500ml),INTR230011689,饮料,4.5,4.5,99799,99799
`FS100900,货道11,统一阿萨姆[奶茶原味](PET500ml),INTR230011689,饮料,4.5,4.5,99845,99845
`FS100900,货道13,焕神[热带水果风味]饮料(PET460ml),INTR583011691,饮料,5,5,99903,99903
`FS100900,货道14,,,,,,0,0
`FS100900,货道15,焕神[热带水果风味]饮料(PET460ml),INTR583011691,饮料,5,5,99894,99894
`FS100900,货道16,,,,,,0,0
`FS100900,货道17,焕神[热带水果风味]饮料(PET460ml),INTR583011691,饮料,5,5,99869,99869
`FS100900,货道19,脉动[青柠味](PET600ml),INTR924012868,饮料,4,4,99943,99943
`FS100900,货道21,脉动[青柠味](PET600ml),INTR924012868,饮料,4,4,99939,99939
`FS100900,货道23,农夫山泉(PET550ml),INTR993012106,矿泉水,2,2,99890,99890
`FS100900,货道24,海之言[柠檬](PET500ml),INTR039011682,饮料,4,4,99887,99887
`FS100900,货道25,海之言[柠檬](PET500ml),INTR039011682,饮料,4,4,99893,99893
`FS100900,货道26,饮养四季[金桔柠檬](PET500ml),INTR372011680,饮料,3.5,3.5,99883,99883
`FS100900,货道27,统一鲜橙多(PET450ml),INTR910011664,饮料,3.5,3.5,99888,99888
`FS100900,货道28,统一鲜橙多(PET450ml),INTR910011664,饮料,3.5,3.5,99894,99894
`FS100900,货道29,统一冰红茶[柠檬](PET500ml),INTR894011688,饮料,3,3,99863,99863
`FS100900,货道30,统一冰红茶[柠檬](PET500ml),INTR894011688,饮料,3,3,99859,99859
`FS100900,货道31,统一冰红茶[柠檬](PET500ml),INTR894011688,饮料,3,3,99877,99877
`FS100900,货道32,统一绿茶[茉莉](PET500ml),INTR577011683,饮料,3,3,99903,99903
`FS100900,货道33,统一绿茶[茉莉](PET500ml),INTR577011683,饮料,3,3,99850,99850
`FS100900,货道34,统一绿茶[茉莉](PET500ml),INTR577011683,饮料,3,3,99864,99864
`FS100865,货道1,红牛金罐(CAN250ml),INTR442012892,饮料,6,6,99979,99979
`FS100865,货道2,王老吉凉茶(CAN310ml),INTR472012173,饮料,3.5,3.5,99989,99989
`FS100865,货道3,优好滋荔枝爽310ml,INTR860012104,饮料,2.5,3,99989,99989
`FS100865,货道4,红牛金罐(CAN250ml),INTR442012892,饮料,6,6,99986,99986
`FS100865,货道5,统一奶茶[麦香](CAN310ml),106623,开门柜,5,4,99992,99992
`FS100865,货道6,统一奶茶[麦香](CAN310ml),106623,开门柜,5,4,99998,99998
`FS100865,货道7,统一阿萨姆[奶茶原味](PET500ml),INTR230011689,饮料,4.5,4.5,99983,99983
`FS100865,货道8,统一阿萨姆[奶茶原味](PET500ml),INTR230011689,饮料,4.5,4.5,99992,99992
`FS100865,货道9,统一阿萨姆[奶茶原味](PET500ml),INTR230011689,饮料,4.5,4.5,99985,99985
`FS100865,货道10,雅哈[冰咖啡](PET450ml),INTR470011686,饮料,5.5,5.5,99996,99996
`FS100865,货道11,雅哈[冰咖啡](PET450ml),INTR470011686,饮料,5.5,5.5,99995,99995
`FS100865,货道13,海之言[柠檬](PET500ml),INTR039011682,饮料,4,4,99993,99993
`FS100865,货道14,,,,,,0,0
`FS100865,货道15,海之言[柠檬](PET500ml),INTR039011682,饮料,4,4,99988,99988
`FS100865,货道16,,,,,,0,0
`FS100865,货道17,海之言[柠檬](PET500ml),INTR039011682,饮料,4,4,99997,99997
`FS100865,货道19,统一冰红茶[柠檬](PET500ml),INTR894011688,饮料,3,3,99985,99985
`FS100865,货道21,统一冰红茶[柠檬](PET500ml),INTR894011688,饮料,3,3,99996,99996
`FS100865,货道23,小茗同学[溜溜哒茶](PET480ml),INTR973011692,饮料,5,5,99990,99990
`FS100865,货道24,小茗同学[溜溜哒茶](PET480ml),INTR973011692,饮料,5,5,99993,99993
`FS100865,货道25,焕神[热带水果风味]饮料(PET460ml),INTR583011691,饮料,5,5,99988,99988
`FS100865,货道26,统一绿茶[茉莉](PET500ml),INTR577011683,饮料,3,3,99989,99989
`FS100865,货道27,饮养四季[金桔柠檬](PET500ml),INTR372011680,饮料,3.5,3.5,99996,99996
`FS100865,货道28,饮养四季[金桔柠檬](PET500ml),INTR372011680,饮料,3.5,3.5,99996,99996
`FS100865,货道29,焕神[热带水果风味]饮料(PET460ml),INTR583011691,饮料,5,5,99983,99983
`FS100865,货道30,焕神[热带水果风味]饮料(PET460ml),INTR583011691,饮料,5,5,99982,99982
`FS100865,货道31,焕神[热带水果风味]饮料(PET460ml),INTR583011691,饮料,5,5,99984,99984
`FS100865,货道32,娃哈哈营养快线(PET500ml),INTR409012898,饮料,5,5,99986,99986
`FS100865,货道33,统一冰红茶[柠檬](PET500ml),INTR894011688,饮料,3,3,99994,99994
`FS100865,货道34,统一冰红茶[柠檬](PET500ml),INTR894011688,饮料,3,3,99999,99999
`FS100577,货道1,王老吉凉茶(CAN310ml),INTR472012173,饮料,3.5,3.5,99998,99998
`FS100577,货道2,王老吉凉茶(CAN310ml),INTR472012173,饮料,3.5,3.5,99999,99999
`FS100577,货道3,统一鲜橙多(CAN310ml),INTR767011663,饮料,3,3,99999,99999
`FS100577,货道4,统一鲜橙多(CAN310ml),INTR767011663,饮料,3,3,99998,99998
`FS100577,货道5,统一冰红茶(CAN310ml),INTR115011662,饮料,2.5,2.5,99999,99999
`FS100577,货道6,统一冰红茶(CAN310ml),INTR115011662,饮料,2.5,2.5,99999,99999
`FS100577,货道7,统一阿萨姆[奶茶原味](PET500ml),INTR230011689,饮料,4.5,4.5,99983,99983
`FS100577,货道8,统一阿萨姆[奶茶原味](PET500ml),INTR230011689,饮料,4.5,4.5,99996,99996
`FS100577,货道9,娃哈哈营养快线(PET500ml),INTR409012898,饮料,5,5,99989,99989
`FS100577,货道10,统一阿萨姆[奶茶原味](PET500ml),INTR230011689,饮料,4.5,4.5,99999,99999
`FS100577,货道11,农夫山泉(PET550ml),INTR993012106,矿泉水,2,2,99994,99994
`FS100577,货道13,农夫山泉(PET550ml),INTR993012106,矿泉水,2,2,99999,99999
`FS100577,货道14,,,,,,0,0
`FS100577,货道15,可口可乐[自购版](PET500ml),INTR724012203,饮料,3.5,3.5,99999,99999
`FS100577,货道16,,,,,,0,0
`FS100577,货道17,可口可乐[自购版](PET500ml),INTR724012203,饮料,3.5,3.5,99999,99999
`FS100577,货道19,雪碧[自购版](PET500ml),INTR175012204,饮料,3.5,3.5,99995,99995
`FS100577,货道21,脉动[青柠味](PET600ml),INTR924012868,饮料,4,4,99994,99994
`FS100577,货道23,统一绿茶[茉莉](PET500ml),INTR577011683,饮料,3,3,99999,99999
`FS100577,货道24,统一绿茶[茉莉](PET500ml),INTR577011683,饮料,3,3,99999,99999
`FS100577,货道25,雅哈[冰咖啡](PET450ml),INTR470011686,饮料,5.5,5.5,99999,99999
`FS100577,货道26,雅哈[冰咖啡](PET450ml),INTR470011686,饮料,5.5,5.5,99996,99996
`FS100577,货道27,焕神[热带水果风味]饮料(PET460ml),INTR583011691,饮料,5,5,99997,99997
`FS100577,货道28,小茗同学[溜溜哒茶](PET480ml),INTR973011692,饮料,5,5,99999,99999
`FS100577,货道29,统一冰红茶[柠檬](PET500ml),INTR894011688,饮料,3,3,99999,99999
`FS100577,货道30,统一冰红茶[柠檬](PET500ml),INTR894011688,饮料,3,3,99997,99997
`FS100577,货道31,统一鲜橙多(PET450ml),INTR910011664,饮料,3.5,3.5,99998,99998
`FS100577,货道32,统一鲜橙多(PET450ml),INTR910011664,饮料,3.5,3.5,99998,99998
`FS100577,货道33,焕神[热带水果风味]饮料(PET460ml),INTR583011691,饮料,5,5,99996,99996
`FS100577,货道34,海之言[柠檬](PET500ml),INTR039011682,饮料,4,4,99990,99990
`FS101034,货道1,王老吉凉茶(CAN310ml),INTR472012173,饮料,3.5,3.5,99989,99989
`FS101034,货道2,王老吉凉茶(CAN310ml),INTR472012173,饮料,3.5,3.5,99984,99984
`FS101034,货道3,娃哈哈桂圆莲子八宝粥(CAN360ml),INTR218012884,食品,4,4,99979,99979
`FS101034,货道4,统一奶茶[麦香](CAN310ml),106623,开门柜,5,4,99978,99978
`FS101034,货道5,怡宝菊花茶(PET450ml),INTR939012279,饮料,5,4,99987,99987
`FS101034,货道6,统一奶茶[麦香](CAN310ml),106623,开门柜,5,4,99990,99990
`FS101034,货道7,统一绿茶[茉莉](PET500ml),INTR577011683,饮料,3,3,99970,99970
`FS101034,货道8,统一阿萨姆[奶茶原味](PET500ml),INTR230011689,饮料,4.5,4.5,99942,99942
`FS101034,货道9,统一阿萨姆[奶茶原味](PET500ml),INTR230011689,饮料,4.5,4.5,99947,99947
`FS101034,货道10,统一阿萨姆[奶茶原味](PET500ml),INTR230011689,饮料,4.5,4.5,99963,99963
`FS101034,货道11,娃哈哈营养快线(PET500ml),INTR409012898,饮料,5,4.5,99954,99954
`FS101034,货道13,可口可乐[自购版](PET500ml),INTR724012203,饮料,3.5,3.5,99933,99933
`FS101034,货道14,,,,,,0,0
`FS101034,货道15,可口可乐[自购版](PET500ml),INTR724012203,饮料,3.5,3.5,99933,99933
`FS101034,货道16,,,,,,0,0
`FS101034,货道17,雪碧[自购版](PET500ml),INTR175012204,饮料,3.5,3.5,99937,99937
`FS101034,货道19,焕神[热带水果风味]饮料(PET460ml),INTR583011691,饮料,5,5,99979,99979
`FS101034,货道21,统一冰红茶[柠檬](PET500ml),INTR894011688,饮料,3,3,99959,99959
`FS101034,货道23,统一鲜橙多(PET450ml),INTR910011664,饮料,3.5,3.5,99950,99950
`FS101034,货道24,统一鲜橙多(PET450ml),INTR910011664,饮料,3.5,3.5,99956,99956
`FS101034,货道25,饮养四季[金桔柠檬](PET500ml),INTR372011680,饮料,3.5,3.5,99936,99936
`FS101034,货道26,雅哈[冰咖啡](PET450ml),INTR470011686,饮料,5.5,5.5,99950,99950
`FS101034,货道27,统一冰红茶[柠檬](PET500ml),INTR894011688,饮料,3,3,99954,99954
`FS101034,货道28,统一冰红茶[柠檬](PET500ml),INTR894011688,饮料,3,3,99974,99974
`FS101034,货道29,小茗同学[溜溜哒茶](PET480ml),INTR973011692,饮料,5,5,99968,99968
`FS101034,货道30,焕神[热带水果风味]饮料(PET460ml),INTR583011691,饮料,5,5,99980,99980
`FS101034,货道31,焕神[热带水果风味]饮料(PET460ml),INTR583011691,饮料,5,5,99962,99962
`FS101034,货道32,海之言[柠檬](PET500ml),INTR039011682,饮料,4,4,99936,99936
`FS101034,货道33,海之言[柠檬](PET500ml),INTR039011682,饮料,4,4,99931,99931
`FS101034,货道34,小茗同学[溜溜哒茶](PET480ml),INTR973011692,饮料,5,5,99962,99962
`FS101022,货道1,王老吉凉茶(CAN310ml),INTR472012173,饮料,3.5,3.5,99995,99995
`FS101022,货道2,爱朵拉拿铁咖啡(CAN310ml),INTR459011637,饮料,4,4,99997,99997
`FS101022,货道3,爱朵拉拿铁咖啡(CAN310ml),INTR459011637,饮料,4,4,99985,99985
`FS101022,货道4,怡宝火咖[意式倍醇](CAN280ml),INTR284012885,饮料,4,4,99998,99998
`FS101022,货道5,王老吉凉茶(CAN310ml),INTR472012173,饮料,3.5,3.5,99998,99998
`FS101022,货道6,王老吉凉茶(CAN310ml),INTR472012173,饮料,3.5,3.5,99992,99992
`FS101022,货道7,统一阿萨姆[奶茶原味](PET500ml),INTR230011689,饮料,4.5,4.5,99993,99993
`FS101022,货道8,统一阿萨姆[奶茶原味](PET500ml),INTR230011689,饮料,4.5,4.5,99996,99996
`FS101022,货道9,统一阿萨姆[奶茶原味](PET500ml),INTR230011689,饮料,4.5,4.5,99994,99994
`FS101022,货道10,雅哈[冰咖啡](PET450ml),INTR470011686,饮料,5.5,5.5,99995,99995
`FS101022,货道11,雅哈[冰咖啡](PET450ml),INTR470011686,饮料,5.5,5.5,99989,99989
`FS101022,货道12,,,,,,0,0
`FS101022,货道13,可口可乐[自购版](PET500ml),INTR724012203,饮料,3.5,3.5,99986,99986
`FS101022,货道14,,,,,,0,0
`FS101022,货道15,雪碧[自购版](PET500ml),INTR175012204,饮料,3.5,3.5,99984,99984
`FS101022,货道16,,,,,,0,0
`FS101022,货道17,焕神[热带水果风味]饮料(PET460ml),INTR583011691,饮料,5,5,99999,99999
`FS101022,货道18,,,,,,0,0
`FS101022,货道19,焕神[热带水果风味]饮料(PET460ml),INTR583011691,饮料,5,5,99987,99987
`FS101022,货道20,,,,,,0,0
`FS101022,货道21,娃哈哈营养快线(PET500ml),INTR409012898,饮料,5,5,99999,99999
`FS101022,货道22,,,,,,0,0
`FS101022,货道23,饮养四季[金桔柠檬](PET500ml),INTR372011680,饮料,3.5,3.5,99993,99993
`FS101022,货道24,统一绿茶[茉莉](PET500ml),INTR577011683,饮料,3,3,99984,99984
`FS101022,货道25,统一绿茶[茉莉](PET500ml),INTR577011683,饮料,3,3,99986,99986
`FS101022,货道26,统一鲜橙多(PET450ml),INTR910011664,饮料,3.5,3.5,99987,99987
`FS101022,货道27,统一鲜橙多(PET450ml),INTR910011664,饮料,3.5,3.5,99989,99989
`FS101022,货道28,娃哈哈营养快线(PET500ml),INTR409012898,饮料,5,5,99999,99999
`FS101022,货道29,统一冰红茶[柠檬](PET500ml),INTR894011688,饮料,3,3,99996,99996
`FS101022,货道30,统一冰红茶[柠檬](PET500ml),INTR894011688,饮料,3,3,99997,99997
`FS101022,货道31,海之言[柠檬](PET500ml),INTR039011682,饮料,4,4,99994,99994
`FS101022,货道32,海之言[柠檬](PET500ml),INTR039011682,饮料,4,4,99990,99990
`FS101022,货道33,小茗同学[溜溜哒茶](PET480ml),INTR973011692,饮料,5,5,99998,99998
`FS101022,货道34,小茗同学[溜溜哒茶](PET480ml),INTR973011692,饮料,5,5,99999,99999
`FS100173,货道1,王老吉凉茶(CAN310ml),INTR472012173,饮料,3.5,3.5,99986,99986
`FS100173,货道2,王老吉凉茶(CAN310ml),INTR472012173,饮料,3.5,3.5,99987,99987
`FS100173,货道3,爱朵拉拿铁咖啡(CAN310ml),INTR459011637,饮料,4,4,99986,99986
`FS100173,货道5,统一奶茶[麦香](CAN310ml),106623,开门柜,5,4,99979,99979
`FS100173,货道6,统一奶茶[麦香](CAN310ml),106623,开门柜,5,4,99979,99979
`FS100173,货道7,统一阿萨姆[奶茶原味](PET500ml),INTR230011689,饮料,4.5,4.5,99923,99923
`FS100173,货道8,统一阿萨姆[奶茶原味](PET500ml),INTR230011689,饮料,4.5,4.5,99921,99921
`FS100173,货道9,统一阿萨姆[奶茶原味](PET500ml),INTR230011689,饮料,4.5,4.5,99930,99930
`FS100173,货道10,雅哈[冰咖啡](PET450ml),INTR470011686,饮料,5.5,5.5,99981,99981
`FS100173,货道11,雅哈[冰咖啡](PET450ml),INTR470011686,饮料,5.5,5.5,99963,99963
`FS100173,货道13,海之言[柠檬](PET500ml),INTR039011682,饮料,4,4,99929,99929
`FS100173,货道14,,,,,,0,0
`FS100173,货道15,统一鲜橙多(PET450ml),INTR910011664,饮料,3.5,3.5,99895,99895
`FS100173,货道16,,,,,,0,0
`FS100173,货道17,统一鲜橙多(PET450ml),INTR910011664,饮料,3.5,3.5,99905,99905
`FS100173,货道19,脉动[青柠味](PET600ml),INTR924012868,饮料,4,4,99974,99974
`FS100173,货道21,脉动[青柠味](PET600ml),INTR924012868,饮料,4,4,99964,99964
`FS100173,货道23,农夫山泉(PET550ml),INTR993012106,矿泉水,2,2,99979,99979
`FS100173,货道24,农夫山泉(PET550ml),INTR993012106,矿泉水,2,2,99985,99985
`FS100173,货道25,饮养四季[金桔柠檬](PET500ml),INTR372011680,饮料,3.5,3.5,99946,99946
`FS100173,货道26,焕神[热带水果风味]饮料(PET460ml),INTR583011691,饮料,5,5,99945,99945
`FS100173,货道27,焕神[热带水果风味]饮料(PET460ml),INTR583011691,饮料,5,5,99940,99940
`FS100173,货道28,焕神[热带水果风味]饮料(PET460ml),INTR583011691,饮料,5,5,99949,99949
`FS100173,货道29,统一冰红茶[柠檬](PET500ml),INTR894011688,饮料,3,3,99941,99941
`FS100173,货道30,统一冰红茶[柠檬](PET500ml),INTR894011688,饮料,3,3,99917,99917
`FS100173,货道31,统一冰红茶[柠檬](PET500ml),INTR894011688,饮料,3,3,99920,99920
`FS100173,货道32,统一绿茶[茉莉](PET500ml),INTR577011683,饮料,3,3,99966,99966
`FS100173,货道33,统一绿茶[茉莉](PET500ml),INTR577011683,饮料,3,3,99962,99962
`FS100173,货道34,统一绿茶[茉莉](PET500ml),INTR577011683,饮料,3,3,99968,99968
`FS101040,货道1,怡宝火咖[意式倍醇](CAN280ml),INTR284012885,饮料,4,4,99861,99861
`FS101040,货道2,怡宝火咖[意式倍醇](CAN280ml),INTR284012885,饮料,4,4,99820,99820
`FS101040,货道3,怡宝火咖[意式倍醇](CAN280ml),INTR284012885,饮料,4,4,99874,99874
`FS101040,货道4,优好滋荔枝爽310ml,INTR860012104,饮料,2.5,2.5,99972,99972
`FS101040,货道5,优好滋荔枝爽310ml,INTR860012104,饮料,2.5,2.5,99939,99939
`FS101040,货道6,统一冰红茶(CAN310ml),INTR115011662,饮料,2.5,2.5,99956,99956
`FS101040,货道7,统一阿萨姆[奶茶原味](PET500ml),INTR230011689,饮料,4.5,4.5,99639,99639
`FS101040,货道8,统一阿萨姆[奶茶原味](PET500ml),INTR230011689,饮料,4.5,4.5,99685,99685
`FS101040,货道9,统一阿萨姆[奶茶原味](PET500ml),INTR230011689,饮料,4.5,4.5,99729,99729
`FS101040,货道10,统一阿萨姆[奶茶原味](PET500ml),INTR230011689,饮料,4.5,4.5,99807,99807
`FS101040,货道11,雅哈[冰咖啡](PET450ml),INTR470011686,饮料,5.5,5.5,99882,99882
`FS101040,货道13,统一绿茶[茉莉](PET500ml),INTR577011683,饮料,3,3,99814,99814
`FS101040,货道14,,,,,,0,0
`FS101040,货道15,统一绿茶[茉莉](PET500ml),INTR577011683,饮料,3,3,99931,99931
`FS101040,货道16,,,,,,0,0
`FS101040,货道17,统一鲜橙多(PET450ml),INTR910011664,饮料,3.5,3.5,99868,99868
`FS101040,货道19,统一冰红茶(CAN310ml),INTR115011662,饮料,2.5,2.5,99898,99898
`FS101040,货道21,统一阿萨姆[奶茶原味](PET500ml),INTR230011689,饮料,4.5,4.5,99842,99842
`FS101040,货道23,焕神[热带水果风味]饮料(PET460ml),INTR583011691,饮料,5,5,99927,99927
`FS101040,货道24,焕神[热带水果风味]饮料(PET460ml),INTR583011691,饮料,5,5,99968,99968
`FS101040,货道25,饮养四季[金桔柠檬](PET500ml),INTR372011680,饮料,3.5,3.5,99822,99822
`FS101040,货道26,饮养四季[金桔柠檬](PET500ml),INTR372011680,饮料,3.5,3.5,99824,99824
`FS101040,货道27,统一鲜橙多(PET450ml),INTR910011664,饮料,3.5,3.5,99948,99948
`FS101040,货道28,统一鲜橙多(PET450ml),INTR910011664,饮料,3.5,3.5,99930,99930
`FS101040,货道29,统一冰红茶[柠檬](PET500ml),INTR894011688,饮料,3,3,99822,99822
`FS101040,货道30,统一冰红茶[柠檬](PET500ml),INTR894011688,饮料,3,3,99904,99904
`FS101040,货道31,海之言[柠檬](PET500ml),INTR039011682,饮料,4,4,99960,99960
`FS101040,货道32,海之言[柠檬](PET500ml),INTR039011682,饮料,4,4,99940,99940
`FS101040,货道33,小茗同学[溜溜哒茶](PET480ml),INTR973011692,饮料,5,5,99923,99923
`FS101040,货道34,小茗同学[溜溜哒茶](PET480ml),INTR973011692,饮料,5,5,99982,99982
`FS100984,货道1,王老吉凉茶(CAN310ml),INTR472012173,饮料,3.5,3.5,99821,99821
`FS100984,货道2,王老吉凉茶(CAN310ml),INTR472012173,饮料,3.5,3.5,99765,99765
`FS100984,货道3,王老吉凉茶(CAN310ml),INTR472012173,饮料,3.5,3.5,99990,99990
`FS100984,货道4,统一鲜橙多(CAN310ml),INTR767011663,饮料,3,3,99909,99909
`FS100984,货道5,娃哈哈桂圆莲子八宝粥(CAN360ml),INTR218012884,食品,4,4,99859,99859
`FS100984,货道6,娃哈哈桂圆莲子八宝粥(CAN360ml),INTR218012884,食品,4,4,99874,99874
`FS100984,货道7,统一阿萨姆[奶茶原味](PET500ml),INTR230011689,饮料,4.5,4.5,99743,99743
`FS100984,货道8,统一阿萨姆[奶茶原味](PET500ml),INTR230011689,饮料,4.5,4.5,99666,99666
`FS100984,货道9,统一阿萨姆[奶茶原味](PET500ml),INTR230011689,饮料,4.5,4.5,99749,99749
`FS100984,货道10,统一阿萨姆[奶茶原味](PET500ml),INTR230011689,饮料,4.5,4.5,99846,99846
`FS100984,货道11,雅哈[冰咖啡](PET450ml),INTR470011686,饮料,5.5,5.5,99893,99893
`FS100984,货道13,统一绿茶[茉莉](PET500ml),INTR577011683,饮料,3,3,99871,99871
`FS100984,货道14,,,,,,0,0
`FS100984,货道15,统一绿茶[茉莉](PET500ml),INTR577011683,饮料,3,3,99938,99938
`FS100984,货道16,,,,,,0,0
`FS100984,货道17,焕神[热带水果风味]饮料(PET460ml),INTR583011691,饮料,5,5,99878,99878
`FS100984,货道19,统一冰红茶(CAN310ml),INTR115011662,饮料,2.5,2.5,99889,99889
`FS100984,货道21,统一阿萨姆[奶茶原味](PET500ml),INTR230011689,饮料,4.5,4.5,99865,99865
`FS100984,货道23,焕神[热带水果风味]饮料(PET460ml),INTR583011691,饮料,5,5,99962,99962
`FS100984,货道24,焕神[热带水果风味]饮料(PET460ml),INTR583011691,饮料,5,5,99926,99926
`FS100984,货道25,饮养四季[金桔柠檬](PET500ml),INTR372011680,饮料,3.5,3.5,99916,99916
`FS100984,货道26,饮养四季[金桔柠檬](PET500ml),INTR372011680,饮料,3.5,3.5,99905,99905
`FS100984,货道27,统一鲜橙多(PET450ml),INTR910011664,饮料,3.5,3.5,99925,99925
`FS100984,货道28,统一鲜橙多(PET450ml),INTR910011664,饮料,3.5,3.5,99913,99913
`FS100984,货道29,统一冰红茶[柠檬](PET500ml),INTR894011688,饮料,3,3,99888,99888
`FS100984,货道30,统一冰红茶[柠檬](PET500ml),INTR894011688,饮料,3,3,99878,99878
`FS100984,货道31,海之言[柠檬](PET500ml),INTR039011682,饮料,4,4,99942,99942
`FS100984,货道32,海之言[柠檬](PET500ml),INTR039011682,饮料,4,4,99950,99950
`FS100984,货道33,统一茶裏王[无糖台式乌龙茶](PET420ml),INTR904011685,饮料,5,5,99995,99995
`FS100984,货道34,统一茶裏王[无糖台式乌龙茶](PET420ml),INTR904011685,饮料,5,5,99983,99983
`FS101365,货道1,怡宝火咖[意式倍醇](CAN280ml),INTR284012885,饮料,4,4,99968,99968
`FS101365,货道2,统一好料道[仙草凉茶](CAN310ml),INTR791011678,饮料,4,4,99967,99967
`FS101365,货道3,爱朵拉拿铁咖啡(CAN310ml),INTR459011637,饮料,4,4,99995,99995
`FS101365,货道4,王老吉凉茶(CAN310ml),INTR472012173,饮料,3.5,3.5,99785,99785
`FS101365,货道5,娃哈哈桂圆莲子八宝粥(CAN360ml),INTR218012884,食品,4,4,99847,99847
`FS101365,货道6,娃哈哈桂圆莲子八宝粥(CAN360ml),INTR218012884,食品,4,4,99874,99874
`FS101365,货道7,统一阿萨姆[奶茶原味](PET500ml),INTR230011689,饮料,4.5,4.5,99572,99572
`FS101365,货道8,统一阿萨姆[奶茶原味](PET500ml),INTR230011689,饮料,4.5,4.5,99657,99657
`FS101365,货道9,统一阿萨姆[奶茶原味](PET500ml),INTR230011689,饮料,4.5,4.5,99668,99668
`FS101365,货道10,统一阿萨姆[奶茶原味](PET500ml),INTR230011689,饮料,4.5,4.5,99716,99716
`FS101365,货道11,雅哈[冰咖啡](PET450ml),INTR470011686,饮料,5.5,5.5,99847,99847
`FS101365,货道13,统一绿茶[茉莉](PET500ml),INTR577011683,饮料,3,3,99776,99776
`FS101365,货道14,,,,,,0,0
`FS101365,货道15,统一绿茶[茉莉](PET500ml),INTR577011683,饮料,3,3,99906,99906
`FS101365,货道16,,,,,,0,0
`FS101365,货道17,焕神[热带水果风味]饮料(PET460ml),INTR583011691,饮料,5,5,99925,99925
`FS101365,货道19,统一冰红茶(CAN310ml),INTR115011662,饮料,2.5,2.5,99936,99936
`FS101365,货道21,雅哈[冰咖啡](PET450ml),INTR470011686,饮料,5.5,5.5,99923,99923
`FS101365,货道23,焕神[热带水果风味]饮料(PET460ml),INTR583011691,饮料,5,5,99894,99894
`FS101365,货道24,焕神[热带水果风味]饮料(PET460ml),INTR583011691,饮料,5,5,99888,99888
`FS101365,货道25,统一轻啵苏打水[柠檬味](PET500ml),INTR773011687,饮料,3.5,3.5,99956,99956
`FS101365,货道26,王老吉无糖凉茶植物饮料(PET500ml),INTR543012200,饮料,5,5,99878,99878
`FS101365,货道27,统一鲜橙多(PET450ml),INTR910011664,饮料,3.5,3.5,99912,99912
`FS101365,货道28,统一鲜橙多(PET450ml),INTR910011664,饮料,3.5,3.5,99961,99961
`FS101365,货道29,统一冰红茶[柠檬](PET500ml),INTR894011688,饮料,3,3,99877,99877
`FS101365,货道30,统一冰红茶[柠檬](PET500ml),INTR894011688,饮料,3,3,99862,99862
`FS101365,货道31,海之言[柠檬](PET500ml),INTR039011682,饮料,4,4,99966,99966
`FS101365,货道32,海之言[柠檬](PET500ml),INTR039011682,饮料,4,4,99928,99928
`FS101365,货道33,小茗同学[溜溜哒茶](PET480ml),INTR973011692,饮料,5,5,99846,99846
`FS101365,货道34,小茗同学[溜溜哒茶](PET480ml),INTR973011692,饮料,5,5,99975,99975
`FS100320,货道1,王老吉凉茶(CAN310ml),INTR472012173,饮料,3.5,3.5,99987,99987
`FS100320,货道2,王老吉凉茶(CAN310ml),INTR472012173,饮料,3.5,3.5,99963,99963
`FS100320,货道3,红牛金罐(CAN250ml),INTR442012892,饮料,6,6,99965,99965
`FS100320,货道4,统一奶茶[麦香](CAN310ml),106623,开门柜,5,4,99982,99982
`FS100320,货道5,统一奶茶[麦香](CAN310ml),106623,开门柜,5,4,99982,99982
`FS100320,货道6,统一奶茶[麦香](CAN310ml),106623,开门柜,5,4,99992,99992
`FS100320,货道7,统一阿萨姆[奶茶原味](PET500ml),INTR230011689,饮料,4.5,4.5,99919,99919
`FS100320,货道8,统一阿萨姆[奶茶原味](PET500ml),INTR230011689,饮料,4.5,4.5,99937,99937
`FS100320,货道9,统一阿萨姆[奶茶原味](PET500ml),INTR230011689,饮料,4.5,4.5,99937,99937
`FS100320,货道10,雅哈[冰咖啡](PET450ml),INTR470011686,饮料,5.5,5.5,99989,99989
`FS100320,货道11,雅哈[冰咖啡](PET450ml),INTR470011686,饮料,5.5,5.5,99983,99983
`FS100320,货道13,娃哈哈营养快线(PET500ml),INTR409012898,饮料,5,5,99919,99919
`FS100320,货道14,,,,,,0,0
`FS100320,货道15,饮养四季[金桔柠檬](PET500ml),INTR372011680,饮料,3.5,3.5,99935,99935
`FS100320,货道16,,,,,,0,0
`FS100320,货道17,海之言[柠檬](PET500ml),INTR039011682,饮料,4,4,99953,99953
`FS100320,货道19,海之言[柠檬](PET500ml),INTR039011682,饮料,4,4,99974,99974
`FS100320,货道21,ALKAQUA[饮用天然矿泉水](PET570ml),INTR997009154,矿泉水,4,4,99988,99988
`FS100320,货道23,统一阿萨姆[奶茶原味](PET500ml),INTR230011689,饮料,4.5,4.5,99942,99942
`FS100320,货道24,统一阿萨姆[奶茶原味](PET500ml),INTR230011689,饮料,4.5,4.5,99889,99889
`FS100320,货道25,统一冰红茶[柠檬](PET500ml),INTR894011688,饮料,3,3,99915,99915
`FS100320,货道26,统一冰红茶[柠檬](PET500ml),INTR894011688,饮料,3,3,99928,99928
`FS100320,货道27,统一绿茶[茉莉](PET500ml),INTR577011683,饮料,3,3,99972,99972
`FS100320,货道28,统一绿茶[茉莉](PET500ml),INTR577011683,饮料,3,3,99965,99965
`FS100320,货道29,焕神[热带水果风味]饮料(PET460ml),INTR583011691,饮料,5,5,99982,99982
`FS100320,货道30,焕神[热带水果风味]饮料(PET460ml),INTR583011691,饮料,5,5,99984,99984
`FS100320,货道31,焕神[热带水果风味]饮料(PET460ml),INTR583011691,饮料,5,5,99989,99989
`FS100320,货道32,小茗同学[溜溜哒茶](PET480ml),INTR973011692,饮料,5,5,99981,99981
`FS100320,货道33,小茗同学[溜溜哒茶](PET480ml),INTR973011692,饮料,5,5,99978,99978
`FS100320,货道34,ALKAQUA[饮用天然矿泉水](PET570ml),INTR997009154,矿泉水,4,4,99988,99988
`FS100449,货道1,怡宝火咖[意式倍醇](CAN280ml),INTR284012885,饮料,4,4,99987,99987
`FS100449,货道2,统一鲜橙多(CAN310ml),INTR767011663,饮料,3,3,99985,99985
`FS100449,货道3,娃哈哈桂圆莲子八宝粥(CAN360ml),INTR218012884,食品,4,4,99994,99994
`FS100449,货道4,娃哈哈桂圆莲子八宝粥(CAN360ml),INTR218012884,食品,4,4,99983,99983
`FS100449,货道5,统一鲜橙多(CAN310ml),INTR767011663,饮料,3,3,99985,99985
`FS100449,货道6,怡宝火咖[意式倍醇](CAN280ml),INTR284012885,饮料,4,4,99991,99991
`FS100449,货道7,娃哈哈营养快线(PET500ml),INTR409012898,饮料,5,5,99883,99883
`FS100449,货道8,统一阿萨姆[奶茶原味](PET500ml),INTR230011689,饮料,4.5,4.5,99878,99878
`FS100449,货道9,统一阿萨姆[奶茶原味](PET500ml),INTR230011689,饮料,4.5,4.5,99894,99894
`FS100449,货道10,统一阿萨姆[奶茶原味](PET500ml),INTR230011689,饮料,4.5,4.5,99912,99912
`FS100449,货道11,雅哈[冰咖啡](PET450ml),INTR470011686,饮料,5.5,5.5,99974,99974
`FS100449,货道13,雅哈[冰咖啡](PET450ml),INTR470011686,饮料,5.5,5.5,99948,99948
`FS100449,货道14,,,,,,0,0
`FS100449,货道15,统一阿萨姆[奶茶原味](PET500ml),INTR230011689,饮料,4.5,4.5,99927,99927
`FS100449,货道16,,,,,,0,0
`FS100449,货道17,统一阿萨姆[奶茶原味](PET500ml),INTR230011689,饮料,4.5,4.5,99928,99928
`FS100449,货道19,统一鲜橙多(PET450ml),INTR910011664,饮料,3.5,3.5,99857,99857
`FS100449,货道21,统一鲜橙多(PET450ml),INTR910011664,饮料,3.5,3.5,99873,99873
`FS100449,货道23,饮养四季[金桔柠檬](PET500ml),INTR372011680,饮料,3.5,3.5,99897,99897
`FS100449,货道24,饮养四季[金桔柠檬](PET500ml),INTR372011680,饮料,3.5,3.5,99888,99888
`FS100449,货道25,小茗同学[溜溜哒茶](PET480ml),INTR973011692,饮料,5,5,99969,99969
`FS100449,货道26,统一冰红茶[柠檬](PET500ml),INTR894011688,饮料,3,3,99874,99874
`FS100449,货道27,统一冰红茶[柠檬](PET500ml),INTR894011688,饮料,3,3,99870,99870
`FS100449,货道28,统一冰红茶[柠檬](PET500ml),INTR894011688,饮料,3,3,99898,99898
`FS100449,货道29,焕神[热带水果风味]饮料(PET460ml),INTR583011691,饮料,5,5,99878,99878
`FS100449,货道30,焕神[热带水果风味]饮料(PET460ml),INTR583011691,饮料,5,5,99888,99888
`FS100449,货道31,焕神[热带水果风味]饮料(PET460ml),INTR583011691,饮料,5,5,99901,99901
`FS100449,货道32,统一绿茶[茉莉](PET500ml),INTR577011683,饮料,3,3,99938,99938
`FS100449,货道33,统一绿茶[茉莉](PET500ml),INTR577011683,饮料,3,3,99934,99934
`FS100449,货道34,统一绿茶[茉莉](PET500ml),INTR577011683,饮料,3,3,99942,99942
`FS100231,货道1,优好滋荔枝爽310ml,INTR860012104,饮料,2.5,3,99990,99990
`FS100231,货道2,王老吉凉茶(CAN310ml),INTR472012173,饮料,3.5,3.5,99904,99904
`FS100231,货道3,统一鲜橙多(CAN310ml),INTR767011663,饮料,3,3,99962,99962
`FS100231,货道4,娃哈哈桂圆莲子八宝粥(CAN360ml),INTR218012884,食品,4,4,99807,99807
`FS100231,货道5,优好滋荔枝爽310ml,INTR860012104,饮料,2.5,3,99993,99993
`FS100231,货道6,统一冰红茶(CAN310ml),INTR115011662,饮料,2.5,2.5,99979,99979
`FS100231,货道7,统一阿萨姆[奶茶原味](PET500ml),INTR230011689,饮料,4.5,4.5,99305,99305
`FS100231,货道8,统一阿萨姆[奶茶原味](PET500ml),INTR230011689,饮料,4.5,4.5,99291,99291
`FS100231,货道9,统一阿萨姆[奶茶原味](PET500ml),INTR230011689,饮料,4.5,4.5,99397,99397
`FS100231,货道10,雅哈[冰咖啡](PET450ml),INTR470011686,饮料,5.5,5.5,99452,99452
`FS100231,货道11,雅哈[冰咖啡](PET450ml),INTR470011686,饮料,5.5,5.5,99530,99530
`FS100231,货道12,,,,,,0,0
`FS100231,货道13,可口可乐[自购版](PET500ml),INTR724012203,饮料,3.5,3.5,99678,99678
`FS100231,货道14,,,,,,0,0
`FS100231,货道15,可口可乐[自购版](PET500ml),INTR724012203,饮料,3.5,3.5,99569,99569
`FS100231,货道16,,,,,,0,0
`FS100231,货道17,雪碧[自购版](CAN330ml),INTR685011636,饮料,3,3,99969,99969
`FS100231,货道18,,,,,,0,0
`FS100231,货道19,雪碧[自购版](CAN330ml),INTR685011636,饮料,3,3,99985,99985
`FS100231,货道20,,,,,,0,0
`FS100231,货道21,统一茶裏王[无糖台式乌龙茶](PET420ml),INTR904011685,饮料,5,5,99951,99951
`FS100231,货道22,,,,,,0,0
`FS100231,货道23,焕神[热带水果风味]饮料(PET460ml),INTR583011691,饮料,5,5,99698,99698
`FS100231,货道24,焕神[热带水果风味]饮料(PET460ml),INTR583011691,饮料,5,5,99709,99709
`FS100231,货道25,饮养四季[金桔柠檬](PET500ml),INTR372011680,饮料,3.5,3.5,99829,99829
`FS100231,货道26,雅哈[冰咖啡](PET450ml),INTR470011686,饮料,5.5,5.5,99577,99577
`FS100231,货道27,统一鲜橙多(PET450ml),INTR910011664,饮料,3.5,3.5,99799,99799
`FS100231,货道28,统一鲜橙多(PET450ml),INTR910011664,饮料,3.5,3.5,9816,9816
`FS100231,货道29,统一冰红茶[柠檬](PET500ml),INTR894011688,饮料,3,3,99897,99897
`FS100231,货道30,统一冰红茶[柠檬](PET500ml),INTR894011688,饮料,3,3,99969,99969
`FS100231,货道31,小茗同学[溜溜哒茶](PET480ml),INTR973011692,饮料,5,5,99919,99919
`FS100231,货道32,小茗同学[溜溜哒茶](PET480ml),INTR973011692,饮料,5,5,99899,99899
`FS100231,货道33,海之言[柠檬](PET500ml),INTR039011682,饮料,4,4,99818,99818
`FS100231,货道34,海之言[柠檬](PET500ml),INTR039011682,饮料,4,4,99863,99863
`FS101324,货道1,统一冰红茶(CAN310ml),INTR115011662,饮料,2.5,2.5,99996,99996
`FS101324,货道2,统一冰红茶(CAN310ml),INTR115011662,饮料,2.5,2.5,99989,99989
`FS101324,货道3,雪碧[自购版](CAN330ml),INTR685011636,饮料,3,3,99982,99982
`FS101324,货道4,雪碧[自购版](CAN330ml),INTR685011636,饮料,3,3,99980,99980
`FS101324,货道5,统一鲜橙多(CAN310ml),INTR767011663,饮料,3,3,99979,99979
`FS101324,货道6,统一鲜橙多(CAN310ml),INTR767011663,饮料,3,3,99973,99973
`FS101324,货道7,娃哈哈葡萄汁(PET500ml),INTR106013579,饮料,3,3.5,99922,99922
`FS101324,货道8,娃哈哈葡萄汁(PET500ml),INTR106013579,饮料,3,3.5,99947,99947
`FS101324,货道9,娃哈哈葡萄汁(PET500ml),INTR106013579,饮料,3,3.5,99934,99934
`FS101324,货道10,海之言[柠檬](PET500ml),INTR039011682,饮料,4,4,99991,99991
`FS101324,货道11,海之言[柠檬](PET500ml),INTR039011682,饮料,4,4,99975,99975
`FS101324,货道13,可口可乐[自购版](PET500ml),INTR724012203,饮料,3.5,3.5,99881,99881
`FS101324,货道14,,,,,,0,0
`FS101324,货道15,可口可乐[自购版](PET500ml),INTR724012203,饮料,3.5,3.5,99893,99893
`FS101324,货道16,,,,,,0,0
`FS101324,货道17,可口可乐[自购版](PET500ml),INTR724012203,饮料,3.5,3.5,99890,99890
`FS101324,货道19,统一鲜橙多(PET450ml),INTR910011664,饮料,3.5,3.5,99934,99934
`FS101324,货道21,统一鲜橙多(PET450ml),INTR910011664,饮料,3.5,3.5,99881,99881
`FS101324,货道23,统一绿茶[茉莉](PET500ml),INTR577011683,饮料,3,3,99974,99974
`FS101324,货道24,统一绿茶[茉莉](PET500ml),INTR577011683,饮料,3,3,99967,99967
`FS101324,货道25,统一绿茶[茉莉](PET500ml),INTR577011683,饮料,3,3,99966,99966
`FS101324,货道26,焕神[热带水果风味]饮料(PET460ml),INTR583011691,饮料,5,5,99966,99966
`FS101324,货道27,统一轻啵苏打水[柠檬味](PET500ml),INTR773011687,饮料,3.5,3.5,99994,99994
`FS101324,货道28,统一轻啵苏打水[柠檬味](PET500ml),INTR773011687,饮料,3.5,3.5,99985,99985
`FS101324,货道29,小茗同学[青柠红茶](PET480ml),INTR297011693,饮料,5,5,99975,99975
`FS101324,货道30,统一冰红茶[柠檬](PET500ml),INTR894011688,饮料,3,3,99935,99935
`FS101324,货道31,统一冰红茶[柠檬](PET500ml),INTR894011688,饮料,3,3,99951,99951
`FS101324,货道32,怡宝[纯净水](PET555ml),INTR128012109,矿泉水,2,2,99964,99964
`FS101324,货道33,怡宝[纯净水](PET555ml),INTR128012109,矿泉水,2,2,99946,99946
`FS101324,货道34,怡宝[纯净水](PET555ml),INTR128012109,矿泉水,2,2,99959,99959
`FS100158,货道1,统一冰红茶(CAN310ml),INTR115011662,饮料,2.5,2.5,99944,99944
`FS100158,货道2,统一冰红茶(CAN310ml),INTR115011662,饮料,2.5,2.5,99885,99885
`FS100158,货道3,雪碧[自购版](CAN330ml),INTR685011636,饮料,3,3,99809,99809
`FS100158,货道4,,,,,4,30,30
`FS100158,货道5,统一鲜橙多(CAN310ml),INTR767011663,饮料,3,3,99946,99946
`FS100158,货道6,统一鲜橙多(CAN310ml),INTR767011663,饮料,3,3,99964,99964
`FS100158,货道7,娃哈哈葡萄汁(PET500ml),INTR106013579,饮料,3,3.5,99781,99781
`FS100158,货道8,娃哈哈葡萄汁(PET500ml),INTR106013579,饮料,3,3.5,99777,99777
`FS100158,货道9,娃哈哈葡萄汁(PET500ml),INTR106013579,饮料,3,3.5,99793,99793
`FS100158,货道10,海之言[柠檬](PET500ml),INTR039011682,饮料,4,4,99863,99863
`FS100158,货道11,海之言[柠檬](PET500ml),INTR039011682,饮料,4,4,99813,99813
`FS100158,货道13,可口可乐[自购版](PET500ml),INTR724012203,饮料,3.5,3.5,99587,99587
`FS100158,货道14,,,,,3.5,0,0
`FS100158,货道15,可口可乐[自购版](PET500ml),INTR724012203,饮料,3.5,3.5,99662,99662
`FS100158,货道16,,,,,3.5,0,0
`FS100158,货道17,可口可乐[自购版](PET500ml),INTR724012203,饮料,3.5,3.5,99795,99795
`FS100158,货道19,农夫山泉力量帝维他命水(PET500ml),INTR911012108,饮料,5,5,99926,99926
`FS100158,货道21,农夫山泉力量帝维他命水(PET500ml),INTR911012108,饮料,5,5,99890,99890
`FS100158,货道23,统一冰红茶[柠檬](PET500ml),INTR894011688,饮料,3,3,99740,99740
`FS100158,货道24,统一冰红茶[柠檬](PET500ml),INTR894011688,饮料,3,3,99674,99674
`FS100158,货道25,统一鲜橙多(PET450ml),INTR910011664,饮料,3.5,3.5,99794,99794
`FS100158,货道26,统一鲜橙多(PET450ml),INTR910011664,饮料,3.5,3.5,99655,99655
`FS100158,货道27,统一绿茶[茉莉](PET500ml),INTR577011683,饮料,3,3,99839,99839
`FS100158,货道28,统一绿茶[茉莉](PET500ml),INTR577011683,饮料,3,3,99859,99859
`FS100158,货道29,小茗同学[青柠红茶](PET480ml),INTR297011693,饮料,5,5,99934,99934
`FS100158,货道30,小茗同学[青柠红茶](PET480ml),INTR297011693,饮料,5,5,99941,99941
`FS100158,货道31,ALKAQUA[饮用天然矿泉水](PET570ml),INTR997009154,矿泉水,4,4,99906,99906
`FS100158,货道32,统一轻啵苏打水[柠檬味](PET500ml),INTR773011687,饮料,3.5,3.5,99882,99882
`FS100158,货道33,焕神[热带水果风味]饮料(PET460ml),INTR583011691,饮料,5,5,99948,99948
`FS100158,货道34,焕神[热带水果风味]饮料(PET460ml),INTR583011691,饮料,5,5,99956,99956
`FS100153,货道1,王老吉凉茶(CAN310ml),INTR472012173,饮料,3.5,3.5,99934,99934
`FS100153,货道2,王老吉凉茶(CAN310ml),INTR472012173,饮料,3.5,3.5,99937,99937
`FS100153,货道3,统一鲜橙多(CAN310ml),INTR767011663,饮料,3,3,99934,99934
`FS100153,货道4,统一鲜橙多(CAN310ml),INTR767011663,饮料,3,3,99964,99964
`FS100153,货道5,娃哈哈桂圆莲子八宝粥(CAN360ml),INTR218012884,食品,4,4,99963,99963
`FS100153,货道6,娃哈哈桂圆莲子八宝粥(CAN360ml),INTR218012884,食品,4,4,99964,99964
`FS100153,货道7,统一阿萨姆[奶茶原味](PET500ml),INTR230011689,饮料,4.5,4.5,99889,99889
`FS100153,货道8,统一阿萨姆[奶茶原味](PET500ml),INTR230011689,饮料,4.5,4.5,99842,99842
`FS100153,货道9,统一阿萨姆[奶茶原味](PET500ml),INTR230011689,饮料,4.5,4.5,99842,99842
`FS100153,货道10,雅哈[冰咖啡](PET450ml),INTR470011686,饮料,5.5,5.5,99942,99942
`FS100153,货道11,雅哈[冰咖啡](PET450ml),INTR470011686,饮料,5.5,5.5,99943,99943
`FS100153,货道13,可口可乐[自购版](PET500ml),INTR724012203,饮料,3.5,3.5,99818,99818
`FS100153,货道14,,,,,,0,0
`FS100153,货道15,可口可乐[自购版](PET500ml),INTR724012203,饮料,3.5,3.5,99823,99823
`FS100153,货道16,,,,,,0,0
`FS100153,货道19,统一鲜橙多(PET450ml),INTR910011664,饮料,3.5,3.5,99985,99985
`FS100153,货道21,统一鲜橙多(PET450ml),INTR910011664,饮料,3.5,3.5,99990,99990
`FS100153,货道23,统一绿茶[茉莉](PET500ml),INTR577011683,饮料,3,3,99849,99849
`FS100153,货道24,统一绿茶[茉莉](PET500ml),INTR577011683,饮料,3,3,99879,99879
`FS100153,货道25,焕神[热带水果风味]饮料(PET460ml),INTR583011691,饮料,5,5,99856,99856
`FS100153,货道26,焕神[热带水果风味]饮料(PET460ml),INTR583011691,饮料,5,5,99868,99868
`FS100153,货道27,农夫山泉(PET550ml),INTR993012106,矿泉水,2,2,99899,99899
`FS100153,货道28,农夫山泉(PET550ml),INTR993012106,矿泉水,2,2,99906,99906
`FS100153,货道29,小茗同学[溜溜哒茶](PET480ml),INTR973011692,饮料,5,5,99912,99912
`FS100153,货道30,小茗同学[溜溜哒茶](PET480ml),INTR973011692,饮料,5,5,99909,99909
`FS100153,货道31,小茗同学[溜溜哒茶](PET480ml),INTR973011692,饮料,5,5,99927,99927
`FS100153,货道32,海之言[柠檬](PET500ml),INTR039011682,饮料,4,4,99938,99938
`FS100153,货道33,海之言[柠檬](PET500ml),INTR039011682,饮料,4,4,99949,99949
`FS100153,货道34,海之言[柠檬](PET500ml),INTR039011682,饮料,4,4,99944,99944
`FS100605,货道1,爱朵拉拿铁咖啡(CAN310ml),INTR459011637,饮料,4,4,99940,99940
`FS100605,货道2,爱朵拉拿铁咖啡(CAN310ml),INTR459011637,饮料,4,4,99941,99941
`FS100605,货道3,统一奶茶[麦香](CAN310ml),106623,开门柜,5,5,99980,99980
`FS100605,货道4,统一奶茶[麦香](CAN310ml),106623,开门柜,5,5,99985,99985
`FS100605,货道5,优好滋荔枝爽310ml,INTR860012104,饮料,2.5,3,99994,99994
`FS100605,货道6,爱朵拉拿铁咖啡(CAN310ml),INTR459011637,饮料,4,4,99967,99967
`FS100605,货道7,雅哈[冰咖啡](PET450ml),INTR470011686,饮料,5.5,5.5,99952,99952
`FS100605,货道8,雅哈[冰咖啡](PET450ml),INTR470011686,饮料,5.5,5.5,99911,99911
`FS100605,货道9,统一阿萨姆[奶茶原味](PET500ml),INTR230011689,饮料,4.5,4.5,99948,99948
`FS100605,货道10,统一阿萨姆[奶茶原味](PET500ml),INTR230011689,饮料,4.5,4.5,99918,99918
`FS100605,货道11,优好滋荔枝爽310ml,INTR860012104,饮料,2.5,3,99989,99989
`FS100605,货道13,焕神[热带水果风味]饮料(PET460ml),INTR583011691,饮料,5,5,99974,99974
`FS100605,货道14,,,,,,0,0
`FS100605,货道15,焕神[热带水果风味]饮料(PET460ml),INTR583011691,饮料,5,5,99946,99946
`FS100605,货道16,,,,,,0,0
`FS100605,货道17,统一轻啵苏打水[柠檬味](PET500ml),INTR773011687,饮料,3.5,3.5,99989,99989
`FS100605,货道19,娃哈哈营养快线(PET500ml),INTR409012898,饮料,5,5,99979,99979
`FS100605,货道21,娃哈哈AD钙(PET450ml),INTR263012498,饮料,4.5,4.5,99976,99976
`FS100605,货道23,统一鲜橙多(PET450ml),INTR910011664,饮料,3.5,3.5,99953,99953
`FS100605,货道24,统一鲜橙多(PET450ml),INTR910011664,饮料,3.5,3.5,99948,99948
`FS100605,货道25,统一鲜橙多(PET450ml),INTR910011664,饮料,3.5,3.5,99936,99936
`FS100605,货道26,统一绿茶[茉莉](PET500ml),INTR577011683,饮料,3,3,99934,99934
`FS100605,货道27,小茗同学[溜溜哒茶](PET480ml),INTR973011692,饮料,5,5,99968,99968
`FS100605,货道28,乐源小青柠复合果汁饮料,INTR119010827,饮料,5,4,99981,99981
`FS100605,货道29,统一冰红茶[柠檬](PET500ml),INTR894011688,饮料,3,3,99934,99934
`FS100605,货道30,农夫山泉(PET550ml),INTR993012106,矿泉水,2,2,99942,99942
`FS100605,货道31,统一冰红茶[柠檬](PET500ml),INTR894011688,饮料,3,3,99915,99915
`FS100605,货道32,统一绿茶[茉莉](PET500ml),INTR577011683,饮料,3,3,99958,99958
`FS100605,货道33,小茗同学[溜溜哒茶](PET480ml),INTR973011692,饮料,5,5,99961,99961
`FS100605,货道34,ALKAQUA[饮用天然矿泉水](PET570ml),INTR495012438,矿泉水,4,4,99981,99981
`FS100275,货道1,爱朵拉拿铁咖啡(CAN310ml),INTR459011637,饮料,4,4,99964,99964
`FS100275,货道2,爱朵拉拿铁咖啡(CAN310ml),INTR459011637,饮料,4,4,99967,99967
`FS100275,货道3,王老吉凉茶(CAN310ml),INTR472012173,饮料,3.5,3.5,99971,99971
`FS100275,货道4,怡宝火咖[意式倍醇](CAN280ml),INTR284012885,饮料,4,4,99976,99976
`FS100275,货道5,怡宝火咖[意式倍醇](CAN280ml),INTR284012885,饮料,4,4,99984,99984
`FS100275,货道6,娃哈哈桂圆莲子八宝粥(CAN360ml),INTR218012884,食品,4,4,99984,99984
`FS100275,货道7,统一阿萨姆[奶茶原味](PET500ml),INTR230011689,饮料,4.5,4.5,99930,99930
`FS100275,货道8,统一阿萨姆[奶茶原味](PET500ml),INTR230011689,饮料,4.5,4.5,99927,99927
`FS100275,货道9,统一阿萨姆[奶茶原味](PET500ml),INTR230011689,饮料,4.5,4.5,99938,99938
`FS100275,货道10,雅哈[冰咖啡](PET450ml),INTR470011686,饮料,5.5,5.5,99978,99978
`FS100275,货道11,雅哈[冰咖啡](PET450ml),INTR470011686,饮料,5.5,5.5,99975,99975
`FS100275,货道13,统一鲜橙多(PET450ml),INTR910011664,饮料,3.5,3.5,99928,99928
`FS100275,货道14,,,,,,0,0
`FS100275,货道15,统一鲜橙多(PET450ml),INTR910011664,饮料,3.5,3.5,99964,99964
`FS100275,货道16,,,,,,0,0
`FS100275,货道17,娃哈哈营养快线(PET500ml),INTR409012898,饮料,5,5,99966,99966
`FS100275,货道19,娃哈哈营养快线(PET500ml),INTR409012898,饮料,5,5,99969,99969
`FS100275,货道21,雅哈[冰咖啡](PET450ml),INTR470011686,饮料,5.5,5.5,99987,99987
`FS100275,货道23,焕神[热带水果风味]饮料(PET460ml),INTR583011691,饮料,5,5,99961,99961
`FS100275,货道24,焕神[热带水果风味]饮料(PET460ml),INTR583011691,饮料,5,5,99958,99958
`FS100275,货道25,统一绿茶[茉莉](PET500ml),INTR577011683,饮料,3,3,99966,99966
`FS100275,货道26,统一绿茶[茉莉](PET500ml),INTR577011683,饮料,3,3,99962,99962
`FS100275,货道27,饮养四季[金桔柠檬](PET500ml),INTR372011680,饮料,3.5,3.5,99962,99962
`FS100275,货道28,小茗同学[溜溜哒茶](PET480ml),INTR973011692,饮料,5,5,99980,99980
`FS100275,货道29,小茗同学[溜溜哒茶](PET480ml),INTR973011692,饮料,5,5,99978,99978
`FS100275,货道30,小茗同学[溜溜哒茶](PET480ml),INTR973011692,饮料,5,5,99988,99988
`FS100275,货道31,海之言[柠檬](PET500ml),INTR039011682,饮料,4,4,99962,99962
`FS100275,货道32,海之言[柠檬](PET500ml),INTR039011682,饮料,4,4,99963,99963
`FS100275,货道33,统一冰红茶[柠檬](PET500ml),INTR894011688,饮料,3,3,99943,99943
`FS100275,货道34,统一冰红茶[柠檬](PET500ml),INTR894011688,饮料,3,3,99955,99955
`FS101379,货道1,红牛金罐(CAN250ml),INTR442012892,饮料,6,6,99998,99998
`FS101379,货道2,统一鲜橙多(CAN310ml),INTR767011663,饮料,3,3,99999,99999
`FS101379,货道3,可口可乐[自购版](CAN330ml),INTR121011635,饮料,3,3,99998,99998
`FS101379,货道4,可口可乐[自购版](CAN330ml),INTR121011635,饮料,3,3,99999,99999
`FS101379,货道5,统一冰红茶(CAN310ml),INTR115011662,饮料,2.5,2.5,99999,99999
`FS101379,货道6,统一好料道[仙草凉茶](CAN310ml),INTR791011678,饮料,4,4,99999,99999
`FS101379,货道7,小茗同学[溜溜哒茶](PET480ml),INTR973011692,饮料,5,5,99999,99999
`FS101379,货道8,可口可乐[自购版](PET500ml),INTR724012203,饮料,3.5,3.5,99999,99999
`FS101379,货道9,ALKAQUA[饮用天然矿泉水](PET570ml),INTR997009154,矿泉水,4,4,99999,99999
`FS101379,货道10,ALKAQUA[饮用天然矿泉水](PET570ml),INTR997009154,矿泉水,4,4,99999,99999
`FS101379,货道11,ALKAQUA[饮用天然矿泉水](PET570ml),INTR997009154,矿泉水,4,4,99999,99999
`FS101379,货道12,,,,,,0,0
`FS101379,货道13,统一绿茶[茉莉](PET500ml),INTR577011683,饮料,3,3,99999,99999
`FS101379,货道14,,,,,,0,0
`FS101379,货道15,ALKAQUA[饮用天然矿泉水](PET570ml),INTR997009154,矿泉水,4,4,99999,99999
`FS101379,货道16,,,,,,0,0
`FS101379,货道17,饮养四季[金桔柠檬](PET500ml),INTR372011680,饮料,3.5,3.5,99999,99999
`FS101379,货道18,,,,,,0,0
`FS101379,货道19,ALKAQUA[饮用天然矿泉水](PET570ml),INTR997009154,矿泉水,4,4,99999,99999
`FS101379,货道20,,,,,,0,0
`FS101379,货道21,统一轻啵苏打水[柠檬味](PET500ml),INTR773011687,饮料,3.5,3.5,99999,99999
`FS101379,货道22,,,,,,0,0
`FS101379,货道23,焕神[热带水果风味]饮料(PET460ml),INTR583011691,饮料,5,5,99999,99999
`FS101379,货道24,统一阿萨姆[奶茶原味](PET500ml),INTR230011689,饮料,4.5,4.5,99999,99999
`FS101379,货道25,统一阿萨姆[奶茶原味](PET500ml),INTR230011689,饮料,4.5,4.5,99999,99999
`FS101379,货道26,ALKAQUA[饮用天然矿泉水](PET570ml),INTR997009154,矿泉水,4,4,99999,99999
`FS101379,货道27,ALKAQUA[饮用天然矿泉水](PET570ml),INTR997009154,矿泉水,4,4,99999,99999
`FS101379,货道28,小茗同学[溜溜哒茶](PET480ml),INTR973011692,饮料,5,5,99999,99999
`FS101379,货道29,统一冰红茶[柠檬](PET500ml),INTR894011688,饮料,3,3,99999,99999
`FS101379,货道30,ALKAQUA[饮用天然矿泉水](PET570ml),INTR997009154,矿泉水,4,4,99999,99999
`FS101379,货道31,ALKAQUA[饮用天然矿泉水](PET570ml),INTR997009154,矿泉水,4,4,99999,99999
`FS101379,货道32,统一鲜橙多(PET450ml),INTR910011664,饮料,3.5,3.5,99998,99998
`FS101379,货道33,雅哈[冰咖啡](PET450ml),INTR470011686,饮料,5.5,5.5,99999,99999
`FS101379,货道34,小茗同学[溜溜哒茶](PET480ml),INTR973011692,饮料,5,5,99999,99999
`FS100318,货道1,统一奶茶[麦香](CAN310ml),106623,开门柜,5,4,99999,99999
`FS100318,货道2,爱朵拉拿铁咖啡(CAN310ml),INTR459011637,饮料,4,4,99997,99997
`FS100318,货道3,怡宝火咖[意式倍醇](CAN280ml),INTR284012885,饮料,4,4,99997,99997
`FS100318,货道4,王老吉凉茶(CAN310ml),INTR472012173,饮料,3.5,3.5,99998,99998
`FS100318,货道5,王老吉凉茶(CAN310ml),INTR472012173,饮料,3.5,3.5,99998,99998
`FS100318,货道6,爱朵拉拿铁咖啡(CAN310ml),INTR459011637,饮料,4,4,99999,99999
`FS100318,货道7,统一阿萨姆[奶茶原味](PET500ml),INTR230011689,饮料,4.5,4.5,99993,99993
`FS100318,货道8,统一阿萨姆[奶茶原味](PET500ml),INTR230011689,饮料,4.5,4.5,99988,99988
`FS100318,货道9,统一阿萨姆[奶茶原味](PET500ml),INTR230011689,饮料,4.5,4.5,99997,99997
`FS100318,货道10,雅哈[冰咖啡](PET450ml),INTR470011686,饮料,5.5,5.5,99992,99992
`FS100318,货道11,雅哈[冰咖啡](PET450ml),INTR470011686,饮料,5.5,5.5,99996,99996
`FS100318,货道13,可口可乐[自购版](PET500ml),INTR724012203,饮料,3.5,3.5,99995,99995
`FS100318,货道14,,,,,,0,0
`FS100318,货道15,可口可乐[自购版](PET500ml),INTR724012203,饮料,3.5,3.5,99998,99998
`FS100318,货道16,,,,,,0,0
`FS100318,货道17,脉动[青柠味](PET600ml),INTR924012868,饮料,4,4,99999,99999
`FS100318,货道19,小茗同学[溜溜哒茶](PET480ml),INTR973011692,饮料,5,5,99989,99989
`FS100318,货道21,农夫山泉(PET550ml),INTR993012106,矿泉水,2,2,99996,99996
`FS100318,货道23,统一鲜橙多(PET450ml),INTR910011664,饮料,3.5,3.5,99999,99999
`FS100318,货道24,统一鲜橙多(PET450ml),INTR910011664,饮料,3.5,3.5,99996,99996
`FS100318,货道25,统一鲜橙多(PET450ml),INTR910011664,饮料,3.5,3.5,99998,99998
`FS100318,货道26,小茗同学[溜溜哒茶](PET480ml),INTR973011692,饮料,5,5,99988,99988
`FS100318,货道27,海之言[柠檬](PET500ml),INTR039011682,饮料,4,4,99983,99983
`FS100318,货道28,焕神[热带水果风味]饮料(PET460ml),INTR583011691,饮料,5,5,99990,99990
`FS100318,货道29,焕神[热带水果风味]饮料(PET460ml),INTR583011691,饮料,5,5,99997,99997
`FS100318,货道30,娃哈哈AD钙(PET450ml),INTR263012498,饮料,4.5,4.5,99990,99990
`FS100318,货道31,统一冰红茶[柠檬](PET500ml),INTR894011688,饮料,3,3,99993,99993
`FS100318,货道32,小茗同学[溜溜哒茶](PET480ml),INTR973011692,饮料,5,5,99999,99999
`FS100318,货道33,海之言[柠檬](PET500ml),INTR039011682,饮料,4,4,99988,99988
`FS100318,货道34,雅哈[冰咖啡](PET450ml),INTR470011686,饮料,5.5,5.5,99999,99999
`FS100265,货道1,统一冰红茶(CAN310ml),INTR115011662,饮料,2.5,2.5,99998,99998
`FS100265,货道2,统一冰红茶(CAN310ml),INTR115011662,饮料,2.5,2.5,99999,99999
`FS100265,货道3,雪碧[自购版](CAN330ml),INTR685011636,饮料,3,3,99992,99992
`FS100265,货道4,雪碧[自购版](CAN330ml),INTR685011636,饮料,3,3,99998,99998
`FS100265,货道5,统一鲜橙多(CAN310ml),INTR767011663,饮料,3,3,99999,99999
`FS100265,货道6,统一鲜橙多(CAN310ml),INTR767011663,饮料,3,3,99998,99998
`FS100265,货道7,统一鲜橙多(PET450ml),INTR910011664,饮料,3.5,3.5,99996,99996
`FS100265,货道8,统一鲜橙多(PET450ml),INTR910011664,饮料,3.5,3.5,99997,99997
`FS100265,货道9,统一鲜橙多(PET450ml),INTR910011664,饮料,3.5,3.5,99994,99994
`FS100265,货道10,海之言[柠檬](PET500ml),INTR039011682,饮料,4,4,99998,99998
`FS100265,货道11,海之言[柠檬](PET500ml),INTR039011682,饮料,4,4,99996,99996
`FS100265,货道13,可口可乐[自购版](PET500ml),INTR724012203,饮料,3.5,3.5,99991,99991
`FS100265,货道14,,,,,,0,0
`FS100265,货道15,可口可乐[自购版](PET500ml),INTR724012203,饮料,3.5,3.5,99986,99986
`FS100265,货道16,,,,,,0,0
`FS100265,货道17,可口可乐[自购版](PET500ml),INTR724012203,饮料,3.5,3.5,99990,99990
`FS100265,货道19,统一鲜橙多(PET450ml),INTR910011664,饮料,3.5,3.5,99991,99991
`FS100265,货道21,统一鲜橙多(PET450ml),INTR910011664,饮料,3.5,3.5,99999,99999
`FS100265,货道23,统一绿茶[茉莉](PET500ml),INTR577011683,饮料,3,3,99995,99995
`FS100265,货道24,统一绿茶[茉莉](PET500ml),INTR577011683,饮料,3,3,99996,99996
`FS100265,货道25,统一绿茶[茉莉](PET500ml),INTR577011683,饮料,3,3,99991,99991
`FS100265,货道26,焕神[热带水果风味]饮料(PET460ml),INTR583011691,饮料,5,5,99991,99991
`FS100265,货道27,统一轻啵苏打水[柠檬味](PET500ml),INTR773011687,饮料,3.5,3.5,99999,99999
`FS100265,货道28,统一轻啵苏打水[柠檬味](PET500ml),INTR773011687,饮料,3.5,3.5,99996,99996
`FS100265,货道29,小茗同学[青柠红茶](PET480ml),INTR297011693,饮料,5,5,99994,99994
`FS100265,货道30,统一冰红茶[柠檬](PET500ml),INTR894011688,饮料,3,3,99992,99992
`FS100265,货道31,统一冰红茶[柠檬](PET500ml),INTR894011688,饮料,3,3,99993,99993
`FS100265,货道32,怡宝[纯净水](PET555ml),INTR128012109,矿泉水,2,2,99996,99996
`FS100265,货道33,怡宝[纯净水](PET555ml),INTR128012109,矿泉水,2,2,99997,99997
`FS100265,货道34,怡宝[纯净水](PET555ml),INTR128012109,矿泉水,2,2,99992,99992
`FS100295,货道1,统一冰红茶(CAN310ml),INTR115011662,饮料,2.5,2.5,99994,99994
`FS100295,货道2,统一冰红茶(CAN310ml),INTR115011662,饮料,2.5,2.5,99993,99993
`FS100295,货道3,雪碧[自购版](CAN330ml),INTR685011636,饮料,3,3,99996,99996
`FS100295,货道4,雪碧[自购版](CAN330ml),INTR685011636,饮料,3,3,99997,99997
`FS100295,货道5,统一鲜橙多(CAN310ml),INTR767011663,饮料,3,3,99989,99989
`FS100295,货道6,统一鲜橙多(CAN310ml),INTR767011663,饮料,3,3,99992,99992
`FS100295,货道7,统一鲜橙多(PET450ml),INTR910011664,饮料,3.5,3.5,99986,99986
`FS100295,货道8,统一鲜橙多(PET450ml),INTR910011664,饮料,3.5,3.5,99982,99982
`FS100295,货道9,统一鲜橙多(PET450ml),INTR910011664,饮料,3.5,3.5,99988,99988
`FS100295,货道10,海之言[柠檬](PET500ml),INTR039011682,饮料,4,4,99999,99999
`FS100295,货道11,海之言[柠檬](PET500ml),INTR039011682,饮料,4,4,99992,99992
`FS100295,货道13,可口可乐[自购版](PET500ml),INTR724012203,饮料,3.5,3.5,99960,99960
`FS100295,货道14,,,,,,0,0
`FS100295,货道15,可口可乐[自购版](PET500ml),INTR724012203,饮料,3.5,3.5,99959,99959
`FS100295,货道16,,,,,,0,0
`FS100295,货道17,可口可乐[自购版](PET500ml),INTR724012203,饮料,3.5,3.5,99970,99970
`FS100295,货道19,统一鲜橙多(PET450ml),INTR910011664,饮料,3.5,3.5,99980,99980
`FS100295,货道21,统一鲜橙多(PET450ml),INTR910011664,饮料,3.5,3.5,99978,99978
`FS100295,货道23,统一绿茶[茉莉](PET500ml),INTR577011683,饮料,3,3,99983,99983
`FS100295,货道24,统一绿茶[茉莉](PET500ml),INTR577011683,饮料,3,3,99979,99979
`FS100295,货道25,统一绿茶[茉莉](PET500ml),INTR577011683,饮料,3,3,99977,99977
`FS100295,货道26,焕神[热带水果风味]饮料(PET460ml),INTR583011691,饮料,5,5,99981,99981
`FS100295,货道27,统一轻啵苏打水[柠檬味](PET500ml),INTR773011687,饮料,3.5,3.5,99998,99998
`FS100295,货道28,统一轻啵苏打水[柠檬味](PET500ml),INTR773011687,饮料,3.5,3.5,99998,99998
`FS100295,货道29,小茗同学[青柠红茶](PET480ml),INTR297011693,饮料,5,5,99997,99997
`FS100295,货道30,统一冰红茶[柠檬](PET500ml),INTR894011688,饮料,3,3,99976,99976
`FS100295,货道31,统一冰红茶[柠檬](PET500ml),INTR894011688,饮料,3,3,99976,99976
`FS100295,货道32,怡宝[纯净水](PET555ml),INTR128012109,矿泉水,2,2,99983,99983
`FS100295,货道33,怡宝[纯净水](PET555ml),INTR128012109,矿泉水,2,2,99984,99984
`FS100295,货道34,怡宝[纯净水](PET555ml),INTR128012109,矿泉水,2,2,99987,99987
`FS100174,货道1,统一冰红茶(CAN310ml),INTR115011662,饮料,2.5,2.5,99975,99975
`FS100174,货道2,统一冰红茶(CAN310ml),INTR115011662,饮料,2.5,2.5,99976,99976
`FS100174,货道3,雪碧[自购版](CAN330ml),INTR685011636,饮料,3,3,99987,99987
`FS100174,货道4,雪碧[自购版](CAN330ml),INTR685011636,饮料,3,3,99980,99980
`FS100174,货道5,统一鲜橙多(CAN310ml),INTR767011663,饮料,3,3,99975,99975
`FS100174,货道6,统一鲜橙多(CAN310ml),INTR767011663,饮料,3,3,99970,99970
`FS100174,货道7,统一鲜橙多(PET450ml),INTR910011664,饮料,3.5,3.5,99962,99962
`FS100174,货道8,统一鲜橙多(PET450ml),INTR910011664,饮料,3.5,3.5,99973,99973
`FS100174,货道9,统一鲜橙多(PET450ml),INTR910011664,饮料,3.5,3.5,99999,99999
`FS100174,货道10,海之言[柠檬](PET500ml),INTR039011682,饮料,4,4,99980,99980
`FS100174,货道11,海之言[柠檬](PET500ml),INTR039011682,饮料,4,4,99972,99972
`FS100174,货道13,可口可乐[自购版](PET500ml),INTR724012203,饮料,3.5,3.5,99878,99878
`FS100174,货道14,,,,,,0,0
`FS100174,货道15,可口可乐[自购版](PET500ml),INTR724012203,饮料,3.5,3.5,99883,99883
`FS100174,货道16,,,,,,0,0
`FS100174,货道17,可口可乐[自购版](PET500ml),INTR724012203,饮料,3.5,3.5,99903,99903
`FS100174,货道19,统一鲜橙多(PET450ml),INTR910011664,饮料,3.5,3.5,99917,99917
`FS100174,货道21,统一鲜橙多(PET450ml),INTR910011664,饮料,3.5,3.5,99921,99921
`FS100174,货道23,统一绿茶[茉莉](PET500ml),INTR577011683,饮料,3,3,99958,99958
`FS100174,货道24,统一绿茶[茉莉](PET500ml),INTR577011683,饮料,3,3,99951,99951
`FS100174,货道25,统一绿茶[茉莉](PET500ml),INTR577011683,饮料,3,3,99950,99950
`FS100174,货道26,焕神[热带水果风味]饮料(PET460ml),INTR583011691,饮料,5,5,99941,99941
`FS100174,货道27,统一轻啵苏打水[柠檬味](PET500ml),INTR773011687,饮料,3.5,3.5,99986,99986
`FS100174,货道28,统一轻啵苏打水[柠檬味](PET500ml),INTR773011687,饮料,3.5,3.5,99980,99980
`FS100174,货道29,小茗同学[青柠红茶](PET480ml),INTR297011693,饮料,5,5,99976,99976
`FS100174,货道30,统一冰红茶[柠檬](PET500ml),INTR894011688,饮料,3,3,99950,99950
`FS100174,货道31,统一冰红茶[柠檬](PET500ml),INTR894011688,饮料,3,3,99927,99927
`FS100174,货道32,怡宝[纯净水](PET555ml),INTR128012109,矿泉水,2,2,99952,99952
`FS100174,货道33,怡宝[纯净水](PET555ml),INTR128012109,矿泉水,2,2,99939,99939
`FS100174,货道34,怡宝[纯净水](PET555ml),INTR128012109,矿泉水,2,2,99952,99952
`FS100159,货道1,统一冰红茶(CAN310ml),INTR115011662,饮料,2.5,2.5,99997,99997
`FS100159,货道2,统一冰红茶(CAN310ml),INTR115011662,饮料,2.5,2.5,99991,99991
`FS100159,货道3,雪碧[自购版](CAN330ml),INTR685011636,饮料,3,3,99988,99988
`FS100159,货道4,雪碧[自购版](CAN330ml),INTR685011636,饮料,3,3,99991,99991
`FS100159,货道5,统一鲜橙多(CAN310ml),INTR767011663,饮料,3,3,99992,99992
`FS100159,货道6,统一鲜橙多(CAN310ml),INTR767011663,饮料,3,3,99993,99993
`FS100159,货道7,统一鲜橙多(PET450ml),INTR910011664,饮料,3.5,3.5,99982,99982
`FS100159,货道8,统一鲜橙多(PET450ml),INTR910011664,饮料,3.5,3.5,99970,99970
`FS100159,货道9,统一鲜橙多(PET450ml),INTR910011664,饮料,3.5,3.5,99973,99973
`FS100159,货道10,海之言[柠檬](PET500ml),INTR039011682,饮料,4,4,99974,99974
`FS100159,货道11,海之言[柠檬](PET500ml),INTR039011682,饮料,4,4,99972,99972
`FS100159,货道13,可口可乐[自购版](PET500ml),INTR724012203,饮料,3.5,3.5,99960,99960
`FS100159,货道14,,,,,,0,0
`FS100159,货道15,可口可乐[自购版](PET500ml),INTR724012203,饮料,3.5,3.5,99947,99947
`FS100159,货道16,,,,,,0,0
`FS100159,货道17,可口可乐[自购版](PET500ml),INTR724012203,饮料,3.5,3.5,99954,99954
`FS100159,货道19,统一鲜橙多(PET450ml),INTR910011664,饮料,3.5,3.5,99972,99972
`FS100159,货道21,统一鲜橙多(PET450ml),INTR910011664,饮料,3.5,3.5,99949,99949
`FS100159,货道23,统一绿茶[茉莉](PET500ml),INTR577011683,饮料,3,3,99982,99982
`FS100159,货道24,统一绿茶[茉莉](PET500ml),INTR577011683,饮料,3,3,99979,99979
`FS100159,货道25,统一绿茶[茉莉](PET500ml),INTR577011683,饮料,3,3,99976,99976
`FS100159,货道26,焕神[热带水果风味]饮料(PET460ml),INTR583011691,饮料,5,5,99988,99988
`FS100159,货道27,统一轻啵苏打水[柠檬味](PET500ml),INTR773011687,饮料,3.5,3.5,99998,99998
`FS100159,货道28,统一轻啵苏打水[柠檬味](PET500ml),INTR773011687,饮料,3.5,3.5,99991,99991
`FS100159,货道29,小茗同学[青柠红茶](PET480ml),INTR297011693,饮料,5,5,99992,99992
`FS100159,货道30,统一冰红茶[柠檬](PET500ml),INTR894011688,饮料,3,3,0,0
`FS100159,货道31,统一冰红茶[柠檬](PET500ml),INTR894011688,饮料,3,3,99975,99975
`FS100159,货道32,怡宝[纯净水](PET555ml),INTR128012109,矿泉水,2,2,99976,99976
`FS100159,货道33,怡宝[纯净水](PET555ml),INTR128012109,矿泉水,2,2,99973,99973
`FS100159,货道34,怡宝[纯净水](PET555ml),INTR128012109,矿泉水,2,2,99975,99975
`FS100140,货道1,统一冰红茶(CAN310ml),INTR115011662,饮料,2.5,2.5,99997,99997
`FS100140,货道2,统一冰红茶(CAN310ml),INTR115011662,饮料,2.5,2.5,99994,99994
`FS100140,货道3,雪碧[自购版](CAN330ml),INTR685011636,饮料,3,3,99998,99998
`FS100140,货道4,雪碧[自购版](CAN330ml),INTR685011636,饮料,3,3,99997,99997
`FS100140,货道5,统一鲜橙多(CAN310ml),INTR767011663,饮料,3,3,99993,99993
`FS100140,货道6,统一鲜橙多(CAN310ml),INTR767011663,饮料,3,3,99994,99994
`FS100140,货道7,统一鲜橙多(PET450ml),INTR910011664,饮料,3.5,3.5,99995,99995
`FS100140,货道8,统一鲜橙多(PET450ml),INTR910011664,饮料,3.5,3.5,99990,99990
`FS100140,货道9,统一鲜橙多(PET450ml),INTR910011664,饮料,3.5,3.5,99995,99995
`FS100140,货道10,海之言[柠檬](PET500ml),INTR039011682,饮料,4,4,99996,99996
`FS100140,货道11,海之言[柠檬](PET500ml),INTR039011682,饮料,4,4,99995,99995
`FS100140,货道13,可口可乐[自购版](PET500ml),INTR724012203,饮料,3.5,3.5,99977,99977
`FS100140,货道14,,,,,,0,0
`FS100140,货道15,可口可乐[自购版](PET500ml),INTR724012203,饮料,3.5,3.5,99973,99973
`FS100140,货道16,,,,,,0,0
`FS100140,货道17,可口可乐[自购版](PET500ml),INTR724012203,饮料,3.5,3.5,99968,99968
`FS100140,货道19,统一鲜橙多(PET450ml),INTR910011664,饮料,3.5,3.5,99974,99974
`FS100140,货道21,统一鲜橙多(PET450ml),INTR910011664,饮料,3.5,3.5,99954,99954
`FS100140,货道23,统一绿茶[茉莉](PET500ml),INTR577011683,饮料,3,3,99995,99995
`FS100140,货道24,统一绿茶[茉莉](PET500ml),INTR577011683,饮料,3,3,99992,99992
`FS100140,货道25,统一绿茶[茉莉](PET500ml),INTR577011683,饮料,3,3,99990,99990
`FS100140,货道26,焕神[热带水果风味]饮料(PET460ml),INTR583011691,饮料,5,5,99979,99979
`FS100140,货道27,统一轻啵苏打水[柠檬味](PET500ml),INTR773011687,饮料,3.5,3.5,99997,99997
`FS100140,货道28,统一轻啵苏打水[柠檬味](PET500ml),INTR773011687,饮料,3.5,3.5,99998,99998
`FS100140,货道29,小茗同学[青柠红茶](PET480ml),INTR297011693,饮料,5,5,99991,99991
`FS100140,货道30,统一冰红茶[柠檬](PET500ml),INTR894011688,饮料,3,3,99977,99977
`FS100140,货道31,统一冰红茶[柠檬](PET500ml),INTR894011688,饮料,3,3,99980,99980
`FS100140,货道32,怡宝[纯净水](PET555ml),INTR128012109,矿泉水,2,2,99981,99981
`FS100140,货道33,怡宝[纯净水](PET555ml),INTR128012109,矿泉水,2,2,99983,99983
`FS100140,货道34,怡宝[纯净水](PET555ml),INTR128012109,矿泉水,2,2,99977,99977
`FS100133,货道1,统一冰红茶(CAN310ml),INTR115011662,饮料,2.5,2.5,99990,99990
`FS100133,货道2,统一冰红茶(CAN310ml),INTR115011662,饮料,2.5,2.5,99990,99990
`FS100133,货道3,雪碧[自购版](CAN330ml),INTR685011636,饮料,3,3,99996,99996
`FS100133,货道4,雪碧[自购版](CAN330ml),INTR685011636,饮料,3,3,99996,99996
`FS100133,货道5,统一鲜橙多(CAN310ml),INTR767011663,饮料,3,3,99992,99992
`FS100133,货道6,统一鲜橙多(CAN310ml),INTR767011663,饮料,3,3,99983,99983
`FS100133,货道7,统一鲜橙多(PET450ml),INTR910011664,饮料,3.5,3.5,99977,99977
`FS100133,货道8,统一鲜橙多(PET450ml),INTR910011664,饮料,3.5,3.5,99976,99976
`FS100133,货道9,统一鲜橙多(PET450ml),INTR910011664,饮料,3.5,3.5,99974,99974
`FS100133,货道10,海之言[柠檬](PET500ml),INTR039011682,饮料,4,4,99978,99978
`FS100133,货道11,海之言[柠檬](PET500ml),INTR039011682,饮料,4,4,99969,99969
`FS100133,货道13,可口可乐[自购版](PET500ml),INTR724012203,饮料,3.5,3.5,99953,99953
`FS100133,货道14,,,,,,0,0
`FS100133,货道15,可口可乐[自购版](PET500ml),INTR724012203,饮料,3.5,3.5,99950,99950
`FS100133,货道16,,,,,,0,0
`FS100133,货道17,可口可乐[自购版](PET500ml),INTR724012203,饮料,3.5,3.5,99948,99948
`FS100133,货道19,统一鲜橙多(PET450ml),INTR910011664,饮料,3.5,3.5,99952,99952
`FS100133,货道21,统一鲜橙多(PET450ml),INTR910011664,饮料,3.5,3.5,99942,99942
`FS100133,货道23,统一绿茶[茉莉](PET500ml),INTR577011683,饮料,3,3,99973,99973
`FS100133,货道24,统一绿茶[茉莉](PET500ml),INTR577011683,饮料,3,3,99972,99972
`FS100133,货道25,统一绿茶[茉莉](PET500ml),INTR577011683,饮料,3,3,99986,99986
`FS100133,货道26,焕神[热带水果风味]饮料(PET460ml),INTR583011691,饮料,5,5,99985,99985
`FS100133,货道27,统一轻啵苏打水[柠檬味](PET500ml),INTR773011687,饮料,3.5,3.5,99998,99998
`FS100133,货道28,统一轻啵苏打水[柠檬味](PET500ml),INTR773011687,饮料,3.5,3.5,99993,99993
`FS100133,货道29,小茗同学[青柠红茶](PET480ml),INTR297011693,饮料,5,5,99978,99978
`FS100133,货道30,统一冰红茶[柠檬](PET500ml),INTR894011688,饮料,3,3,99983,99983
`FS100133,货道31,统一冰红茶[柠檬](PET500ml),INTR894011688,饮料,3,3,99972,99972
`FS100133,货道32,怡宝[纯净水](PET555ml),INTR128012109,矿泉水,2,2,99966,99966
`FS100133,货道33,怡宝[纯净水](PET555ml),INTR128012109,矿泉水,2,2,99953,99953
`FS100133,货道34,怡宝[纯净水](PET555ml),INTR128012109,矿泉水,2,2,99966,99966
`FS100306,货道1,统一冰红茶(CAN310ml),INTR115011662,饮料,2.5,2.5,99995,99995
`FS100306,货道2,统一冰红茶(CAN310ml),INTR115011662,饮料,2.5,2.5,99988,99988
`FS100306,货道3,雪碧[自购版](CAN330ml),INTR685011636,饮料,3,3,99991,99991
`FS100306,货道4,雪碧[自购版](CAN330ml),INTR685011636,饮料,3,3,99995,99995
`FS100306,货道5,统一鲜橙多(CAN310ml),INTR767011663,饮料,3,3,99992,99992
`FS100306,货道6,统一鲜橙多(CAN310ml),INTR767011663,饮料,3,3,99994,99994
`FS100306,货道7,统一鲜橙多(PET450ml),INTR910011664,饮料,3.5,3.5,99987,99987
`FS100306,货道8,统一鲜橙多(PET450ml),INTR910011664,饮料,3.5,3.5,99982,99982
`FS100306,货道9,统一鲜橙多(PET450ml),INTR910011664,饮料,3.5,3.5,99981,99981
`FS100306,货道10,海之言[柠檬](PET500ml),INTR039011682,饮料,4,4,99966,99966
`FS100306,货道11,海之言[柠檬](PET500ml),INTR039011682,饮料,4,4,99965,99965
`FS100306,货道13,可口可乐[自购版](PET500ml),INTR724012203,饮料,3.5,3.5,99909,99909
`FS100306,货道14,,,,,,0,0
`FS100306,货道15,可口可乐[自购版](PET500ml),INTR724012203,饮料,3.5,3.5,99915,99915
`FS100306,货道16,,,,,,0,0
`FS100306,货道17,可口可乐[自购版](PET500ml),INTR724012203,饮料,3.5,3.5,99936,99936
`FS100306,货道19,统一鲜橙多(PET450ml),INTR910011664,饮料,3.5,3.5,99975,99975
`FS100306,货道21,统一鲜橙多(PET450ml),INTR910011664,饮料,3.5,3.5,99929,99929
`FS100306,货道23,统一绿茶[茉莉](PET500ml),INTR577011683,饮料,3,3,99981,99981
`FS100306,货道24,统一绿茶[茉莉](PET500ml),INTR577011683,饮料,3,3,99981,99981
`FS100306,货道25,统一绿茶[茉莉](PET500ml),INTR577011683,饮料,3,3,99978,99978
`FS100306,货道26,焕神[热带水果风味]饮料(PET460ml),INTR583011691,饮料,5,5,99944,99944
`FS100306,货道27,统一轻啵苏打水[柠檬味](PET500ml),INTR773011687,饮料,3.5,3.5,99991,99991
`FS100306,货道28,统一轻啵苏打水[柠檬味](PET500ml),INTR773011687,饮料,3.5,3.5,99995,99995
`FS100306,货道29,小茗同学[青柠红茶](PET480ml),INTR297011693,饮料,5,5,99975,99975
`FS100306,货道30,统一冰红茶[柠檬](PET500ml),INTR894011688,饮料,3,3,99983,99983
`FS100306,货道31,统一冰红茶[柠檬](PET500ml),INTR894011688,饮料,3,3,99965,99965
`FS100306,货道32,怡宝[纯净水](PET555ml),INTR128012109,矿泉水,2,2,99971,99971
`FS100306,货道33,怡宝[纯净水](PET555ml),INTR128012109,矿泉水,2,2,99971,99971
`FS100306,货道34,怡宝[纯净水](PET555ml),INTR128012109,矿泉水,2,2,99967,99967
`FS100190,货道1,统一冰红茶(CAN310ml),INTR115011662,饮料,2.5,2.5,99990,99990
`FS100190,货道2,统一冰红茶(CAN310ml),INTR115011662,饮料,2.5,2.5,99989,99989
`FS100190,货道3,雪碧[自购版](CAN330ml),INTR685011636,饮料,3,3,99982,99982
`FS100190,货道4,雪碧[自购版](CAN330ml),INTR685011636,饮料,3,3,99986,99986
`FS100190,货道5,统一鲜橙多(CAN310ml),INTR767011663,饮料,3,3,99985,99985
`FS100190,货道6,统一鲜橙多(CAN310ml),INTR767011663,饮料,3,3,99985,99985
`FS100190,货道7,统一鲜橙多(PET450ml),INTR910011664,饮料,3.5,3.5,99972,99972
`FS100190,货道8,统一鲜橙多(PET450ml),INTR910011664,饮料,3.5,3.5,99968,99968
`FS100190,货道9,统一鲜橙多(PET450ml),INTR910011664,饮料,3.5,3.5,99977,99977
`FS100190,货道10,海之言[柠檬](PET500ml),INTR039011682,饮料,4,4,99956,99956
`FS100190,货道11,海之言[柠檬](PET500ml),INTR039011682,饮料,4,4,99960,99960
`FS100190,货道13,可口可乐[自购版](PET500ml),INTR724012203,饮料,3.5,3.5,99858,99858
`FS100190,货道14,,,,,,0,0
`FS100190,货道15,可口可乐[自购版](PET500ml),INTR724012203,饮料,3.5,3.5,99883,99883
`FS100190,货道16,,,,,,0,0
`FS100190,货道17,可口可乐[自购版](PET500ml),INTR724012203,饮料,3.5,3.5,99897,99897
`FS100190,货道19,统一鲜橙多(PET450ml),INTR910011664,饮料,3.5,3.5,99904,99904
`FS100190,货道21,统一鲜橙多(PET450ml),INTR910011664,饮料,3.5,3.5,99897,99897
`FS100190,货道23,统一绿茶[茉莉](PET500ml),INTR577011683,饮料,3,3,99928,99928
`FS100190,货道24,统一绿茶[茉莉](PET500ml),INTR577011683,饮料,3,3,99913,99913
`FS100190,货道25,统一绿茶[茉莉](PET500ml),INTR577011683,饮料,3,3,99911,99911
`FS100190,货道26,焕神[热带水果风味]饮料(PET460ml),INTR583011691,饮料,5,5,99910,99910
`FS100190,货道27,统一轻啵苏打水[柠檬味](PET500ml),INTR773011687,饮料,3.5,3.5,99981,99981
`FS100190,货道28,统一轻啵苏打水[柠檬味](PET500ml),INTR773011687,饮料,3.5,3.5,99983,99983
`FS100190,货道29,小茗同学[青柠红茶](PET480ml),INTR297011693,饮料,5,5,99958,99958
`FS100190,货道30,统一冰红茶[柠檬](PET500ml),INTR894011688,饮料,3,3,99909,99909
`FS100190,货道31,统一冰红茶[柠檬](PET500ml),INTR894011688,饮料,3,3,99926,99926
`FS100190,货道32,怡宝[纯净水](PET555ml),INTR128012109,矿泉水,2,2,99937,99937
`FS100190,货道33,怡宝[纯净水](PET555ml),INTR128012109,矿泉水,2,2,99919,99919
`FS100190,货道34,怡宝[纯净水](PET555ml),INTR128012109,矿泉水,2,2,99934,99934
`FS100148,货道1,统一冰红茶(CAN310ml),INTR115011662,饮料,2.5,2.5,99991,99991
`FS100148,货道2,统一冰红茶(CAN310ml),INTR115011662,饮料,2.5,2.5,99991,99991
`FS100148,货道3,雪碧[自购版](CAN330ml),INTR685011636,饮料,3,3,99993,99993
`FS100148,货道4,雪碧[自购版](CAN330ml),INTR685011636,饮料,3,3,99998,99998
`FS100148,货道5,统一鲜橙多(CAN310ml),INTR767011663,饮料,3,3,99995,99995
`FS100148,货道6,统一鲜橙多(CAN310ml),INTR767011663,饮料,3,3,99995,99995
`FS100148,货道7,统一鲜橙多(PET450ml),INTR910011664,饮料,3.5,3.5,99995,99995
`FS100148,货道8,统一鲜橙多(PET450ml),INTR910011664,饮料,3.5,3.5,99991,99991
`FS100148,货道9,统一鲜橙多(PET450ml),INTR910011664,饮料,3.5,3.5,99993,99993
`FS100148,货道10,海之言[柠檬](PET500ml),INTR039011682,饮料,4,4,99985,99985
`FS100148,货道11,海之言[柠檬](PET500ml),INTR039011682,饮料,4,4,99976,99976
`FS100148,货道13,可口可乐[自购版](PET500ml),INTR724012203,饮料,3.5,3.5,99978,99978
`FS100148,货道14,,,,,,0,0
`FS100148,货道15,可口可乐[自购版](PET500ml),INTR724012203,饮料,3.5,3.5,99959,99959
`FS100148,货道16,,,,,,0,0
`FS100148,货道17,可口可乐[自购版](PET500ml),INTR724012203,饮料,3.5,3.5,99968,99968
`FS100148,货道19,统一鲜橙多(PET450ml),INTR910011664,饮料,3.5,3.5,99983,99983
`FS100148,货道21,统一鲜橙多(PET450ml),INTR910011664,饮料,3.5,3.5,99977,99977
`FS100148,货道23,统一绿茶[茉莉](PET500ml),INTR577011683,饮料,3,3,99989,99989
`FS100148,货道24,统一绿茶[茉莉](PET500ml),INTR577011683,饮料,3,3,99993,99993
`FS100148,货道25,统一绿茶[茉莉](PET500ml),INTR577011683,饮料,3,3,99986,99986
`FS100148,货道26,焕神[热带水果风味]饮料(PET460ml),INTR583011691,饮料,5,5,99987,99987
`FS100148,货道27,统一轻啵苏打水[柠檬味](PET500ml),INTR773011687,饮料,3.5,3.5,99999,99999
`FS100148,货道28,统一轻啵苏打水[柠檬味](PET500ml),INTR773011687,饮料,3.5,3.5,99999,99999
`FS100148,货道29,小茗同学[青柠红茶](PET480ml),INTR297011693,饮料,5,5,99992,99992
`FS100148,货道30,统一冰红茶[柠檬](PET500ml),INTR894011688,饮料,3,3,99991,99991
`FS100148,货道31,统一冰红茶[柠檬](PET500ml),INTR894011688,饮料,3,3,99987,99987
`FS100148,货道32,怡宝[纯净水](PET555ml),INTR128012109,矿泉水,2,2,99975,99975
`FS100148,货道33,怡宝[纯净水](PET555ml),INTR128012109,矿泉水,2,2,99970,99970
`FS100148,货道34,怡宝[纯净水](PET555ml),INTR128012109,矿泉水,2,2,99972,99972
`FS101373,货道1,统一冰红茶(CAN310ml),INTR115011662,饮料,2.5,2.5,99986,99986
`FS101373,货道2,统一冰红茶(CAN310ml),INTR115011662,饮料,2.5,2.5,99989,99989
`FS101373,货道3,雪碧[自购版](CAN330ml),INTR685011636,饮料,3,3,99994,99994
`FS101373,货道4,雪碧[自购版](CAN330ml),INTR685011636,饮料,3,3,99991,99991
`FS101373,货道5,统一鲜橙多(CAN310ml),INTR767011663,饮料,3,3,99991,99991
`FS101373,货道6,统一鲜橙多(CAN310ml),INTR767011663,饮料,3,3,99984,99984
`FS101373,货道7,统一鲜橙多(PET450ml),INTR910011664,饮料,3.5,3.5,99972,99972
`FS101373,货道8,统一鲜橙多(PET450ml),INTR910011664,饮料,3.5,3.5,99968,99968
`FS101373,货道9,统一鲜橙多(PET450ml),INTR910011664,饮料,3.5,3.5,99962,99962
`FS101373,货道10,海之言[柠檬](PET500ml),INTR039011682,饮料,4,4,99975,99975
`FS101373,货道11,海之言[柠檬](PET500ml),INTR039011682,饮料,4,4,99963,99963
`FS101373,货道13,可口可乐[自购版](PET500ml),INTR724012203,饮料,3.5,3.5,99909,99909
`FS101373,货道14,,,,,,0,0
`FS101373,货道15,可口可乐[自购版](PET500ml),INTR724012203,饮料,3.5,3.5,99900,99900
`FS101373,货道16,,,,,,0,0
`FS101373,货道17,可口可乐[自购版](PET500ml),INTR724012203,饮料,3.5,3.5,99919,99919
`FS101373,货道19,统一鲜橙多(PET450ml),INTR910011664,饮料,3.5,3.5,99940,99940
`FS101373,货道21,统一鲜橙多(PET450ml),INTR910011664,饮料,3.5,3.5,99919,99919
`FS101373,货道23,统一绿茶[茉莉](PET500ml),INTR577011683,饮料,3,3,99983,99983
`FS101373,货道24,统一绿茶[茉莉](PET500ml),INTR577011683,饮料,3,3,99964,99964
`FS101373,货道25,统一绿茶[茉莉](PET500ml),INTR577011683,饮料,3,3,99949,99949
`FS101373,货道26,焕神[热带水果风味]饮料(PET460ml),INTR583011691,饮料,5,5,99952,99952
`FS101373,货道27,统一轻啵苏打水[柠檬味](PET500ml),INTR773011687,饮料,3.5,3.5,99997,99997
`FS101373,货道28,统一轻啵苏打水[柠檬味](PET500ml),INTR773011687,饮料,3.5,3.5,99989,99989
`FS101373,货道29,小茗同学[青柠红茶](PET480ml),INTR297011693,饮料,5,5,99985,99985
`FS101373,货道30,统一冰红茶[柠檬](PET500ml),INTR894011688,饮料,3,3,99969,99969
`FS101373,货道31,统一冰红茶[柠檬](PET500ml),INTR894011688,饮料,3,3,99966,99966
`FS101373,货道32,怡宝[纯净水](PET555ml),INTR128012109,矿泉水,2,2,99947,99947
`FS101373,货道33,怡宝[纯净水](PET555ml),INTR128012109,矿泉水,2,2,99930,99930
`FS101373,货道34,怡宝[纯净水](PET555ml),INTR128012109,矿泉水,2,2,99940,99940
`FS100152,货道1,统一冰红茶(CAN310ml),INTR115011662,饮料,2.5,2.5,99997,99997
`FS100152,货道2,统一冰红茶(CAN310ml),INTR115011662,饮料,2.5,2.5,99995,99995
`FS100152,货道3,雪碧[自购版](CAN330ml),INTR685011636,饮料,3,3,99994,99994
`FS100152,货道4,雪碧[自购版](CAN330ml),INTR685011636,饮料,3,3,99994,99994
`FS100152,货道5,统一鲜橙多(CAN310ml),INTR767011663,饮料,3,3,99992,99992
`FS100152,货道6,统一鲜橙多(CAN310ml),INTR767011663,饮料,3,3,99991,99991
`FS100152,货道7,统一鲜橙多(PET450ml),INTR910011664,饮料,3.5,3.5,99987,99987
`FS100152,货道8,统一鲜橙多(PET450ml),INTR910011664,饮料,3.5,3.5,99982,99982
`FS100152,货道9,统一鲜橙多(PET450ml),INTR910011664,饮料,3.5,3.5,99976,99976
`FS100152,货道10,海之言[柠檬](PET500ml),INTR039011682,饮料,4,4,99995,99995
`FS100152,货道11,海之言[柠檬](PET500ml),INTR039011682,饮料,4,4,99993,99993
`FS100152,货道13,可口可乐[自购版](PET500ml),INTR724012203,饮料,3.5,3.5,99929,99929
`FS100152,货道14,,,,,,0,0
`FS100152,货道15,可口可乐[自购版](PET500ml),INTR724012203,饮料,3.5,3.5,99936,99936
`FS100152,货道16,,,,,,0,0
`FS100152,货道17,可口可乐[自购版](PET500ml),INTR724012203,饮料,3.5,3.5,99941,99941
`FS100152,货道19,统一鲜橙多(PET450ml),INTR910011664,饮料,3.5,3.5,99954,99954
`FS100152,货道21,统一鲜橙多(PET450ml),INTR910011664,饮料,3.5,3.5,99942,99942
`FS100152,货道23,统一绿茶[茉莉](PET500ml),INTR577011683,饮料,3,3,99993,99993
`FS100152,货道24,统一绿茶[茉莉](PET500ml),INTR577011683,饮料,3,3,99976,99976
`FS100152,货道25,统一绿茶[茉莉](PET500ml),INTR577011683,饮料,3,3,99973,99973
`FS100152,货道26,焕神[热带水果风味]饮料(PET460ml),INTR583011691,饮料,5,5,99977,99977
`FS100152,货道27,统一轻啵苏打水[柠檬味](PET500ml),INTR773011687,饮料,3.5,3.5,99996,99996
`FS100152,货道28,统一轻啵苏打水[柠檬味](PET500ml),INTR773011687,饮料,3.5,3.5,99993,99993
`FS100152,货道29,小茗同学[青柠红茶](PET480ml),INTR297011693,饮料,5,5,99992,99992
`FS100152,货道30,统一冰红茶[柠檬](PET500ml),INTR894011688,饮料,3,3,99971,99971
`FS100152,货道31,统一冰红茶[柠檬](PET500ml),INTR894011688,饮料,3,3,99987,99987
`FS100152,货道32,怡宝[纯净水](PET555ml),INTR128012109,矿泉水,2,2,99954,99954
`FS100152,货道33,怡宝[纯净水](PET555ml),INTR128012109,矿泉水,2,2,99949,99949
`FS100152,货道34,怡宝[纯净水](PET555ml),INTR128012109,矿泉水,2,2,99957,99957
`FS101333,货道1,统一冰红茶(CAN310ml),INTR115011662,饮料,2.5,2.5,99995,99995
`FS101333,货道2,统一冰红茶(CAN310ml),INTR115011662,饮料,2.5,2.5,99993,99993
`FS101333,货道3,雪碧[自购版](CAN330ml),INTR685011636,饮料,3,3,99982,99982
`FS101333,货道4,雪碧[自购版](CAN330ml),INTR685011636,饮料,3,3,99983,99983
`FS101333,货道5,统一鲜橙多(CAN310ml),INTR767011663,饮料,3,3,99985,99985
`FS101333,货道6,统一鲜橙多(CAN310ml),INTR767011663,饮料,3,3,99973,99973
`FS101333,货道7,统一鲜橙多(PET450ml),INTR910011664,饮料,3.5,3.5,99970,99970
`FS101333,货道8,统一鲜橙多(PET450ml),INTR910011664,饮料,3.5,3.5,99967,99967
`FS101333,货道9,统一鲜橙多(PET450ml),INTR910011664,饮料,3.5,3.5,99973,99973
`FS101333,货道10,海之言[柠檬](PET500ml),INTR039011682,饮料,4,4,99976,99976
`FS101333,货道11,海之言[柠檬](PET500ml),INTR039011682,饮料,4,4,99960,99960
`FS101333,货道13,可口可乐[自购版](PET500ml),INTR724012203,饮料,3.5,3.5,99910,99910
`FS101333,货道14,,,,,,0,0
`FS101333,货道15,可口可乐[自购版](PET500ml),INTR724012203,饮料,3.5,3.5,99886,99886
`FS101333,货道16,,,,,,0,0
`FS101333,货道17,可口可乐[自购版](PET500ml),INTR724012203,饮料,3.5,3.5,99901,99901
`FS101333,货道19,统一鲜橙多(PET450ml),INTR910011664,饮料,3.5,3.5,99925,99925
`FS101333,货道21,统一鲜橙多(PET450ml),INTR910011664,饮料,3.5,3.5,99918,99918
`FS101333,货道23,统一绿茶[茉莉](PET500ml),INTR577011683,饮料,3,3,99960,99960
`FS101333,货道24,统一绿茶[茉莉](PET500ml),INTR577011683,饮料,3,3,99950,99950
`FS101333,货道25,统一绿茶[茉莉](PET500ml),INTR577011683,饮料,3,3,99934,99934
`FS101333,货道26,焕神[热带水果风味]饮料(PET460ml),INTR583011691,饮料,5,5,99971,99971
`FS101333,货道27,统一轻啵苏打水[柠檬味](PET500ml),INTR773011687,饮料,3.5,3.5,99996,99996
`FS101333,货道28,统一轻啵苏打水[柠檬味](PET500ml),INTR773011687,饮料,3.5,3.5,99985,99985
`FS101333,货道29,小茗同学[青柠红茶](PET480ml),INTR297011693,饮料,5,5,99988,99988
`FS101333,货道30,统一冰红茶[柠檬](PET500ml),INTR894011688,饮料,3,3,99942,99942
`FS101333,货道31,统一冰红茶[柠檬](PET500ml),INTR894011688,饮料,3,3,99945,99945
`FS101333,货道32,怡宝[纯净水](PET555ml),INTR128012109,矿泉水,2,2,99937,99937
`FS101333,货道33,怡宝[纯净水](PET555ml),INTR128012109,矿泉水,2,2,99918,99918
`FS101333,货道34,怡宝[纯净水](PET555ml),INTR128012109,矿泉水,2,2,99943,99943
`FS100559,货道1,统一冰红茶(CAN310ml),INTR115011662,饮料,2.5,2.5,99979,99979
`FS100559,货道2,统一冰红茶(CAN310ml),INTR115011662,饮料,2.5,2.5,99990,99990
`FS100559,货道3,雪碧[自购版](CAN330ml),INTR685011636,饮料,3,3,99991,99991
`FS100559,货道4,雪碧[自购版](CAN330ml),INTR685011636,饮料,3,3,99988,99988
`FS100559,货道5,统一鲜橙多(CAN310ml),INTR767011663,饮料,3,3,99987,99987
`FS100559,货道6,统一鲜橙多(CAN310ml),INTR767011663,饮料,3,3,99988,99988
`FS100559,货道7,统一鲜橙多(PET450ml),INTR910011664,饮料,3.5,3.5,99966,99966
`FS100559,货道8,统一鲜橙多(PET450ml),INTR910011664,饮料,3.5,3.5,99950,99950
`FS100559,货道9,统一鲜橙多(PET450ml),INTR910011664,饮料,3.5,3.5,99959,99959
`FS100559,货道10,海之言[柠檬](PET500ml),INTR039011682,饮料,4,4,99980,99980
`FS100559,货道11,海之言[柠檬](PET500ml),INTR039011682,饮料,4,4,99970,99970
`FS100559,货道13,可口可乐[自购版](PET500ml),INTR724012203,饮料,3.5,3.5,99886,99886
`FS100559,货道14,,,,,,0,0
`FS100559,货道15,可口可乐[自购版](PET500ml),INTR724012203,饮料,3.5,3.5,99878,99878
`FS100559,货道16,,,,,,0,0
`FS100559,货道17,可口可乐[自购版](PET500ml),INTR724012203,饮料,3.5,3.5,99901,99901
`FS100559,货道19,统一鲜橙多(PET450ml),INTR910011664,饮料,3.5,3.5,99945,99945
`FS100559,货道21,统一鲜橙多(PET450ml),INTR910011664,饮料,3.5,3.5,99952,99952
`FS100559,货道23,统一绿茶[茉莉](PET500ml),INTR577011683,饮料,3,3,99980,99980
`FS100559,货道24,统一绿茶[茉莉](PET500ml),INTR577011683,饮料,3,3,99974,99974
`FS100559,货道25,统一绿茶[茉莉](PET500ml),INTR577011683,饮料,3,3,99962,99962
`FS100559,货道26,焕神[热带水果风味]饮料(PET460ml),INTR583011691,饮料,5,5,99967,99967
`FS100559,货道27,统一轻啵苏打水[柠檬味](PET500ml),INTR773011687,饮料,3.5,3.5,99988,99988
`FS100559,货道28,统一轻啵苏打水[柠檬味](PET500ml),INTR773011687,饮料,3.5,3.5,99992,99992
`FS100559,货道29,小茗同学[青柠红茶](PET480ml),INTR297011693,饮料,5,5,99977,99977
`FS100559,货道30,统一冰红茶[柠檬](PET500ml),INTR894011688,饮料,3,3,99962,99962
`FS100559,货道31,统一冰红茶[柠檬](PET500ml),INTR894011688,饮料,3,3,99952,99952
`FS100559,货道32,怡宝[纯净水](PET555ml),INTR128012109,矿泉水,2,2,99976,99976
`FS100559,货道33,怡宝[纯净水](PET555ml),INTR128012109,矿泉水,2,2,99980,99980
`FS100559,货道34,怡宝[纯净水](PET555ml),INTR128012109,矿泉水,2,2,99967,99967
`FS100691,货道1,统一冰红茶(CAN310ml),INTR115011662,饮料,2.5,2.5,99989,99989
`FS100691,货道2,统一冰红茶(CAN310ml),INTR115011662,饮料,2.5,2.5,99978,99978
`FS100691,货道3,雪碧[自购版](CAN330ml),INTR685011636,饮料,3,3,99972,99972
`FS100691,货道4,雪碧[自购版](CAN330ml),INTR685011636,饮料,3,3,99987,99987
`FS100691,货道5,统一鲜橙多(CAN310ml),INTR767011663,饮料,3,3,99992,99992
`FS100691,货道6,统一鲜橙多(CAN310ml),INTR767011663,饮料,3,3,99991,99991
`FS100691,货道7,娃哈哈葡萄汁(PET500ml),INTR106013579,饮料,3,3.5,99974,99974
`FS100691,货道8,娃哈哈葡萄汁(PET500ml),INTR106013579,饮料,3,3.5,99987,99987
`FS100691,货道9,娃哈哈葡萄汁(PET500ml),INTR106013579,饮料,3,3.5,99975,99975
`FS100691,货道10,海之言[柠檬](PET500ml),INTR039011682,饮料,4,4,99975,99975
`FS100691,货道11,海之言[柠檬](PET500ml),INTR039011682,饮料,4,4,99950,99950
`FS100691,货道13,可口可乐[自购版](PET500ml),INTR724012203,饮料,3.5,3.5,99860,99860
`FS100691,货道14,,,,,,0,0
`FS100691,货道15,可口可乐[自购版](PET500ml),INTR724012203,饮料,3.5,3.5,99907,99907
`FS100691,货道16,,,,,,0,0
`FS100691,货道17,可口可乐[自购版](PET500ml),INTR724012203,饮料,3.5,3.5,99921,99921
`FS100691,货道19,农夫山泉力量帝维他命水(PET500ml),INTR911012108,饮料,5,5,99979,99979
`FS100691,货道21,农夫山泉力量帝维他命水(PET500ml),INTR911012108,饮料,5,5,99982,99982
`FS100691,货道23,统一冰红茶[柠檬](PET500ml),INTR894011688,饮料,3,3,99967,99967
`FS100691,货道24,统一冰红茶[柠檬](PET500ml),INTR894011688,饮料,3,3,99925,99925
`FS100691,货道25,统一鲜橙多(PET450ml),INTR910011664,饮料,3.5,3.5,99915,99915
`FS100691,货道26,统一鲜橙多(PET450ml),INTR910011664,饮料,3.5,3.5,99908,99908
`FS100691,货道27,焕神[热带水果风味]饮料(PET460ml),INTR583011691,饮料,5,5,99985,99985
`FS100691,货道28,焕神[热带水果风味]饮料(PET460ml),INTR583011691,饮料,5,5,99980,99980
`FS100691,货道29,小茗同学[青柠红茶](PET480ml),INTR297011693,饮料,5,5,99987,99987
`FS100691,货道30,统一轻啵苏打水[柠檬味](PET500ml),INTR773011687,饮料,3.5,3.5,99977,99977
`FS100691,货道31,ALKAQUA[饮用天然矿泉水](PET570ml),INTR997009154,矿泉水,4,4,99984,99984
`FS100691,货道32,统一绿茶[茉莉](PET500ml),INTR577011683,饮料,3,3,99985,99985
`FS100691,货道33,统一绿茶[茉莉](PET500ml),INTR577011683,饮料,3,3,99985,99985
`FS100691,货道34,统一绿茶[茉莉](PET500ml),INTR577011683,饮料,3,3,99992,99992
`FS100057,货道1,统一冰红茶(CAN310ml),INTR115011662,饮料,2.5,2.5,99994,99994
`FS100057,货道2,统一冰红茶(CAN310ml),INTR115011662,饮料,2.5,2.5,99988,99988
`FS100057,货道3,雪碧[自购版](CAN330ml),INTR685011636,饮料,3,3,99986,99986
`FS100057,货道4,雪碧[自购版](CAN330ml),INTR685011636,饮料,3,3,99994,99994
`FS100057,货道5,统一鲜橙多(CAN310ml),INTR767011663,饮料,3,3,99997,99997
`FS100057,货道6,统一鲜橙多(CAN310ml),INTR767011663,饮料,3,3,99997,99997
`FS100057,货道7,娃哈哈葡萄汁(PET500ml),INTR106013579,饮料,3,3.5,99939,99939
`FS100057,货道8,娃哈哈葡萄汁(PET500ml),INTR106013579,饮料,3,3.5,99914,99914
`FS100057,货道9,娃哈哈葡萄汁(PET500ml),INTR106013579,饮料,3,3.5,99894,99894
`FS100057,货道10,海之言[柠檬](PET500ml),INTR039011682,饮料,4,4,99979,99979
`FS100057,货道11,海之言[柠檬](PET500ml),INTR039011682,饮料,4,4,99943,99943
`FS100057,货道13,可口可乐[自购版](PET500ml),INTR724012203,饮料,3.5,3.5,99930,99930
`FS100057,货道14,,,,,,0,0
`FS100057,货道15,可口可乐[自购版](PET500ml),INTR724012203,饮料,3.5,3.5,99905,99905
`FS100057,货道16,,,,,,0,0
`FS100057,货道17,可口可乐(PET500ml),INTR310011684,饮料,3.5,3.5,99955,99955
`FS100057,货道19,农夫山泉力量帝维他命水(PET500ml),INTR911012108,饮料,5,5,99953,99953
`FS100057,货道21,农夫山泉力量帝维他命水(PET500ml),INTR911012108,饮料,5,5,99960,99960
`FS100057,货道23,统一冰红茶[柠檬](PET500ml),INTR894011688,饮料,3,3,99988,99988
`FS100057,货道24,统一冰红茶[柠檬](PET500ml),INTR894011688,饮料,3,3,99940,99940
`FS100057,货道25,统一冰绿茶[青梅绿茶](PET500ml),INTR469011681,饮料,3,3,99992,99992
`FS100057,货道26,统一冰绿茶[青梅绿茶](PET500ml),INTR469011681,饮料,3,3,99984,99984
`FS100057,货道27,统一鲜橙多(PET450ml),INTR910011664,饮料,3.5,3.5,99949,99949
`FS100057,货道28,统一鲜橙多(PET450ml),INTR910011664,饮料,3.5,3.5,99954,99954
`FS100057,货道29,小茗同学[青柠红茶](PET480ml),INTR297011693,饮料,5,5,99991,99991
`FS100057,货道30,小茗同学[青柠红茶](PET480ml),INTR297011693,饮料,5,5,99985,99985
`FS100057,货道31,统一轻啵苏打水[柠檬味](PET500ml),INTR773011687,饮料,3.5,3.5,99978,99978
`FS100057,货道32,ALKAQUA[饮用天然矿泉水](PET570ml),INTR997009154,矿泉水,4,4,99986,99986
`FS100057,货道33,焕神[热带水果风味]饮料(PET460ml),INTR583011691,饮料,5,5,99958,99958
`FS100057,货道34,焕神[热带水果风味]饮料(PET460ml),INTR583011691,饮料,5,5,99969,99969
`FS100334,货道1,雪碧[自购版](CAN330ml),INTR685011636,饮料,3,3,99830,99830
`FS100334,货道2,雪碧[自购版](CAN330ml),INTR685011636,饮料,3,3,99719,99719
`FS100334,货道3,统一冰红茶(CAN310ml),INTR115011662,饮料,2.5,2.5,99623,99623
`FS100334,货道4,统一冰红茶(CAN310ml),INTR115011662,饮料,2.5,2.5,99800,99800
`FS100334,货道5,统一冰红茶(CAN310ml),INTR115011662,饮料,2.5,2.5,99929,99929
`FS100334,货道6,统一冰红茶(CAN310ml),INTR115011662,饮料,2.5,2.5,99826,99826
`FS100334,货道7,娃哈哈葡萄汁(PET500ml),INTR106013579,饮料,3,3.5,99001,99001
`FS100334,货道8,娃哈哈葡萄汁(PET500ml),INTR106013579,饮料,3,3.5,99318,99318
`FS100334,货道9,娃哈哈葡萄汁(PET500ml),INTR106013579,饮料,3,3.5,99596,99596
`FS100334,货道10,海之言[柠檬](PET500ml),INTR039011682,饮料,4,4,99517,99517
`FS100334,货道11,海之言[柠檬](PET500ml),INTR039011682,饮料,4,4,99549,99549
`FS100334,货道13,可口可乐[自购版](PET500ml),INTR724012203,饮料,3.5,3.5,98789,98789
`FS100334,货道14,,,,,,0,0
`FS100334,货道15,可口可乐[自购版](PET500ml),INTR724012203,饮料,3.5,3.5,99136,99136
`FS100334,货道16,,,,,,0,0
`FS100334,货道17,可口可乐[自购版](PET500ml),INTR724012203,饮料,3.5,3.5,99002,99002
`FS100334,货道19,农夫山泉力量帝维他命水(PET500ml),INTR911012108,饮料,5,5,99174,99174
`FS100334,货道21,农夫山泉力量帝维他命水(PET500ml),INTR911012108,饮料,5,5,99288,99288
`FS100334,货道23,统一冰红茶[柠檬](PET500ml),INTR894011688,饮料,3,3,98385,98385
`FS100334,货道24,统一冰红茶[柠檬](PET500ml),INTR894011688,饮料,3,3,98230,98230
`FS100334,货道25,统一鲜橙多(PET450ml),INTR910011664,饮料,3.5,3.5,98934,98934
`FS100334,货道26,统一鲜橙多(PET450ml),INTR910011664,饮料,3.5,3.5,98993,98993
`FS100334,货道27,统一冰绿茶[青梅绿茶](PET500ml),INTR469011681,饮料,3,3,99818,99818
`FS100334,货道28,统一冰绿茶[青梅绿茶](PET500ml),INTR469011681,饮料,3,3,99850,99850
`FS100334,货道29,小茗同学[鸭屎香柠檬茶](PET480ml),INTR116013656,饮料,5,5,99941,99941
`FS100334,货道30,小茗同学[鸭屎香柠檬茶](PET480ml),INTR116013656,饮料,5,5,99957,99957
`FS100334,货道31,统一轻啵苏打水[柠檬味](PET500ml),INTR773011687,饮料,3.5,3.5,99254,99254
`FS100334,货道32,ALKAQUA[饮用天然矿泉水](PET570ml),INTR997009154,矿泉水,4,4,99170,99170
`FS100334,货道33,焕神[热带水果风味]饮料(PET460ml),INTR583011691,饮料,5,5,99194,99194
`FS100334,货道34,焕神[热带水果风味]饮料(PET460ml),INTR583011691,饮料,5,5,99300,99300
`FS101312,货道1,统一冰红茶(CAN310ml),INTR115011662,饮料,2.5,2.5,99985,99985
`FS101312,货道2,统一冰红茶(CAN310ml),INTR115011662,饮料,2.5,2.5,99984,99984
`FS101312,货道3,雪碧[自购版](CAN330ml),INTR685011636,饮料,3,3,99969,99969
`FS101312,货道4,雪碧[自购版](CAN330ml),INTR685011636,饮料,3,3,99983,99983
`FS101312,货道5,统一鲜橙多(CAN310ml),INTR767011663,饮料,3,3,99970,99970
`FS101312,货道6,统一鲜橙多(CAN310ml),INTR767011663,饮料,3,3,99973,99973
`FS101312,货道7,娃哈哈葡萄汁(PET500ml),INTR106013579,饮料,3,3.5,99915,99915
`FS101312,货道8,娃哈哈葡萄汁(PET500ml),INTR106013579,饮料,3,3.5,99896,99896
`FS101312,货道9,娃哈哈葡萄汁(PET500ml),INTR106013579,饮料,3,3.5,99907,99907
`FS101312,货道10,海之言[柠檬](PET500ml),INTR039011682,饮料,4,4,99967,99967
`FS101312,货道11,海之言[柠檬](PET500ml),INTR039011682,饮料,4,4,99927,99927
`FS101312,货道13,可口可乐[自购版](PET500ml),INTR724012203,饮料,3.5,3.5,99878,99878
`FS101312,货道14,,,,,,0,0
`FS101312,货道15,可口可乐[自购版](PET500ml),INTR724012203,饮料,3.5,3.5,99827,99827
`FS101312,货道16,,,,,,0,0
`FS101312,货道17,可口可乐[自购版](PET500ml),INTR724012203,饮料,3.5,3.5,99816,99816
`FS101312,货道19,统一鲜橙多(PET450ml),INTR910011664,饮料,3.5,3.5,99844,99844
`FS101312,货道21,统一鲜橙多(PET450ml),INTR910011664,饮料,3.5,3.5,99813,99813
`FS101312,货道23,统一绿茶[茉莉](PET500ml),INTR577011683,饮料,3,3,99971,99971
`FS101312,货道24,统一绿茶[茉莉](PET500ml),INTR577011683,饮料,3,3,99933,99933
`FS101312,货道25,统一绿茶[茉莉](PET500ml),INTR577011683,饮料,3,3,99913,99913
`FS101312,货道26,焕神[热带水果风味]饮料(PET460ml),INTR583011691,饮料,5,5,99912,99912
`FS101312,货道27,统一轻啵苏打水[柠檬味](PET500ml),INTR773011687,饮料,3.5,3.5,99978,99978
`FS101312,货道28,统一轻啵苏打水[柠檬味](PET500ml),INTR773011687,饮料,3.5,3.5,99969,99969
`FS101312,货道29,小茗同学[青柠红茶](PET480ml),INTR297011693,饮料,5,5,99947,99947
`FS101312,货道30,统一冰红茶[柠檬](PET500ml),INTR894011688,饮料,3,3,99929,99929
`FS101312,货道31,统一冰红茶[柠檬](PET500ml),INTR894011688,饮料,3,3,99936,99936
`FS101312,货道32,怡宝[纯净水](PET555ml),INTR128012109,矿泉水,2,2,99896,99896
`FS101312,货道33,怡宝[纯净水](PET555ml),INTR128012109,矿泉水,2,2,99887,99887
`FS101312,货道34,怡宝[纯净水](PET555ml),INTR128012109,矿泉水,2,2,99917,99917
`FS101310,货道1,统一冰红茶(CAN310ml),INTR115011662,饮料,2.5,2.5,99974,99974
`FS101310,货道2,统一冰红茶(CAN310ml),INTR115011662,饮料,2.5,2.5,99958,99958
`FS101310,货道3,雪碧[自购版](CAN330ml),INTR685011636,饮料,3,3,99960,99960
`FS101310,货道4,雪碧[自购版](CAN330ml),INTR685011636,饮料,3,3,99988,99988
`FS101310,货道5,统一鲜橙多(CAN310ml),INTR767011663,饮料,3,3,99937,99937
`FS101310,货道6,统一鲜橙多(CAN310ml),INTR767011663,饮料,3,3,99924,99924
`FS101310,货道7,娃哈哈葡萄汁(PET500ml),INTR106013579,饮料,3,3.5,99756,99756
`FS101310,货道8,娃哈哈葡萄汁(PET500ml),INTR106013579,饮料,3,3.5,99800,99800
`FS101310,货道9,娃哈哈葡萄汁(PET500ml),INTR106013579,饮料,3,3.5,99833,99833
`FS101310,货道10,海之言[柠檬](PET500ml),INTR039011682,饮料,4,4,99906,99906
`FS101310,货道11,海之言[柠檬](PET500ml),INTR039011682,饮料,4,4,99907,99907
`FS101310,货道13,可口可乐[自购版](PET500ml),INTR724012203,饮料,3.5,3.5,99628,99628
`FS101310,货道14,,,,,,0,0
`FS101310,货道15,可口可乐[自购版](PET500ml),INTR724012203,饮料,3.5,3.5,99670,99670
`FS101310,货道16,,,,,,0,0
`FS101310,货道17,可口可乐[自购版](PET500ml),INTR724012203,饮料,3.5,3.5,99682,99682
`FS101310,货道19,统一鲜橙多(PET450ml),INTR910011664,饮料,3.5,3.5,99736,99736
`FS101310,货道21,统一鲜橙多(PET450ml),INTR910011664,饮料,3.5,3.5,99749,99749
`FS101310,货道23,统一绿茶[茉莉](PET500ml),INTR577011683,饮料,3,3,99855,99855
`FS101310,货道24,统一绿茶[茉莉](PET500ml),INTR577011683,饮料,3,3,99861,99861
`FS101310,货道25,统一绿茶[茉莉](PET500ml),INTR577011683,饮料,3,3,99828,99828
`FS101310,货道26,焕神[热带水果风味]饮料(PET460ml),INTR583011691,饮料,5,5,99821,99821
`FS101310,货道27,统一轻啵苏打水[柠檬味](PET500ml),INTR773011687,饮料,3.5,3.5,99957,99957
`FS101310,货道28,统一轻啵苏打水[柠檬味](PET500ml),INTR773011687,饮料,3.5,3.5,99950,99950
`FS101310,货道29,小茗同学[青柠红茶](PET480ml),INTR297011693,饮料,5,5,99846,99846
`FS101310,货道30,统一冰红茶[柠檬](PET500ml),INTR894011688,饮料,3,3,99802,99802
`FS101310,货道31,统一冰红茶[柠檬](PET500ml),INTR894011688,饮料,3,3,99824,99824
`FS101310,货道32,怡宝[纯净水](PET555ml),INTR128012109,矿泉水,2,2,99832,99832
`FS101310,货道33,怡宝[纯净水](PET555ml),INTR128012109,矿泉水,2,2,99837,99837
`FS101310,货道34,怡宝[纯净水](PET555ml),INTR128012109,矿泉水,2,2,99857,99857
`FS100552,货道1,统一冰红茶(CAN310ml),INTR115011662,饮料,2.5,2.5,99993,99993
`FS100552,货道2,统一冰红茶(CAN310ml),INTR115011662,饮料,2.5,2.5,99982,99982
`FS100552,货道3,雪碧[自购版](CAN330ml),INTR685011636,饮料,3,3,99944,99944
`FS100552,货道4,雪碧[自购版](CAN330ml),INTR685011636,饮料,3,3,99961,99961
`FS100552,货道5,统一鲜橙多(CAN310ml),INTR767011663,饮料,3,3,99986,99986
`FS100552,货道6,统一鲜橙多(CAN310ml),INTR767011663,饮料,3,3,99990,99990
`FS100552,货道7,娃哈哈葡萄汁(PET500ml),INTR106013579,饮料,3,3.5,99958,99958
`FS100552,货道8,娃哈哈葡萄汁(PET500ml),INTR106013579,饮料,3,3.5,99957,99957
`FS100552,货道9,娃哈哈葡萄汁(PET500ml),INTR106013579,饮料,3,3.5,99952,99952
`FS100552,货道10,海之言[柠檬](PET500ml),INTR039011682,饮料,4,4,99978,99978
`FS100552,货道11,海之言[柠檬](PET500ml),INTR039011682,饮料,4,4,99931,99931
`FS100552,货道13,可口可乐[自购版](PET500ml),INTR724012203,饮料,3.5,3.5,99863,99863
`FS100552,货道14,,,,,,0,0
`FS100552,货道15,可口可乐[自购版](PET500ml),INTR724012203,饮料,3.5,3.5,99881,99881
`FS100552,货道16,,,,,,0,0
`FS100552,货道17,可口可乐(PET500ml),INTR310011684,饮料,3.5,3.5,99971,99971
`FS100552,货道19,农夫山泉力量帝维他命水(PET500ml),INTR911012108,饮料,5,5,99973,99973
`FS100552,货道21,农夫山泉力量帝维他命水(PET500ml),INTR911012108,饮料,5,5,99981,99981
`FS100552,货道23,统一冰红茶[柠檬](PET500ml),INTR894011688,饮料,3,3,99958,99958
`FS100552,货道24,统一冰红茶[柠檬](PET500ml),INTR894011688,饮料,3,3,99920,99920
`FS100552,货道25,统一鲜橙多(PET450ml),INTR910011664,饮料,3.5,3.5,99941,99941
`FS100552,货道26,统一鲜橙多(PET450ml),INTR910011664,饮料,3.5,3.5,99934,99934
`FS100552,货道27,统一绿茶[茉莉](PET500ml),INTR577011683,饮料,3,3,99975,99975
`FS100552,货道28,统一绿茶[茉莉](PET500ml),INTR577011683,饮料,3,3,99951,99951
`FS100552,货道29,小茗同学[青柠红茶](PET480ml),INTR297011693,饮料,5,5,99970,99970
`FS100552,货道30,小茗同学[青柠红茶](PET480ml),INTR297011693,饮料,5,5,99973,99973
`FS100552,货道31,统一轻啵苏打水[柠檬味](PET500ml),INTR773011687,饮料,3.5,3.5,99961,99961
`FS100552,货道32,ALKAQUA[饮用天然矿泉水](PET570ml),INTR997009154,矿泉水,4,4,99947,99947
`FS100552,货道33,焕神[热带水果风味]饮料(PET460ml),INTR583011691,饮料,5,5,99974,99974
`FS100552,货道34,焕神[热带水果风味]饮料(PET460ml),INTR583011691,饮料,5,5,99974,99974
`FS101014,货道1,统一冰红茶(CAN310ml),INTR115011662,饮料,2.5,2.5,99956,99956
`FS101014,货道2,统一冰红茶(CAN310ml),INTR115011662,饮料,2.5,2.5,99954,99954
`FS101014,货道3,雪碧[自购版](CAN330ml),INTR685011636,饮料,3,3,99997,99997
`FS101014,货道4,雪碧[自购版](CAN330ml),INTR685011636,饮料,3,3,99991,99991
`FS101014,货道5,统一鲜橙多(CAN310ml),INTR767011663,饮料,3,3,99983,99983
`FS101014,货道6,统一鲜橙多(CAN310ml),INTR767011663,饮料,3,3,99982,99982
`FS101014,货道7,娃哈哈葡萄汁(PET500ml),INTR106013579,饮料,3,3.5,99999,99999
`FS101014,货道8,娃哈哈葡萄汁(PET500ml),INTR106013579,饮料,3,3.5,99978,99978
`FS101014,货道9,娃哈哈葡萄汁(PET500ml),INTR106013579,饮料,3,3.5,99963,99963
`FS101014,货道10,海之言[柠檬](PET500ml),INTR039011682,饮料,4,4,99997,99997
`FS101014,货道11,海之言[柠檬](PET500ml),INTR039011682,饮料,4,4,99997,99997
`FS101014,货道13,可口可乐[自购版](PET500ml),INTR724012203,饮料,3.5,3.5,99888,99888
`FS101014,货道14,,,,,,0,0
`FS101014,货道15,可口可乐[自购版](PET500ml),INTR724012203,饮料,3.5,3.5,99885,99885
`FS101014,货道16,,,,,,0,0
`FS101014,货道17,可口可乐[自购版](PET500ml),INTR724012203,饮料,3.5,3.5,99913,99913
`FS101014,货道19,统一鲜橙多(PET450ml),INTR910011664,饮料,3.5,3.5,99936,99936
`FS101014,货道21,统一鲜橙多(PET450ml),INTR910011664,饮料,3.5,3.5,99922,99922
`FS101014,货道23,统一绿茶[茉莉](PET500ml),INTR577011683,饮料,3,3,99983,99983
`FS101014,货道24,统一绿茶[茉莉](PET500ml),INTR577011683,饮料,3,3,99994,99994
`FS101014,货道25,统一绿茶[茉莉](PET500ml),INTR577011683,饮料,3,3,99984,99984
`FS101014,货道26,焕神[热带水果风味]饮料(PET460ml),INTR583011691,饮料,5,5,99992,99992
`FS101014,货道27,统一轻啵苏打水[柠檬味](PET500ml),INTR773011687,饮料,3.5,3.5,99996,99996
`FS101014,货道28,统一轻啵苏打水[柠檬味](PET500ml),INTR773011687,饮料,3.5,3.5,99993,99993
`FS101014,货道29,小茗同学[青柠红茶](PET480ml),INTR297011693,饮料,5,5,99991,99991
`FS101014,货道30,统一冰红茶[柠檬](PET500ml),INTR894011688,饮料,3,3,99930,99930
`FS101014,货道31,统一冰红茶[柠檬](PET500ml),INTR894011688,饮料,3,3,99915,99915
`FS101014,货道32,怡宝[纯净水](PET555ml),INTR128012109,矿泉水,2,2,99973,99973
`FS101014,货道33,怡宝[纯净水](PET555ml),INTR128012109,矿泉水,2,2,99955,99955
`FS101014,货道34,怡宝[纯净水](PET555ml),INTR128012109,矿泉水,2,2,99957,99957
`FS101041,货道1,统一冰红茶(CAN310ml),INTR115011662,饮料,2.5,2.5,99999,99999
`FS101041,货道2,统一冰红茶(CAN310ml),INTR115011662,饮料,2.5,2.5,99999,99999
`FS101041,货道3,雪碧[自购版](CAN330ml),INTR685011636,饮料,3,3,99999,99999
`FS101041,货道4,雪碧[自购版](CAN330ml),INTR685011636,饮料,3,3,99999,99999
`FS101041,货道5,统一鲜橙多(CAN310ml),INTR767011663,饮料,3,3,99999,99999
`FS101041,货道6,统一鲜橙多(CAN310ml),INTR767011663,饮料,3,3,99999,99999
`FS101041,货道7,统一冰绿茶[青梅绿茶](PET500ml),INTR469011681,饮料,3,3,99999,99999
`FS101041,货道8,统一冰绿茶[青梅绿茶](PET500ml),INTR469011681,饮料,3,3,99997,99997
`FS101041,货道9,海之言[柠檬](PET500ml),INTR039011682,饮料,4,4,99999,99999
`FS101041,货道10,海之言[柠檬](PET500ml),INTR039011682,饮料,4,4,99999,99999
`FS101041,货道11,海之言[柠檬](PET500ml),INTR039011682,饮料,4,4,99999,99999
`FS101041,货道13,可口可乐[自购版](PET500ml),INTR724012203,饮料,3.5,3.5,99995,99995
`FS101041,货道14,,,,,,0,0
`FS101041,货道15,可口可乐[自购版](PET500ml),INTR724012203,饮料,3.5,3.5,99991,99991
`FS101041,货道16,,,,,,0,0
`FS101041,货道17,可口可乐[自购版](PET500ml),INTR724012203,饮料,3.5,3.5,99996,99996
`FS101041,货道19,统一鲜橙多(PET450ml),INTR910011664,饮料,3.5,3.5,99997,99997
`FS101041,货道21,统一鲜橙多(PET450ml),INTR910011664,饮料,3.5,3.5,99997,99997
`FS101041,货道23,统一绿茶[茉莉](PET500ml),INTR577011683,饮料,3,3,99998,99998
`FS101041,货道24,统一绿茶[茉莉](PET500ml),INTR577011683,饮料,3,3,99999,99999
`FS101041,货道25,统一绿茶[茉莉](PET500ml),INTR577011683,饮料,3,3,99998,99998
`FS101041,货道26,焕神[热带水果风味]饮料(PET460ml),INTR583011691,饮料,5,5,99999,99999
`FS101041,货道27,统一冰红茶[柠檬](PET500ml),INTR894011688,饮料,3,3,99999,99999
`FS101041,货道28,统一冰红茶[柠檬](PET500ml),INTR894011688,饮料,3,3,99999,99999
`FS101041,货道29,小茗同学[青柠红茶](PET480ml),INTR297011693,饮料,5,5,99999,99999
`FS101041,货道30,统一冰红茶[柠檬](PET500ml),INTR894011688,饮料,3,3,99999,99999
`FS101041,货道31,统一冰红茶[柠檬](PET500ml),INTR894011688,饮料,3,3,99999,99999
`FS101041,货道32,怡宝[纯净水](PET555ml),INTR128012109,矿泉水,2,2,99996,99996
`FS101041,货道33,怡宝[纯净水](PET555ml),INTR128012109,矿泉水,2,2,99994,99994
`FS101041,货道34,怡宝[纯净水](PET555ml),INTR128012109,矿泉水,2,2,99999,99999
`FS100981,货道1,红牛金罐(CAN250ml),INTR442012892,饮料,6,6,99821,99821
`FS100981,货道2,米源冰晶葡萄(CAN310ml),INTR290012105,饮料,2.5,2.5,99964,99964
`FS100981,货道3,米源冰晶葡萄(CAN310ml),INTR290012105,饮料,2.5,2.5,99975,99975
`FS100981,货道4,娃哈哈桂圆莲子八宝粥(CAN360ml),INTR218012884,食品,4,4,99867,99867
`FS100981,货道5,爱朵拉拿铁咖啡(CAN310ml),INTR459011637,饮料,4,4,99927,99927
`FS100981,货道6,爱朵拉拿铁咖啡(CAN310ml),INTR459011637,饮料,4,4,99946,99946
`FS100981,货道7,雅哈[冰咖啡](PET450ml),INTR470011686,饮料,5.5,5.5,99799,99799
`FS100981,货道8,统一阿萨姆[奶茶原味](PET500ml),INTR230011689,饮料,4.5,4.5,99786,99786
`FS100981,货道9,统一阿萨姆[奶茶原味](PET500ml),INTR230011689,饮料,4.5,4.5,99823,99823
`FS100981,货道10,统一阿萨姆[奶茶原味](PET500ml),INTR230011689,饮料,4.5,4.5,99835,99835
`FS100981,货道11,统一阿萨姆[奶茶原味](PET500ml),INTR230011689,饮料,4.5,4.5,99861,99861
`FS100981,货道13,雅哈[冰咖啡](PET450ml),INTR470011686,饮料,5.5,5.5,99883,99883
`FS100981,货道14,,,,,,0,0
`FS100981,货道15,娃哈哈营养快线(PET500ml),INTR409012898,饮料,5,5,99903,99903
`FS100981,货道16,,,,,,0,0
`FS100981,货道17,娃哈哈营养快线(PET500ml),INTR409012898,饮料,5,5,99807,99807
`FS100981,货道19,统一轻啵苏打水[柠檬味](PET500ml),INTR773011687,饮料,3.5,3.5,99916,99916
`FS100981,货道21,统一轻啵苏打水[柠檬味](PET500ml),INTR773011687,饮料,3.5,3.5,99934,99934
`FS100981,货道23,焕神[热带水果风味]饮料(PET460ml),INTR583011691,饮料,5,5,99779,99779
`FS100981,货道24,统一绿茶[茉莉](PET500ml),INTR577011683,饮料,3,3,99781,99781
`FS100981,货道25,统一绿茶[茉莉](PET500ml),INTR577011683,饮料,3,3,99803,99803
`FS100981,货道26,统一鲜橙多(PET450ml),INTR910011664,饮料,3.5,3.5,99828,99828
`FS100981,货道27,统一鲜橙多(PET450ml),INTR910011664,饮料,3.5,3.5,99845,99845
`FS100981,货道28,统一鲜橙多(PET450ml),INTR910011664,饮料,3.5,3.5,99884,99884
`FS100981,货道29,焕神[热带水果风味]饮料(PET460ml),INTR583011691,饮料,5,5,99772,99772
`FS100981,货道30,海之言[柠檬](PET500ml),INTR039011682,饮料,4,4,99811,99811
`FS100981,货道31,海之言[柠檬](PET500ml),INTR039011682,饮料,4,4,99838,99838
`FS100981,货道32,小茗同学[溜溜哒茶](PET480ml),INTR973011692,饮料,5,5,99869,99869
`FS100981,货道33,小茗同学[溜溜哒茶](PET480ml),INTR973011692,饮料,5,5,99888,99888
`FS100981,货道34,小茗同学[溜溜哒茶](PET480ml),INTR973011692,饮料,5,5,99902,99902
`FS100695,货道1,统一冰红茶(CAN310ml),INTR115011662,饮料,2.5,2.5,99936,99936
`FS100695,货道2,统一冰红茶(CAN310ml),INTR115011662,饮料,2.5,2.5,99949,99949
`FS100695,货道3,雪碧[自购版](CAN330ml),INTR685011636,饮料,3,3,99971,99971
`FS100695,货道4,雪碧[自购版](CAN330ml),INTR685011636,饮料,3,3,99977,99977
`FS100695,货道5,统一鲜橙多(CAN310ml),INTR767011663,饮料,3,3,99968,99968
`FS100695,货道6,统一鲜橙多(CAN310ml),INTR767011663,饮料,3,3,99937,99937
`FS100695,货道7,娃哈哈葡萄汁(PET500ml),INTR106013579,饮料,3,3.5,99945,99945
`FS100695,货道8,娃哈哈葡萄汁(PET500ml),INTR106013579,饮料,3,3.5,99943,99943
`FS100695,货道9,娃哈哈葡萄汁(PET500ml),INTR106013579,饮料,3,3.5,99962,99962
`FS100695,货道10,海之言[柠檬](PET500ml),INTR039011682,饮料,4,4,99976,99976
`FS100695,货道11,海之言[柠檬](PET500ml),INTR039011682,饮料,4,4,99971,99971
`FS100695,货道13,可口可乐[自购版](PET500ml),INTR724012203,饮料,3.5,3.5,99839,99839
`FS100695,货道14,,,,,,0,0
`FS100695,货道15,可口可乐[自购版](PET500ml),INTR724012203,饮料,3.5,3.5,99826,99826
`FS100695,货道16,,,,,,0,0
`FS100695,货道17,可口可乐(PET500ml),INTR310011684,饮料,3.5,3.5,99999,99999
`FS100695,货道19,农夫山泉力量帝维他命水(PET500ml),INTR911012108,饮料,5,5,99901,99901
`FS100695,货道21,农夫山泉力量帝维他命水(PET500ml),INTR911012108,饮料,5,5,99921,99921
`FS100695,货道23,统一冰红茶[柠檬](PET500ml),INTR894011688,饮料,3,3,99840,99840
`FS100695,货道24,统一冰红茶[柠檬](PET500ml),INTR894011688,饮料,3,3,99816,99816
`FS100695,货道25,统一鲜橙多(PET450ml),INTR910011664,饮料,3.5,3.5,99890,99890
`FS100695,货道26,统一鲜橙多(PET450ml),INTR910011664,饮料,3.5,3.5,99873,99873
`FS100695,货道27,统一冰绿茶[青梅绿茶](PET500ml),INTR469011681,饮料,3,3,99993,99993
`FS100695,货道28,统一冰绿茶[青梅绿茶](PET500ml),INTR469011681,饮料,3,3,99992,99992
`FS100695,货道29,小茗同学[青柠红茶](PET480ml),INTR297011693,饮料,5,5,99966,99966
`FS100695,货道30,小茗同学[青柠红茶](PET480ml),INTR297011693,饮料,5,5,99974,99974
`FS100695,货道31,统一轻啵苏打水[柠檬味](PET500ml),INTR773011687,饮料,3.5,3.5,99948,99948
`FS100695,货道32,ALKAQUA[饮用天然矿泉水](PET570ml),INTR997009154,矿泉水,4,4,99965,99965
`FS100695,货道33,焕神[热带水果风味]饮料(PET460ml),INTR583011691,饮料,5,5,99941,99941
`FS100695,货道34,焕神[热带水果风味]饮料(PET460ml),INTR583011691,饮料,5,5,99948,99948
`FS100759,货道1,统一冰红茶(CAN310ml),INTR115011662,饮料,2.5,2.5,99904,99904
`FS100759,货道2,统一冰红茶(CAN310ml),INTR115011662,饮料,2.5,2.5,99878,99878
`FS100759,货道3,统一冰红茶(CAN310ml),INTR115011662,饮料,2.5,2.5,99858,99858
`FS100759,货道4,统一鲜橙多(CAN310ml),INTR767011663,饮料,3,3,99841,99841
`FS100759,货道5,统一鲜橙多(CAN310ml),INTR767011663,饮料,3,3,99824,99824
`FS100759,货道6,统一鲜橙多(CAN310ml),INTR767011663,饮料,3,3,99884,99884
`FS100759,货道7,农夫山泉力量帝维他命水(PET500ml),INTR911012108,饮料,5,5,99724,99724
`FS100759,货道8,农夫山泉力量帝维他命水(PET500ml),INTR911012108,饮料,5,5,99675,99675
`FS100759,货道9,海之言[柠檬](PET500ml),INTR039011682,饮料,4,4,99843,99843
`FS100759,货道10,海之言[柠檬](PET500ml),INTR039011682,饮料,4,4,99844,99844
`FS100759,货道11,海之言[柠檬](PET500ml),INTR039011682,饮料,4,4,99865,99865
`FS100759,货道13,统一冰红茶(CAN310ml),INTR115011662,饮料,2.5,2.5,99829,99829
`FS100759,货道14,统一冰红茶(CAN310ml),INTR115011662,饮料,2.5,2.5,99782,99782
`FS100759,货道15,统一冰红茶(CAN310ml),INTR115011662,饮料,2.5,2.5,99809,99809
`FS100759,货道16,统一冰红茶(CAN310ml),INTR115011662,饮料,2.5,2.5,99999,99999
`FS100759,货道17,怡宝[纯净水](PET555ml),INTR128012109,矿泉水,2,2,99803,99803
`FS100759,货道19,怡宝[纯净水](PET555ml),INTR128012109,矿泉水,2,2,99779,99779
`FS100759,货道20,,,,,,0,0
`FS100759,货道21,怡宝[纯净水](PET555ml),INTR128012109,矿泉水,2,2,99837,99837
`FS100759,货道22,,,,,,0,0
`FS100759,货道23,统一鲜橙多(PET450ml),INTR910011664,饮料,3.5,3.5,99572,99572
`FS100759,货道24,统一鲜橙多(PET450ml),INTR910011664,饮料,3.5,3.5,99565,99565
`FS100759,货道25,统一冰红茶[柠檬](PET500ml),INTR894011688,饮料,3,3,99509,99509
`FS100759,货道26,统一冰红茶[柠檬](PET500ml),INTR894011688,饮料,3,3,99566,99566
`FS100759,货道27,统一冰绿茶[青梅绿茶](PET500ml),INTR469011681,饮料,3,3,99805,99805
`FS100759,货道28,统一冰绿茶[青梅绿茶](PET500ml),INTR469011681,饮料,3,3,99806,99806
`FS100759,货道29,小茗同学[青柠红茶](PET480ml),INTR297011693,饮料,5,5,99685,99685
`FS100759,货道30,小茗同学[青柠红茶](PET480ml),INTR297011693,饮料,5,5,99737,99737
`FS100759,货道31,ALKAQUA[饮用天然矿泉水](PET570ml),INTR997009154,矿泉水,4,4,99967,99967
`FS100759,货道32,ALKAQUA[饮用天然矿泉水](PET570ml),INTR997009154,矿泉水,4,4,99954,99954
`FS100759,货道33,焕神[热带水果风味]饮料(PET460ml),INTR583011691,饮料,5,5,99942,99942
`FS100759,货道34,焕神[热带水果风味]饮料(PET460ml),INTR583011691,饮料,5,5,99938,99938
`FS100303,货道1,统一鲜橙多(CAN310ml),INTR767011663,饮料,3,3,99946,99946
`FS100303,货道2,统一鲜橙多(CAN310ml),INTR767011663,饮料,3,3,99913,99913
`FS100303,货道3,统一鲜橙多(CAN310ml),INTR767011663,饮料,3,3,99920,99920
`FS100303,货道4,统一冰红茶(CAN310ml),INTR115011662,饮料,2.5,2.5,99908,99908
`FS100303,货道5,统一冰红茶(CAN310ml),INTR115011662,饮料,2.5,2.5,99888,99888
`FS100303,货道6,统一冰红茶(CAN310ml),INTR115011662,饮料,2.5,2.5,99918,99918
`FS100303,货道7,娃哈哈葡萄汁(PET500ml),INTR106013579,饮料,3,3.5,99649,99649
`FS100303,货道8,娃哈哈葡萄汁(PET500ml),INTR106013579,饮料,3,3.5,99682,99682
`FS100303,货道9,海之言[柠檬](PET500ml),INTR039011682,饮料,4,4,99848,99848
`FS100303,货道10,海之言[柠檬](PET500ml),INTR039011682,饮料,4,4,99843,99843
`FS100303,货道11,海之言[柠檬](PET500ml),INTR039011682,饮料,4,4,99861,99861
`FS100303,货道13,怡宝[纯净水](PET555ml),INTR128012109,矿泉水,2,2,99848,99848
`FS100303,货道14,,,,,,0,0
`FS100303,货道15,怡宝[纯净水](PET555ml),INTR128012109,矿泉水,2,2,99822,99822
`FS100303,货道16,,,,,,0,0
`FS100303,货道17,怡宝[纯净水](PET555ml),INTR128012109,矿泉水,2,2,99837,99837
`FS100303,货道19,农夫山泉力量帝维他命水(PET500ml),INTR911012108,饮料,5,5,99855,99855
`FS100303,货道21,农夫山泉力量帝维他命水(PET500ml),INTR911012108,饮料,5,5,99865,99865
`FS100303,货道23,统一冰红茶[柠檬](PET500ml),INTR894011688,饮料,3,3,99676,99676
`FS100303,货道24,统一冰红茶[柠檬](PET500ml),INTR894011688,饮料,3,3,99603,99603
`FS100303,货道25,统一冰绿茶[青梅绿茶](PET500ml),INTR469011681,饮料,3,3,99941,99941
`FS100303,货道26,统一冰绿茶[青梅绿茶](PET500ml),INTR469011681,饮料,3,3,99903,99903
`FS100303,货道27,统一鲜橙多(PET450ml),INTR910011664,饮料,3.5,3.5,99758,99758
`FS100303,货道28,统一鲜橙多(PET450ml),INTR910011664,饮料,3.5,3.5,99804,99804
`FS100303,货道29,小茗同学[青柠红茶](PET480ml),INTR297011693,饮料,5,5,99839,99839
`FS100303,货道30,统一冰绿茶[青梅绿茶](PET500ml),INTR469011681,饮料,3,3,99906,99906
`FS100303,货道31,统一冰绿茶[青梅绿茶](PET500ml),INTR469011681,饮料,3,3,99913,99913
`FS100303,货道32,ALKAQUA[饮用天然矿泉水](PET570ml),INTR997009154,矿泉水,4,4,99969,99969
`FS100303,货道33,焕神[热带水果风味]饮料(PET460ml),INTR583011691,饮料,5,5,99944,99944
`FS100303,货道34,焕神[热带水果风味]饮料(PET460ml),INTR583011691,饮料,5,5,99954,99954
`FS100197,货道1,统一鲜橙多(CAN310ml),INTR767011663,饮料,3,3,99854,99854
`FS100197,货道2,统一鲜橙多(CAN310ml),INTR767011663,饮料,3,3,99815,99815
`FS100197,货道3,统一鲜橙多(CAN310ml),INTR767011663,饮料,3,3,99876,99876
`FS100197,货道4,统一冰红茶(CAN310ml),INTR115011662,饮料,2.5,2.5,99827,99827
`FS100197,货道5,统一冰红茶(CAN310ml),INTR115011662,饮料,2.5,2.5,99795,99795
`FS100197,货道6,统一冰红茶(CAN310ml),INTR115011662,饮料,2.5,2.5,99865,99865
`FS100197,货道7,娃哈哈葡萄汁(PET500ml),INTR106013579,饮料,3,3.5,99647,99647
`FS100197,货道8,娃哈哈葡萄汁(PET500ml),INTR106013579,饮料,3,3.5,99656,99656
`FS100197,货道9,海之言[柠檬](PET500ml),INTR039011682,饮料,4,4,99844,99844
`FS100197,货道10,海之言[柠檬](PET500ml),INTR039011682,饮料,4,4,99842,99842
`FS100197,货道11,海之言[柠檬](PET500ml),INTR039011682,饮料,4,4,99875,99875
`FS100197,货道13,怡宝[纯净水](PET555ml),INTR128012109,矿泉水,2,2,99756,99756
`FS100197,货道14,,,,,5,99999,99999
`FS100197,货道15,怡宝[纯净水](PET555ml),INTR128012109,矿泉水,2,2,99638,99638
`FS100197,货道16,,,,,3,99999,99999
`FS100197,货道17,怡宝[纯净水](PET555ml),INTR128012109,矿泉水,2,2,99725,99725
`FS100197,货道19,农夫山泉力量帝维他命水(PET500ml),INTR911012108,饮料,5,5,99766,99766
`FS100197,货道21,农夫山泉力量帝维他命水(PET500ml),INTR911012108,饮料,5,5,99780,99780
`FS100197,货道23,统一冰红茶[柠檬](PET500ml),INTR894011688,饮料,3,3,99469,99469
`FS100197,货道24,统一冰红茶[柠檬](PET500ml),INTR894011688,饮料,3,3,99483,99483
`FS100197,货道25,统一冰绿茶[青梅绿茶](PET500ml),INTR469011681,饮料,3,3,99849,99849
`FS100197,货道26,统一冰绿茶[青梅绿茶](PET500ml),INTR469011681,饮料,3,3,99814,99814
`FS100197,货道27,统一鲜橙多(PET450ml),INTR910011664,饮料,3.5,3.5,99680,99680
`FS100197,货道28,统一鲜橙多(PET450ml),INTR910011664,饮料,3.5,3.5,99770,99770
`FS100197,货道29,小茗同学[青柠红茶](PET480ml),INTR297011693,饮料,5,5,99670,99670
`FS100197,货道30,统一冰绿茶[青梅绿茶](PET500ml),INTR469011681,饮料,3,3,99746,99746
`FS100197,货道31,统一冰绿茶[青梅绿茶](PET500ml),INTR469011681,饮料,3,3,99768,99768
`FS100197,货道32,ALKAQUA[饮用天然矿泉水](PET570ml),INTR495012438,矿泉水,4,4,99946,99946
`FS100197,货道33,焕神[热带水果风味]饮料(PET460ml),INTR583011691,饮料,5,5,99909,99909
`FS100197,货道34,焕神[热带水果风味]饮料(PET460ml),INTR583011691,饮料,5,5,99918,99918
`FS100339,货道1,统一鲜橙多(CAN310ml),INTR767011663,饮料,3,3,99891,99891
`FS100339,货道2,统一鲜橙多(CAN310ml),INTR767011663,饮料,3,3,99859,99859
`FS100339,货道3,,,,,3,99829,99829
`FS100339,货道4,统一冰红茶(CAN310ml),INTR115011662,饮料,2.5,2.5,99876,99876
`FS100339,货道5,统一冰红茶(CAN310ml),INTR115011662,饮料,2.5,2.5,99865,99865
`FS100339,货道6,统一冰红茶(CAN310ml),INTR115011662,饮料,2.5,2.5,99892,99892
`FS100339,货道7,娃哈哈葡萄汁(PET500ml),INTR106013579,饮料,3,3.5,99625,99625
`FS100339,货道8,娃哈哈葡萄汁(PET500ml),INTR106013579,饮料,3,3.5,99653,99653
`FS100339,货道9,海之言[柠檬](PET500ml),INTR039011682,饮料,4,4,99894,99894
`FS100339,货道10,海之言[柠檬](PET500ml),INTR039011682,饮料,4,4,99869,99869
`FS100339,货道11,海之言[柠檬](PET500ml),INTR039011682,饮料,4,4,99689,99689
`FS100339,货道13,怡宝[纯净水](PET555ml),INTR128012109,矿泉水,2,2,99843,99843
`FS100339,货道14,,,,,,0,0
`FS100339,货道15,怡宝[纯净水](PET555ml),INTR128012109,矿泉水,2,2,99765,99765
`FS100339,货道16,,,,,,0,0
`FS100339,货道17,怡宝[纯净水](PET555ml),INTR128012109,矿泉水,2,2,99800,99800
`FS100339,货道19,农夫山泉力量帝维他命水(PET500ml),INTR911012108,饮料,5,5,99803,99803
`FS100339,货道21,农夫山泉力量帝维他命水(PET500ml),INTR911012108,饮料,5,5,99793,99793
`FS100339,货道23,统一冰红茶[柠檬](PET500ml),INTR894011688,饮料,3,3,99574,99574
`FS100339,货道24,统一冰红茶[柠檬](PET500ml),INTR894011688,饮料,3,3,99532,99532
`FS100339,货道25,统一冰绿茶[青梅绿茶](PET500ml),INTR469011681,饮料,3,3,99893,99893
`FS100339,货道26,统一冰绿茶[青梅绿茶](PET500ml),INTR469011681,饮料,3,3,99865,99865
`FS100339,货道27,统一鲜橙多(PET450ml),INTR910011664,饮料,3.5,3.5,99700,99700
`FS100339,货道28,统一鲜橙多(PET450ml),INTR910011664,饮料,3.5,3.5,99781,99781
`FS100339,货道29,小茗同学[青柠红茶](PET480ml),INTR297011693,饮料,5,5,99787,99787
`FS100339,货道30,统一冰绿茶[青梅绿茶](PET500ml),INTR469011681,饮料,3,3,99858,99858
`FS100339,货道31,统一冰绿茶[青梅绿茶](PET500ml),INTR469011681,饮料,3,3,99865,99865
`FS100339,货道32,ALKAQUA[饮用天然矿泉水](PET570ml),INTR997009154,矿泉水,4,4,99956,99956
`FS100339,货道33,焕神[热带水果风味]饮料(PET460ml),INTR583011691,饮料,5,5,99933,99933
`FS100339,货道34,焕神[热带水果风味]饮料(PET460ml),INTR583011691,饮料,5,5,99934,99934
`FS100731,货道1,统一冰红茶(CAN310ml),INTR115011662,饮料,2.5,2.5,99901,99901
`FS100731,货道2,统一冰红茶(CAN310ml),INTR115011662,饮料,2.5,2.5,99654,99654
`FS100731,货道3,统一冰红茶(CAN310ml),INTR115011662,饮料,2.5,2.5,99726,99726
`FS100731,货道4,统一鲜橙多(CAN310ml),INTR767011663,饮料,3,3,99915,99915
`FS100731,货道5,统一鲜橙多(CAN310ml),INTR767011663,饮料,3,3,99955,99955
`FS100731,货道6,统一鲜橙多(CAN310ml),INTR767011663,饮料,3,3,99902,99902
`FS100731,货道7,可口可乐[自购版](PET500ml),INTR724012203,饮料,3.5,3.5,99571,99571
`FS100731,货道8,可口可乐[自购版](PET500ml),INTR724012203,饮料,3.5,3.5,99724,99724
`FS100731,货道9,可口可乐[自购版](PET500ml),INTR724012203,饮料,3.5,3.5,99657,99657
`FS100731,货道10,统一鲜橙多(PET450ml),INTR910011664,饮料,3.5,3.5,99656,99656
`FS100731,货道11,统一鲜橙多(PET450ml),INTR910011664,饮料,3.5,3.5,99637,99637
`FS100731,货道13,统一鲜橙多(CAN310ml),INTR767011663,饮料,3,3,99966,99966
`FS100731,货道14,雪碧[自购版](CAN330ml),INTR685011636,饮料,3,3,99829,99829
`FS100731,货道15,统一冰红茶(CAN310ml),INTR115011662,饮料,2.5,2.5,99941,99941
`FS100731,货道16,雪碧[自购版](CAN330ml),INTR685011636,饮料,3,3,99809,99809
`FS100731,货道17,统一鲜橙多(CAN310ml),INTR767011663,饮料,3,3,99970,99970
`FS100731,货道19,统一鲜橙多(CAN310ml),INTR767011663,饮料,3,3,99971,99971
`FS100731,货道21,统一鲜橙多(CAN310ml),INTR767011663,饮料,3,3,99972,99972
`FS100731,货道23,统一冰红茶[柠檬](PET500ml),INTR894011688,饮料,3,3,99636,99636
`FS100731,货道24,统一冰红茶[柠檬](PET500ml),INTR894011688,饮料,3,3,99573,99573
`FS100731,货道25,农夫山泉力量帝维他命水(PET500ml),INTR911012108,饮料,5,5,99951,99951
`FS100731,货道26,农夫山泉力量帝维他命水(PET500ml),INTR911012108,饮料,5,5,99883,99883
`FS100731,货道27,焕神[热带水果风味]饮料(PET460ml),INTR583011691,饮料,5,5,99960,99960
`FS100731,货道28,焕神[热带水果风味]饮料(PET460ml),INTR583011691,饮料,5,5,99945,99945
`FS100731,货道29,小茗同学[青柠红茶](PET480ml),INTR297011693,饮料,5,5,99941,99941
`FS100731,货道30,海之言[柠檬](PET500ml),INTR039011682,饮料,4,4,99854,99854
`FS100731,货道31,娃哈哈葡萄汁(PET500ml),INTR106013579,饮料,3,3.5,99791,99791
`FS100731,货道32,娃哈哈葡萄汁(PET500ml),INTR106013579,饮料,3,3.5,99806,99806
`FS100731,货道33,统一绿茶[茉莉](PET500ml),INTR577011683,饮料,3,3,99783,99783
`FS100731,货道34,统一绿茶[茉莉](PET500ml),INTR577011683,饮料,3,3,99782,99782
`FS100356,货道1,统一冰红茶(CAN310ml),INTR115011662,饮料,2.5,2.5,99999,99999
`FS100356,货道2,统一冰红茶(CAN310ml),INTR115011662,饮料,2.5,2.5,99996,99996
`FS100356,货道3,统一鲜橙多(CAN310ml),INTR767011663,饮料,3,3,99994,99994
`FS100356,货道4,统一鲜橙多(CAN310ml),INTR767011663,饮料,3,3,99996,99996
`FS100356,货道5,雪碧[自购版](CAN330ml),INTR685011636,饮料,3,3,99995,99995
`FS100356,货道6,雪碧[自购版](CAN330ml),INTR685011636,饮料,3,3,99994,99994
`FS100356,货道7,娃哈哈葡萄汁(PET500ml),INTR106013579,饮料,3,3.5,99996,99996
`FS100356,货道8,娃哈哈葡萄汁(PET500ml),INTR106013579,饮料,3,3.5,99994,99994
`FS100356,货道9,娃哈哈葡萄汁(PET500ml),INTR106013579,饮料,3,3.5,99995,99995
`FS100356,货道10,海之言[柠檬](PET500ml),INTR039011682,饮料,4,4,99991,99991
`FS100356,货道11,海之言[柠檬](PET500ml),INTR039011682,饮料,4,4,99991,99991
`FS100356,货道13,可口可乐(PET500ml),INTR310011684,饮料,3.5,3.5,99952,99952
`FS100356,货道14,,,,,,0,0
`FS100356,货道15,可口可乐(PET500ml),INTR310011684,饮料,3.5,3.5,99946,99946
`FS100356,货道16,,,,,,0,0
`FS100356,货道17,可口可乐(PET500ml),INTR310011684,饮料,3.5,3.5,99959,99959
`FS100356,货道19,农夫山泉力量帝维他命水(PET500ml),INTR911012108,饮料,5,5,99971,99971
`FS100356,货道21,农夫山泉力量帝维他命水(PET500ml),INTR911012108,饮料,5,5,99971,99971
`FS100356,货道23,统一冰红茶[柠檬](PET500ml),INTR894011688,饮料,3,3,99997,99997
`FS100356,货道24,统一冰红茶[柠檬](PET500ml),INTR894011688,饮料,3,3,99999,99999
`FS100356,货道25,统一冰红茶[柠檬](PET500ml),INTR894011688,饮料,3,3,99997,99997
`FS100356,货道26,统一冰红茶[柠檬](PET500ml),INTR894011688,饮料,3,3,99993,99993
`FS100356,货道27,焕神[热带水果风味]饮料(PET460ml),INTR583011691,饮料,5,5,99989,99989
`FS100356,货道28,统一轻啵苏打水[柠檬味](PET500ml),INTR773011687,饮料,3.5,3.5,99995,99995
`FS100356,货道29,小茗同学[青柠红茶](PET480ml),INTR297011693,饮料,5,5,99986,99986
`FS100356,货道30,统一冰绿茶[青梅绿茶](PET500ml),INTR469011681,饮料,3,3,99991,99991
`FS100356,货道31,统一鲜橙多(PET450ml),INTR910011664,饮料,3.5,3.5,99988,99988
`FS100356,货道32,统一鲜橙多(PET450ml),INTR910011664,饮料,3.5,3.5,99987,99987
`FS100356,货道33,怡宝[纯净水](PET555ml),INTR128012109,矿泉水,2,2,99992,99992
`FS100356,货道34,ALKAQUA[饮用天然矿泉水](PET570ml),INTR997009154,矿泉水,4,4,99998,99998
`FS100835,货道1,统一冰红茶(CAN310ml),INTR115011662,饮料,2.5,2.5,99998,99998
`FS100835,货道2,统一冰红茶(CAN310ml),INTR115011662,饮料,2.5,2.5,99998,99998
`FS100835,货道3,统一鲜橙多(CAN310ml),INTR767011663,饮料,3,3,99997,99997
`FS100835,货道4,统一鲜橙多(CAN310ml),INTR767011663,饮料,3,3,99998,99998
`FS100835,货道5,爱朵拉拿铁咖啡(CAN310ml),INTR459011637,饮料,4,4,99998,99998
`FS100835,货道6,爱朵拉拿铁咖啡(CAN310ml),INTR459011637,饮料,4,4,99998,99998
`FS100835,货道7,娃哈哈营养快线(PET500ml),INTR409012898,饮料,5,5,99993,99993
`FS100835,货道8,娃哈哈营养快线(PET500ml),INTR409012898,饮料,5,5,99999,99999
`FS100835,货道9,统一阿萨姆[奶茶原味](PET500ml),INTR230011689,饮料,4.5,4.5,99996,99996
`FS100835,货道10,统一阿萨姆[奶茶原味](PET500ml),INTR230011689,饮料,4.5,4.5,99992,99992
`FS100835,货道11,统一阿萨姆[奶茶原味](PET500ml),INTR230011689,饮料,4.5,4.5,99996,99996
`FS100835,货道13,统一鲜橙多(CAN310ml),INTR767011663,饮料,3,3,99999,99999
`FS100835,货道14,统一鲜橙多(CAN310ml),INTR767011663,饮料,3,3,99998,99998
`FS100835,货道15,统一鲜橙多(CAN310ml),INTR767011663,饮料,3,3,99999,99999
`FS100835,货道16,,,,,,0,0
`FS100835,货道17,可口可乐(PET500ml),INTR310011684,饮料,3.5,3.5,99990,99990
`FS100835,货道19,可口可乐(PET500ml),INTR310011684,饮料,3.5,3.5,99989,99989
`FS100835,货道21,可口可乐(PET500ml),INTR310011684,饮料,3.5,3.5,99990,99990
`FS100835,货道23,统一冰红茶[柠檬](PET500ml),INTR894011688,饮料,3,3,99996,99996
`FS100835,货道24,统一冰红茶[柠檬](PET500ml),INTR894011688,饮料,3,3,99995,99995
`FS100835,货道25,统一冰绿茶[青梅绿茶](PET500ml),INTR469011681,饮料,3,3,99998,99998
`FS100835,货道26,统一冰绿茶[青梅绿茶](PET500ml),INTR469011681,饮料,3,3,99996,99996
`FS100835,货道27,统一冰绿茶[青梅绿茶](PET500ml),INTR469011681,饮料,3,3,99998,99998
`FS100835,货道28,统一轻啵苏打水[柠檬味](PET500ml),INTR773011687,饮料,3.5,3.5,99998,99998
`FS100835,货道29,小茗同学[青柠红茶](PET480ml),INTR297011693,饮料,5,5,99997,99997
`FS100835,货道30,焕神[热带水果风味]饮料(PET460ml),INTR583011691,饮料,5,5,99999,99999
`FS100835,货道31,小茗同学[青柠红茶](PET480ml),INTR297011693,饮料,5,5,99998,99998
`FS100835,货道32,怡宝[纯净水](PET555ml),INTR128012109,矿泉水,2,2,99993,99993
`FS100835,货道33,怡宝[纯净水](PET555ml),INTR128012109,矿泉水,2,2,99997,99997
`FS100835,货道34,ALKAQUA[饮用天然矿泉水](PET570ml),INTR997009154,矿泉水,4,4,99995,99995
`FS100543,货道1,统一冰红茶(CAN310ml),INTR115011662,饮料,2.5,2.5,99995,99995
`FS100543,货道2,统一冰红茶(CAN310ml),INTR115011662,饮料,2.5,2.5,99999,99999
`FS100543,货道3,统一鲜橙多(CAN310ml),INTR767011663,饮料,3,3,99994,99994
`FS100543,货道4,统一鲜橙多(CAN310ml),INTR767011663,饮料,3,3,99990,99990
`FS100543,货道5,雪碧[自购版](CAN330ml),INTR685011636,饮料,3,3,99999,99999
`FS100543,货道6,雪碧[自购版](CAN330ml),INTR685011636,饮料,3,3,99999,99999
`FS100543,货道7,娃哈哈葡萄汁(PET500ml),INTR106013579,饮料,3,3.5,99998,99998
`FS100543,货道8,娃哈哈葡萄汁(PET500ml),INTR106013579,饮料,3,3.5,99995,99995
`FS100543,货道9,娃哈哈葡萄汁(PET500ml),INTR106013579,饮料,3,3.5,99998,99998
`FS100543,货道10,海之言[柠檬](PET500ml),INTR039011682,饮料,4,4,99998,99998
`FS100543,货道11,海之言[柠檬](PET500ml),INTR039011682,饮料,4,4,99995,99995
`FS100543,货道13,可口可乐(PET500ml),INTR310011684,饮料,3.5,3.5,99980,99980
`FS100543,货道14,,,,,,0,0
`FS100543,货道15,可口可乐(PET500ml),INTR310011684,饮料,3.5,3.5,99981,99981
`FS100543,货道16,,,,,,0,0
`FS100543,货道17,可口可乐(PET500ml),INTR310011684,饮料,3.5,3.5,99982,99982
`FS100543,货道19,统一鲜橙多(PET450ml),INTR910011664,饮料,3.5,3.5,99990,99990
`FS100543,货道21,统一鲜橙多(PET450ml),INTR910011664,饮料,3.5,3.5,99989,99989
`FS100543,货道23,统一冰红茶[柠檬](PET500ml),INTR894011688,饮料,3,3,99993,99993
`FS100543,货道24,统一冰红茶[柠檬](PET500ml),INTR894011688,饮料,3,3,99991,99991
`FS100543,货道25,统一冰绿茶[青梅绿茶](PET500ml),INTR469011681,饮料,3,3,99991,99991
`FS100543,货道26,统一冰绿茶[青梅绿茶](PET500ml),INTR469011681,饮料,3,3,99995,99995
`FS100543,货道27,统一冰绿茶[青梅绿茶](PET500ml),INTR469011681,饮料,3,3,99999,99999
`FS100543,货道28,统一轻啵苏打水[柠檬味](PET500ml),INTR773011687,饮料,3.5,3.5,99999,99999
`FS100543,货道29,小茗同学[青柠红茶](PET480ml),INTR297011693,饮料,5,5,99995,99995
`FS100543,货道30,焕神[热带水果风味]饮料(PET460ml),INTR583011691,饮料,5,5,99999,99999
`FS100543,货道31,小茗同学[青柠红茶](PET480ml),INTR297011693,饮料,5,5,99994,99994
`FS100543,货道32,怡宝[纯净水](PET555ml),INTR128012109,矿泉水,2,2,99993,99993
`FS100543,货道33,怡宝[纯净水](PET555ml),INTR128012109,矿泉水,2,2,99990,99990
`FS100543,货道34,ALKAQUA[饮用天然矿泉水](PET570ml),INTR997009154,矿泉水,4,4,99992,99992
`FS100169,货道1,统一冰红茶(CAN310ml),INTR115011662,饮料,2.5,2.5,99999,99999
`FS100169,货道2,统一冰红茶(CAN310ml),INTR115011662,饮料,2.5,2.5,99997,99997
`FS100169,货道3,统一鲜橙多(CAN310ml),INTR767011663,饮料,3,3,99999,99999
`FS100169,货道4,统一鲜橙多(CAN310ml),INTR767011663,饮料,3,3,99999,99999
`FS100169,货道5,统一鲜橙多(CAN310ml),INTR767011663,饮料,3,3,99999,99999
`FS100169,货道6,统一鲜橙多(CAN310ml),INTR767011663,饮料,3,3,99999,99999
`FS100169,货道7,统一绿茶[茉莉](PET500ml),INTR577011683,饮料,3,3,99999,99999
`FS100169,货道8,统一绿茶[茉莉](PET500ml),INTR577011683,饮料,3,3,99999,99999
`FS100169,货道9,统一绿茶[茉莉](PET500ml),INTR577011683,饮料,3,3,99999,99999
`FS100169,货道10,统一阿萨姆[奶茶原味](PET500ml),INTR230011689,饮料,4.5,4.5,99996,99996
`FS100169,货道11,统一阿萨姆[奶茶原味](PET500ml),INTR230011689,饮料,4.5,4.5,99995,99995
`FS100169,货道13,可口可乐(PET500ml),INTR310011684,饮料,3.5,3.5,99996,99996
`FS100169,货道14,,,,,,0,0
`FS100169,货道15,可口可乐(PET500ml),INTR310011684,饮料,3.5,3.5,99998,99998
`FS100169,货道16,,,,,,0,0
`FS100169,货道17,可口可乐(PET500ml),INTR310011684,饮料,3.5,3.5,99998,99998
`FS100169,货道19,统一冰绿茶[青梅绿茶](PET500ml),INTR469011681,饮料,3,3,99999,99999
`FS100169,货道21,统一冰绿茶[青梅绿茶](PET500ml),INTR469011681,饮料,3,3,99999,99999
`FS100169,货道23,统一冰红茶[柠檬](PET500ml),INTR894011688,饮料,3,3,99999,99999
`FS100169,货道24,统一冰红茶[柠檬](PET500ml),INTR894011688,饮料,3,3,99997,99997
`FS100169,货道25,统一冰红茶[柠檬](PET500ml),INTR894011688,饮料,3,3,99998,99998
`FS100169,货道26,统一鲜橙多(PET450ml),INTR910011664,饮料,3.5,3.5,99999,99999
`FS100169,货道27,焕神[热带水果风味]饮料(PET460ml),INTR583011691,饮料,5,5,99999,99999
`FS100169,货道28,统一轻啵苏打水[柠檬味](PET500ml),INTR773011687,饮料,3.5,3.5,99999,99999
`FS100169,货道29,小茗同学[青柠红茶](PET480ml),INTR297011693,饮料,5,5,99999,99999
`FS100169,货道30,统一冰绿茶[青梅绿茶](PET500ml),INTR469011681,饮料,3,3,99999,99999
`FS100169,货道31,统一冰绿茶[青梅绿茶](PET500ml),INTR469011681,饮料,3,3,99998,99998
`FS100169,货道32,怡宝[纯净水](PET555ml),INTR128012109,矿泉水,2,2,99998,99998
`FS100169,货道33,怡宝[纯净水](PET555ml),INTR128012109,矿泉水,2,2,99998,99998
`FS100169,货道34,ALKAQUA[饮用天然矿泉水](PET570ml),INTR997009154,矿泉水,4,4,99999,99999
`FS100196,货道1,雪碧[自购版](CAN330ml),INTR685011636,饮料,3,3,99999,99999
`FS100196,货道2,雪碧[自购版](CAN330ml),INTR685011636,饮料,3,3,99998,99998
`FS100196,货道3,统一冰红茶(CAN310ml),INTR115011662,饮料,2.5,2.5,99989,99989
`FS100196,货道4,统一冰红茶(CAN310ml),INTR115011662,饮料,2.5,2.5,99999,99999
`FS100196,货道5,统一鲜橙多(CAN310ml),INTR767011663,饮料,3,3,99991,99991
`FS100196,货道6,统一鲜橙多(CAN310ml),INTR767011663,饮料,3,3,99992,99992
`FS100196,货道7,娃哈哈葡萄汁(PET500ml),INTR106013579,饮料,3,3.5,99995,99995
`FS100196,货道8,娃哈哈葡萄汁(PET500ml),INTR106013579,饮料,3,3.5,99997,99997
`FS100196,货道9,娃哈哈葡萄汁(PET500ml),INTR106013579,饮料,3,3.5,99997,99997
`FS100196,货道10,海之言[柠檬](PET500ml),INTR039011682,饮料,4,4,99994,99994
`FS100196,货道11,海之言[柠檬](PET500ml),INTR039011682,饮料,4,4,99994,99994
`FS100196,货道13,可口可乐[自购版](PET500ml),INTR724012203,饮料,3.5,3.5,99996,99996
`FS100196,货道14,,,,,,0,0
`FS100196,货道15,可口可乐[自购版](PET500ml),INTR724012203,饮料,3.5,3.5,99998,99998
`FS100196,货道16,,,,,,0,0
`FS100196,货道17,可口可乐[自购版](PET500ml),INTR724012203,饮料,3.5,3.5,99998,99998
`FS100196,货道19,农夫山泉力量帝维他命水(PET500ml),INTR911012108,饮料,5,5,99993,99993
`FS100196,货道21,农夫山泉力量帝维他命水(PET500ml),INTR911012108,饮料,5,5,99988,99988
`FS100196,货道23,统一冰红茶[柠檬](PET500ml),INTR894011688,饮料,3,3,99994,99994
`FS100196,货道24,统一冰红茶[柠檬](PET500ml),INTR894011688,饮料,3,3,99993,99993
`FS100196,货道25,统一鲜橙多(PET450ml),INTR910011664,饮料,3.5,3.5,99996,99996
`FS100196,货道26,统一鲜橙多(PET450ml),INTR910011664,饮料,3.5,3.5,99987,99987
`FS100196,货道27,统一绿茶[茉莉](PET500ml),INTR577011683,饮料,3,3,99999,99999
`FS100196,货道28,统一绿茶[茉莉](PET500ml),INTR577011683,饮料,3,3,99995,99995
`FS100196,货道29,小茗同学[青柠红茶](PET480ml),INTR297011693,饮料,5,5,99994,99994
`FS100196,货道30,统一轻啵苏打水[柠檬味](PET500ml),INTR773011687,饮料,3.5,3.5,99997,99997
`FS100196,货道31,焕神[热带水果风味]饮料(PET460ml),INTR583011691,饮料,5,5,99997,99997
`FS100196,货道32,怡宝[纯净水](PET555ml),INTR128012109,矿泉水,2,2,99972,99972
`FS100196,货道33,怡宝[纯净水](PET555ml),INTR128012109,矿泉水,2,2,99965,99965
`FS100196,货道34,ALKAQUA[饮用天然矿泉水](PET570ml),INTR997009154,矿泉水,4,4,99991,99991
`FS100336,货道1,统一冰红茶(CAN310ml),INTR115011662,饮料,2.5,2.5,99957,99957
`FS100336,货道2,统一冰红茶(CAN310ml),INTR115011662,饮料,2.5,2.5,99956,99956
`FS100336,货道3,统一鲜橙多(CAN310ml),INTR767011663,饮料,3,3,99955,99955
`FS100336,货道4,统一鲜橙多(CAN310ml),INTR767011663,饮料,3,3,99958,99958
`FS100336,货道6,雪碧[自购版](CAN330ml),INTR685011636,饮料,3,3,99987,99987
`FS100336,货道7,海之言[柠檬](PET500ml),INTR039011682,饮料,4,4,99970,99970
`FS100336,货道8,海之言[柠檬](PET500ml),INTR039011682,饮料,4,4,99951,99951
`FS100336,货道9,娃哈哈葡萄汁(PET500ml),INTR106013579,饮料,3,3.5,99942,99942
`FS100336,货道10,娃哈哈葡萄汁(PET500ml),INTR106013579,饮料,3,3.5,99953,99953
`FS100336,货道11,娃哈哈葡萄汁(PET500ml),INTR106013579,饮料,3,3.5,99934,99934
`FS100336,货道13,可口可乐(PET500ml),INTR310011684,饮料,3.5,3.5,99810,99810
`FS100336,货道14,,,,,,0,0
`FS100336,货道15,可口可乐(PET500ml),INTR310011684,饮料,3.5,3.5,99807,99807
`FS100336,货道16,,,,,,0,0
`FS100336,货道17,可口可乐(PET500ml),INTR310011684,饮料,3.5,3.5,99839,99839
`FS100336,货道19,统一鲜橙多(PET450ml),INTR910011664,饮料,3.5,3.5,99963,99963
`FS100336,货道21,统一鲜橙多(PET450ml),INTR910011664,饮料,3.5,3.5,99953,99953
`FS100336,货道23,统一冰红茶[柠檬](PET500ml),INTR894011688,饮料,3,3,99931,99931
`FS100336,货道24,统一冰红茶[柠檬](PET500ml),INTR894011688,饮料,3,3,99939,99939
`FS100336,货道25,统一绿茶[茉莉](PET500ml),INTR577011683,饮料,3,3,99952,99952
`FS100336,货道26,统一绿茶[茉莉](PET500ml),INTR577011683,饮料,3,3,99952,99952
`FS100336,货道27,焕神[热带水果风味]饮料(PET460ml),INTR583011691,饮料,5,5,99992,99992
`FS100336,货道28,统一轻啵苏打水[柠檬味](PET500ml),INTR773011687,饮料,3.5,3.5,99961,99961
`FS100336,货道29,小茗同学[青柠红茶](PET480ml),INTR297011693,饮料,5,5,99928,99928
`FS100336,货道30,小茗同学[青柠红茶](PET480ml),INTR297011693,饮料,5,5,99914,99914
`FS100336,货道31,怡宝[纯净水](PET555ml),INTR128012109,矿泉水,2,2,99699,99699
`FS100336,货道32,怡宝[纯净水](PET555ml),INTR128012109,矿泉水,2,2,99744,99744
`FS100336,货道33,ALKAQUA[饮用天然矿泉水](PET570ml),INTR997009154,矿泉水,4,4,99811,99811
`FS100336,货道34,ALKAQUA[饮用天然矿泉水](PET570ml),INTR997009154,矿泉水,4,4,99880,99880
`FS100037,货道1,统一冰红茶(CAN310ml),INTR115011662,饮料,2.5,2.5,99999,99999
`FS100037,货道2,统一冰红茶(CAN310ml),INTR115011662,饮料,2.5,2.5,99997,99997
`FS100037,货道3,雪碧[自购版](CAN330ml),INTR685011636,饮料,3,3,99999,99999
`FS100037,货道4,雪碧[自购版](CAN330ml),INTR685011636,饮料,3,3,99995,99995
`FS100037,货道5,统一鲜橙多(CAN310ml),INTR767011663,饮料,3,3,99995,99995
`FS100037,货道6,统一鲜橙多(CAN310ml),INTR767011663,饮料,3,3,99993,99993
`FS100037,货道7,娃哈哈葡萄汁(PET500ml),INTR106013579,饮料,3,3.5,99995,99995
`FS100037,货道8,娃哈哈葡萄汁(PET500ml),INTR106013579,饮料,3,3.5,99997,99997
`FS100037,货道9,娃哈哈葡萄汁(PET500ml),INTR106013579,饮料,3,3.5,99997,99997
`FS100037,货道10,海之言[柠檬](PET500ml),INTR039011682,饮料,4,4,99996,99996
`FS100037,货道11,海之言[柠檬](PET500ml),INTR039011682,饮料,4,4,99995,99995
`FS100037,货道13,可口可乐[自购版](PET500ml),INTR724012203,饮料,3.5,3.5,99988,99988
`FS100037,货道14,,,,,,0,0
`FS100037,货道15,可口可乐[自购版](PET500ml),INTR724012203,饮料,3.5,3.5,99988,99988
`FS100037,货道16,,,,,,0,0
`FS100037,货道17,可口可乐[自购版](PET500ml),INTR724012203,饮料,3.5,3.5,99992,99992
`FS100037,货道19,农夫山泉力量帝维他命水(PET500ml),INTR911012108,饮料,5,5,99996,99996
`FS100037,货道21,农夫山泉力量帝维他命水(PET500ml),INTR911012108,饮料,5,5,99995,99995
`FS100037,货道23,统一冰红茶[柠檬](PET500ml),INTR894011688,饮料,3,3,99993,99993
`FS100037,货道24,统一冰红茶[柠檬](PET500ml),INTR894011688,饮料,3,3,99990,99990
`FS100037,货道25,统一鲜橙多(PET450ml),INTR910011664,饮料,3.5,3.5,99999,99999
`FS100037,货道26,统一鲜橙多(PET450ml),INTR910011664,饮料,3.5,3.5,99997,99997
`FS100037,货道27,统一绿茶[茉莉](PET500ml),INTR577011683,饮料,3,3,99998,99998
`FS100037,货道28,统一绿茶[茉莉](PET500ml),INTR577011683,饮料,3,3,99995,99995
`FS100037,货道29,小茗同学[青柠红茶](PET480ml),INTR297011693,饮料,5,5,99995,99995
`FS100037,货道30,小茗同学[青柠红茶](PET480ml),INTR297011693,饮料,5,5,99997,99997
`FS100037,货道31,统一轻啵苏打水[柠檬味](PET500ml),INTR773011687,饮料,3.5,3.5,99999,99999
`FS100037,货道32,ALKAQUA[饮用天然矿泉水](PET570ml),INTR997009154,矿泉水,4,4,99996,99996
`FS100037,货道33,焕神[热带水果风味]饮料(PET460ml),INTR583011691,饮料,5,5,99994,99994
`FS100037,货道34,焕神[热带水果风味]饮料(PET460ml),INTR583011691,饮料,5,5,99997,99997
`FS100333,货道1,统一冰红茶(CAN310ml),INTR115011662,饮料,2.5,2.5,99999,99999
`FS100333,货道2,统一冰红茶(CAN310ml),INTR115011662,饮料,2.5,2.5,99996,99996
`FS100333,货道3,统一鲜橙多(CAN310ml),INTR767011663,饮料,3,3,99994,99994
`FS100333,货道4,统一鲜橙多(CAN310ml),INTR767011663,饮料,3,3,99990,99990
`FS100333,货道5,雪碧[自购版](CAN330ml),INTR685011636,饮料,3,3,99994,99994
`FS100333,货道6,雪碧[自购版](CAN330ml),INTR685011636,饮料,3,3,99992,99992
`FS100333,货道7,娃哈哈葡萄汁(PET500ml),INTR106013579,饮料,3,3.5,99992,99992
`FS100333,货道8,娃哈哈葡萄汁(PET500ml),INTR106013579,饮料,3,3.5,99995,99995
`FS100333,货道9,娃哈哈葡萄汁(PET500ml),INTR106013579,饮料,3,3.5,99994,99994
`FS100333,货道10,海之言[柠檬](PET500ml),INTR039011682,饮料,4,4,99996,99996
`FS100333,货道11,海之言[柠檬](PET500ml),INTR039011682,饮料,4,4,99984,99984
`FS100333,货道13,可口可乐[自购版](PET500ml),INTR724012203,饮料,3.5,3.5,99960,99960
`FS100333,货道14,,,,,,0,0
`FS100333,货道15,可口可乐[自购版](PET500ml),INTR724012203,饮料,3.5,3.5,99973,99973
`FS100333,货道16,,,,,,0,0
`FS100333,货道17,可口可乐[自购版](PET500ml),INTR724012203,饮料,3.5,3.5,99979,99979
`FS100333,货道19,农夫山泉力量帝维他命水(PET500ml),INTR911012108,饮料,5,5,99985,99985
`FS100333,货道21,农夫山泉力量帝维他命水(PET500ml),INTR911012108,饮料,5,5,99986,99986
`FS100333,货道23,统一冰红茶[柠檬](PET500ml),INTR894011688,饮料,3,3,99998,99998
`FS100333,货道24,统一冰红茶[柠檬](PET500ml),INTR894011688,饮料,3,3,99993,99993
`FS100333,货道25,统一鲜橙多(PET450ml),INTR910011664,饮料,3.5,3.5,99996,99996
`FS100333,货道26,统一鲜橙多(PET450ml),INTR910011664,饮料,3.5,3.5,99989,99989
`FS100333,货道27,统一冰绿茶[青梅绿茶](PET500ml),INTR469011681,饮料,3,3,99999,99999
`FS100333,货道28,统一冰绿茶[青梅绿茶](PET500ml),INTR469011681,饮料,3,3,99999,99999
`FS100333,货道29,小茗同学[青柠红茶](PET480ml),INTR297011693,饮料,5,5,99992,99992
`FS100333,货道30,小茗同学[青柠红茶](PET480ml),INTR297011693,饮料,5,5,99990,99990
`FS100333,货道31,统一轻啵苏打水[柠檬味](PET500ml),INTR773011687,饮料,3.5,3.5,99994,99994
`FS100333,货道32,ALKAQUA[饮用天然矿泉水](PET570ml),INTR997009154,矿泉水,4,4,99983,99983
`FS100333,货道33,焕神[热带水果风味]饮料(PET460ml),INTR583011691,饮料,5,5,99997,99997
`FS100333,货道34,焕神[热带水果风味]饮料(PET460ml),INTR583011691,饮料,5,5,99999,99999
`FS100335,货道1,统一冰红茶(CAN310ml),INTR115011662,饮料,2.5,2.5,99994,99994
`FS100335,货道2,统一冰红茶(CAN310ml),INTR115011662,饮料,2.5,2.5,99993,99993
`FS100335,货道3,雪碧[自购版](CAN330ml),INTR685011636,饮料,3,3,99991,99991
`FS100335,货道4,雪碧[自购版](CAN330ml),INTR685011636,饮料,3,3,99989,99989
`FS100335,货道5,统一鲜橙多(CAN310ml),INTR767011663,饮料,3,3,99993,99993
`FS100335,货道6,统一鲜橙多(CAN310ml),INTR767011663,饮料,3,3,99993,99993
`FS100335,货道7,娃哈哈葡萄汁(PET500ml),INTR106013579,饮料,3,3.5,99985,99985
`FS100335,货道8,娃哈哈葡萄汁(PET500ml),INTR106013579,饮料,3,3.5,99984,99984
`FS100335,货道9,娃哈哈葡萄汁(PET500ml),INTR106013579,饮料,3,3.5,99967,99967
`FS100335,货道10,海之言[柠檬](PET500ml),INTR039011682,饮料,4,4,99988,99988
`FS100335,货道11,海之言[柠檬](PET500ml),INTR039011682,饮料,4,4,99981,99981
`FS100335,货道13,可口可乐[自购版](PET500ml),INTR724012203,饮料,3.5,3.5,99923,99923
`FS100335,货道14,,,,,,0,0
`FS100335,货道15,可口可乐[自购版](PET500ml),INTR724012203,饮料,3.5,3.5,99892,99892
`FS100335,货道16,,,,,,0,0
`FS100335,货道17,可口可乐[自购版](PET500ml),INTR724012203,饮料,3.5,3.5,99928,99928
`FS100335,货道19,农夫山泉力量帝维他命水(PET500ml),INTR911012108,饮料,5,5,99941,99941
`FS100335,货道21,农夫山泉力量帝维他命水(PET500ml),INTR911012108,饮料,5,5,99942,99942
`FS100335,货道23,统一冰红茶[柠檬](PET500ml),INTR894011688,饮料,3,3,99994,99994
`FS100335,货道24,统一冰红茶[柠檬](PET500ml),INTR894011688,饮料,3,3,99971,99971
`FS100335,货道25,统一鲜橙多(PET450ml),INTR910011664,饮料,3.5,3.5,99932,99932
`FS100335,货道26,统一鲜橙多(PET450ml),INTR910011664,饮料,3.5,3.5,99931,99931
`FS100335,货道27,统一冰绿茶[青梅绿茶](PET500ml),INTR469011681,饮料,3,3,99998,99998
`FS100335,货道28,统一冰绿茶[青梅绿茶](PET500ml),INTR469011681,饮料,3,3,99997,99997
`FS100335,货道29,小茗同学[青柠红茶](PET480ml),INTR297011693,饮料,5,5,99964,99964
`FS100335,货道30,小茗同学[青柠红茶](PET480ml),INTR297011693,饮料,5,5,99961,99961
`FS100335,货道31,统一轻啵苏打水[柠檬味](PET500ml),INTR773011687,饮料,3.5,3.5,99962,99962
`FS100335,货道32,ALKAQUA[饮用天然矿泉水](PET570ml),INTR997009154,矿泉水,4,4,99964,99964
`FS100335,货道33,焕神[热带水果风味]饮料(PET460ml),INTR583011691,饮料,5,5,99971,99971
`FS100335,货道34,焕神[热带水果风味]饮料(PET460ml),INTR583011691,饮料,5,5,99973,99973
`FS100337,货道1,统一冰红茶(CAN310ml),INTR115011662,饮料,2.5,2.5,99996,99996
`FS100337,货道2,统一冰红茶(CAN310ml),INTR115011662,饮料,2.5,2.5,99995,99995
`FS100337,货道3,雪碧[自购版](CAN330ml),INTR685011636,饮料,3,3,99996,99996
`FS100337,货道4,雪碧[自购版](CAN330ml),INTR685011636,饮料,3,3,99996,99996
`FS100337,货道5,统一鲜橙多(CAN310ml),INTR767011663,饮料,3,3,99997,99997
`FS100337,货道6,统一鲜橙多(CAN310ml),INTR767011663,饮料,3,3,99997,99997
`FS100337,货道7,娃哈哈葡萄汁(PET500ml),INTR106013579,饮料,3,3.5,99991,99991
`FS100337,货道8,娃哈哈葡萄汁(PET500ml),INTR106013579,饮料,3,3.5,99996,99996
`FS100337,货道9,娃哈哈葡萄汁(PET500ml),INTR106013579,饮料,3,3.5,99994,99994
`FS100337,货道10,海之言[柠檬](PET500ml),INTR039011682,饮料,4,4,99986,99986
`FS100337,货道11,海之言[柠檬](PET500ml),INTR039011682,饮料,4,4,99985,99985
`FS100337,货道13,可口可乐[自购版](PET500ml),INTR724012203,饮料,3.5,3.5,99977,99977
`FS100337,货道14,,,,,,0,0
`FS100337,货道15,可口可乐[自购版](PET500ml),INTR724012203,饮料,3.5,3.5,99974,99974
`FS100337,货道16,,,,,,0,0
`FS100337,货道17,可口可乐[自购版](PET500ml),INTR724012203,饮料,3.5,3.5,99977,99977
`FS100337,货道19,农夫山泉力量帝维他命水(PET500ml),INTR911012108,饮料,5,5,99977,99977
`FS100337,货道21,农夫山泉力量帝维他命水(PET500ml),INTR911012108,饮料,5,5,99989,99989
`FS100337,货道23,统一冰红茶[柠檬](PET500ml),INTR894011688,饮料,3,3,99987,99987
`FS100337,货道24,统一冰红茶[柠檬](PET500ml),INTR894011688,饮料,3,3,99988,99988
`FS100337,货道25,统一鲜橙多(PET450ml),INTR910011664,饮料,3.5,3.5,99975,99975
`FS100337,货道26,统一鲜橙多(PET450ml),INTR910011664,饮料,3.5,3.5,99974,99974
`FS100337,货道27,统一冰绿茶[青梅绿茶](PET500ml),INTR469011681,饮料,3,3,99999,99999
`FS100337,货道28,统一冰绿茶[青梅绿茶](PET500ml),INTR469011681,饮料,3,3,99996,99996
`FS100337,货道29,小茗同学[青柠红茶](PET480ml),INTR297011693,饮料,5,5,99995,99995
`FS100337,货道30,小茗同学[青柠红茶](PET480ml),INTR297011693,饮料,5,5,99995,99995
`FS100337,货道31,统一轻啵苏打水[柠檬味](PET500ml),INTR773011687,饮料,3.5,3.5,99964,99964
`FS100337,货道32,ALKAQUA[饮用天然矿泉水](PET570ml),INTR997009154,矿泉水,4,4,99995,99995
`FS100337,货道33,焕神[热带水果风味]饮料(PET460ml),INTR583011691,饮料,5,5,99993,99993
`FS100337,货道34,焕神[热带水果风味]饮料(PET460ml),INTR583011691,饮料,5,5,99997,99997
`FS100578,货道1,雪碧[自购版](CAN330ml),INTR685011636,饮料,3,2.5,99982,99982
`FS100578,货道2,雪碧[自购版](CAN330ml),INTR685011636,饮料,3,2.5,99974,99974
`FS100578,货道3,统一冰红茶(CAN310ml),INTR115011662,饮料,2.5,2.5,99970,99970
`FS100578,货道4,统一冰红茶(CAN310ml),INTR115011662,饮料,2.5,2.5,99969,99969
`FS100578,货道5,统一鲜橙多(CAN310ml),INTR767011663,饮料,3,3,99975,99975
`FS100578,货道6,统一鲜橙多(CAN310ml),INTR767011663,饮料,3,3,99979,99979
`FS100578,货道7,统一冰绿茶[青梅绿茶](PET500ml),INTR469011681,饮料,3,3,99962,99962
`FS100578,货道8,统一冰绿茶[青梅绿茶](PET500ml),INTR469011681,饮料,3,3,99952,99952
`FS100578,货道9,海之言[柠檬](PET500ml),INTR039011682,饮料,4,4,99988,99988
`FS100578,货道10,海之言[柠檬](PET500ml),INTR039011682,饮料,4,4,99990,99990
`FS100578,货道11,海之言[柠檬](PET500ml),INTR039011682,饮料,4,4,99975,99975
`FS100578,货道13,可口可乐[自购版](PET500ml),INTR724012203,饮料,3.5,3.5,99930,99930
`FS100578,货道14,,,,,,0,0
`FS100578,货道15,可口可乐[自购版](PET500ml),INTR724012203,饮料,3.5,3.5,99915,99915
`FS100578,货道16,,,,,,0,0
`FS100578,货道17,可口可乐[自购版](PET500ml),INTR724012203,饮料,3.5,3.5,99936,99936
`FS100578,货道19,农夫山泉力量帝维他命水(PET500ml),INTR911012108,饮料,5,5,99985,99985
`FS100578,货道21,农夫山泉力量帝维他命水(PET500ml),INTR911012108,饮料,5,5,99912,99912
`FS100578,货道23,统一冰红茶[柠檬](PET500ml),INTR894011688,饮料,3,3,99958,99958
`FS100578,货道24,统一冰红茶[柠檬](PET500ml),INTR894011688,饮料,3,3,99922,99922
`FS100578,货道25,统一鲜橙多(PET450ml),INTR910011664,饮料,3.5,3.5,99957,99957
`FS100578,货道26,统一鲜橙多(PET450ml),INTR910011664,饮料,3.5,3.5,99938,99938
`FS100578,货道27,统一冰绿茶[青梅绿茶](PET500ml),INTR469011681,饮料,3,3,99970,99970
`FS100578,货道28,统一冰绿茶[青梅绿茶](PET500ml),INTR469011681,饮料,3,3,99971,99971
`FS100578,货道29,小茗同学[青柠红茶](PET480ml),INTR297011693,饮料,5,5,99976,99976
`FS100578,货道30,统一冰绿茶[青梅绿茶](PET500ml),INTR469011681,饮料,3,3,99968,99968
`FS100578,货道31,统一冰绿茶[青梅绿茶](PET500ml),INTR469011681,饮料,3,3,99967,99967
`FS100578,货道32,ALKAQUA[饮用天然矿泉水](PET570ml),INTR997009154,矿泉水,4,4,99980,99980
`FS100578,货道33,焕神[热带水果风味]饮料(PET460ml),INTR583011691,饮料,5,5,99991,99991
`FS100578,货道34,焕神[热带水果风味]饮料(PET460ml),INTR583011691,饮料,5,5,99988,99988
`FS100435,货道1,雪碧[自购版](CAN330ml),INTR685011636,饮料,3,2.5,99933,99933
`FS100435,货道2,雪碧[自购版](CAN330ml),INTR685011636,饮料,3,2.5,99930,99930
`FS100435,货道3,统一冰红茶(CAN310ml),INTR115011662,饮料,2.5,2.5,99935,99935
`FS100435,货道4,统一冰红茶(CAN310ml),INTR115011662,饮料,2.5,2.5,99943,99943
`FS100435,货道5,统一鲜橙多(CAN310ml),INTR767011663,饮料,3,3,99960,99960
`FS100435,货道6,统一鲜橙多(CAN310ml),INTR767011663,饮料,3,3,99970,99970
`FS100435,货道7,娃哈哈葡萄汁(PET500ml),INTR106013579,饮料,3,3.5,99880,99880
`FS100435,货道8,娃哈哈葡萄汁(PET500ml),INTR106013579,饮料,3,3.5,99853,99853
`FS100435,货道9,统一阿萨姆[奶茶原味](PET500ml),INTR230011689,饮料,4.5,4.5,99967,99967
`FS100435,货道10,统一阿萨姆[奶茶原味](PET500ml),INTR230011689,饮料,4.5,4.5,99949,99949
`FS100435,货道11,统一阿萨姆[奶茶原味](PET500ml),INTR230011689,饮料,4.5,4.5,99925,99925
`FS100435,货道13,可口可乐[自购版](PET500ml),INTR724012203,饮料,3.5,3.5,99928,99928
`FS100435,货道14,,,,,,0,0
`FS100435,货道15,可口可乐[自购版](PET500ml),INTR724012203,饮料,3.5,3.5,99865,99865
`FS100435,货道16,,,,,,0,0
`FS100435,货道17,可口可乐[自购版](PET500ml),INTR724012203,饮料,3.5,3.5,99915,99915
`FS100435,货道19,农夫山泉力量帝维他命水(PET500ml),INTR911012108,饮料,5,5,99994,99994
`FS100435,货道21,农夫山泉力量帝维他命水(PET500ml),INTR911012108,饮料,5,5,99983,99983
`FS100435,货道23,统一冰红茶[柠檬](PET500ml),INTR894011688,饮料,3,3,99855,99855
`FS100435,货道24,统一冰红茶[柠檬](PET500ml),INTR894011688,饮料,3,3,99834,99834
`FS100435,货道25,统一冰绿茶[青梅绿茶](PET500ml),INTR469011681,饮料,3,3,99969,99969
`FS100435,货道26,统一冰绿茶[青梅绿茶](PET500ml),INTR469011681,饮料,3,3,99957,99957
`FS100435,货道27,统一冰绿茶[青梅绿茶](PET500ml),INTR469011681,饮料,3,3,99963,99963
`FS100435,货道28,统一冰绿茶[青梅绿茶](PET500ml),INTR469011681,饮料,3,3,99966,99966
`FS100435,货道29,小茗同学[青柠红茶](PET480ml),INTR297011693,饮料,5,5,99983,99983
`FS100435,货道30,统一冰绿茶[青梅绿茶](PET500ml),INTR469011681,饮料,3,3,99951,99951
`FS100435,货道31,统一冰绿茶[青梅绿茶](PET500ml),INTR469011681,饮料,3,3,99970,99970
`FS100435,货道32,ALKAQUA[饮用天然矿泉水](PET570ml),INTR997009154,矿泉水,4,4,99989,99989
`FS100435,货道33,焕神[热带水果风味]饮料(PET460ml),INTR583011691,饮料,5,5,99994,99994
`FS100435,货道34,焕神[热带水果风味]饮料(PET460ml),INTR583011691,饮料,5,5,99999,99999
`FS100156,货道1,雪碧[自购版](CAN330ml),INTR685011636,饮料,3,2.5,99943,99943
`FS100156,货道2,雪碧[自购版](CAN330ml),INTR685011636,饮料,3,2.5,99936,99936
`FS100156,货道3,统一冰红茶(CAN310ml),INTR115011662,饮料,2.5,2.5,99948,99948
`FS100156,货道4,统一冰红茶(CAN310ml),INTR115011662,饮料,2.5,2.5,99958,99958
`FS100156,货道5,统一鲜橙多(CAN310ml),INTR767011663,饮料,3,3,99969,99969
`FS100156,货道6,统一鲜橙多(CAN310ml),INTR767011663,饮料,3,3,99977,99977
`FS100156,货道7,娃哈哈葡萄汁(PET500ml),INTR106013579,饮料,3,3.5,99912,99912
`FS100156,货道8,娃哈哈葡萄汁(PET500ml),INTR106013579,饮料,3,3.5,99914,99914
`FS100156,货道9,海之言[柠檬](PET500ml),INTR039011682,饮料,4,4,99978,99978
`FS100156,货道10,海之言[柠檬](PET500ml),INTR039011682,饮料,4,4,99970,99970
`FS100156,货道11,海之言[柠檬](PET500ml),INTR039011682,饮料,4,4,99977,99977
`FS100156,货道13,可口可乐[自购版](PET500ml),INTR724012203,饮料,3.5,3.5,99921,99921
`FS100156,货道14,,,,,,0,0
`FS100156,货道15,可口可乐[自购版](PET500ml),INTR724012203,饮料,3.5,3.5,99928,99928
`FS100156,货道16,,,,,,0,0
`FS100156,货道17,可口可乐[自购版](PET500ml),INTR724012203,饮料,3.5,3.5,99951,99951
`FS100156,货道19,农夫山泉力量帝维他命水(PET500ml),INTR911012108,饮料,5,5,99960,99960
`FS100156,货道21,农夫山泉力量帝维他命水(PET500ml),INTR911012108,饮料,5,5,99961,99961
`FS100156,货道23,统一冰红茶[柠檬](PET500ml),INTR894011688,饮料,3,3,99938,99938
`FS100156,货道24,统一冰红茶[柠檬](PET500ml),INTR894011688,饮料,3,3,99901,99901
`FS100156,货道25,统一鲜橙多(PET450ml),INTR910011664,饮料,3.5,3.5,99958,99958
`FS100156,货道26,统一鲜橙多(PET450ml),INTR910011664,饮料,3.5,3.5,99961,99961
`FS100156,货道27,统一鲜橙多(PET450ml),INTR910011664,饮料,3.5,3.5,99935,99935
`FS100156,货道28,统一鲜橙多(PET450ml),INTR910011664,饮料,3.5,3.5,99944,99944
`FS100156,货道29,小茗同学[青柠红茶](PET480ml),INTR297011693,饮料,5,5,99975,99975
`FS100156,货道30,统一冰绿茶[青梅绿茶](PET500ml),INTR469011681,饮料,3,3,99960,99960
`FS100156,货道31,统一冰绿茶[青梅绿茶](PET500ml),INTR469011681,饮料,3,3,99963,99963
`FS100156,货道32,ALKAQUA[饮用天然矿泉水](PET570ml),INTR997009154,矿泉水,4,4,99988,99988
`FS100156,货道33,焕神[热带水果风味]饮料(PET460ml),INTR583011691,饮料,5,5,99983,99983
`FS100156,货道34,焕神[热带水果风味]饮料(PET460ml),INTR583011691,饮料,5,5,99985,99985
`FS100097,货道1,雪碧[自购版](CAN330ml),INTR685011636,饮料,3,2.5,99959,99959
`FS100097,货道2,雪碧[自购版](CAN330ml),INTR685011636,饮料,3,2.5,99941,99941
`FS100097,货道3,统一冰红茶(CAN310ml),INTR115011662,饮料,2.5,2.5,99953,99953
`FS100097,货道4,统一冰红茶(CAN310ml),INTR115011662,饮料,2.5,2.5,99950,99950
`FS100097,货道5,统一鲜橙多(CAN310ml),INTR767011663,饮料,3,3,99972,99972
`FS100097,货道6,统一鲜橙多(CAN310ml),INTR767011663,饮料,3,3,99979,99979
`FS100097,货道7,娃哈哈葡萄汁(PET500ml),INTR106013579,饮料,3,3.5,99987,99987
`FS100097,货道8,娃哈哈葡萄汁(PET500ml),INTR106013579,饮料,3,3.5,99988,99988
`FS100097,货道9,统一阿萨姆[奶茶原味](PET500ml),INTR230011689,饮料,4.5,4.5,99961,99961
`FS100097,货道10,统一阿萨姆[奶茶原味](PET500ml),INTR230011689,饮料,4.5,4.5,99937,99937
`FS100097,货道11,统一阿萨姆[奶茶原味](PET500ml),INTR230011689,饮料,4.5,4.5,99909,99909
`FS100097,货道13,可口可乐[自购版](PET500ml),INTR724012203,饮料,3.5,3.5,99917,99917
`FS100097,货道14,,,,,,0,0
`FS100097,货道15,可口可乐[自购版](PET500ml),INTR724012203,饮料,3.5,3.5,99885,99885
`FS100097,货道16,,,,,,0,0
`FS100097,货道17,可口可乐[自购版](PET500ml),INTR724012203,饮料,3.5,3.5,99913,99913
`FS100097,货道19,农夫山泉力量帝维他命水(PET500ml),INTR911012108,饮料,5,5,99924,99924
`FS100097,货道21,农夫山泉力量帝维他命水(PET500ml),INTR911012108,饮料,5,5,99944,99944
`FS100097,货道23,统一冰红茶[柠檬](PET500ml),INTR894011688,饮料,3,3,99937,99937
`FS100097,货道24,统一冰红茶[柠檬](PET500ml),INTR894011688,饮料,3,3,99908,99908
`FS100097,货道25,统一冰绿茶[青梅绿茶](PET500ml),INTR469011681,饮料,3,3,99983,99983
`FS100097,货道26,统一冰绿茶[青梅绿茶](PET500ml),INTR469011681,饮料,3,3,99961,99961
`FS100097,货道27,统一鲜橙多(PET450ml),INTR910011664,饮料,3.5,3.5,99943,99943
`FS100097,货道28,统一鲜橙多(PET450ml),INTR910011664,饮料,3.5,3.5,99940,99940
`FS100097,货道29,小茗同学[青柠红茶](PET480ml),INTR297011693,饮料,5,5,99957,99957
`FS100097,货道30,统一鲜橙多(PET450ml),INTR910011664,饮料,3.5,3.5,99923,99923
`FS100097,货道31,统一鲜橙多(PET450ml),INTR910011664,饮料,3.5,3.5,99933,99933
`FS100097,货道32,ALKAQUA[饮用天然矿泉水](PET570ml),INTR997009154,矿泉水,4,4,99981,99981
`FS100097,货道33,焕神[热带水果风味]饮料(PET460ml),INTR583011691,饮料,5,5,99983,99983
`FS100097,货道34,焕神[热带水果风味]饮料(PET460ml),INTR583011691,饮料,5,5,99985,99985
`FS100817,货道1,雪碧[自购版](CAN330ml),INTR685011636,饮料,3,2.5,99965,99965
`FS100817,货道2,雪碧[自购版](CAN330ml),INTR685011636,饮料,3,2.5,99955,99955
`FS100817,货道3,统一冰红茶(CAN310ml),INTR115011662,饮料,2.5,2.5,99965,99965
`FS100817,货道4,统一冰红茶(CAN310ml),INTR115011662,饮料,2.5,2.5,99965,99965
`FS100817,货道5,统一鲜橙多(CAN310ml),INTR767011663,饮料,3,3,99977,99977
`FS100817,货道6,统一鲜橙多(CAN310ml),INTR767011663,饮料,3,3,99985,99985
`FS100817,货道7,娃哈哈葡萄汁(PET500ml),INTR106013579,饮料,3,3.5,99951,99951
`FS100817,货道8,娃哈哈葡萄汁(PET500ml),INTR106013579,饮料,3,3.5,99936,99936
`FS100817,货道9,统一阿萨姆[奶茶原味](PET500ml),INTR230011689,饮料,4.5,4.5,99955,99955
`FS100817,货道10,统一阿萨姆[奶茶原味](PET500ml),INTR230011689,饮料,4.5,4.5,99934,99934
`FS100817,货道11,统一阿萨姆[奶茶原味](PET500ml),INTR230011689,饮料,4.5,4.5,99931,99931
`FS100817,货道13,统一冰红茶(CAN310ml),INTR115011662,饮料,2.5,2.5,99991,99991
`FS100817,货道14,统一冰红茶(CAN310ml),INTR115011662,饮料,2.5,2.5,99977,99977
`FS100817,货道15,统一冰红茶(CAN310ml),INTR115011662,饮料,2.5,2.5,99982,99982
`FS100817,货道16,,,,,,0,0
`FS100817,货道17,可口可乐[自购版](PET500ml),INTR724012203,饮料,3.5,3.5,99952,99952
`FS100817,货道19,可口可乐[自购版](PET500ml),INTR724012203,饮料,3.5,3.5,99958,99958
`FS100817,货道21,可口可乐[自购版](PET500ml),INTR724012203,饮料,3.5,3.5,99965,99965
`FS100817,货道23,统一冰红茶[柠檬](PET500ml),INTR894011688,饮料,3,3,99957,99957
`FS100817,货道24,统一冰红茶[柠檬](PET500ml),INTR894011688,饮料,3,3,99941,99941
`FS100817,货道25,统一冰绿茶[青梅绿茶](PET500ml),INTR469011681,饮料,3,3,99971,99971
`FS100817,货道26,统一冰绿茶[青梅绿茶](PET500ml),INTR469011681,饮料,3,3,99973,99973
`FS100817,货道27,统一鲜橙多(PET450ml),INTR910011664,饮料,3.5,3.5,99948,99948
`FS100817,货道28,统一鲜橙多(PET450ml),INTR910011664,饮料,3.5,3.5,99948,99948
`FS100817,货道29,小茗同学[青柠红茶](PET480ml),INTR297011693,饮料,5,5,99975,99975
`FS100817,货道30,统一鲜橙多(PET450ml),INTR910011664,饮料,3.5,3.5,99949,99949
`FS100817,货道31,统一鲜橙多(PET450ml),INTR910011664,饮料,3.5,3.5,99964,99964
`FS100817,货道32,ALKAQUA[饮用天然矿泉水](PET570ml),INTR997009154,矿泉水,4,4,99994,99994
`FS100817,货道33,焕神[热带水果风味]饮料(PET460ml),INTR583011691,饮料,5,5,99990,99990
`FS100817,货道34,焕神[热带水果风味]饮料(PET460ml),INTR583011691,饮料,5,5,99993,99993
`FS100397,货道1,爱朵拉拿铁咖啡(CAN310ml),INTR459011637,饮料,4,4,99999,99999
`FS100397,货道2,爱朵拉拿铁咖啡(CAN310ml),INTR459011637,饮料,4,4,99998,99998
`FS100397,货道3,统一冰红茶(CAN310ml),INTR115011662,饮料,2.5,2.5,99999,99999
`FS100397,货道4,统一冰红茶(CAN310ml),INTR115011662,饮料,2.5,2.5,99999,99999
`FS100397,货道5,统一鲜橙多(CAN310ml),INTR767011663,饮料,3,3,99999,99999
`FS100397,货道6,统一鲜橙多(CAN310ml),INTR767011663,饮料,3,3,99999,99999
`FS100397,货道7,统一冰绿茶[青梅绿茶](PET500ml),INTR469011681,饮料,3,3,99999,99999
`FS100397,货道8,统一冰绿茶[青梅绿茶](PET500ml),INTR469011681,饮料,3,3,99997,99997
`FS100397,货道9,统一阿萨姆[奶茶原味](PET500ml),INTR230011689,饮料,4.5,4.5,99999,99999
`FS100397,货道10,统一阿萨姆[奶茶原味](PET500ml),INTR230011689,饮料,4.5,4.5,99999,99999
`FS100397,货道11,统一阿萨姆[奶茶原味](PET500ml),INTR230011689,饮料,4.5,4.5,99996,99996
`FS100397,货道13,可口可乐[自购版](PET500ml),INTR724012203,饮料,3.5,3.5,99990,99990
`FS100397,货道14,,,,,,0,0
`FS100397,货道15,可口可乐[自购版](PET500ml),INTR724012203,饮料,3.5,3.5,0,0
`FS100397,货道16,,,,,,0,0
`FS100397,货道17,可口可乐[自购版](PET500ml),INTR724012203,饮料,3.5,3.5,99995,99995
`FS100397,货道19,农夫山泉力量帝维他命水(PET500ml),INTR911012108,饮料,5,5,99999,99999
`FS100397,货道21,农夫山泉力量帝维他命水(PET500ml),INTR911012108,饮料,5,5,99999,99999
`FS100397,货道23,统一冰红茶[柠檬](PET500ml),INTR894011688,饮料,3,3,99998,99998
`FS100397,货道24,统一冰红茶[柠檬](PET500ml),INTR894011688,饮料,3,3,99998,99998
`FS100397,货道25,统一冰绿茶[青梅绿茶](PET500ml),INTR469011681,饮料,3,3,99999,99999
`FS100397,货道26,统一冰绿茶[青梅绿茶](PET500ml),INTR469011681,饮料,3,3,99998,99998
`FS100397,货道27,统一鲜橙多(PET450ml),INTR910011664,饮料,3.5,3.5,99999,99999
`FS100397,货道28,统一鲜橙多(PET450ml),INTR910011664,饮料,3.5,3.5,99999,99999
`FS100397,货道29,小茗同学[青柠红茶](PET480ml),INTR297011693,饮料,5,5,99999,99999
`FS100397,货道30,统一鲜橙多(PET450ml),INTR910011664,饮料,3.5,3.5,99996,99996
`FS100397,货道31,统一鲜橙多(PET450ml),INTR910011664,饮料,3.5,3.5,99999,99999
`FS100397,货道32,ALKAQUA[饮用天然矿泉水](PET570ml),INTR997009154,矿泉水,4,4,99999,99999
`FS100397,货道33,焕神[热带水果风味]饮料(PET460ml),INTR583011691,饮料,5,5,99999,99999
`FS100397,货道34,焕神[热带水果风味]饮料(PET460ml),INTR583011691,饮料,5,5,99999,99999
`FS100068,货道1,统一冰红茶(CAN310ml),INTR115011662,饮料,2.5,2.5,99990,99990
`FS100068,货道2,统一冰红茶(CAN310ml),INTR115011662,饮料,2.5,2.5,99985,99985
`FS100068,货道3,统一鲜橙多(CAN310ml),INTR767011663,饮料,3,3,99984,99984
`FS100068,货道4,统一鲜橙多(CAN310ml),INTR767011663,饮料,3,3,99995,99995
`FS100068,货道5,雪碧[自购版](CAN330ml),INTR685011636,饮料,3,2.5,99994,99994
`FS100068,货道6,雪碧[自购版](CAN330ml),INTR685011636,饮料,3,2.5,99993,99993
`FS100068,货道7,娃哈哈葡萄汁(PET500ml),INTR106013579,饮料,3,3.5,99978,99978
`FS100068,货道8,娃哈哈葡萄汁(PET500ml),INTR106013579,饮料,3,3.5,99986,99986
`FS100068,货道9,海之言[柠檬](PET500ml),INTR039011682,饮料,4,4,99999,99999
`FS100068,货道10,海之言[柠檬](PET500ml),INTR039011682,饮料,4,4,99994,99994
`FS100068,货道11,海之言[柠檬](PET500ml),INTR039011682,饮料,4,4,99997,99997
`FS100068,货道13,可口可乐[自购版](PET500ml),INTR724012203,饮料,3.5,3.5,99972,99972
`FS100068,货道14,,,,,,0,0
`FS100068,货道15,可口可乐[自购版](PET500ml),INTR724012203,饮料,3.5,3.5,99973,99973
`FS100068,货道16,,,,,,0,0
`FS100068,货道17,可口可乐[自购版](PET500ml),INTR724012203,饮料,3.5,3.5,99986,99986
`FS100068,货道19,怡宝[纯净水](PET555ml),INTR128012109,矿泉水,2,2,99911,99911
`FS100068,货道21,怡宝[纯净水](PET555ml),INTR128012109,矿泉水,2,2,99943,99943
`FS100068,货道23,统一冰红茶[柠檬](PET500ml),INTR894011688,饮料,3,3,99964,99964
`FS100068,货道24,统一冰红茶[柠檬](PET500ml),INTR894011688,饮料,3,3,99942,99942
`FS100068,货道25,统一冰红茶[柠檬](PET500ml),INTR894011688,饮料,3,3,99942,99942
`FS100068,货道26,ALKAQUA[饮用天然矿泉水](PET570ml),INTR997009154,矿泉水,4,4,99990,99990
`FS100068,货道27,焕神[热带水果风味]饮料(PET460ml),INTR583011691,饮料,5,5,99983,99983
`FS100068,货道28,统一轻啵苏打水[柠檬味](PET500ml),INTR773011687,饮料,3.5,3.5,99994,99994
`FS100068,货道29,小茗同学[青柠红茶](PET480ml),INTR297011693,饮料,5,5,99977,99977
`FS100068,货道30,小茗同学[青柠红茶](PET480ml),INTR297011693,饮料,5,5,99976,99976
`FS100068,货道31,ALKAQUA[饮用天然矿泉水](PET570ml),INTR997009154,矿泉水,4,4,99990,99990
`FS100068,货道32,怡宝[纯净水](PET555ml),INTR128012109,矿泉水,2,2,99950,99950
`FS100068,货道33,怡宝[纯净水](PET555ml),INTR128012109,矿泉水,2,2,99961,99961
`FS100068,货道34,ALKAQUA[饮用天然矿泉水](PET570ml),INTR997009154,矿泉水,4,4,99992,99992
`FS100611,货道1,统一鲜橙多(CAN310ml),INTR767011663,饮料,3,3,99973,99973
`FS100611,货道2,统一鲜橙多(CAN310ml),INTR767011663,饮料,3,3,99951,99951
`FS100611,货道3,雪碧[自购版](CAN330ml),INTR685011636,饮料,3,3,99912,99912
`FS100611,货道4,雪碧[自购版](CAN330ml),INTR685011636,饮料,3,3,99937,99937
`FS100611,货道5,统一冰红茶(CAN310ml),INTR115011662,饮料,2.5,2.5,99959,99959
`FS100611,货道6,统一冰红茶(CAN310ml),INTR115011662,饮料,2.5,2.5,99942,99942
`FS100611,货道7,娃哈哈葡萄汁(PET500ml),INTR106013579,饮料,3,3.5,99760,99760
`FS100611,货道8,娃哈哈葡萄汁(PET500ml),INTR106013579,饮料,3,3.5,99894,99894
`FS100611,货道9,娃哈哈葡萄汁(PET500ml),INTR106013579,饮料,3,3.5,99864,99864
`FS100611,货道10,海之言[柠檬](PET500ml),INTR039011682,饮料,4,4,99889,99889
`FS100611,货道11,海之言[柠檬](PET500ml),INTR039011682,饮料,4,4,99865,99865
`FS100611,货道13,可口可乐[自购版](PET500ml),INTR724012203,饮料,3.5,3.5,99870,99870
`FS100611,货道14,,,,,,0,0
`FS100611,货道15,可口可乐[自购版](PET500ml),INTR724012203,饮料,3.5,3.5,99910,99910
`FS100611,货道16,,,,,,0,0
`FS100611,货道17,可口可乐[自购版](PET500ml),INTR724012203,饮料,3.5,3.5,99910,99910
`FS100611,货道19,农夫山泉力量帝维他命水(PET500ml),INTR911012108,饮料,5,5,99876,99876
`FS100611,货道21,农夫山泉力量帝维他命水(PET500ml),INTR911012108,饮料,5,5,99911,99911
`FS100611,货道23,统一冰红茶[柠檬](PET500ml),INTR894011688,饮料,3,3,99918,99918
`FS100611,货道24,统一冰红茶[柠檬](PET500ml),INTR894011688,饮料,3,3,99825,99825
`FS100611,货道25,统一鲜橙多(PET450ml),INTR910011664,饮料,3.5,3.5,99893,99893
`FS100611,货道26,统一鲜橙多(PET450ml),INTR910011664,饮料,3.5,3.5,99855,99855
`FS100611,货道27,统一冰绿茶[青梅绿茶](PET500ml),INTR469011681,饮料,3,3,99961,99961
`FS100611,货道28,统一冰绿茶[青梅绿茶](PET500ml),INTR469011681,饮料,3,3,99949,99949
`FS100611,货道29,小茗同学[鸭屎香柠檬茶](PET480ml),INTR116013656,饮料,5,5,99997,99997
`FS100611,货道30,小茗同学[青柠红茶](PET480ml),INTR297011693,饮料,5,5,99942,99942
`FS100611,货道31,统一轻啵苏打水[柠檬味](PET500ml),INTR773011687,饮料,3.5,3.5,99906,99906
`FS100611,货道32,ALKAQUA[饮用天然矿泉水](PET570ml),INTR997009154,矿泉水,4,4,99876,99876
`FS100611,货道33,焕神[热带水果风味]饮料(PET460ml),INTR583011691,饮料,5,5,99970,99970
`FS100611,货道34,焕神[热带水果风味]饮料(PET460ml),INTR583011691,饮料,5,5,99982,99982
`FS100338,货道1,统一鲜橙多(CAN310ml),INTR767011663,饮料,3,3,99992,99992
`FS100338,货道2,统一鲜橙多(CAN310ml),INTR767011663,饮料,3,3,99992,99992
`FS100338,货道3,雪碧[自购版](CAN330ml),INTR685011636,饮料,3,2.5,99995,99995
`FS100338,货道4,雪碧[自购版](CAN330ml),INTR685011636,饮料,3,2.5,99997,99997
`FS100338,货道5,统一冰红茶(CAN310ml),INTR115011662,饮料,2.5,2.5,99992,99992
`FS100338,货道6,统一冰红茶(CAN310ml),INTR115011662,饮料,2.5,2.5,99994,99994
`FS100338,货道7,娃哈哈葡萄汁(PET500ml),INTR106013579,饮料,3,3.5,99994,99994
`FS100338,货道8,娃哈哈葡萄汁(PET500ml),INTR106013579,饮料,3,3.5,99991,99991
`FS100338,货道9,统一绿茶[茉莉](PET500ml),INTR577011683,饮料,3,3,99999,99999
`FS100338,货道10,统一阿萨姆[奶茶原味](PET500ml),INTR230011689,饮料,4.5,4.5,99992,99992
`FS100338,货道11,统一阿萨姆[奶茶原味](PET500ml),INTR230011689,饮料,4.5,4.5,99986,99986
`FS100338,货道13,可口可乐[自购版](PET500ml),INTR724012203,饮料,3.5,3.5,99985,99985
`FS100338,货道14,,,,,,0,0
`FS100338,货道15,可口可乐[自购版](PET500ml),INTR724012203,饮料,3.5,3.5,99987,99987
`FS100338,货道16,,,,,,0,0
`FS100338,货道17,可口可乐[自购版](PET500ml),INTR724012203,饮料,3.5,3.5,99989,99989
`FS100338,货道19,统一绿茶[茉莉](PET500ml),INTR577011683,饮料,3,3,99998,99998
`FS100338,货道21,统一绿茶[茉莉](PET500ml),INTR577011683,饮料,3,3,99992,99992
`FS100338,货道23,统一冰红茶[柠檬](PET500ml),INTR894011688,饮料,3,3,99994,99994
`FS100338,货道24,统一冰红茶[柠檬](PET500ml),INTR894011688,饮料,3,3,99991,99991
`FS100338,货道25,统一冰红茶[柠檬](PET500ml),INTR894011688,饮料,3,3,99991,99991
`FS100338,货道26,ALKAQUA[饮用天然矿泉水](PET570ml),INTR997009154,矿泉水,4,4,99988,99988
`FS100338,货道27,焕神[热带水果风味]饮料(PET460ml),INTR583011691,饮料,5,5,99994,99994
`FS100338,货道28,统一轻啵苏打水[柠檬味](PET500ml),INTR773011687,饮料,3.5,3.5,99997,99997
`FS100338,货道29,小茗同学[青柠红茶](PET480ml),INTR297011693,饮料,5,5,99986,99986
`FS100338,货道30,怡宝[纯净水](PET555ml),INTR128012109,矿泉水,2,2,99971,99971
`FS100338,货道31,怡宝[纯净水](PET555ml),INTR128012109,矿泉水,2,2,99977,99977
`FS100338,货道32,怡宝[纯净水](PET555ml),INTR128012109,矿泉水,2,2,99985,99985
`FS100338,货道33,怡宝[纯净水](PET555ml),INTR128012109,矿泉水,2,2,99984,99984
`FS100338,货道34,ALKAQUA[饮用天然矿泉水](PET570ml),INTR997009154,矿泉水,4,4,99996,99996
`FS100141,货道1,统一冰红茶(CAN310ml),INTR115011662,饮料,2.5,2.5,99998,99998
`FS100141,货道2,统一冰红茶(CAN310ml),INTR115011662,饮料,2.5,2.5,99993,99993
`FS100141,货道3,统一鲜橙多(CAN310ml),INTR767011663,饮料,3,3,99977,99977
`FS100141,货道4,统一鲜橙多(CAN310ml),INTR767011663,饮料,3,3,99993,99993
`FS100141,货道5,雪碧[自购版](CAN330ml),INTR685011636,饮料,3,3,99995,99995
`FS100141,货道6,雪碧[自购版](CAN330ml),INTR685011636,饮料,3,3,99997,99997
`FS100141,货道7,娃哈哈葡萄汁(PET500ml),INTR106013579,饮料,3,3.5,99980,99980
`FS100141,货道8,娃哈哈葡萄汁(PET500ml),INTR106013579,饮料,3,3.5,99997,99997
`FS100141,货道9,娃哈哈葡萄汁(PET500ml),INTR106013579,饮料,3,3.5,99992,99992
`FS100141,货道10,海之言[柠檬](PET500ml),INTR039011682,饮料,4,4,99990,99990
`FS100141,货道11,海之言[柠檬](PET500ml),INTR039011682,饮料,4,4,99975,99975
`FS100141,货道13,可口可乐[自购版](PET500ml),INTR724012203,饮料,3.5,3.5,99953,99953
`FS100141,货道14,,,,,,0,0
`FS100141,货道15,可口可乐[自购版](PET500ml),INTR724012203,饮料,3.5,3.5,99944,99944
`FS100141,货道16,,,,,,0,0
`FS100141,货道17,可口可乐[自购版](PET500ml),INTR724012203,饮料,3.5,3.5,99952,99952
`FS100141,货道19,农夫山泉力量帝维他命水(PET500ml),INTR911012108,饮料,5,5,99972,99972
`FS100141,货道21,农夫山泉力量帝维他命水(PET500ml),INTR911012108,饮料,5,5,99982,99982
`FS100141,货道23,统一冰红茶[柠檬](PET500ml),INTR894011688,饮料,3,3,99976,99976
`FS100141,货道24,统一冰红茶[柠檬](PET500ml),INTR894011688,饮料,3,3,99977,99977
`FS100141,货道25,统一鲜橙多(PET450ml),INTR910011664,饮料,3.5,3.5,99985,99985
`FS100141,货道26,统一鲜橙多(PET450ml),INTR910011664,饮料,3.5,3.5,99979,99979
`FS100141,货道27,统一绿茶[茉莉](PET500ml),INTR577011683,饮料,3,3,99986,99986
`FS100141,货道28,统一绿茶[茉莉](PET500ml),INTR577011683,饮料,3,3,99990,99990
`FS100141,货道29,小茗同学[青柠红茶](PET480ml),INTR297011693,饮料,5,5,99994,99994
`FS100141,货道30,小茗同学[青柠红茶](PET480ml),INTR297011693,饮料,5,5,99990,99990
`FS100141,货道31,统一轻啵苏打水[柠檬味](PET500ml),INTR773011687,饮料,3.5,3.5,99999,99999
`FS100141,货道32,ALKAQUA[饮用天然矿泉水](PET570ml),INTR997009154,矿泉水,4,4,99958,99958
`FS100141,货道33,焕神[热带水果风味]饮料(PET460ml),INTR583011691,饮料,5,5,99981,99981
`FS100141,货道34,焕神[热带水果风味]饮料(PET460ml),INTR583011691,饮料,5,5,99979,99979
