设备编号,货道名称,商品名称,商品编号,分类,参考价格,实际价格,可售库存,合计库存
`FS100313,货道1,统一好料道[仙草凉茶](CAN310ml),INTR791011678,饮料,4,4,29,29
`FS100313,货道2,统一果汁[金桔柠檬](CAN310ml),1.56473E+17,开门柜,3,3,24,24
`FS100313,货道3,统一冰红茶(CAN310ml),INTR115011662,饮料,2.5,2.5,25,25
`FS100313,货道4,统一冰绿茶[青梅绿茶](CAN310ml),INTG116100075,饮料,2.5,2.5,22,22
`FS100313,货道5,统一冰绿茶[青梅绿茶](CAN310ml),INTG116100075,饮料,2.5,2.5,23,23
`FS100313,货道6,统一冰红茶(CAN310ml),INTR115011662,饮料,2.5,2.5,24,24
`FS100313,货道7,统一阿萨姆[奶茶原味](PET500ml),INTR230011689,饮料,4.5,4.5,21,21
`FS100313,货道8,统一阿萨姆[奶茶原味](PET500ml),INTR230011689,饮料,4.5,4.5,23,23
`FS100313,货道9,雅哈[冰咖啡](PET450ml),INTR470011686,饮料,5.5,5.5,16,16
`FS100313,货道10,雅哈[冰咖啡](PET450ml),INTR470011686,饮料,5.5,5.5,17,17
`FS100313,货道11,雅哈[冰咖啡](PET450ml),INTR470011686,饮料,5.5,5.5,0,0
`FS100313,货道13,可口可乐[自购版](PET500ml),INTR724012203,饮料,3.5,3.5,9,9
`FS100313,货道14,,,,,,0,0
`FS100313,货道15,可口可乐[自购版](PET500ml),INTR724012203,饮料,3.5,3.5,0,0
`FS100313,货道16,,,,,,0,0
`FS100313,货道17,可口可乐[自购版](PET500ml),INTR724012203,饮料,3.5,3.5,0,0
`FS100313,货道19,统一阿萨姆[青提茉莉](PET450ml),INTR269013402,饮料,4.5,4.5,20,20
`FS100313,货道21,统一阿萨姆[白桃观音](PET450ml),INTR609013401,饮料,4.5,4.5,20,20
`FS100313,货道23,饮养四季[金桔柠檬](PET500ml),INTR372011680,饮料,3.5,3.5,23,23
`FS100313,货道24,统一鲜橙多(PET450ml),INTR910011664,饮料,3.5,3.5,23,23
`FS100313,货道25,统一冰红茶[柠檬](PET500ml),INTR894011688,饮料,3,3,15,15
`FS100313,货道26,统一冰绿茶[青梅绿茶](PET500ml),INTR469011681,饮料,3,3,21,21
`FS100313,货道27,统一饮养四季[冰糖雪梨](PET500ml),INTR56004726,饮料,3.5,3.5,20,20
`FS100313,货道28,小茗同学[溜溜哒茶](PET480ml),INTR973011692,饮料,5,5,21,21
`FS100313,货道29,焕神[热带水果风味]饮料(PET460ml),INTR583011691,饮料,5,5,10,10
`FS100313,货道30,体质能量(PET580ml),INTR468012175,饮料,4,4,13,13
`FS100313,货道31,格泉饮用天然水(PET500ml),INTR252012401,矿泉水,2,2,22,22
`FS100313,货道32,海之言[柠檬](PET500ml),INTR039011682,饮料,4,4,17,17
`FS100313,货道33,海之言[柠檬](PET500ml),INTR039011682,饮料,4,4,19,19
`FS100313,货道34,海之言[柠檬](PET500ml),INTR039011682,饮料,4,4,21,21
`FS100042,货道1,统一冰绿茶[青梅绿茶](CAN310ml),INTG116100075,饮料,2.5,3.5,99998,99998
`FS100042,货道2,统一好料道[仙草凉茶](CAN310ml),INTR791011678,饮料,4,5,99999,99999
`FS100042,货道3,统一鲜橙多(CAN310ml),INTR767011663,饮料,3,4,99999,99999
`FS100042,货道4,统一冰红茶(CAN310ml),INTR115011662,饮料,2.5,3.5,99999,99999
`FS100042,货道5,小野[芒果汁](CAN245ml),INTR457012418,饮料,3,4,99998,99998
`FS100042,货道6,统一果汁[金桔柠檬](CAN310ml),1.56473E+17,开门柜,3,4,99999,99999
`FS100042,货道7,百事可乐(PET600ml),INTR065012794,饮料,3.5,3.5,99984,99984
`FS100042,货道8,农夫山泉力量帝维他命水(PET500ml),INTR911012108,饮料,5,6,99996,99996
`FS100042,货道9,农夫山泉力量帝维他命水(PET500ml),INTR911012108,饮料,5,6,99996,99996
`FS100042,货道10,海之言[柠檬](PET500ml),INTR039011682,饮料,4,5,99990,99990
`FS100042,货道11,海之言[蓝莓](PET500ml),INTR526012420,饮料,4,5,99997,99997
`FS100042,货道13,统一绿茶[茉莉](PET500ml),INTR577011683,饮料,3,4,99996,99996
`FS100042,货道14,,,,,,0,0
`FS100042,货道15,统一绿茶[茉莉](PET500ml),INTR577011683,饮料,3,4,99993,99993
`FS100042,货道16,,,,,,0,0
`FS100042,货道17,ALKAQUA[饮用天然矿泉水](PET570ml),INTR495012438,矿泉水,4,5,99997,99997
`FS100042,货道19,ALKAQUA[饮用天然矿泉水](PET570ml),INTR495012438,矿泉水,4,5,99995,99995
`FS100042,货道21,海之言[桃桃百香果](PET500ml),INTR950012403,饮料,4,5,99997,99997
`FS100042,货道23,农夫山泉(PET550ml),INTR993012106,矿泉水,2,2.5,99990,99990
`FS100042,货道24,农夫山泉(PET550ml),INTR993012106,矿泉水,2,2.5,99994,99994
`FS100042,货道25,统一鲜橙多(PET450ml),INTR910011664,饮料,3.5,4.5,99998,99998
`FS100042,货道26,统一冰红茶[柠檬](PET500ml),INTR894011688,饮料,3,4,99990,99990
`FS100042,货道27,A-Ha[柠檬]气泡水果饮料(PET500ml),INTR578012419,饮料,3,5,99998,99998
`FS100042,货道28,A-Ha[苹果]气泡水果饮料(PET500ml),INTR255012430,饮料,3,5,99998,99998
`FS100042,货道29,统一阿萨姆[奶茶原味](PET500ml),INTR230011689,饮料,4.5,5.5,99994,99994
`FS100042,货道30,统一冰绿茶[青梅绿茶](PET500ml),INTR469011681,饮料,3,4,99992,99992
`FS100042,货道31,饮养四季[金桔柠檬](PET500ml),INTR372011680,饮料,3.5,4.5,99996,99996
`FS100042,货道32,焕神[热带水果风味]饮料(PET460ml),INTR583011691,饮料,5,6,99998,99998
`FS100042,货道33,格泉饮用天然水(PET500ml),INTR252012401,矿泉水,2,2.5,99995,99995
`FS100042,货道34,统一轻啵苏打水[柠檬味](PET500ml),INTR773011687,饮料,3.5,4,99999,99999
`FS100542,货道1,统一冰红茶(CAN310ml),INTR115011662,饮料,2.5,2.5,30,30
`FS100542,货道2,统一果汁[金桔柠檬](CAN310ml),1.56473E+17,开门柜,3,3,29,29
`FS100542,货道3,旺旺牛奶(CAN245ml),INTR783012872,饮料,6,5.5,21,21
`FS100542,货道4,统一好料道[仙草凉茶](CAN310ml),INTR791011678,饮料,4,4,30,30
`FS100542,货道5,统一鲜橙多(CAN310ml),INTR767011663,饮料,3,3,26,26
`FS100542,货道6,旺旺牛奶(CAN245ml),INTR783012872,饮料,6,5.5,29,29
`FS100542,货道7,统一轻啵苏打水[桃花味](PET500ml),INTR876012423,饮料,3.5,3.5,28,28
`FS100542,货道8,可口可乐[自购版](PET500ml),INTR724012203,饮料,3.5,3.5,17,17
`FS100542,货道9,可口可乐[自购版](PET500ml),INTR724012203,饮料,3.5,3.5,27,27
`FS100542,货道10,可口可乐[自购版](PET500ml),INTR724012203,饮料,3.5,3.5,29,29
`FS100542,货道11,可口可乐[自购版](PET500ml),INTR724012203,饮料,3.5,3.5,29,29
`FS100542,货道13,可口可乐[自购版](PET500ml),INTR724012203,饮料,3.5,3.5,26,26
`FS100542,货道14,,,,,,0,0
`FS100542,货道15,可口可乐[自购版](PET500ml),INTR724012203,饮料,3.5,3.5,27,27
`FS100542,货道16,,,,,,0,0
`FS100542,货道17,可口可乐[自购版](PET500ml),INTR724012203,饮料,3.5,3.5,30,30
`FS100542,货道19,可口可乐[自购版](PET500ml),INTR724012203,饮料,3.5,3.5,19,19
`FS100542,货道21,可口可乐[自购版](PET500ml),INTR724012203,饮料,3.5,3.5,30,30
`FS100542,货道23,雅哈[椰椰拿铁](PET450ml),INTR880013468,饮料,5.5,5.5,25,25
`FS100542,货道24,雅哈[冰咖啡](PET450ml),INTR470011686,饮料,5.5,5.5,15,15
`FS100542,货道25,饮养四季[金桔柠檬](PET500ml),INTR372011680,饮料,3.5,3.5,28,28
`FS100542,货道26,统一鲜橙多(PET450ml),INTR910011664,饮料,3.5,3.5,30,30
`FS100542,货道27,佳得乐蓝莓味(PET600ml),INTR575013578,饮料,5,5,26,26
`FS100542,货道28,统一阿萨姆[白桃观音](PET450ml),INTR609013401,饮料,4.5,4.5,26,26
`FS100542,货道29,统一阿萨姆[奶茶原味](PET500ml),INTR230011689,饮料,4.5,4.5,22,22
`FS100542,货道30,三得利乌龙茶[无糖](PET500ml),INTR907013377,饮料,5,4,18,18
`FS100542,货道31,统一冰绿茶[青梅绿茶](PET500ml),INTR469011681,饮料,3,3,30,30
`FS100542,货道32,海之言[柠檬](PET500ml),INTR039011682,饮料,4,4,28,28
`FS100542,货道33,统一饮养四季[冰糖雪梨](PET500ml),INTR56004726,饮料,3.5,3.5,29,29
`FS100542,货道34,统一冰红茶[柠檬](PET500ml),INTR894011688,饮料,3,3,28,28
`FS101441,货道1,统一冰绿茶[青梅绿茶](CAN310ml),INTG116100075,饮料,2.5,3.5,99992,99992
`FS101441,货道2,统一好料道[仙草凉茶](CAN310ml),INTR791011678,饮料,4,5,99998,99998
`FS101441,货道3,统一鲜橙多(CAN310ml),INTR767011663,饮料,3,4,99995,99995
`FS101441,货道4,统一冰红茶(CAN310ml),INTR115011662,饮料,2.5,3.5,99999,99999
`FS101441,货道5,小野[芒果汁](CAN245ml),INTR457012418,饮料,3,4,99997,99997
`FS101441,货道6,统一果汁[金桔柠檬](CAN310ml),1.56473E+17,开门柜,3,4,99997,99997
`FS101441,货道7,百事可乐(PET600ml),INTR065012794,饮料,3.5,3.5,99975,99975
`FS101441,货道8,农夫山泉力量帝维他命水(PET500ml),INTR911012108,饮料,5,6,99992,99992
`FS101441,货道9,农夫山泉力量帝维他命水(PET500ml),INTR911012108,饮料,5,6,99992,99992
`FS101441,货道10,海之言[柠檬](PET500ml),INTR039011682,饮料,4,5,99986,99986
`FS101441,货道11,海之言[桃桃百香果](PET500ml),INTR950012403,饮料,4,5,99999,99999
`FS101441,货道13,统一绿茶[茉莉](PET500ml),INTR577011683,饮料,3,4,99989,99989
`FS101441,货道14,,,,,0,0,0
`FS101441,货道15,统一绿茶[茉莉](PET500ml),INTR577011683,饮料,3,4,99990,99990
`FS101441,货道16,,,,,0,0,0
`FS101441,货道17,ALKAQUA[饮用天然矿泉水](PET570ml),INTR495012438,矿泉水,4,5,99992,99992
`FS101441,货道19,ALKAQUA[饮用天然矿泉水](PET570ml),INTR495012438,矿泉水,4,5,99995,99995
`FS101441,货道21,海之言[桃桃百香果](PET500ml),INTR950012403,饮料,4,5,99999,99999
`FS101441,货道23,农夫山泉(PET550ml),INTR993012106,矿泉水,2,2.5,99968,99968
`FS101441,货道24,农夫山泉(PET550ml),INTR993012106,矿泉水,2,2.5,99973,99973
`FS101441,货道25,统一鲜橙多(PET450ml),INTR910011664,饮料,3.5,4.5,99987,99987
`FS101441,货道26,统一冰红茶[柠檬](PET500ml),INTR894011688,饮料,3,4,99990,99990
`FS101441,货道27,A-Ha[柠檬]气泡水果饮料(PET500ml),INTR578012419,饮料,3,5,99994,99994
`FS101441,货道28,A-Ha[苹果]气泡水果饮料(PET500ml),INTR255012430,饮料,3,5,99996,99996
`FS101441,货道29,统一阿萨姆[奶茶原味](PET500ml),INTR230011689,饮料,4.5,5.5,99986,99986
`FS101441,货道30,统一冰绿茶[青梅绿茶](PET500ml),INTR469011681,饮料,3,3,99987,99987
`FS101441,货道31,饮养四季[金桔柠檬](PET500ml),INTR372011680,饮料,3.5,4.5,99997,99997
`FS101441,货道32,焕神[热带水果风味]饮料(PET460ml),INTR583011691,饮料,5,6,99999,99999
`FS101441,货道33,格泉饮用天然水(PET500ml),INTR252012401,矿泉水,2,3,99994,99994
`FS101441,货道34,统一轻啵苏打水[柠檬味](PET500ml),INTR773011687,饮料,3.5,4,99987,99987
`FS101440,货道1,统一冰绿茶[青梅绿茶](CAN310ml),INTG116100075,饮料,2.5,3.5,99999,99999
`FS101440,货道2,统一好料道[仙草凉茶](CAN310ml),INTR791011678,饮料,4,5,99998,99998
`FS101440,货道3,统一鲜橙多(CAN310ml),INTR767011663,饮料,3,4,99998,99998
`FS101440,货道4,统一冰红茶(CAN310ml),INTR115011662,饮料,2.5,3.5,99999,99999
`FS101440,货道5,小野[芒果汁](CAN245ml),INTR457012418,饮料,3,4,99998,99998
`FS101440,货道6,统一果汁[金桔柠檬](CAN310ml),1.56473E+17,开门柜,3,4,99999,99999
`FS101440,货道7,百事可乐(PET600ml),INTR065012794,饮料,3.5,3.5,99988,99988
`FS101440,货道8,农夫山泉力量帝维他命水(PET500ml),INTR911012108,饮料,5,6,99989,99989
`FS101440,货道9,农夫山泉力量帝维他命水(PET500ml),INTR911012108,饮料,5,6,99991,99991
`FS101440,货道10,海之言[柠檬](PET500ml),INTR039011682,饮料,4,5,99986,99986
`FS101440,货道11,海之言[蓝莓](PET500ml),INTR526012420,饮料,4,5,99997,99997
`FS101440,货道13,统一绿茶[茉莉](PET500ml),INTR577011683,饮料,3,4,0,0
`FS101440,货道14,,,,,0,0,0
`FS101440,货道15,统一绿茶[茉莉](PET500ml),INTR577011683,饮料,3,4,99993,99993
`FS101440,货道16,,,,,0,0,0
`FS101440,货道17,ALKAQUA[饮用天然矿泉水](PET570ml),INTR495012438,矿泉水,4,5,99995,99995
`FS101440,货道19,ALKAQUA[饮用天然矿泉水](PET570ml),INTR495012438,矿泉水,4,5,99995,99995
`FS101440,货道21,海之言[桃桃百香果](PET500ml),INTR950012403,饮料,4,5,99998,99998
`FS101440,货道23,农夫山泉(PET550ml),INTR993012106,矿泉水,2,2.5,99967,99967
`FS101440,货道24,农夫山泉(PET550ml),INTR993012106,矿泉水,2,2.5,99982,99982
`FS101440,货道25,统一鲜橙多(PET450ml),INTR910011664,饮料,3.5,4.5,99987,99987
`FS101440,货道26,统一冰红茶[柠檬](PET500ml),INTR894011688,饮料,3,4,99996,99996
`FS101440,货道27,A-Ha[柠檬]气泡水果饮料(PET500ml),INTR578012419,饮料,3,5,99995,99995
`FS101440,货道28,A-Ha[苹果]气泡水果饮料(PET500ml),INTR255012430,饮料,3,5,99996,99996
`FS101440,货道29,统一阿萨姆[奶茶原味](PET500ml),INTR230011689,饮料,4.5,5.5,99992,99992
`FS101440,货道30,统一冰绿茶[青梅绿茶](PET500ml),INTR469011681,饮料,3,4.5,99993,99993
`FS101440,货道31,饮养四季[金桔柠檬](PET500ml),INTR372011680,饮料,3.5,4.5,99999,99999
`FS101440,货道32,焕神[热带水果风味]饮料(PET460ml),INTR583011691,饮料,5,6,99999,99999
`FS101440,货道33,格泉饮用天然水(PET500ml),INTR252012401,矿泉水,2,3,99993,99993
`FS101440,货道34,统一轻啵苏打水[柠檬味](PET500ml),INTR773011687,饮料,3.5,4,99994,99994
`FS101446,货道1,统一冰绿茶[青梅绿茶](CAN310ml),INTG116100075,饮料,2.5,3.5,99999,99999
`FS101446,货道2,统一好料道[仙草凉茶](CAN310ml),INTR791011678,饮料,4,5,99998,99998
`FS101446,货道3,统一鲜橙多(CAN310ml),INTR767011663,饮料,3,4,99999,99999
`FS101446,货道4,统一冰红茶(CAN310ml),INTR115011662,饮料,2.5,3.5,99998,99998
`FS101446,货道5,小野[芒果汁](CAN245ml),INTR457012418,饮料,3,4,99998,99998
`FS101446,货道6,统一果汁[金桔柠檬](CAN310ml),1.56473E+17,开门柜,3,4,99999,99999
`FS101446,货道7,百事可乐(PET600ml),INTR065012794,饮料,3.5,3.5,99998,99998
`FS101446,货道8,农夫山泉力量帝维他命水(PET500ml),INTR911012108,饮料,5,6,99997,99997
`FS101446,货道9,农夫山泉力量帝维他命水(PET500ml),INTR911012108,饮料,5,6,99996,99996
`FS101446,货道10,海之言[柠檬](PET500ml),INTR039011682,饮料,4,5,99995,99995
`FS101446,货道11,海之言[蓝莓](PET500ml),INTR526012420,饮料,4,5,99996,99996
`FS101446,货道13,统一绿茶[茉莉](PET500ml),INTR577011683,饮料,3,4,99998,99998
`FS101446,货道14,,,,,,0,0
`FS101446,货道15,统一绿茶[茉莉](PET500ml),INTR577011683,饮料,3,4,99997,99997
`FS101446,货道16,,,,,,0,0
`FS101446,货道17,ALKAQUA[饮用天然矿泉水](PET570ml),INTR495012438,矿泉水,4,5,99998,99998
`FS101446,货道19,ALKAQUA[饮用天然矿泉水](PET570ml),INTR495012438,矿泉水,4,5,99999,99999
`FS101446,货道21,海之言[桃桃百香果](PET500ml),INTR950012403,饮料,4,5,99997,99997
`FS101446,货道23,农夫山泉(PET550ml),INTR993012106,矿泉水,2,2.5,99991,99991
`FS101446,货道24,农夫山泉(PET550ml),INTR993012106,矿泉水,2,2.5,99990,99990
`FS101446,货道25,统一鲜橙多(PET450ml),INTR910011664,饮料,3.5,4.5,99995,99995
`FS101446,货道26,统一冰红茶[柠檬](PET500ml),INTR894011688,饮料,3,4,99995,99995
`FS101446,货道27,A-Ha[柠檬]气泡水果饮料(PET500ml),INTR578012419,饮料,3,5,99999,99999
`FS101446,货道28,A-Ha[苹果]气泡水果饮料(PET500ml),INTR255012430,饮料,3,5,99996,99996
`FS101446,货道29,统一阿萨姆[奶茶原味](PET500ml),INTR230011689,饮料,4.5,5.5,99996,99996
`FS101446,货道30,统一冰绿茶[青梅绿茶](PET500ml),INTR469011681,饮料,3,4.5,99995,99995
`FS101446,货道31,饮养四季[金桔柠檬](PET500ml),INTR372011680,饮料,3.5,4.5,99997,99997
`FS101446,货道32,焕神[热带水果风味]饮料(PET460ml),INTR583011691,饮料,5,6,99999,99999
`FS101446,货道33,格泉饮用天然水(PET500ml),INTR252012401,矿泉水,2,3,99997,99997
`FS101446,货道34,统一轻啵苏打水[柠檬味](PET500ml),INTR773011687,饮料,3.5,4,99996,99996
`FS100268,货道1,统一冰红茶[柠檬](PET500ml),INTR894011688,饮料,3,3,30,30
`FS100268,货道2,,,,,,0,0
`FS100268,货道3,海之言[柠檬](PET500ml),INTR039011682,饮料,4,4,30,30
`FS100268,货道4,,,,,,0,0
`FS100268,货道5,,,,,,0,0
`FS100268,货道6,,,,,,0,0
`FS100268,货道7,,,,,,0,0
`FS100268,货道8,,,,,,0,0
`FS100268,货道9,,,,,,0,0
`FS100268,货道10,,,,,,0,0
`FS100268,货道11,,,,,,0,0
`FS100268,货道13,,,,,,0,0
`FS100268,货道14,,,,,,0,0
`FS100268,货道15,,,,,,0,0
`FS100268,货道16,,,,,,0,0
`FS100268,货道17,,,,,,0,0
`FS100268,货道19,,,,,,0,0
`FS100268,货道21,,,,,,0,0
`FS100268,货道23,,,,,,0,0
`FS100268,货道24,,,,,,0,0
`FS100268,货道25,,,,,,0,0
`FS100268,货道26,,,,,,0,0
`FS100268,货道27,,,,,,0,0
`FS100268,货道28,,,,,,0,0
`FS100268,货道29,,,,,,0,0
`FS100268,货道30,,,,,,0,0
`FS100268,货道31,,,,,,0,0
`FS100268,货道32,,,,,,0,0
`FS100268,货道33,,,,,,0,0
`FS100268,货道34,统一冰绿茶[青梅绿茶](PET500ml),INTR469011681,饮料,3,0.5,29,29
`FS100666,货道1,统一冰红茶[柠檬](PET500ml),INTR894011688,饮料,3,3,30,30
`FS100666,货道2,雪碧[自购版](CAN330ml),INTR685011636,饮料,3,2.5,30,30
`FS100666,货道3,统一鲜橙多(CAN310ml),INTR767011663,饮料,3,3,30,30
`FS100666,货道4,统一冰红茶(CAN310ml),INTR115011662,饮料,2.5,2.5,30,30
`FS100666,货道5,,,,,,0,0
`FS100666,货道6,,,,,,0,0
`FS100666,货道7,,,,,,0,0
`FS100666,货道8,,,,,,0,0
`FS100666,货道9,,,,,,0,0
`FS100666,货道10,,,,,,0,0
`FS100666,货道11,,,,,,0,0
`FS100666,货道13,,,,,,0,0
`FS100666,货道14,,,,,,0,0
`FS100666,货道15,,,,,,0,0
`FS100666,货道16,,,,,,0,0
`FS100666,货道17,,,,,,0,0
`FS100666,货道19,,,,,,0,0
`FS100666,货道21,,,,,,0,0
`FS100666,货道23,,,,,,0,0
`FS100666,货道24,,,,,,0,0
`FS100666,货道25,,,,,,0,0
`FS100666,货道26,,,,,,0,0
`FS100666,货道27,,,,,,0,0
`FS100666,货道28,,,,,,0,0
`FS100666,货道29,,,,,,0,0
`FS100666,货道30,,,,,,0,0
`FS100666,货道31,,,,,,0,0
`FS100666,货道32,,,,,,0,0
`FS100666,货道33,,,,,,0,0
`FS100666,货道34,统一冰绿茶[青梅绿茶](PET500ml),INTR469011681,饮料,3,0.5,30,30
`FS100796,货道1,统一冰红茶(CAN310ml),INTR115011662,饮料,2.5,2.5,22,22
`FS100796,货道2,统一冰红茶(CAN310ml),INTR115011662,饮料,2.5,2.5,20,20
`FS100796,货道3,统一鲜橙多(CAN310ml),INTR767011663,饮料,3,3,17,17
`FS100796,货道4,统一鲜橙多(CAN310ml),INTR767011663,饮料,3,3,16,16
`FS100796,货道5,优好滋荔枝爽310ml,INTR860012104,饮料,2.5,3,12,12
`FS100796,货道6,统一好料道[仙草凉茶](CAN310ml),INTR791011678,饮料,4,4,12,12
`FS100796,货道7,统一阿萨姆[奶茶原味](PET500ml),INTR230011689,饮料,4.5,4.5,21,21
`FS100796,货道8,统一阿萨姆[奶茶原味](PET500ml),INTR230011689,饮料,4.5,4.5,20,20
`FS100796,货道9,统一饮养四季[冰糖雪梨](PET500ml),INTR56004726,饮料,3.5,3.5,18,18
`FS100796,货道10,农夫山泉(PET550ml),INTR993012106,矿泉水,2,2,16,16
`FS100796,货道11,今麦郎茉莉蜜茶(PET500ml),INTR701012110,饮料,4,3,14,14
`FS100796,货道13,统一冰红茶[柠檬](PET500ml),INTR894011688,饮料,3,3,20,20
`FS100796,货道14,,,,,,0,0
`FS100796,货道15,统一冰红茶[柠檬](PET500ml),INTR894011688,饮料,3,3,16,16
`FS100796,货道16,,,,,,0,0
`FS100796,货道17,统一轻啵苏打水[柠檬味](PET500ml),INTR773011687,饮料,3.5,3.5,18,18
`FS100796,货道19,海之言[柠檬](PET500ml),INTR039011682,饮料,4,4,14,14
`FS100796,货道21,海之言[柠檬](PET500ml),INTR039011682,饮料,4,4,13,13
`FS100796,货道23,农夫山泉(PET550ml),INTR993012106,矿泉水,2,2,22,22
`FS100796,货道24,农夫山泉(PET550ml),INTR993012106,矿泉水,2,2,20,20
`FS100796,货道25,水趣多乳酸菌风味(PET500ml),INTR912012422,饮料,5,5,17,17
`FS100796,货道26,小茗同学[青柠红茶](PET480ml),INTR297011693,饮料,5,5,16,16
`FS100796,货道27,统一冰绿茶[青梅绿茶](PET500ml),INTR469011681,饮料,3,3,12,12
`FS100796,货道28,统一冰绿茶[青梅绿茶](PET500ml),INTR469011681,饮料,3,3,12,12
`FS100796,货道29,今麦郎芒顿小镇柠檬水(PET500ml),INTR322012790,饮料,2.5,3,22,22
`FS100796,货道30,格泉饮用天然水(PET500ml),INTR252012401,矿泉水,2,2,20,20
`FS100796,货道31,统一绿茶[茉莉](PET500ml),INTR577011683,饮料,3,3,18,18
`FS100796,货道32,统一绿茶[茉莉](PET500ml),INTR577011683,饮料,3,3,16,16
`FS100796,货道33,饮养四季[金桔柠檬](PET500ml),INTR372011680,饮料,3.5,3.5,14,14
`FS100796,货道34,小茗同学[溜溜哒茶](PET480ml),INTR973011692,饮料,5,5,12,12
`FS101266,货道1,统一果汁[金桔柠檬](CAN310ml),1.56473E+17,开门柜,3,3,19,19
`FS101266,货道2,统一果汁[金桔柠檬](CAN310ml),1.56473E+17,开门柜,3,3,14,14
`FS101266,货道3,统一鲜橙多(CAN310ml),INTR767011663,饮料,3,3,8,8
`FS101266,货道4,统一鲜橙多(CAN310ml),INTR767011663,饮料,3,3,7,7
`FS101266,货道5,红牛金罐(CAN250ml),INTR442012892,饮料,6,6.5,4,4
`FS101266,货道6,红牛金罐(CAN250ml),INTR442012892,饮料,6,6.5,7,7
`FS101266,货道7,可口可乐[自购版](PET500ml),INTR724012203,饮料,3.5,3.5,9,9
`FS101266,货道8,可口可乐[自购版](PET500ml),INTR724012203,饮料,3.5,3.5,1,1
`FS101266,货道9,可口可乐[自购版](PET500ml),INTR724012203,饮料,3.5,3.5,2,2
`FS101266,货道10,统一阿萨姆[奶茶原味](PET500ml),INTR230011689,饮料,4.5,4.5,5,5
`FS101266,货道11,统一阿萨姆[奶茶原味](PET500ml),INTR230011689,饮料,4.5,4.5,4,4
`FS101266,货道13,娃哈哈[钻面水](PET550ml),INTR055012170,矿泉水,2,2.5,22,22
`FS101266,货道14,焕神[热带水果风味]饮料(PET460ml),INTR583011691,饮料,5,5,16,16
`FS101266,货道15,脉动[青柠味](PET600ml),INTR924012868,饮料,4,5,0,0
`FS101266,货道16,焕神[热带水果风味]饮料(PET460ml),INTR583011691,饮料,5,5,16,16
`FS101266,货道17,脉动[青柠味](PET600ml),INTR924012868,饮料,4,5,0,0
`FS101266,货道19,娃哈哈[钻面水](PET550ml),INTR055012170,矿泉水,2,2.5,0,0
`FS101266,货道21,统一阿萨姆[奶茶原味](PET500ml),INTR230011689,饮料,4.5,4.5,0,0
`FS101266,货道23,统一绿茶[茉莉](PET500ml),INTR577011683,饮料,3,3.5,17,17
`FS101266,货道24,统一绿茶[茉莉](PET500ml),INTR577011683,饮料,3,3.5,19,19
`FS101266,货道25,统一冰红茶[柠檬](PET500ml),INTR894011688,饮料,3,3.5,15,15
`FS101266,货道26,统一冰红茶[柠檬](PET500ml),INTR894011688,饮料,3,3.5,7,7
`FS101266,货道27,统一冰红茶[柠檬](PET500ml),INTR894011688,饮料,3,3.5,9,9
`FS101266,货道28,统一冰红茶[柠檬](PET500ml),INTR894011688,饮料,3,3.5,11,11
`FS101266,货道29,统一绿茶[茉莉](PET500ml),INTR577011683,饮料,3,3.5,19,19
`FS101266,货道30,统一绿茶[茉莉](PET500ml),INTR577011683,饮料,3,3.5,17,17
`FS101266,货道31,焕神[热带水果风味]饮料(PET460ml),INTR583011691,饮料,5,5,18,18
`FS101266,货道32,焕神[热带水果风味]饮料(PET460ml),INTR583011691,饮料,5,5,15,15
`FS101266,货道33,饮养四季[金桔柠檬](PET500ml),INTR372011680,饮料,3.5,3.5,12,12
`FS101266,货道34,饮养四季[金桔柠檬](PET500ml),INTR372011680,饮料,3.5,3.5,7,7
`FS100659,货道1,统一果汁[金桔柠檬](CAN310ml),1.56473E+17,开门柜,3,3,19,19
`FS100659,货道2,统一果汁[金桔柠檬](CAN310ml),1.56473E+17,开门柜,3,3,16,16
`FS100659,货道3,统一鲜橙多(CAN310ml),INTR767011663,饮料,3,3,16,16
`FS100659,货道4,统一鲜橙多(CAN310ml),INTR767011663,饮料,3,3,11,11
`FS100659,货道5,红牛金罐(CAN250ml),INTR442012892,饮料,6,6.5,9,9
`FS100659,货道6,红牛金罐(CAN250ml),INTR442012892,饮料,6,6.5,5,5
`FS100659,货道7,可口可乐[自购版](PET500ml),INTR724012203,饮料,3.5,3.5,12,12
`FS100659,货道8,可口可乐[自购版](PET500ml),INTR724012203,饮料,3.5,3.5,18,18
`FS100659,货道9,可口可乐[自购版](PET500ml),INTR724012203,饮料,3.5,3.5,0,0
`FS100659,货道10,统一阿萨姆[奶茶原味](PET500ml),INTR230011689,饮料,4.5,4.5,10,10
`FS100659,货道11,统一阿萨姆[奶茶原味](PET500ml),INTR230011689,饮料,4.5,4.5,9,9
`FS100659,货道13,脉动[青柠味](PET600ml),INTR924012868,饮料,4,5,17,17
`FS100659,货道14,,,,,5,0,0
`FS100659,货道15,脉动[青柠味](PET600ml),INTR924012868,饮料,4,5,13,13
`FS100659,货道16,,,,,5,0,0
`FS100659,货道17,脉动[青柠味](PET600ml),INTR924012868,饮料,4,5,12,12
`FS100659,货道19,娃哈哈[钻面水](PET550ml),INTR055012170,矿泉水,2,2.5,10,10
`FS100659,货道21,统一阿萨姆[奶茶原味](PET500ml),INTR230011689,饮料,4.5,4.5,14,14
`FS100659,货道23,统一冰红茶[柠檬](PET500ml),INTR894011688,饮料,3,3.5,17,17
`FS100659,货道24,统一冰红茶[柠檬](PET500ml),INTR894011688,饮料,3,3.5,20,20
`FS100659,货道25,统一冰红茶[柠檬](PET500ml),INTR894011688,饮料,3,3.5,15,15
`FS100659,货道26,统一冰红茶[柠檬](PET500ml),INTR894011688,饮料,3,3.5,15,15
`FS100659,货道27,统一绿茶[茉莉](PET500ml),INTR577011683,饮料,3,3.5,14,14
`FS100659,货道28,统一绿茶[茉莉](PET500ml),INTR577011683,饮料,3,3.5,10,10
`FS100659,货道29,饮养四季[金桔柠檬](PET500ml),INTR372011680,饮料,3.5,3.5,10,10
`FS100659,货道30,饮养四季[金桔柠檬](PET500ml),INTR372011680,饮料,3.5,3.5,12,12
`FS100659,货道31,焕神[热带水果风味]饮料(PET460ml),INTR583011691,饮料,5,5,10,10
`FS100659,货道32,焕神[热带水果风味]饮料(PET460ml),INTR583011691,饮料,5,5,11,11
`FS100659,货道33,统一绿茶[茉莉](PET500ml),INTR577011683,饮料,3,3.5,14,14
`FS100659,货道34,统一绿茶[茉莉](PET500ml),INTR577011683,饮料,3,3.5,14,14
`FS100187,货道1,,,,,,0,0
`FS100187,货道2,,,,,,0,0
`FS100187,货道3,,,,,,0,0
`FS100187,货道4,,,,,,0,0
`FS100187,货道5,,,,,,0,0
`FS100187,货道6,,,,,,0,0
`FS100187,货道7,,,,,,0,0
`FS100187,货道8,,,,,,0,0
`FS100187,货道9,,,,,,0,0
`FS100187,货道10,,,,,,0,0
`FS100187,货道11,,,,,,0,0
`FS100187,货道13,,,,,,0,0
`FS100187,货道14,,,,,,0,0
`FS100187,货道15,,,,,,0,0
`FS100187,货道16,,,,,,0,0
`FS100187,货道17,,,,,,0,0
`FS100187,货道19,,,,,,0,0
`FS100187,货道21,,,,,,0,0
`FS100187,货道23,,,,,,0,0
`FS100187,货道24,,,,,,0,0
`FS100187,货道25,,,,,,0,0
`FS100187,货道26,,,,,,0,0
`FS100187,货道27,,,,,,0,0
`FS100187,货道28,,,,,,0,0
`FS100187,货道29,,,,,,0,0
`FS100187,货道30,,,,,,0,0
`FS100187,货道31,,,,,,0,0
`FS100187,货道32,,,,,,0,0
`FS100187,货道33,,,,,,0,0
`FS100187,货道34,,,,,,0,0
`FS100178,货道1,统一好料道[仙草凉茶](CAN310ml),INTR791011678,饮料,4,4,0,0
`FS100178,货道2,统一好料道[仙草凉茶](CAN310ml),INTR791011678,饮料,4,4,0,0
`FS100178,货道3,爱朵拉拿铁咖啡(CAN310ml),INTR459011637,饮料,4,4,0,0
`FS100178,货道4,爱朵拉拿铁咖啡(CAN310ml),INTR459011637,饮料,4,4,0,0
`FS100178,货道5,统一鲜橙多(CAN310ml),INTR767011663,饮料,3,3,0,0
`FS100178,货道6,统一鲜橙多(CAN310ml),INTR767011663,饮料,3,3,0,0
`FS100178,货道7,红牛金罐(CAN250ml),INTR442012892,饮料,6,6.5,0,0
`FS100178,货道8,红牛金罐(CAN250ml),INTR442012892,饮料,6,6.5,0,0
`FS100178,货道9,可口可乐[自购版](PET500ml),INTR724012203,饮料,3.5,3.5,0,0
`FS100178,货道10,雪碧[自购版](PET500ml),INTR175012204,饮料,3.5,3.5,0,0
`FS100178,货道11,统一阿萨姆[奶茶原味](PET500ml),INTR230011689,饮料,4.5,4.5,0,0
`FS100178,货道13,脉动[青柠味](PET600ml),INTR924012868,饮料,4,5,0,0
`FS100178,货道14,统一鲜橙多(PET450ml),INTR910011664,饮料,3.5,3.5,0,0
`FS100178,货道15,脉动[青柠味](PET600ml),INTR924012868,饮料,4,5,0,0
`FS100178,货道16,,,,,,0,0
`FS100178,货道17,统一饮养四季[冰糖雪梨](PET500ml),INTR56004726,饮料,3.5,3.5,0,0
`FS100178,货道19,统一饮养四季[冰糖雪梨](PET500ml),INTR56004726,饮料,3.5,3.5,0,0
`FS100178,货道21,统一鲜橙多(PET450ml),INTR910011664,饮料,3.5,3.5,0,0
`FS100178,货道23,体质能量(PET580ml),INTR468012175,饮料,4,5,0,0
`FS100178,货道24,海之言[柠檬](PET500ml),INTR039011682,饮料,4,4.5,0,0
`FS100178,货道25,统一冰红茶[柠檬](PET500ml),INTR894011688,饮料,3,3.5,0,0
`FS100178,货道26,统一冰红茶[柠檬](PET500ml),INTR894011688,饮料,3,3.5,0,0
`FS100178,货道27,雅哈[冰咖啡](PET450ml),INTR470011686,饮料,5.5,5.5,0,0
`FS100178,货道28,雅哈[冰咖啡](PET450ml),INTR470011686,饮料,5.5,5.5,0,0
`FS100178,货道29,怡宝[纯净水](PET555ml),INTR128012109,矿泉水,2,2,0,0
`FS100178,货道30,统一绿茶[茉莉](PET500ml),INTR577011683,饮料,3,3.5,0,0
`FS100178,货道31,统一绿茶[茉莉](PET500ml),INTR577011683,饮料,3,3.5,0,0
`FS100178,货道32,统一轻啵苏打水[原味](PET500ml),INTR452012400,饮料,3.5,3.5,0,0
`FS100178,货道33,焕神[热带水果风味]饮料(PET460ml),INTR583011691,饮料,5,5,0,0
`FS100178,货道34,ALKAQUA[饮用天然矿泉水](PET570ml),INTR997009154,矿泉水,4,4,0,0
`FS100202,货道1,爱朵拉拿铁咖啡(CAN310ml),INTR459011637,饮料,4,4,0,0
`FS100202,货道2,爱朵拉拿铁咖啡(CAN310ml),INTR459011637,饮料,4,4,0,0
`FS100202,货道3,统一好料道[仙草凉茶](CAN310ml),INTR791011678,饮料,4,4,0,0
`FS100202,货道4,统一好料道[仙草凉茶](CAN310ml),INTR791011678,饮料,4,4,0,0
`FS100202,货道5,统一鲜橙多(CAN310ml),INTR767011663,饮料,3,3,0,0
`FS100202,货道6,统一鲜橙多(CAN310ml),INTR767011663,饮料,3,3,0,0
`FS100202,货道7,红牛金罐(CAN250ml),INTR442012892,饮料,6,6.5,0,0
`FS100202,货道8,红牛金罐(CAN250ml),INTR442012892,饮料,6,6.5,0,0
`FS100202,货道9,可口可乐[自购版](PET500ml),INTR724012203,饮料,3.5,3.5,0,0
`FS100202,货道10,雪碧[自购版](PET500ml),INTR175012204,饮料,3.5,3.5,0,0
`FS100202,货道11,小茗同学[鸭屎香柠檬茶](PET480ml),INTR116013656,饮料,5,5,0,0
`FS100202,货道13,海之言[柠檬](PET500ml),INTR039011682,饮料,4,4.5,0,0
`FS100202,货道14,,,,,,0,0
`FS100202,货道15,可口可乐[零度](500ml),INTR890011661,饮料,3.5,3.5,0,0
`FS100202,货道16,,,,,4,0,0
`FS100202,货道17,脉动[青柠味](PET600ml),INTR924012868,饮料,4,5,0,0
`FS100202,货道19,统一鲜橙多(PET450ml),INTR910011664,饮料,3.5,3.5,0,0
`FS100202,货道21,统一饮养四季[冰糖雪梨](PET500ml),INTR56004726,饮料,3.5,3.5,0,0
`FS100202,货道23,统一饮养四季[冰糖雪梨](PET500ml),INTR56004726,饮料,3.5,3.5,0,0
`FS100202,货道24,统一阿萨姆[奶茶原味](PET500ml),INTR230011689,饮料,4.5,4.5,1,1
`FS100202,货道25,统一阿萨姆[奶茶原味](PET500ml),INTR230011689,饮料,4.5,4.5,0,0
`FS100202,货道26,统一阿萨姆[奶茶原味](PET500ml),INTR230011689,饮料,4.5,4.5,0,0
`FS100202,货道27,统一冰红茶[柠檬](PET500ml),INTR894011688,饮料,3,3.5,0,0
`FS100202,货道28,统一冰红茶[柠檬](PET500ml),INTR894011688,饮料,3,3.5,0,0
`FS100202,货道29,统一冰红茶[柠檬](PET500ml),INTR894011688,饮料,3,3.5,0,0
`FS100202,货道30,统一绿茶[茉莉](PET500ml),INTR577011683,饮料,3,3.5,0,0
`FS100202,货道31,统一绿茶[茉莉](PET500ml),INTR577011683,饮料,3,3.5,0,0
`FS100202,货道32,统一绿茶[茉莉](PET500ml),INTR577011683,饮料,3,3.5,0,0
`FS100202,货道33,焕神[热带水果风味]饮料(PET460ml),INTR583011691,饮料,5,5,0,0
`FS100202,货道34,焕神[热带水果风味]饮料(PET460ml),INTR583011691,饮料,5,5,0,0
`FS100075,货道1,优好滋荔枝爽310ml,INTR860012104,饮料,2.5,3,15,15
`FS100075,货道2,统一冰红茶(CAN310ml),INTR115011662,饮料,2.5,2.5,14,14
`FS100075,货道3,统一鲜橙多(CAN310ml),INTR767011663,饮料,3,3,17,17
`FS100075,货道4,统一鲜橙多(CAN310ml),INTR767011663,饮料,3,3,13,13
`FS100075,货道5,统一冰红茶(CAN310ml),INTR115011662,饮料,2.5,2.5,14,14
`FS100075,货道6,统一好料道[仙草凉茶](CAN310ml),INTR791011678,饮料,4,4,12,12
`FS100075,货道7,格泉饮用天然水(PET500ml),INTR252012401,矿泉水,2,2,22,22
`FS100075,货道8,农夫山泉(PET550ml),INTR993012106,矿泉水,2,2,-2,-2
`FS100075,货道9,统一饮养四季[冰糖雪梨](PET500ml),INTR56004726,饮料,3.5,3.5,16,16
`FS100075,货道10,统一阿萨姆[奶茶原味](PET500ml),INTR230011689,饮料,4.5,4.5,14,14
`FS100075,货道11,统一阿萨姆[奶茶原味](PET500ml),INTR230011689,饮料,4.5,4.5,12,12
`FS100075,货道13,统一冰红茶[柠檬](PET500ml),INTR894011688,饮料,3,3,12,12
`FS100075,货道14,,,,,,0,0
`FS100075,货道15,统一冰红茶[柠檬](PET500ml),INTR894011688,饮料,3,3,12,12
`FS100075,货道16,,,,,,0,0
`FS100075,货道17,统一轻啵苏打水[柠檬味](PET500ml),INTR773011687,饮料,3.5,3.5,18,18
`FS100075,货道19,海之言[柠檬](PET500ml),INTR039011682,饮料,4,4,8,8
`FS100075,货道21,海之言[柠檬](PET500ml),INTR039011682,饮料,4,4,11,11
`FS100075,货道23,农夫山泉(PET550ml),INTR993012106,矿泉水,2,2,8,8
`FS100075,货道24,农夫山泉(PET550ml),INTR993012106,矿泉水,2,2,-2,-2
`FS100075,货道25,水趣多乳酸菌风味(PET500ml),INTR912012422,饮料,5,5,18,18
`FS100075,货道26,小茗同学[青柠红茶](PET480ml),INTR297011693,饮料,5,5,16,16
`FS100075,货道27,统一冰绿茶[青梅绿茶](PET500ml),INTR469011681,饮料,3,3,6,6
`FS100075,货道28,统一冰绿茶[青梅绿茶](PET500ml),INTR469011681,饮料,3,3,3,3
`FS100075,货道29,农夫山泉(PET550ml),INTR993012106,矿泉水,2,2,-5,-5
`FS100075,货道30,今麦郎芒顿小镇西瓜水(PET500ml),INTR688012196,饮料,3,3,14,14
`FS100075,货道31,统一绿茶[茉莉](PET500ml),INTR577011683,饮料,3,3,13,13
`FS100075,货道32,统一绿茶[茉莉](PET500ml),INTR577011683,饮料,3,3,12,12
`FS100075,货道33,小茗同学[溜溜哒茶](PET480ml),INTR973011692,饮料,5,5,12,12
`FS100075,货道34,饮养四季[金桔柠檬](PET500ml),INTR372011680,饮料,3.5,3.5,10,10
`FS101442,货道1,统一冰绿茶[青梅绿茶](CAN310ml),INTG116100075,饮料,2.5,3.5,99999,99999
`FS101442,货道2,统一好料道[仙草凉茶](CAN310ml),INTR791011678,饮料,4,5,99997,99997
`FS101442,货道3,统一鲜橙多(CAN310ml),INTR767011663,饮料,3,4,99997,99997
`FS101442,货道4,统一冰红茶(CAN310ml),INTR115011662,饮料,2.5,3.5,99997,99997
`FS101442,货道5,小野[芒果汁](CAN245ml),INTR457012418,饮料,3,4,99996,99996
`FS101442,货道6,统一果汁[金桔柠檬](CAN310ml),1.56473E+17,开门柜,3,4,99999,99999
`FS101442,货道7,百事可乐(PET600ml),INTR065012794,饮料,3.5,3.5,99980,99980
`FS101442,货道8,农夫山泉力量帝维他命水(PET500ml),INTR911012108,饮料,5,6,99994,99994
`FS101442,货道9,农夫山泉力量帝维他命水(PET500ml),INTR911012108,饮料,5,6,99995,99995
`FS101442,货道10,海之言[柠檬](PET500ml),INTR039011682,饮料,4,5,99985,99985
`FS101442,货道11,海之言[桃桃百香果](PET500ml),INTR950012403,饮料,4,5,99999,99999
`FS101442,货道13,统一绿茶[茉莉](PET500ml),INTR577011683,饮料,3,4,99991,99991
`FS101442,货道14,,,,,,0,0
`FS101442,货道15,统一绿茶[茉莉](PET500ml),INTR577011683,饮料,3,4,99991,99991
`FS101442,货道16,,,,,,0,0
`FS101442,货道17,ALKAQUA[饮用天然矿泉水](PET570ml),INTR495012438,矿泉水,4,5,99994,99994
`FS101442,货道19,ALKAQUA[饮用天然矿泉水](PET570ml),INTR495012438,矿泉水,4,5,99994,99994
`FS101442,货道21,海之言[桃桃百香果](PET500ml),INTR950012403,饮料,4,5,99999,99999
`FS101442,货道23,农夫山泉(PET550ml),INTR993012106,矿泉水,2,2.5,99966,99966
`FS101442,货道24,农夫山泉(PET550ml),INTR993012106,矿泉水,2,2.5,99974,99974
`FS101442,货道25,统一鲜橙多(PET450ml),INTR910011664,饮料,3.5,4.5,99990,99990
`FS101442,货道26,统一冰红茶[柠檬](PET500ml),INTR894011688,饮料,3,4,99996,99996
`FS101442,货道27,A-Ha[柠檬]气泡水果饮料(PET500ml),INTR578012419,饮料,3,5,99999,99999
`FS101442,货道28,A-Ha[苹果]气泡水果饮料(PET500ml),INTR255012430,饮料,3,5,99997,99997
`FS101442,货道29,统一阿萨姆[奶茶原味](PET500ml),INTR230011689,饮料,4.5,5.5,99992,99992
`FS101442,货道30,统一冰绿茶[青梅绿茶](PET500ml),INTR469011681,饮料,3,4.5,99991,99991
`FS101442,货道31,饮养四季[金桔柠檬](PET500ml),INTR372011680,饮料,3.5,4.5,99995,99995
`FS101442,货道32,焕神[热带水果风味]饮料(PET460ml),INTR583011691,饮料,5,6,99999,99999
`FS101442,货道33,格泉饮用天然水(PET500ml),INTR252012401,矿泉水,2,3,99991,99991
`FS101442,货道34,统一轻啵苏打水[柠檬味](PET500ml),INTR773011687,饮料,3.5,4,99990,99990
`FS101450,货道1,统一冰绿茶[青梅绿茶](CAN310ml),INTG116100075,饮料,2.5,3.5,99999,99999
`FS101450,货道2,统一好料道[仙草凉茶](CAN310ml),INTR791011678,饮料,4,5,99998,99998
`FS101450,货道3,统一鲜橙多(CAN310ml),INTR767011663,饮料,3,4,99997,99997
`FS101450,货道4,统一冰红茶(CAN310ml),INTR115011662,饮料,2.5,3.5,99998,99998
`FS101450,货道5,小野[芒果汁](CAN245ml),INTR457012418,饮料,3,4,99998,99998
`FS101450,货道6,统一果汁[金桔柠檬](CAN310ml),1.56473E+17,开门柜,3,4,99999,99999
`FS101450,货道7,百事可乐(PET600ml),INTR065012794,饮料,3.5,3.5,99986,99986
`FS101450,货道8,农夫山泉力量帝维他命水(PET500ml),INTR911012108,饮料,5,6,99987,99987
`FS101450,货道9,农夫山泉力量帝维他命水(PET500ml),INTR911012108,饮料,5,6,99983,99983
`FS101450,货道10,海之言[柠檬](PET500ml),INTR039011682,饮料,4,5,99989,99989
`FS101450,货道11,海之言[蓝莓](PET500ml),INTR526012420,饮料,4,5,99999,99999
`FS101450,货道13,统一绿茶[茉莉](PET500ml),INTR577011683,饮料,3,4,99987,99987
`FS101450,货道14,,,,,,0,0
`FS101450,货道15,统一绿茶[茉莉](PET500ml),INTR577011683,饮料,3,4,99987,99987
`FS101450,货道16,,,,,,0,0
`FS101450,货道17,ALKAQUA[饮用天然矿泉水](PET570ml),INTR495012438,矿泉水,4,5,99996,99996
`FS101450,货道19,ALKAQUA[饮用天然矿泉水](PET570ml),INTR495012438,矿泉水,4,5,99996,99996
`FS101450,货道21,海之言[桃桃百香果](PET500ml),INTR950012403,饮料,4,5,99999,99999
`FS101450,货道23,农夫山泉(PET550ml),INTR993012106,矿泉水,2,2.5,99990,99990
`FS101450,货道24,农夫山泉(PET550ml),INTR993012106,矿泉水,2,2.5,99973,99973
`FS101450,货道25,统一鲜橙多(PET450ml),INTR910011664,饮料,3.5,4.5,99992,99992
`FS101450,货道26,统一冰红茶[柠檬](PET500ml),INTR894011688,饮料,3,4,99982,99982
`FS101450,货道27,A-Ha[柠檬]气泡水果饮料(PET500ml),INTR578012419,饮料,3,5,99994,99994
`FS101450,货道28,A-Ha[苹果]气泡水果饮料(PET500ml),INTR255012430,饮料,3,5,99993,99993
`FS101450,货道29,统一阿萨姆[奶茶原味](PET500ml),INTR230011689,饮料,4.5,5.5,99984,99984
`FS101450,货道30,统一冰绿茶[青梅绿茶](PET500ml),INTR469011681,饮料,3,4,99989,99989
`FS101450,货道31,饮养四季[金桔柠檬](PET500ml),INTR372011680,饮料,3.5,4.5,99995,99995
`FS101450,货道32,焕神[热带水果风味]饮料(PET460ml),INTR583011691,饮料,5,6,99994,99994
`FS101450,货道33,格泉饮用天然水(PET500ml),INTR252012401,矿泉水,2,3,99987,99987
`FS101450,货道34,统一轻啵苏打水[柠檬味](PET500ml),INTR773011687,饮料,3.5,4,99985,99985
`FS101277,货道1,,,,,,0,0
`FS101277,货道2,,,,,,0,0
`FS101277,货道3,,,,,,0,0
`FS101277,货道4,,,,,,0,0
`FS101277,货道5,,,,,,0,0
`FS101277,货道6,,,,,,0,0
`FS101277,货道7,,,,,,0,0
`FS101277,货道8,,,,,,0,0
`FS101277,货道9,统一鲜橙多(PET450ml),INTR910011664,饮料,3.5,3.5,9984,9984
`FS101277,货道10,饮养四季[金桔柠檬](PET500ml),INTR372011680,饮料,3.5,3.5,9990,9990
`FS101277,货道11,饮养四季[金桔柠檬](PET500ml),INTR372011680,饮料,3.5,3.5,9987,9987
`FS101277,货道13,,,,,,0,0
`FS101277,货道14,,,,,,0,0
`FS101277,货道15,,,,,,0,0
`FS101277,货道16,,,,,,0,0
`FS101277,货道17,海之言[柠檬](PET500ml),INTR039011682,饮料,4,4,9982,9982
`FS101277,货道19,海之言[柠檬](PET500ml),INTR039011682,饮料,4,4,9979,9979
`FS101277,货道21,统一茶裏王[无糖台式乌龙茶](PET420ml),INTR904011685,饮料,5,5,9990,9990
`FS101277,货道23,统一冰红茶[柠檬](PET500ml),INTR894011688,饮料,3,3,9985,9985
`FS101277,货道24,统一冰绿茶[青梅绿茶](PET500ml),INTR469011681,饮料,3,3,9978,9978
`FS101277,货道25,统一冰绿茶[青梅绿茶](PET500ml),INTR469011681,饮料,3,3,9977,9977
`FS101277,货道26,怡宝[纯净水](PET555ml),INTR128012109,矿泉水,2,2,9986,9986
`FS101277,货道27,怡宝[纯净水](PET555ml),INTR128012109,矿泉水,2,2,9990,9990
`FS101277,货道28,怡宝[纯净水](PET555ml),INTR128012109,矿泉水,2,2,9986,9986
`FS101277,货道29,怡宝[纯净水](PET555ml),INTR128012109,矿泉水,2,2,9991,9991
`FS101277,货道30,怡宝[纯净水](PET555ml),INTR128012109,矿泉水,2,2,9989,9989
`FS101277,货道31,怡宝[纯净水](PET555ml),INTR128012109,矿泉水,2,2,9992,9992
`FS101277,货道32,怡宝[纯净水](PET555ml),INTR128012109,矿泉水,2,2,9982,9982
`FS101277,货道33,怡宝[纯净水](PET555ml),INTR128012109,矿泉水,2,2,9986,9986
`FS101277,货道34,怡宝[纯净水](PET555ml),INTR128012109,矿泉水,2,2,9989,9989
`FS100582,货道1,,,,,,0,0
`FS100582,货道2,,,,,,0,0
`FS100582,货道3,,,,,,0,0
`FS100582,货道4,,,,,,0,0
`FS100582,货道5,,,,,,0,0
`FS100582,货道6,,,,,,0,0
`FS100582,货道7,,,,,,0,0
`FS100582,货道8,,,,,,0,0
`FS100582,货道9,统一鲜橙多(PET450ml),INTR910011664,饮料,3.5,3.5,9985,9985
`FS100582,货道10,饮养四季[金桔柠檬](PET500ml),INTR372011680,饮料,3.5,3.5,9988,9988
`FS100582,货道11,饮养四季[金桔柠檬](PET500ml),INTR372011680,饮料,3.5,3.5,9997,9997
`FS100582,货道13,,,,,,0,0
`FS100582,货道14,,,,,,0,0
`FS100582,货道15,,,,,,0,0
`FS100582,货道16,,,,,,0,0
`FS100582,货道17,海之言[柠檬](PET500ml),INTR039011682,饮料,4,4,9989,9989
`FS100582,货道19,海之言[柠檬](PET500ml),INTR039011682,饮料,4,4,9988,9988
`FS100582,货道21,统一茶裏王[无糖台式乌龙茶](PET420ml),INTR904011685,饮料,5,5,9995,9995
`FS100582,货道23,统一冰红茶[柠檬](PET500ml),INTR894011688,饮料,3,3,9985,9985
`FS100582,货道24,统一冰绿茶[青梅绿茶](PET500ml),INTR469011681,饮料,3,3,9988,9988
`FS100582,货道25,统一冰绿茶[青梅绿茶](PET500ml),INTR469011681,饮料,3,3,9985,9985
`FS100582,货道26,怡宝[纯净水](PET555ml),INTR128012109,矿泉水,2,2,9995,9995
`FS100582,货道27,怡宝[纯净水](PET555ml),INTR128012109,矿泉水,2,2,9997,9997
`FS100582,货道28,怡宝[纯净水](PET555ml),INTR128012109,矿泉水,2,2,9998,9998
`FS100582,货道29,怡宝[纯净水](PET555ml),INTR128012109,矿泉水,2,2,9997,9997
`FS100582,货道30,怡宝[纯净水](PET555ml),INTR128012109,矿泉水,2,2,9995,9995
`FS100582,货道31,怡宝[纯净水](PET555ml),INTR128012109,矿泉水,2,2,9995,9995
`FS100582,货道32,怡宝[纯净水](PET555ml),INTR128012109,矿泉水,2,2,9994,9994
`FS100582,货道33,怡宝[纯净水](PET555ml),INTR128012109,矿泉水,2,2,9991,9991
`FS100582,货道34,怡宝[纯净水](PET555ml),INTR128012109,矿泉水,2,2,9995,9995
`FS100630,货道1,,,,,,0,0
`FS100630,货道2,,,,,,0,0
`FS100630,货道3,,,,,,0,0
`FS100630,货道4,,,,,,0,0
`FS100630,货道5,,,,,,0,0
`FS100630,货道6,,,,,,0,0
`FS100630,货道7,,,,,,0,0
`FS100630,货道8,,,,,,0,0
`FS100630,货道9,统一鲜橙多(PET450ml),INTR910011664,饮料,3.5,3.5,9999,9999
`FS100630,货道10,饮养四季[金桔柠檬](PET500ml),INTR372011680,饮料,3.5,3.5,9999,9999
`FS100630,货道11,,,,,,0,0
`FS100630,货道13,,,,,,0,0
`FS100630,货道14,,,,,,0,0
`FS100630,货道15,,,,,,0,0
`FS100630,货道16,,,,,,0,0
`FS100630,货道17,海之言[柠檬](PET500ml),INTR039011682,饮料,4,4,9999,9999
`FS100630,货道19,海之言[柠檬](PET500ml),INTR039011682,饮料,4,4,9999,9999
`FS100630,货道21,统一茶裏王[无糖台式乌龙茶](PET420ml),INTR904011685,饮料,5,5,9999,9999
`FS100630,货道23,统一冰红茶[柠檬](PET500ml),INTR894011688,饮料,3,3,9999,9999
`FS100630,货道24,统一冰绿茶[青梅绿茶](PET500ml),INTR469011681,饮料,3,3,9999,9999
`FS100630,货道25,统一冰绿茶[青梅绿茶](PET500ml),INTR469011681,饮料,3,3,9999,9999
`FS100630,货道26,怡宝[纯净水](PET555ml),INTR128012109,矿泉水,2,2,9999,9999
`FS100630,货道27,怡宝[纯净水](PET555ml),INTR128012109,矿泉水,2,2,9998,9998
`FS100630,货道28,怡宝[纯净水](PET555ml),INTR128012109,矿泉水,2,2,9999,9999
`FS100630,货道29,怡宝[纯净水](PET555ml),INTR128012109,矿泉水,2,2,9999,9999
`FS100630,货道30,怡宝[纯净水](PET555ml),INTR128012109,矿泉水,2,2,9999,9999
`FS100630,货道31,怡宝[纯净水](PET555ml),INTR128012109,矿泉水,2,2,9999,9999
`FS100630,货道32,怡宝[纯净水](PET555ml),INTR128012109,矿泉水,2,2,9999,9999
`FS100630,货道33,怡宝[纯净水](PET555ml),INTR128012109,矿泉水,2,2,9999,9999
`FS100630,货道34,怡宝[纯净水](PET555ml),INTR128012109,矿泉水,2,2,9999,9999
`FS101424,货道1,统一冰绿茶[青梅绿茶](CAN310ml),INTG116100075,饮料,2.5,3.5,99999,99999
`FS101424,货道2,统一好料道[仙草凉茶](CAN310ml),INTR791011678,饮料,4,5,99998,99998
`FS101424,货道3,统一鲜橙多(CAN310ml),INTR767011663,饮料,3,4,99998,99998
`FS101424,货道4,统一冰红茶(CAN310ml),INTR115011662,饮料,2.5,3.5,99999,99999
`FS101424,货道5,小野[芒果汁](CAN245ml),INTR457012418,饮料,3,4,99998,99998
`FS101424,货道6,统一果汁[金桔柠檬](CAN310ml),1.56473E+17,开门柜,3,4,99998,99998
`FS101424,货道7,百事可乐(PET600ml),INTR065012794,饮料,3.5,3.5,99982,99982
`FS101424,货道8,农夫山泉力量帝维他命水(PET500ml),INTR911012108,饮料,5,6,99993,99993
`FS101424,货道9,农夫山泉力量帝维他命水(PET500ml),INTR911012108,饮料,5,6,99994,99994
`FS101424,货道10,海之言[柠檬](PET500ml),INTR039011682,饮料,4,5,99984,99984
`FS101424,货道11,海之言[桃桃百香果](PET500ml),INTR950012403,饮料,4,5,99999,99999
`FS101424,货道13,统一绿茶[茉莉](PET500ml),INTR577011683,饮料,3,4,99997,99997
`FS101424,货道14,,,,,,0,0
`FS101424,货道15,统一绿茶[茉莉](PET500ml),INTR577011683,饮料,3,4,99996,99996
`FS101424,货道16,,,,,,0,0
`FS101424,货道17,ALKAQUA[饮用天然矿泉水](PET570ml),INTR495012438,矿泉水,4,5,99997,99997
`FS101424,货道19,ALKAQUA[饮用天然矿泉水](PET570ml),INTR495012438,矿泉水,4,5,99998,99998
`FS101424,货道21,海之言[桃桃百香果](PET500ml),INTR950012403,饮料,4,5,99997,99997
`FS101424,货道23,农夫山泉(PET550ml),INTR993012106,矿泉水,2,2.5,99980,99980
`FS101424,货道24,农夫山泉(PET550ml),INTR993012106,矿泉水,2,2.5,99981,99981
`FS101424,货道25,统一鲜橙多(PET450ml),INTR910011664,饮料,3.5,4.5,99988,99988
`FS101424,货道26,统一冰红茶[柠檬](PET500ml),INTR894011688,饮料,3,4,99995,99995
`FS101424,货道27,A-Ha[柠檬]气泡水果饮料(PET500ml),INTR578012419,饮料,3,5,99998,99998
`FS101424,货道28,A-Ha[苹果]气泡水果饮料(PET500ml),INTR255012430,饮料,3,5,99999,99999
`FS101424,货道29,统一阿萨姆[奶茶原味](PET500ml),INTR230011689,饮料,4.5,5.5,99997,99997
`FS101424,货道30,统一冰绿茶[青梅绿茶](PET500ml),INTR469011681,饮料,3,4.5,99997,99997
`FS101424,货道31,饮养四季[金桔柠檬](PET500ml),INTR372011680,饮料,3.5,45,99999,99999
`FS101424,货道32,焕神[热带水果风味]饮料(PET460ml),INTR583011691,饮料,5,6,99998,99998
`FS101424,货道33,格泉饮用天然水(PET500ml),INTR252012401,矿泉水,2,3,99992,99992
`FS101424,货道34,统一轻啵苏打水[柠檬味](PET500ml),INTR773011687,饮料,3.5,4,99997,99997
`FS100188,货道1,百事可乐(CAN330ml),INTR785012174,饮料,2.5,2.5,17,17
`FS100188,货道2,百事可乐(CAN330ml),INTR785012174,饮料,2.5,2.5,7,7
`FS100188,货道3,美年达[橙味](CAN330ml),INTR413013853,饮料,3,2.5,12,12
`FS100188,货道4,娃哈哈[晶莹葡萄](PET500ml),INTR464013852,饮料,5,2.5,10,10
`FS100188,货道5,可口可乐[自购版](CAN330ml),INTR121011635,饮料,3,3,8,8
`FS100188,货道6,可口可乐[自购版](CAN330ml),INTR121011635,饮料,3,3,9,9
`FS100188,货道7,统一绿茶[茉莉](PET500ml),INTR577011683,饮料,3,3,20,20
`FS100188,货道8,海之言[柠檬](PET500ml),INTR039011682,饮料,4,4,18,18
`FS100188,货道9,小茗同学[青柠红茶](PET480ml),INTR297011693,饮料,5,5,13,13
`FS100188,货道10,统一鲜橙多(PET450ml),INTR910011664,饮料,3.5,3.5,5,5
`FS100188,货道11,饮养四季[金桔柠檬](PET500ml),INTR372011680,饮料,3.5,3.5,5,5
`FS100188,货道13,统一阿萨姆[奶茶原味](PET500ml),INTR230011689,饮料,4.5,5,20,20
`FS100188,货道15,统一阿萨姆[奶茶原味](PET500ml),INTR230011689,饮料,4.5,5,14,14
`FS100188,货道17,海之言[柠檬](PET500ml),INTR039011682,饮料,4,4,14,14
`FS100188,货道19,海之言[柠檬](PET500ml),INTR039011682,饮料,4,4,12,12
`FS100188,货道21,统一茶裏王[无糖台式乌龙茶](PET420ml),INTR904011685,饮料,5,5,9,9
`FS100188,货道23,统一绿茶[茉莉](PET500ml),INTR577011683,饮料,3,3,20,20
`FS100188,货道24,统一绿茶[茉莉](PET500ml),INTR577011683,饮料,3,3,15,15
`FS100188,货道25,娃哈哈AD钙(PET450ml),INTR722013399,饮料,5,5,10,10
`FS100188,货道26,农夫山泉力量帝维他命水(PET500ml),INTR911012108,饮料,5,5,14,14
`FS100188,货道27,统一冰绿茶[青梅绿茶](PET500ml),INTR469011681,饮料,3,3,12,12
`FS100188,货道28,雅哈[冰咖啡](PET450ml),INTR470011686,饮料,5.5,5.5,6,6
`FS100188,货道29,统一冰红茶[柠檬](PET500ml),INTR894011688,饮料,3,3,20,20
`FS100188,货道30,统一冰红茶[柠檬](PET500ml),INTR894011688,饮料,3,3,17,17
`FS100188,货道31,小茗同学[青柠红茶](PET480ml),INTR297011693,饮料,5,5,16,16
`FS100188,货道32,小茗同学[青柠红茶](PET480ml),INTR297011693,饮料,5,5,14,14
`FS100188,货道33,焕神[热带水果风味]饮料(PET460ml),INTR583011691,饮料,5,5,11,11
`FS100188,货道34,海之言[柠檬](PET500ml),INTR039011682,饮料,4,4,10,10
`FS101447,货道1,统一冰绿茶[青梅绿茶](CAN310ml),INTG116100075,饮料,2.5,3.5,99999,99999
`FS101447,货道2,统一好料道[仙草凉茶](CAN310ml),INTR791011678,饮料,4,5,99998,99998
`FS101447,货道3,统一鲜橙多(CAN310ml),INTR767011663,饮料,3,4,99999,99999
`FS101447,货道4,统一冰红茶(CAN310ml),INTR115011662,饮料,2.5,3.5,99998,99998
`FS101447,货道5,小野[芒果汁](CAN245ml),INTR457012418,饮料,3,4,99998,99998
`FS101447,货道6,统一果汁[金桔柠檬](CAN310ml),1.56473E+17,开门柜,3,4,99996,99996
`FS101447,货道7,百事可乐(PET600ml),INTR065012794,饮料,3.5,3.5,99975,99975
`FS101447,货道8,农夫山泉力量帝维他命水(PET500ml),INTR911012108,饮料,5,6,99994,99994
`FS101447,货道9,农夫山泉力量帝维他命水(PET500ml),INTR911012108,饮料,5,6,99992,99992
`FS101447,货道10,海之言[柠檬](PET500ml),INTR039011682,饮料,4,5,99992,99992
`FS101447,货道11,海之言[蓝莓](PET500ml),INTR526012420,饮料,4,5,99999,99999
`FS101447,货道13,统一绿茶[茉莉](PET500ml),INTR577011683,饮料,3,4,99994,99994
`FS101447,货道14,,,,,,0,0
`FS101447,货道15,统一绿茶[茉莉](PET500ml),INTR577011683,饮料,3,4,99992,99992
`FS101447,货道16,,,,,,0,0
`FS101447,货道17,ALKAQUA[饮用天然矿泉水](PET570ml),INTR495012438,矿泉水,4,5,99996,99996
`FS101447,货道19,ALKAQUA[饮用天然矿泉水](PET570ml),INTR495012438,矿泉水,4,5,99996,99996
`FS101447,货道21,海之言[桃桃百香果](PET500ml),INTR950012403,饮料,4,5,99996,99996
`FS101447,货道23,农夫山泉(PET550ml),INTR993012106,矿泉水,2,2.5,99976,99976
`FS101447,货道24,农夫山泉(PET550ml),INTR993012106,矿泉水,2,2.5,99979,99979
`FS101447,货道25,统一鲜橙多(PET450ml),INTR910011664,饮料,3.5,4.5,99991,99991
`FS101447,货道26,统一冰红茶[柠檬](PET500ml),INTR894011688,饮料,3,4,99993,99993
`FS101447,货道27,A-Ha[柠檬]气泡水果饮料(PET500ml),INTR578012419,饮料,3,5,99998,99998
`FS101447,货道28,A-Ha[苹果]气泡水果饮料(PET500ml),INTR255012430,饮料,3,5,99996,99996
`FS101447,货道29,统一阿萨姆[奶茶原味](PET500ml),INTR230011689,饮料,4.5,5.5,99996,99996
`FS101447,货道30,统一冰绿茶[青梅绿茶](PET500ml),INTR469011681,饮料,3,4.5,99991,99991
`FS101447,货道31,饮养四季[金桔柠檬](PET500ml),INTR372011680,饮料,3.5,4.5,99998,99998
`FS101447,货道32,焕神[热带水果风味]饮料(PET460ml),INTR583011691,饮料,5,6,99998,99998
`FS101447,货道33,格泉饮用天然水(PET500ml),INTR252012401,矿泉水,2,3,99997,99997
`FS101447,货道34,统一轻啵苏打水[柠檬味](PET500ml),INTR773011687,饮料,3.5,4,99998,99998
`FS100763,货道1,百事可乐(CAN330ml),INTR785012174,饮料,2.5,2.5,99916,99916
`FS100763,货道2,百事可乐(CAN330ml),INTR785012174,饮料,2.5,2.5,99864,99864
`FS100763,货道3,百事可乐(CAN330ml),INTR785012174,饮料,2.5,2.5,99886,99886
`FS100763,货道4,小野[芒果汁](CAN245ml),INTR457012418,饮料,3,3,99997,99997
`FS100763,货道5,小野[芒果汁](CAN245ml),INTR457012418,饮料,3,3,99993,99993
`FS100763,货道6,小野[芒果汁](CAN245ml),INTR457012418,饮料,3,3,99993,99993
`FS100763,货道7,百事可乐(PET600ml),INTR065012794,饮料,3.5,3,99846,99846
`FS100763,货道8,统一冰绿茶[青梅绿茶](PET500ml),INTR469011681,饮料,3,3,99926,99926
`FS100763,货道9,统一冰绿茶[青梅绿茶](PET500ml),INTR469011681,饮料,3,3,99946,99946
`FS100763,货道10,统一冰绿茶[青梅绿茶](PET500ml),INTR469011681,饮料,3,3,99944,99944
`FS100763,货道11,统一冰绿茶[青梅绿茶](PET500ml),INTR469011681,饮料,3,3,99922,99922
`FS100763,货道13,百事可乐(PET600ml),INTR065012794,饮料,3.5,3,99909,99909
`FS100763,货道14,,,,,,0,0
`FS100763,货道15,百事可乐(PET600ml),INTR065012794,饮料,3.5,3,99887,99887
`FS100763,货道16,,,,,,0,0
`FS100763,货道17,统一蜜桃多(PET450ml),INTR769012352,饮料,3.5,3.5,99937,99937
`FS100763,货道19,统一蜜桃多(PET450ml),INTR769012352,饮料,3.5,3.5,99900,99900
`FS100763,货道21,统一蜜桃多(PET450ml),INTR769012352,饮料,3.5,3.5,99939,99939
`FS100763,货道23,统一鲜橙多(PET450ml),INTR910011664,饮料,3.5,3.5,99924,99924
`FS100763,货道24,统一鲜橙多(PET450ml),INTR910011664,饮料,3.5,3.5,99917,99917
`FS100763,货道25,统一鲜橙多(PET450ml),INTR910011664,饮料,3.5,3.5,99927,99927
`FS100763,货道26,统一鲜橙多(PET450ml),INTR910011664,饮料,3.5,3.5,99895,99895
`FS100763,货道27,统一鲜橙多(PET450ml),INTR910011664,饮料,3.5,3.5,99911,99911
`FS100763,货道28,统一鲜橙多(PET450ml),INTR910011664,饮料,3.5,3.5,99949,99949
`FS100763,货道29,统一冰红茶[柠檬](PET500ml),INTR894011688,饮料,3,3,99872,99872
`FS100763,货道30,统一冰红茶[柠檬](PET500ml),INTR894011688,饮料,3,3,99917,99917
`FS100763,货道31,统一冰红茶[柠檬](PET500ml),INTR894011688,饮料,3,3,99907,99907
`FS100763,货道32,统一冰红茶[柠檬](PET500ml),INTR894011688,饮料,3,3,99905,99905
`FS100763,货道33,统一冰红茶[柠檬](PET500ml),INTR894011688,饮料,3,3,99904,99904
`FS100763,货道34,统一冰红茶[柠檬](PET500ml),INTR894011688,饮料,3,3,99924,99924
`FS100481,货道1,百事可乐(CAN330ml),INTR785012174,饮料,2.5,2.5,99968,99968
`FS100481,货道2,百事可乐(CAN330ml),INTR785012174,饮料,2.5,2.5,99938,99938
`FS100481,货道3,百事可乐(CAN330ml),INTR785012174,饮料,2.5,2.5,99941,99941
`FS100481,货道4,小野[芒果汁](CAN245ml),INTR457012418,饮料,3,3,99996,99996
`FS100481,货道5,小野[芒果汁](CAN245ml),INTR457012418,饮料,3,3,99998,99998
`FS100481,货道6,小野[芒果汁](CAN245ml),INTR457012418,饮料,3,3,99990,99990
`FS100481,货道7,统一鲜橙多(PET450ml),INTR910011664,饮料,3.5,3.5,99942,99942
`FS100481,货道8,统一鲜橙多(PET450ml),INTR910011664,饮料,3.5,3.5,99965,99965
`FS100481,货道9,统一鲜橙多(PET450ml),INTR910011664,饮料,3.5,3.5,99963,99963
`FS100481,货道10,统一鲜橙多(PET450ml),INTR910011664,饮料,3.5,3.5,99957,99957
`FS100481,货道11,统一鲜橙多(PET450ml),INTR910011664,饮料,3.5,3.5,99967,99967
`FS100481,货道12,,,,,,0,0
`FS100481,货道13,百事可乐(PET600ml),INTR065012794,饮料,3.5,3,99883,99883
`FS100481,货道14,,,,,,0,0
`FS100481,货道15,百事可乐(PET600ml),INTR065012794,饮料,3.5,3,99825,99825
`FS100481,货道16,,,,,,0,0
`FS100481,货道17,百事可乐(PET600ml),INTR065012794,饮料,3.5,3,99933,99933
`FS100481,货道18,,,,,,0,0
`FS100481,货道19,小茗同学[溜溜哒茶](PET480ml),INTR973011692,饮料,5,5,99979,99979
`FS100481,货道20,,,,,,0,0
`FS100481,货道21,小茗同学[溜溜哒茶](PET480ml),INTR973011692,饮料,5,5,99955,99955
`FS100481,货道22,,,,,,0,0
`FS100481,货道23,统一冰绿茶[青梅绿茶](PET500ml),INTR469011681,饮料,3,3,99953,99953
`FS100481,货道24,统一冰绿茶[青梅绿茶](PET500ml),INTR469011681,饮料,3,3,99933,99933
`FS100481,货道25,统一冰绿茶[青梅绿茶](PET500ml),INTR469011681,饮料,3,3,99948,99948
`FS100481,货道26,统一绿茶[茉莉](PET500ml),INTR577011683,饮料,3,3,99934,99934
`FS100481,货道27,统一绿茶[茉莉](PET500ml),INTR577011683,饮料,3,3,99911,99911
`FS100481,货道28,统一绿茶[茉莉](PET500ml),INTR577011683,饮料,3,3,99920,99920
`FS100481,货道29,饮养四季[金桔柠檬](PET500ml),INTR372011680,饮料,3.5,3.5,99975,99975
`FS100481,货道30,饮养四季[金桔柠檬](PET500ml),INTR372011680,饮料,3.5,3.5,99972,99972
`FS100481,货道31,饮养四季[金桔柠檬](PET500ml),INTR372011680,饮料,3.5,3.5,99932,99932
`FS100481,货道32,饮养四季[金桔柠檬](PET500ml),INTR372011680,饮料,3.5,3.5,99965,99965
`FS100481,货道33,饮养四季[金桔柠檬](PET500ml),INTR372011680,饮料,3.5,3.5,99973,99973
`FS100481,货道34,饮养四季[金桔柠檬](PET500ml),INTR372011680,饮料,3.5,3.5,99982,99982
`FS100439,货道1,百事可乐(CAN330ml),INTR785012174,饮料,2.5,2.5,99926,99926
`FS100439,货道2,百事可乐(CAN330ml),INTR785012174,饮料,2.5,2.5,99861,99861
`FS100439,货道3,百事可乐(CAN330ml),INTR785012174,饮料,2.5,2.5,99876,99876
`FS100439,货道4,小野[芒果汁](CAN245ml),INTR457012418,饮料,3,3,99991,99991
`FS100439,货道5,小野[芒果汁](CAN245ml),INTR457012418,饮料,3,3,99995,99995
`FS100439,货道6,小野[芒果汁](CAN245ml),INTR457012418,饮料,3,3,99993,99993
`FS100439,货道7,百事可乐(PET600ml),INTR065012794,饮料,3.5,3,99860,99860
`FS100439,货道8,百事可乐(PET600ml),INTR065012794,饮料,3.5,3,99871,99871
`FS100439,货道9,百事可乐(PET600ml),INTR065012794,饮料,3.5,3,99899,99899
`FS100439,货道10,统一鲜橙多(PET450ml),INTR910011664,饮料,3.5,3.5,99916,99916
`FS100439,货道11,统一鲜橙多(PET450ml),INTR910011664,饮料,3.5,3.5,99918,99918
`FS100439,货道13,统一冰绿茶[青梅绿茶](PET500ml),INTR469011681,饮料,3,3,99939,99939
`FS100439,货道14,,,,,3,99999,99999
`FS100439,货道15,统一冰绿茶[青梅绿茶](PET500ml),INTR469011681,饮料,3,3,99915,99915
`FS100439,货道16,,,,,,0,0
`FS100439,货道17,统一阿萨姆[奶茶原味](PET500ml),INTR230011689,饮料,4.5,4.5,99919,99919
`FS100439,货道19,统一阿萨姆[奶茶原味](PET500ml),INTR230011689,饮料,4.5,4.5,99915,99915
`FS100439,货道21,统一阿萨姆[奶茶原味](PET500ml),INTR230011689,饮料,4.5,4.5,99947,99947
`FS100439,货道23,统一冰绿茶[青梅绿茶](PET500ml),INTR469011681,饮料,3,3,99964,99964
`FS100439,货道24,统一冰绿茶[青梅绿茶](PET500ml),INTR469011681,饮料,3,3,99948,99948
`FS100439,货道25,统一冰绿茶[青梅绿茶](PET500ml),INTR469011681,饮料,3,3,99923,99923
`FS100439,货道26,统一鲜橙多(PET450ml),INTR910011664,饮料,3.5,3.5,99961,99961
`FS100439,货道27,统一鲜橙多(PET450ml),INTR910011664,饮料,3.5,3.5,99909,99909
`FS100439,货道28,统一鲜橙多(PET450ml),INTR910011664,饮料,3.5,3.5,99938,99938
`FS100439,货道29,统一绿茶[茉莉](PET500ml),INTR577011683,饮料,3,3,99860,99860
`FS100439,货道30,统一绿茶[茉莉](PET500ml),INTR577011683,饮料,3,3,99931,99931
`FS100439,货道31,统一绿茶[茉莉](PET500ml),INTR577011683,饮料,3,3,99910,99910
`FS100439,货道32,统一绿茶[茉莉](PET500ml),INTR577011683,饮料,3,3,99915,99915
`FS100439,货道33,统一绿茶[茉莉](PET500ml),INTR577011683,饮料,3,3,99955,99955
`FS100439,货道34,统一绿茶[茉莉](PET500ml),INTR577011683,饮料,3,3,99960,99960
`FS100618,货道1,统一冰绿茶[青梅绿茶](CAN310ml),INTG116100075,饮料,2.5,3.5,99996,99996
`FS100618,货道2,统一好料道[仙草凉茶](CAN310ml),INTR791011678,饮料,4,5,99999,99999
`FS100618,货道3,统一鲜橙多(CAN310ml),INTR767011663,饮料,3,4,99998,99998
`FS100618,货道4,统一冰红茶(CAN310ml),INTR115011662,饮料,2.5,3.5,99997,99997
`FS100618,货道5,小野[芒果汁](CAN245ml),INTR457012418,饮料,3,4,99995,99995
`FS100618,货道6,统一果汁[金桔柠檬](CAN310ml),1.56473E+17,开门柜,3,4,99999,99999
`FS100618,货道7,百事可乐(PET600ml),INTR065012794,饮料,3.5,3.5,99978,99978
`FS100618,货道8,农夫山泉力量帝维他命水(PET500ml),INTR911012108,饮料,5,6,99992,99992
`FS100618,货道9,农夫山泉力量帝维他命水(PET500ml),INTR911012108,饮料,5,6,99987,99987
`FS100618,货道10,海之言[柠檬](PET500ml),INTR039011682,饮料,4,5,99980,99980
`FS100618,货道11,海之言[蓝莓](PET500ml),INTR526012420,饮料,4,5,99998,99998
`FS100618,货道13,统一绿茶[茉莉](PET500ml),INTR577011683,饮料,3,4,99986,99986
`FS100618,货道14,,,,,,0,0
`FS100618,货道15,统一绿茶[茉莉](PET500ml),INTR577011683,饮料,3,4,99981,99981
`FS100618,货道16,,,,,,0,0
`FS100618,货道17,ALKAQUA[饮用天然矿泉水](PET570ml),INTR495012438,矿泉水,4,5,99995,99995
`FS100618,货道19,ALKAQUA[饮用天然矿泉水](PET570ml),INTR495012438,矿泉水,4,5,99995,99995
`FS100618,货道21,海之言[桃桃百香果](PET500ml),INTR950012403,饮料,4,5,99998,99998
`FS100618,货道23,农夫山泉(PET550ml),INTR993012106,矿泉水,2,2.5,99958,99958
`FS100618,货道24,农夫山泉(PET550ml),INTR993012106,矿泉水,2,2.5,99959,99959
`FS100618,货道25,统一鲜橙多(PET450ml),INTR910011664,饮料,3.5,4.5,99984,99984
`FS100618,货道26,统一冰红茶[柠檬](PET500ml),INTR894011688,饮料,3,4,99994,99994
`FS100618,货道27,A-Ha[柠檬]气泡水果饮料(PET500ml),INTR578012419,饮料,3,5,99995,99995
`FS100618,货道28,A-Ha[苹果]气泡水果饮料(PET500ml),INTR255012430,饮料,3,5,99992,99992
`FS100618,货道29,统一阿萨姆[奶茶原味](PET500ml),INTR230011689,饮料,4.5,5.5,99990,99990
`FS100618,货道30,统一冰绿茶[青梅绿茶](PET500ml),INTR469011681,饮料,3,4,99980,99980
`FS100618,货道31,饮养四季[金桔柠檬](PET500ml),INTR372011680,饮料,3.5,4.5,99994,99994
`FS100618,货道32,焕神[热带水果风味]饮料(PET460ml),INTR583011691,饮料,5,6,99998,99998
`FS100618,货道33,格泉饮用天然水(PET500ml),INTR252012401,矿泉水,2,3,99994,99994
`FS100618,货道34,统一轻啵苏打水[柠檬味](PET500ml),INTR773011687,饮料,3.5,4,99990,99990
`FS100434,货道1,百事可乐(CAN330ml),INTR785012174,饮料,2.5,2.5,974,974
`FS100434,货道2,百事可乐(CAN330ml),INTR785012174,饮料,2.5,2.5,967,967
`FS100434,货道3,百事可乐(CAN330ml),INTR785012174,饮料,2.5,2.5,969,969
`FS100434,货道4,小野[芒果汁](CAN245ml),INTR457012418,饮料,3,3,978,978
`FS100434,货道5,小野[芒果汁](CAN245ml),INTR457012418,饮料,3,3,978,978
`FS100434,货道6,小野[芒果汁](CAN245ml),INTR457012418,饮料,3,3,981,981
`FS100434,货道7,统一冰红茶[柠檬](PET500ml),INTR894011688,饮料,3,3,991,991
`FS100434,货道8,统一冰红茶[柠檬](PET500ml),INTR894011688,饮料,3,3,996,996
`FS100434,货道9,统一冰红茶[柠檬](PET500ml),INTR894011688,饮料,3,3,991,991
`FS100434,货道10,统一冰红茶[柠檬](PET500ml),INTR894011688,饮料,3,3,993,993
`FS100434,货道11,统一冰红茶[柠檬](PET500ml),INTR894011688,饮料,3,3,989,989
`FS100434,货道13,百事可乐(PET600ml),INTR065012794,饮料,3.5,3,976,976
`FS100434,货道15,百事可乐(PET600ml),INTR065012794,饮料,3.5,3,981,981
`FS100434,货道17,百事可乐(PET600ml),INTR065012794,饮料,3.5,3,975,975
`FS100434,货道19,统一冰绿茶[青梅绿茶](PET500ml),INTR469011681,饮料,3,3,995,995
`FS100434,货道21,统一冰绿茶[青梅绿茶](PET500ml),INTR469011681,饮料,3,3,996,996
`FS100434,货道23,统一冰绿茶[青梅绿茶](PET500ml),INTR469011681,饮料,3,3,995,995
`FS100434,货道24,统一冰绿茶[青梅绿茶](PET500ml),INTR469011681,饮料,3,3,999,999
`FS100434,货道25,统一绿茶[茉莉](PET500ml),INTR577011683,饮料,3,3,986,986
`FS100434,货道26,统一绿茶[茉莉](PET500ml),INTR577011683,饮料,3,3,990,990
`FS100434,货道27,统一绿茶[茉莉](PET500ml),INTR577011683,饮料,3,3,985,985
`FS100434,货道28,统一绿茶[茉莉](PET500ml),INTR577011683,饮料,3,3,976,976
`FS100434,货道29,饮养四季[金桔柠檬](PET500ml),INTR372011680,饮料,3.5,3.5,986,986
`FS100434,货道30,饮养四季[金桔柠檬](PET500ml),INTR372011680,饮料,3.5,3.5,995,995
`FS100434,货道31,饮养四季[金桔柠檬](PET500ml),INTR372011680,饮料,3.5,3.5,988,988
`FS100434,货道32,饮养四季[金桔柠檬](PET500ml),INTR372011680,饮料,3.5,3.5,991,991
`FS100434,货道33,饮养四季[金桔柠檬](PET500ml),INTR372011680,饮料,3.5,3.5,993,993
`FS100434,货道34,饮养四季[金桔柠檬](PET500ml),INTR372011680,饮料,3.5,3.5,994,994
`FS100715,货道1,百事可乐(CAN330ml),INTR785012174,饮料,2.5,2.5,99928,99928
`FS100715,货道2,百事可乐(CAN330ml),INTR785012174,饮料,2.5,2.5,99854,99854
`FS100715,货道3,百事可乐(CAN330ml),INTR785012174,饮料,2.5,2.5,99876,99876
`FS100715,货道4,小野[芒果汁](CAN245ml),INTR457012418,饮料,3,3,99955,99955
`FS100715,货道5,小野[芒果汁](CAN245ml),INTR457012418,饮料,3,3,99940,99940
`FS100715,货道6,小野[芒果汁](CAN245ml),INTR457012418,饮料,3,3,99946,99946
`FS100715,货道7,统一鲜橙多(PET450ml),INTR910011664,饮料,3.5,3.5,99965,99965
`FS100715,货道8,统一鲜橙多(PET450ml),INTR910011664,饮料,3.5,3.5,99952,99952
`FS100715,货道9,统一鲜橙多(PET450ml),INTR910011664,饮料,3.5,3.5,99923,99923
`FS100715,货道10,统一鲜橙多(PET450ml),INTR910011664,饮料,3.5,3.5,99969,99969
`FS100715,货道11,统一鲜橙多(PET450ml),INTR910011664,饮料,3.5,3.5,99978,99978
`FS100715,货道13,百事可乐(PET600ml),INTR065012794,饮料,3.5,3,99944,99944
`FS100715,货道14,,,,,,0,0
`FS100715,货道15,百事可乐(PET600ml),INTR065012794,饮料,3.5,3,99917,99917
`FS100715,货道16,,,,,,0,0
`FS100715,货道17,百事可乐(PET600ml),INTR065012794,饮料,3.5,3,99918,99918
`FS100715,货道19,小茗同学[溜溜哒茶](PET480ml),INTR973011692,饮料,5,5,99956,99956
`FS100715,货道21,小茗同学[溜溜哒茶](PET480ml),INTR973011692,饮料,5,5,99965,99965
`FS100715,货道23,统一冰绿茶[青梅绿茶](PET500ml),INTR469011681,饮料,3,3,99980,99980
`FS100715,货道24,统一冰绿茶[青梅绿茶](PET500ml),INTR469011681,饮料,3,3,99988,99988
`FS100715,货道25,统一绿茶[茉莉](PET500ml),INTR577011683,饮料,3,3,99921,99921
`FS100715,货道26,统一绿茶[茉莉](PET500ml),INTR577011683,饮料,3,3,99910,99910
`FS100715,货道27,统一绿茶[茉莉](PET500ml),INTR577011683,饮料,3,3,99925,99925
`FS100715,货道28,统一绿茶[茉莉](PET500ml),INTR577011683,饮料,3,3,99961,99961
`FS100715,货道29,统一冰绿茶[青梅绿茶](PET500ml),INTR469011681,饮料,3,3,99967,99967
`FS100715,货道30,统一冰绿茶[青梅绿茶](PET500ml),INTR469011681,饮料,3,3,99973,99973
`FS100715,货道31,统一冰红茶[柠檬](PET500ml),INTR894011688,饮料,3,3,99958,99958
`FS100715,货道32,统一冰红茶[柠檬](PET500ml),INTR894011688,饮料,3,3,99944,99944
`FS100715,货道33,统一冰红茶[柠檬](PET500ml),INTR894011688,饮料,3,3,99961,99961
`FS100715,货道34,统一冰红茶[柠檬](PET500ml),INTR894011688,饮料,3,3,99974,99974
`FS100742,货道1,百事可乐(CAN330ml),INTR785012174,饮料,2.5,2.5,99963,99963
`FS100742,货道2,百事可乐(CAN330ml),INTR785012174,饮料,2.5,2.5,99953,99953
`FS100742,货道3,百事可乐(CAN330ml),INTR785012174,饮料,2.5,2.5,99950,99950
`FS100742,货道4,米源冰晶葡萄(CAN310ml),INTR290012105,饮料,2.5,2.5,99990,99990
`FS100742,货道5,米源冰晶葡萄(CAN310ml),INTR290012105,饮料,2.5,2.5,99991,99991
`FS100742,货道6,米源冰晶葡萄(CAN310ml),INTR290012105,饮料,2.5,2.5,99983,99983
`FS100742,货道7,米源冰晶葡萄(CAN310ml),INTR290012105,饮料,2.5,2.5,99986,99986
`FS100742,货道8,米源冰晶葡萄(CAN310ml),INTR290012105,饮料,2.5,2.5,99974,99974
`FS100742,货道9,米源冰晶葡萄(CAN310ml),INTR290012105,饮料,2.5,2.5,99990,99990
`FS100742,货道10,统一阿萨姆[奶茶原味](PET500ml),INTR230011689,饮料,4.5,4.5,99988,99988
`FS100742,货道11,统一阿萨姆[奶茶原味](PET500ml),INTR230011689,饮料,4.5,4.5,99978,99978
`FS100742,货道12,,,,,,0,0
`FS100742,货道13,百事可乐(PET600ml),INTR065012794,饮料,3.5,3,99975,99975
`FS100742,货道14,,,,,,0,0
`FS100742,货道15,百事可乐(PET600ml),INTR065012794,饮料,3.5,3,99959,99959
`FS100742,货道16,,,,,,0,0
`FS100742,货道17,百事可乐(PET600ml),INTR065012794,饮料,3.5,3,99971,99971
`FS100742,货道19,统一阿萨姆[奶茶原味](PET500ml),INTR230011689,饮料,4.5,4.5,99981,99981
`FS100742,货道21,统一阿萨姆[奶茶原味](PET500ml),INTR230011689,饮料,4.5,4.5,99988,99988
`FS100742,货道23,统一冰绿茶[青梅绿茶](PET500ml),INTR469011681,饮料,3,3,99994,99994
`FS100742,货道24,统一冰绿茶[青梅绿茶](PET500ml),INTR469011681,饮料,3,3,99979,99979
`FS100742,货道25,统一绿茶[茉莉](PET500ml),INTR577011683,饮料,3,3,99960,99960
`FS100742,货道26,统一绿茶[茉莉](PET500ml),INTR577011683,饮料,3,3,99962,99962
`FS100742,货道27,统一绿茶[茉莉](PET500ml),INTR577011683,饮料,3,3,99949,99949
`FS100742,货道28,统一绿茶[茉莉](PET500ml),INTR577011683,饮料,3,3,99960,99960
`FS100742,货道29,统一冰绿茶[青梅绿茶](PET500ml),INTR469011681,饮料,3,3,99983,99983
`FS100742,货道30,统一冰绿茶[青梅绿茶](PET500ml),INTR469011681,饮料,3,3,99989,99989
`FS100742,货道31,统一冰红茶[柠檬](PET500ml),INTR894011688,饮料,3,3,99957,99957
`FS100742,货道32,统一冰红茶[柠檬](PET500ml),INTR894011688,饮料,3,3,99955,99955
`FS100742,货道33,统一冰红茶[柠檬](PET500ml),INTR894011688,饮料,3,3,99968,99968
`FS100742,货道34,统一冰红茶[柠檬](PET500ml),INTR894011688,饮料,3,3,99983,99983
`FS100034,货道1,百事可乐(CAN330ml),INTR785012174,饮料,2.5,2.5,99981,99981
`FS100034,货道2,百事可乐(CAN330ml),INTR785012174,饮料,2.5,2.5,99968,99968
`FS100034,货道3,百事可乐(CAN330ml),INTR785012174,饮料,2.5,2.5,99962,99962
`FS100034,货道4,小野[芒果汁](CAN245ml),INTR457012418,饮料,3,3,99994,99994
`FS100034,货道5,小野[芒果汁](CAN245ml),INTR457012418,饮料,3,3,99993,99993
`FS100034,货道6,小野[芒果汁](CAN245ml),INTR457012418,饮料,3,3,99989,99989
`FS100034,货道7,小野[芒果汁](CAN245ml),INTR457012418,饮料,3,3,99990,99990
`FS100034,货道8,小茗同学[溜溜哒茶](PET480ml),INTR973011692,饮料,5,5,99994,99994
`FS100034,货道9,小茗同学[溜溜哒茶](PET480ml),INTR973011692,饮料,5,5,99989,99989
`FS100034,货道10,小茗同学[溜溜哒茶](PET480ml),INTR973011692,饮料,5,5,99986,99986
`FS100034,货道11,小茗同学[溜溜哒茶](PET480ml),INTR973011692,饮料,5,5,99986,99986
`FS100034,货道12,,,,,,0,0
`FS100034,货道13,百事可乐(PET600ml),INTR065012794,饮料,3.5,3,99989,99989
`FS100034,货道14,,,,,,0,0
`FS100034,货道15,百事可乐(PET600ml),INTR065012794,饮料,3.5,3,99996,99996
`FS100034,货道16,,,,,,0,0
`FS100034,货道17,百事可乐(PET600ml),INTR065012794,饮料,3.5,3,99973,99973
`FS100034,货道18,,,,,,0,0
`FS100034,货道19,统一绿茶[茉莉](PET500ml),INTR577011683,饮料,3,3,99969,99969
`FS100034,货道20,,,,,,0,0
`FS100034,货道21,统一绿茶[茉莉](PET500ml),INTR577011683,饮料,3,3,99973,99973
`FS100034,货道22,,,,,,0,0
`FS100034,货道23,统一冰绿茶[青梅绿茶](PET500ml),INTR469011681,饮料,3,3,99985,99985
`FS100034,货道24,统一冰绿茶[青梅绿茶](PET500ml),INTR469011681,饮料,3,3,99986,99986
`FS100034,货道25,统一冰绿茶[青梅绿茶](PET500ml),INTR469011681,饮料,3,3,99973,99973
`FS100034,货道26,统一鲜橙多(PET450ml),INTR910011664,饮料,3.5,3.5,99965,99965
`FS100034,货道27,统一鲜橙多(PET450ml),INTR910011664,饮料,3.5,3.5,99965,99965
`FS100034,货道28,统一鲜橙多(PET450ml),INTR910011664,饮料,3.5,3.5,99975,99975
`FS100034,货道29,统一冰红茶[柠檬](PET500ml),INTR894011688,饮料,3,3,99978,99978
`FS100034,货道30,统一冰红茶[柠檬](PET500ml),INTR894011688,饮料,3,3,99975,99975
`FS100034,货道31,统一冰红茶[柠檬](PET500ml),INTR894011688,饮料,3,3,99969,99969
`FS100034,货道32,统一冰红茶[柠檬](PET500ml),INTR894011688,饮料,3,3,99962,99962
`FS100034,货道33,统一绿茶[茉莉](PET500ml),INTR577011683,饮料,3,3,99975,99975
`FS100034,货道34,统一绿茶[茉莉](PET500ml),INTR577011683,饮料,3,3,99978,99978
`FS100684,货道1,红牛金罐(CAN250ml),INTR442012892,饮料,6,6,58,58
`FS100684,货道2,统一鲜橙多(CAN310ml),INTR767011663,饮料,3,3,56,56
`FS100684,货道3,三得利利趣拿铁(CAN310ml),INTR861012877,饮料,4,4,53,53
`FS100684,货道4,可口可乐[自购版](CAN330ml),INTR121011635,饮料,3,3,55,55
`FS100684,货道5,雪碧[自购版](CAN330ml),INTR685011636,饮料,3,3,52,52
`FS100684,货道6,爱朵拉拿铁咖啡(CAN310ml),INTR459011637,饮料,4,4,60,60
`FS100684,货道7,百事可乐(PET600ml),INTR065012794,饮料,3.5,3.5,40,40
`FS100684,货道8,百事可乐(PET600ml),INTR065012794,饮料,3.5,3.5,43,43
`FS100684,货道9,统一阿萨姆[奶茶原味](PET500ml),INTR230011689,饮料,4.5,4.5,50,50
`FS100684,货道10,雅哈[冰咖啡](PET450ml),INTR470011686,饮料,5.5,5.5,46,46
`FS100684,货道11,ALKAQUA[饮用天然矿泉水](PET570ml),INTR997009154,矿泉水,4,4,60,60
`FS100684,货道13,可口可乐[自购版](PET500ml),INTR724012203,饮料,3.5,3.5,53,53
`FS100684,货道14,,,,,4,0,0
`FS100684,货道15,健力宝运动饮料[橙蜜](PET560ml),INTR216012107,饮料,4,4,43,43
`FS100684,货道16,,,,,3.5,0,0
`FS100684,货道17,海之言[柠檬](PET500ml),INTR039011682,饮料,4,4,59,59
`FS100684,货道19,雪碧[自购版](PET500ml),INTR175012204,饮料,3.5,3.5,56,56
`FS100684,货道21,可口可乐[自购版](PET500ml),INTR724012203,饮料,3.5,3.5,55,55
`FS100684,货道23,三得利乌龙茶[无糖](PET500ml),INTR907013377,饮料,5,4,58,58
`FS100684,货道24,怡宝[纯净水](PET555ml),INTR128012109,矿泉水,2,2,53,53
`FS100684,货道25,统一阿萨姆[奶茶原味](PET500ml),INTR230011689,饮料,4.5,4.5,48,48
`FS100684,货道26,统一轻啵苏打水[柠檬味](PET500ml),INTR773011687,饮料,3.5,3.5,60,60
`FS100684,货道27,小茗同学[青柠红茶](PET480ml),INTR297011693,饮料,5,5,58,58
`FS100684,货道28,小茗同学[溜溜哒茶](PET480ml),INTR973011692,饮料,5,5,60,60
`FS100684,货道29,统一冰红茶[柠檬](PET500ml),INTR894011688,饮料,3,3,54,54
`FS100684,货道30,统一鲜橙多(PET450ml),INTR910011664,饮料,3.5,3.5,48,48
`FS100684,货道31,统一冰绿茶[青梅绿茶](PET500ml),INTR469011681,饮料,3,3,58,58
`FS100684,货道32,饮养四季[金桔柠檬](PET500ml),INTR372011680,饮料,3.5,3.5,53,53
`FS100684,货道33,焕神[热带水果风味]饮料(PET460ml),INTR583011691,饮料,5,5,58,58
`FS100684,货道34,统一茶裏王[无糖台式乌龙茶](PET300ml),INTR378012432,饮料,5,5,59,59
`FS100142,货道1,可口可乐[自购版](CAN330ml),INTR121011635,饮料,3,3,56,56
`FS100142,货道2,雪碧[自购版](CAN330ml),INTR685011636,饮料,3,3,60,60
`FS100142,货道3,统一鲜橙多(CAN310ml),INTR767011663,饮料,3,3,45,45
`FS100142,货道4,统一冰红茶(CAN310ml),INTR115011662,饮料,2.5,2.5,60,60
`FS100142,货道5,统一冰红茶(CAN310ml),INTR115011662,饮料,2.5,2.5,59,59
`FS100142,货道6,爱朵拉拿铁咖啡(CAN310ml),INTR459011637,饮料,4,4,60,60
`FS100142,货道7,百事可乐(PET600ml),INTR065012794,饮料,3.5,3.5,24,24
`FS100142,货道8,今麦郎蜂蜜柚子味复合果汁饮料500ml,111144,开门柜,5,3,44,44
`FS100142,货道9,百事可乐(PET600ml),INTR065012794,饮料,3.5,3.5,41,41
`FS100142,货道10,健力宝运动饮料[橙蜜](PET560ml),INTR216012107,饮料,4,4,42,42
`FS100142,货道11,统一轻啵苏打水[柠檬味](PET500ml),INTR773011687,饮料,3.5,3.5,59,59
`FS100142,货道13,雪碧[自购版](PET500ml),INTR175012204,饮料,3.5,3.5,57,57
`FS100142,货道14,,,,,,0,0
`FS100142,货道15,统一阿萨姆[奶茶原味](PET500ml),INTR230011689,饮料,4.5,4.5,26,26
`FS100142,货道16,,,,,,0,0
`FS100142,货道17,统一阿萨姆[奶茶原味](PET500ml),INTR230011689,饮料,4.5,4.5,55,55
`FS100142,货道19,雅哈[冰咖啡](PET450ml),INTR470011686,饮料,5.5,5.5,55,55
`FS100142,货道21,焕神[热带水果风味]饮料(PET460ml),INTR583011691,饮料,5,5,30,30
`FS100142,货道23,今麦郎芒顿小镇柠檬水(PET500ml),INTR322012790,饮料,2.5,2.5,52,52
`FS100142,货道24,今麦郎芒顿小镇柠檬水(PET500ml),INTR322012790,饮料,2.5,2.5,52,52
`FS100142,货道25,怡宝[纯净水](PET555ml),INTR128012109,矿泉水,2,2,22,22
`FS100142,货道26,怡宝[纯净水](PET555ml),INTR128012109,矿泉水,2,2,46,46
`FS100142,货道27,小茗同学[青柠红茶](PET480ml),INTR297011693,饮料,5,5,54,54
`FS100142,货道28,小茗同学[溜溜哒茶](PET480ml),INTR973011692,饮料,5,5,58,58
`FS100142,货道29,统一冰红茶[柠檬](PET500ml),INTR894011688,饮料,3,3,53,53
`FS100142,货道30,统一冰绿茶[青梅绿茶](PET500ml),INTR469011681,饮料,3,3,56,56
`FS100142,货道31,统一鲜橙多(PET450ml),INTR910011664,饮料,3.5,3.5,35,35
`FS100142,货道32,饮养四季[金桔柠檬](PET500ml),INTR372011680,饮料,3.5,3.5,51,51
`FS100142,货道33,海之言[柠檬](PET500ml),INTR039011682,饮料,4,4,53,53
`FS100142,货道34,统一茶裏王[无糖台式乌龙茶](PET420ml),INTR904011685,饮料,5,5,59,59
`FS100257,货道1,可口可乐[自购版](CAN330ml),INTR121011635,饮料,3,3,57,57
`FS100257,货道2,雪碧[自购版](CAN330ml),INTR685011636,饮料,3,3,58,58
`FS100257,货道3,统一鲜橙多(CAN310ml),INTR767011663,饮料,3,3,38,38
`FS100257,货道4,统一冰红茶(CAN310ml),INTR115011662,饮料,2.5,2.5,58,58
`FS100257,货道5,统一冰红茶(CAN310ml),INTR115011662,饮料,2.5,2.5,58,58
`FS100257,货道6,爱朵拉拿铁咖啡(CAN310ml),INTR459011637,饮料,4,4,60,60
`FS100257,货道7,百事可乐(PET600ml),INTR065012794,饮料,3.5,3.5,15,15
`FS100257,货道8,娃哈哈营养快线(PET500ml),INTR409012898,饮料,5,4.5,9,9
`FS100257,货道9,百事可乐(PET600ml),INTR065012794,饮料,3.5,3.5,21,21
`FS100257,货道10,健力宝运动饮料[橙蜜](PET560ml),INTR216012107,饮料,4,4,46,46
`FS100257,货道11,统一轻啵苏打水[柠檬味](PET500ml),INTR773011687,饮料,3.5,3.5,55,55
`FS100257,货道13,统一阿萨姆[奶茶原味](PET500ml),INTR230011689,饮料,4.5,4.5,18,18
`FS100257,货道14,,,,,,0,0
`FS100257,货道15,可口可乐[自购版](PET500ml),INTR724012203,饮料,3.5,3.5,47,47
`FS100257,货道16,,,,,,0,0
`FS100257,货道17,统一阿萨姆[奶茶原味](PET500ml),INTR230011689,饮料,4.5,4.5,49,49
`FS100257,货道19,雅哈[冰咖啡](PET450ml),INTR470011686,饮料,5.5,5.5,48,48
`FS100257,货道21,焕神[热带水果风味]饮料(PET460ml),INTR583011691,饮料,5,5,30,30
`FS100257,货道23,今麦郎芒顿小镇柠檬水(PET500ml),INTR322012790,饮料,2.5,2.5,33,33
`FS100257,货道24,今麦郎芒顿小镇柠檬水(PET500ml),INTR322012790,饮料,2.5,2.5,55,55
`FS100257,货道25,怡宝[纯净水](PET555ml),INTR128012109,矿泉水,2,2,28,28
`FS100257,货道26,怡宝[纯净水](PET555ml),INTR128012109,矿泉水,2,2,31,31
`FS100257,货道27,小茗同学[青柠红茶](PET480ml),INTR297011693,饮料,5,5,57,57
`FS100257,货道28,小茗同学[溜溜哒茶](PET480ml),INTR973011692,饮料,5,5,45,45
`FS100257,货道29,统一冰红茶[柠檬](PET500ml),INTR894011688,饮料,3,3,48,48
`FS100257,货道30,统一冰绿茶[青梅绿茶](PET500ml),INTR469011681,饮料,3,3,54,54
`FS100257,货道31,统一鲜橙多(PET450ml),INTR910011664,饮料,3.5,3.5,42,42
`FS100257,货道32,饮养四季[金桔柠檬](PET500ml),INTR372011680,饮料,3.5,3.5,55,55
`FS100257,货道33,海之言[柠檬](PET500ml),INTR039011682,饮料,4,4,35,35
`FS100257,货道34,统一茶裏王[无糖台式乌龙茶](PET420ml),INTR904011685,饮料,5,5,58,58
`FS100207,货道1,雪碧[自购版](CAN330ml),INTR685011636,饮料,3,3,57,57
`FS100207,货道2,爱朵拉拿铁咖啡(CAN310ml),INTR459011637,饮料,4,4,60,60
`FS100207,货道3,可口可乐[自购版](CAN330ml),INTR121011635,饮料,3,3,55,55
`FS100207,货道4,统一鲜橙多(CAN310ml),INTR767011663,饮料,3,3,56,56
`FS100207,货道5,统一冰红茶(CAN310ml),INTR115011662,饮料,2.5,2.5,60,60
`FS100207,货道6,统一冰红茶(CAN310ml),INTR115011662,饮料,2.5,2.5,59,59
`FS100207,货道7,百事可乐(PET600ml),INTR065012794,饮料,3.5,3.5,32,32
`FS100207,货道8,百事可乐(PET600ml),INTR065012794,饮料,3.5,3.5,49,49
`FS100207,货道9,百事可乐(PET600ml),INTR065012794,饮料,3.5,3.5,56,56
`FS100207,货道10,雅哈[冰咖啡](PET450ml),INTR470011686,饮料,5.5,5.5,59,59
`FS100207,货道11,统一轻啵苏打水[柠檬味](PET500ml),INTR773011687,饮料,3.5,3.5,57,57
`FS100207,货道13,健力宝运动饮料[橙蜜](PET560ml),INTR216012107,饮料,4,4,47,47
`FS100207,货道14,,,,,,0,0
`FS100207,货道15,雪碧[自购版](PET500ml),INTR175012204,饮料,3.5,3.5,49,49
`FS100207,货道16,,,,,,0,0
`FS100207,货道17,怡宝[纯净水](PET555ml),INTR128012109,矿泉水,2,2,56,56
`FS100207,货道19,统一阿萨姆[奶茶原味](PET500ml),INTR230011689,饮料,4.5,4.5,57,57
`FS100207,货道21,焕神[热带水果风味]饮料(PET460ml),INTR583011691,饮料,5,5,54,54
`FS100207,货道23,今麦郎芒顿小镇柠檬水(PET500ml),INTR322012790,饮料,2.5,2.5,57,57
`FS100207,货道24,今麦郎芒顿小镇柠檬水(PET500ml),INTR322012790,饮料,2.5,2.5,57,57
`FS100207,货道25,ALKAQUA[饮用天然矿泉水](PET570ml),INTR495012438,矿泉水,4,4,60,60
`FS100207,货道26,统一阿萨姆[奶茶原味](PET500ml),INTR230011689,饮料,4.5,4.5,53,53
`FS100207,货道27,饮养四季[金桔柠檬](PET500ml),INTR372011680,饮料,3.5,3.5,58,58
`FS100207,货道28,饮养四季[金桔柠檬](PET500ml),INTR372011680,饮料,3.5,3.5,54,54
`FS100207,货道29,统一冰红茶[柠檬](PET500ml),INTR894011688,饮料,3,3,54,54
`FS100207,货道30,统一茶裏王[无糖台式乌龙茶](PET420ml),INTR904011685,饮料,5,5,59,59
`FS100207,货道31,统一鲜橙多(PET450ml),INTR910011664,饮料,3.5,3.5,59,59
`FS100207,货道32,海之言[柠檬](PET500ml),INTR039011682,饮料,4,4,53,53
`FS100207,货道33,统一冰绿茶[青梅绿茶](PET500ml),INTR469011681,饮料,3,3,60,60
`FS100207,货道34,怡宝[纯净水](PET555ml),INTR128012109,矿泉水,2,2,58,58
`FS101382,货道1,红牛金罐(CAN250ml),INTR442012892,饮料,6,6,41,41
`FS101382,货道2,爱朵拉拿铁咖啡(CAN310ml),INTR459011637,饮料,4,4,60,60
`FS101382,货道3,三得利利趣拿铁(CAN310ml),INTR861012877,饮料,4,4,46,46
`FS101382,货道4,雪碧[自购版](CAN330ml),INTR685011636,饮料,3,3,47,47
`FS101382,货道5,统一鲜橙多(CAN310ml),INTR767011663,饮料,3,3,59,59
`FS101382,货道6,统一冰红茶(CAN310ml),INTR115011662,饮料,2.5,2.5,54,54
`FS101382,货道7,百事可乐(PET600ml),INTR065012794,饮料,3.5,3.5,33,33
`FS101382,货道8,健力宝运动饮料[橙蜜](PET560ml),INTR216012107,饮料,4,4,49,49
`FS101382,货道9,雅哈[冰咖啡](PET450ml),INTR470011686,饮料,5.5,5.5,52,52
`FS101382,货道10,统一阿萨姆[奶茶原味](PET500ml),INTR230011689,饮料,4.5,4.5,41,41
`FS101382,货道11,统一茶裏王[无糖台式乌龙茶](PET420ml),INTR904011685,饮料,5,5,59,59
`FS101382,货道13,可口可乐(PET500ml),INTR310011684,饮料,3.5,3.5,42,42
`FS101382,货道14,,,,,,0,0
`FS101382,货道15,统一阿萨姆[奶茶原味](PET500ml),INTR230011689,饮料,4.5,4.5,46,46
`FS101382,货道16,,,,,,0,0
`FS101382,货道17,怡宝[纯净水](PET555ml),INTR128012109,矿泉水,2,2,54,54
`FS101382,货道19,雪碧[自购版](PET500ml),INTR175012204,饮料,3.5,3.5,47,47
`FS101382,货道21,怡宝[纯净水](PET555ml),INTR128012109,矿泉水,2,2,50,50
`FS101382,货道23,ALKAQUA[饮用天然矿泉水](PET570ml),INTR495012438,矿泉水,4,4,58,58
`FS101382,货道24,统一冰绿茶[青梅绿茶](PET500ml),INTR469011681,饮料,3,3,55,55
`FS101382,货道25,统一鲜橙多(PET450ml),INTR910011664,饮料,3.5,3.5,46,46
`FS101382,货道26,怡宝[纯净水](PET555ml),INTR128012109,矿泉水,2,2,58,58
`FS101382,货道27,饮养四季[金桔柠檬](PET500ml),INTR372011680,饮料,3.5,3.5,50,50
`FS101382,货道28,饮养四季[金桔柠檬](PET500ml),INTR372011680,饮料,3.5,3.5,56,56
`FS101382,货道29,今麦郎芒顿小镇柠檬水(PET500ml),INTR322012790,饮料,2.5,2.5,40,40
`FS101382,货道30,统一冰红茶[柠檬](PET500ml),INTR894011688,饮料,3,3,45,45
`FS101382,货道31,焕神[热带水果风味]饮料(PET460ml),INTR583011691,饮料,5,5,55,55
`FS101382,货道32,统一冰绿茶[青梅绿茶](PET500ml),INTR469011681,饮料,3,3,57,57
`FS101382,货道33,海之言[柠檬](PET500ml),INTR039011682,饮料,4,4,49,49
`FS101382,货道34,海之言[柠檬](PET500ml),INTR039011682,饮料,4,4,57,57
`FS100325,货道1,统一冰绿茶[青梅绿茶](CAN310ml),INTG116100075,饮料,2.5,3,99999,99999
`FS100325,货道2,统一好料道[仙草凉茶](CAN310ml),INTR791011678,饮料,4,5,99997,99997
`FS100325,货道3,统一冰绿茶[青梅绿茶](CAN310ml),INTG116100075,饮料,2.5,3,99999,99999
`FS100325,货道4,统一冰红茶(CAN310ml),INTR115011662,饮料,2.5,3.5,99999,99999
`FS100325,货道5,统一鲜橙多(CAN310ml),INTR767011663,饮料,3,4,99999,99999
`FS100325,货道6,统一冰绿茶[青梅绿茶](CAN310ml),INTG116100075,饮料,2.5,3,99999,99999
`FS100325,货道7,统一绿茶[茉莉](PET500ml),INTR577011683,饮料,3,4,99998,99998
`FS100325,货道8,统一绿茶[茉莉](PET500ml),INTR577011683,饮料,3,4,99994,99994
`FS100325,货道9,海之言[柠檬](PET500ml),INTR039011682,饮料,4,5,99989,99989
`FS100325,货道10,海之言[蓝莓](PET500ml),INTR526012420,饮料,4,5,99999,99999
`FS100325,货道11,海之言[桃桃百香果](PET500ml),INTR950012403,饮料,4,5,99997,99997
`FS100325,货道13,百事可乐(PET600ml),INTR065012794,饮料,3.5,4,99985,99985
`FS100325,货道14,,,,,,0,0
`FS100325,货道15,元气森林白桃味气泡水瓶装480ml(2021),105195,开门柜,5,6,99996,99996
`FS100325,货道16,,,,,,0,0
`FS100325,货道17,农夫山泉力量帝维他命水(PET500ml),INTR911012108,饮料,5,6,99994,99994
`FS100325,货道19,ALKAQUA[饮用天然矿泉水](PET570ml),INTR495012438,矿泉水,4,5,99997,99997
`FS100325,货道21,ALKAQUA[饮用天然矿泉水](PET570ml),INTR495012438,矿泉水,4,5,99998,99998
`FS100325,货道23,农夫山泉(PET550ml),INTR993012106,矿泉水,2,3,99985,99985
`FS100325,货道24,农夫山泉(PET550ml),INTR993012106,矿泉水,2,3,99988,99988
`FS100325,货道25,统一鲜橙多(PET450ml),INTR910011664,饮料,3.5,4.5,99999,99999
`FS100325,货道26,统一冰红茶[柠檬](PET500ml),INTR894011688,饮料,3,4,99994,99994
`FS100325,货道27,A-Ha[苹果]气泡水果饮料(PET500ml),INTR255012430,饮料,3,5,99998,99998
`FS100325,货道28,A-Ha[柠檬]气泡水果饮料(PET500ml),INTR578012419,饮料,3,5,99998,99998
`FS100325,货道29,统一阿萨姆[奶茶原味](PET500ml),INTR230011689,饮料,4.5,5.5,99997,99997
`FS100325,货道30,统一冰绿茶[青梅绿茶](PET500ml),INTR469011681,饮料,3,4,99996,99996
`FS100325,货道31,饮养四季[金桔柠檬](PET500ml),INTR372011680,饮料,3.5,4.5,99998,99998
`FS100325,货道32,焕神[热带水果风味]饮料(PET460ml),INTR583011691,饮料,5,6,99997,99997
`FS100325,货道33,统一轻啵苏打水[柠檬味](PET500ml),INTR773011687,饮料,3.5,4,99999,99999
`FS100325,货道34,统一轻啵苏打水[柠檬味](PET500ml),INTR773011687,饮料,3.5,4,99998,99998
`FS100787,货道1,米源冰晶葡萄(CAN310ml),INTR290012105,饮料,2.5,2.5,99,99
`FS100787,货道2,乐虎维生素功能饮料(CAN250ml),INTR995012194,饮料,5.5,5.5,99,99
`FS100787,货道3,统一蜜桃多(CAN310ml),INTR765012351,饮料,3,3,99,99
`FS100787,货道4,统一蜜桃多(CAN310ml),INTR765012351,饮料,3,3,99,99
`FS100787,货道5,统一蜜桃多(CAN310ml),INTR765012351,饮料,3,3,99,99
`FS100787,货道6,可口可乐[自购版](CAN330ml),INTR121011635,饮料,3,3,97,97
`FS100787,货道7,可口可乐[自购版](PET500ml),INTR724012203,饮料,3.5,3.5,97,97
`FS100787,货道8,海之言[柠檬](PET500ml),INTR039011682,饮料,4,4,95,95
`FS100787,货道9,雪碧[自购版](PET500ml),INTR175012204,饮料,3.5,3.5,99,99
`FS100787,货道10,雪碧[自购版](PET500ml),INTR175012204,饮料,3.5,3.5,99,99
`FS100787,货道11,雅哈[冰咖啡](PET450ml),INTR470011686,饮料,5.5,5.5,96,96
`FS100787,货道13,百事可乐(CAN330ml),INTR785012174,饮料,2.5,2.5,98,98
`FS100787,货道14,雪碧[自购版](CAN330ml),INTR685011636,饮料,3,3,99,99
`FS100787,货道15,可口可乐[自购版](CAN330ml),INTR121011635,饮料,3,3,98,98
`FS100787,货道16,台福[高钙花生牛奶](CAN365ml),INTR531012172,饮料,3.5,3.5,99,99
`FS100787,货道17,统一饮养四季[冰糖雪梨](PET500ml),INTR56004726,饮料,3.5,3,97,97
`FS100787,货道19,农夫山泉(PET550ml),INTR993012106,矿泉水,2,2,99,99
`FS100787,货道21,统一冰绿茶[青梅绿茶](PET500ml),INTR469011681,饮料,3,3,97,97
`FS100787,货道23,统一阿萨姆[奶茶原味](PET500ml),INTR230011689,饮料,4.5,4.5,97,97
`FS100787,货道24,统一双萃[鸭屎香风味柠檬茶](PET500ml),INTR950013739,饮料,3,3,98,98
`FS100787,货道25,统一鲜橙多(PET450ml),INTR910011664,饮料,3.5,3.5,99,99
`FS100787,货道26,雅哈[冰咖啡](PET450ml),INTR470011686,饮料,5.5,5.5,99,99
`FS100787,货道27,雅哈[冰咖啡](PET450ml),INTR470011686,饮料,5.5,5.5,98,98
`FS100787,货道28,海之言[柠檬](PET500ml),INTR039011682,饮料,4,4,97,97
`FS100787,货道29,统一绿茶[茉莉](PET500ml),INTR577011683,饮料,3,3,94,94
`FS100787,货道30,统一冰绿茶[青梅绿茶](PET500ml),INTR469011681,饮料,3,3,96,96
`FS100787,货道31,统一冰绿茶[青梅绿茶](PET500ml),INTR469011681,饮料,3,3,94,94
`FS100787,货道32,饮养四季[金桔柠檬](PET500ml),INTR372011680,饮料,3.5,3.5,97,97
`FS100787,货道33,统一冰红茶[柠檬](PET500ml),INTR894011688,饮料,3,3,97,97
`FS100787,货道34,统一冰红茶[柠檬](PET500ml),INTR894011688,饮料,3,3,99,99
`FS100948,货道1,米源冰晶葡萄(CAN310ml),INTR290012105,饮料,2.5,2.5,991,991
`FS100948,货道2,王老吉凉茶(CAN310ml),INTR472012173,饮料,3.5,4,995,995
`FS100948,货道3,统一好料道[仙草凉茶](CAN310ml),INTR791011678,饮料,4,4,991,991
`FS100948,货道4,米源冰晶葡萄(CAN310ml),INTR290012105,饮料,2.5,2.5,990,990
`FS100948,货道5,米源冰晶葡萄(CAN310ml),INTR290012105,饮料,2.5,2.5,990,990
`FS100948,货道6,统一鲜橙多(CAN310ml),INTR767011663,饮料,3,3,994,994
`FS100948,货道7,统一冰红茶[柠檬](PET500ml),INTR894011688,饮料,3,3,989,989
`FS100948,货道8,统一冰红茶[柠檬](PET500ml),INTR894011688,饮料,3,3,987,987
`FS100948,货道9,统一绿茶[茉莉](PET500ml),INTR577011683,饮料,3,3,994,994
`FS100948,货道10,统一冰绿茶[青梅绿茶](PET500ml),INTR469011681,饮料,3,3,992,992
`FS100948,货道11,海之言[柠檬](PET500ml),INTR039011682,饮料,4,4,999,999
`FS100948,货道13,可口可乐[自购版](PET500ml),INTR724012203,饮料,3.5,3,979,979
`FS100948,货道14,,,,,,0,0
`FS100948,货道15,今麦郎芒顿小镇西瓜水(PET500ml),INTR688012196,饮料,3,2,987,987
`FS100948,货道16,,,,,,0,0
`FS100948,货道17,统一鲜橙多(PET450ml),INTR910011664,饮料,3.5,3.5,991,991
`FS100948,货道19,统一阿萨姆[奶茶原味](PET500ml),INTR230011689,饮料,4.5,4,991,991
`FS100948,货道21,统一阿萨姆[奶茶原味](PET500ml),INTR230011689,饮料,4.5,4,990,990
`FS100948,货道23,雪碧[自购版](PET500ml),INTR175012204,饮料,3.5,3.5,990,990
`FS100948,货道24,小茗同学[溜溜哒茶](PET480ml),INTR973011692,饮料,5,5,997,997
`FS100948,货道25,小茗同学[青柠红茶](PET480ml),INTR297011693,饮料,5,5,997,997
`FS100948,货道26,怡宝[纯净水](PET555ml),INTR128012109,矿泉水,2,2,986,986
`FS100948,货道27,,,,,,0,0
`FS100948,货道28,怡宝[纯净水](PET555ml),INTR128012109,矿泉水,2,2,990,990
`FS100948,货道29,今麦郎芒顿小镇西瓜水(PET500ml),INTR688012196,饮料,3,2,963,963
`FS100948,货道30,饮养四季[金桔柠檬](PET500ml),INTR372011680,饮料,3.5,3,992,992
`FS100948,货道31,统一饮养四季[冰糖雪梨](PET500ml),INTR56004726,饮料,3.5,3,995,995
`FS100948,货道32,焕神[热带水果风味]饮料(PET460ml),INTR583011691,饮料,5,5,999,999
`FS100948,货道33,饮养四季[金桔柠檬](PET500ml),INTR372011680,饮料,3.5,3,986,986
`FS100948,货道34,海之言[柠檬](PET500ml),INTR039011682,饮料,4,4,999,999
`FS100812,货道1,乐虎维生素功能饮料(CAN250ml),INTR995012194,饮料,5.5,5.5,98,98
`FS100812,货道2,统一蜜桃多(CAN310ml),INTR765012351,饮料,3,3,99,99
`FS100812,货道3,统一鲜橙多(CAN310ml),INTR767011663,饮料,3,2.5,96,96
`FS100812,货道4,统一鲜橙多(CAN310ml),INTR767011663,饮料,3,2.5,97,97
`FS100812,货道5,统一蜜桃多(CAN310ml),INTR765012351,饮料,3,3,98,98
`FS100812,货道6,雪碧[自购版](CAN330ml),INTR685011636,饮料,3,3,99,99
`FS100812,货道7,可口可乐[自购版](PET500ml),INTR724012203,饮料,3.5,3.5,89,89
`FS100812,货道8,百香公举[百香果](PET480ml),INTR017012171,饮料,4,4,99,99
`FS100812,货道9,雅哈[冰咖啡](PET450ml),INTR470011686,饮料,5.5,5.5,94,94
`FS100812,货道10,雪碧[自购版](PET500ml),INTR175012204,饮料,3.5,3.5,99,99
`FS100812,货道11,统一冰绿茶[青梅绿茶](PET500ml),INTR469011681,饮料,3,3,98,98
`FS100812,货道13,百事可乐(CAN330ml),INTR785012174,饮料,2.5,2.5,94,94
`FS100812,货道14,台福[高钙花生牛奶](CAN365ml),INTR531012172,饮料,3.5,4,95,95
`FS100812,货道15,统一冰绿茶[青梅绿茶](CAN310ml),INTG116100075,饮料,2.5,2.5,98,98
`FS100812,货道16,米源冰晶葡萄(CAN310ml),INTR290012105,饮料,2.5,2.5,97,97
`FS100812,货道17,海之言[柠檬](PET500ml),INTR039011682,饮料,4,4,79,79
`FS100812,货道19,海之言[柠檬](PET500ml),INTR039011682,饮料,4,4,83,83
`FS100812,货道21,统一冰绿茶[青梅绿茶](PET500ml),INTR469011681,饮料,3,3,99,99
`FS100812,货道23,统一绿茶[茉莉](PET500ml),INTR577011683,饮料,3,3,96,96
`FS100812,货道24,统一双萃[鸭屎香风味柠檬茶](PET500ml),INTR950013739,饮料,3,3,99,99
`FS100812,货道25,统一冰红茶[柠檬](PET500ml),INTR894011688,饮料,3,3,91,91
`FS100812,货道26,统一饮养四季[冰糖雪梨](PET500ml),INTR56004726,饮料,3.5,3,97,97
`FS100812,货道27,小茗同学[青柠红茶](PET480ml),INTR297011693,饮料,5,5,99,99
`FS100812,货道28,统一鲜橙多(PET450ml),INTR910011664,饮料,3.5,3.5,96,96
`FS100812,货道29,农夫山泉(PET550ml),INTR993012106,矿泉水,2,2,77,77
`FS100812,货道30,统一阿萨姆[奶茶原味](PET500ml),INTR230011689,饮料,4.5,4,81,81
`FS100812,货道31,统一绿茶[茉莉](PET500ml),INTR577011683,饮料,3,3,90,90
`FS100812,货道32,统一阿萨姆[奶茶原味](PET500ml),INTR230011689,饮料,4.5,4,97,97
`FS100812,货道33,焕神[热带水果风味]饮料(PET460ml),INTR583011691,饮料,5,5,83,83
`FS100812,货道34,统一冰红茶[柠檬](PET500ml),INTR894011688,饮料,3,3,98,98
`FS100781,货道1,乐虎维生素功能饮料(CAN250ml),INTR995012194,饮料,5.5,5.5,89,89
`FS100781,货道2,统一冰绿茶[青梅绿茶](CAN310ml),INTG116100075,饮料,2.5,2.5,99,99
`FS100781,货道3,统一鲜橙多(CAN310ml),INTR767011663,饮料,3,2.5,97,97
`FS100781,货道4,统一鲜橙多(CAN310ml),INTR767011663,饮料,3,2.5,97,97
`FS100781,货道5,统一蜜桃多(CAN310ml),INTR765012351,饮料,3,3,99,99
`FS100781,货道6,统一蜜桃多(CAN310ml),INTR765012351,饮料,3,3,97,97
`FS100781,货道7,可口可乐[自购版](PET500ml),INTR724012203,饮料,3.5,3.5,47,47
`FS100781,货道8,统一茉莉蜜茶(PET500ml),INTR815013715,饮料,3,3,99,99
`FS100781,货道9,雅哈[冰咖啡](PET450ml),INTR470011686,饮料,5.5,5.5,94,94
`FS100781,货道10,统一冰红茶[柠檬](PET500ml),INTR894011688,饮料,3,3,86,86
`FS100781,货道11,海之言[柠檬](PET500ml),INTR039011682,饮料,4,4,84,84
`FS100781,货道13,百事可乐(CAN330ml),INTR785012174,饮料,2.5,2.5,82,82
`FS100781,货道14,台福[高钙花生牛奶](CAN365ml),INTR531012172,饮料,3.5,3.5,92,92
`FS100781,货道15,米源冰晶葡萄(CAN310ml),INTR290012105,饮料,2.5,2.5,94,94
`FS100781,货道16,统一冰绿茶[青梅绿茶](CAN310ml),INTG116100075,饮料,2.5,2.5,99,99
`FS100781,货道17,统一阿萨姆[奶茶原味](PET500ml),INTR230011689,饮料,4.5,4,88,88
`FS100781,货道19,统一鲜橙多(PET450ml),INTR910011664,饮料,3.5,3.5,91,91
`FS100781,货道21,海之言[柠檬](PET500ml),INTR039011682,饮料,4,4,85,85
`FS100781,货道23,农夫山泉(PET550ml),INTR993012106,矿泉水,2,2,71,71
`FS100781,货道24,统一冰红茶[柠檬](PET500ml),INTR894011688,饮料,3,3,96,96
`FS100781,货道25,统一冰红茶[柠檬](PET500ml),INTR894011688,饮料,3,3,96,96
`FS100781,货道26,统一饮养四季[冰糖雪梨](PET500ml),INTR56004726,饮料,3.5,3,95,95
`FS100781,货道27,统一双萃[鸭屎香风味柠檬茶](PET500ml),INTR950013739,饮料,3,3,94,94
`FS100781,货道28,统一阿萨姆[奶茶原味](PET500ml),INTR230011689,饮料,4.5,4,98,98
`FS100781,货道29,饮养四季[金桔柠檬](PET500ml),INTR372011680,饮料,3.5,3.5,85,85
`FS100781,货道30,统一绿茶[茉莉](PET500ml),INTR577011683,饮料,3,3,88,88
`FS100781,货道31,统一绿茶[茉莉](PET500ml),INTR577011683,饮料,3,3,85,85
`FS100781,货道32,焕神[热带水果风味]饮料(PET460ml),INTR583011691,饮料,5,5,91,91
`FS100781,货道33,统一冰绿茶[青梅绿茶](PET500ml),INTR469011681,饮料,3,3,92,92
`FS100781,货道34,统一冰绿茶[青梅绿茶](PET500ml),INTR469011681,饮料,3,3,99,99
`FS100847,货道1,乐虎维生素功能饮料(CAN250ml),INTR995012194,饮料,5.5,5.5,96,96
`FS100847,货道2,雪碧[自购版](CAN330ml),INTR685011636,饮料,3,3,98,98
`FS100847,货道3,统一果汁[金桔柠檬](CAN310ml),1.56473E+17,开门柜,3,2.5,98,98
`FS100847,货道4,粤喵喵生榨椰汁(CAN315ml),INTR618013709,饮料,0,3,99,99
`FS100847,货道5,统一鲜橙多(CAN310ml),INTR767011663,饮料,3,2.5,99,99
`FS100847,货道6,统一鲜橙多(CAN310ml),INTR767011663,饮料,3,2.5,98,98
`FS100847,货道7,可口可乐[自购版](PET500ml),INTR724012203,饮料,3.5,3.5,90,90
`FS100847,货道8,雪碧[自购版](PET500ml),INTR175012204,饮料,3.5,3.5,95,95
`FS100847,货道9,统一双萃[鸭屎香风味柠檬茶](PET500ml),INTR950013739,饮料,3,3,97,97
`FS100847,货道10,海之言[柠檬](PET500ml),INTR039011682,饮料,4,4,87,87
`FS100847,货道11,统一绿茶[茉莉](PET500ml),INTR577011683,饮料,3,3,89,89
`FS100847,货道13,百事可乐(CAN330ml),INTR785012174,饮料,2.5,2.5,95,95
`FS100847,货道14,台福[高钙花生牛奶](CAN365ml),INTR531012172,饮料,3.5,3.5,97,97
`FS100847,货道15,雪碧[自购版](CAN330ml),INTR685011636,饮料,3,3,99,99
`FS100847,货道16,可口可乐[自购版](CAN330ml),INTR121011635,饮料,3,3,98,98
`FS100847,货道17,统一蜜桃多(CAN310ml),INTR765012351,饮料,3,3,98,98
`FS100847,货道18,粤喵喵生榨椰汁(CAN315ml),INTR618013709,饮料,0,3,99,99
`FS100847,货道19,统一蜜桃多(CAN310ml),INTR765012351,饮料,3,3,98,98
`FS100847,货道20,米源冰晶葡萄(CAN310ml),INTR290012105,饮料,2.5,2.5,99,99
`FS100847,货道21,统一冰绿茶[青梅绿茶](CAN310ml),INTG116100075,饮料,2.5,2.5,99,99
`FS100847,货道22,统一冰绿茶[青梅绿茶](CAN310ml),INTG116100075,饮料,2.5,2.5,99,99
`FS100847,货道23,统一阿萨姆[奶茶原味](PET500ml),INTR230011689,饮料,4.5,4,94,94
`FS100847,货道24,统一阿萨姆[奶茶原味](PET500ml),INTR230011689,饮料,4.5,4,82,82
`FS100847,货道25,统一鲜橙多(PET450ml),INTR910011664,饮料,3.5,3.5,98,98
`FS100847,货道26,雅哈[冰咖啡](PET450ml),INTR470011686,饮料,5.5,5.5,98,98
`FS100847,货道27,统一饮养四季[冰糖雪梨](PET500ml),INTR56004726,饮料,3.5,3,96,96
`FS100847,货道28,焕神[热带水果风味]饮料(PET460ml),INTR583011691,饮料,5,5,97,97
`FS100847,货道29,统一绿茶[茉莉](PET500ml),INTR577011683,饮料,3,3,99,99
`FS100847,货道30,统一冰绿茶[青梅绿茶](PET500ml),INTR469011681,饮料,3,3,97,97
`FS100847,货道31,统一冰红茶[柠檬](PET500ml),INTR894011688,饮料,3,3,95,95
`FS100847,货道32,饮养四季[金桔柠檬](PET500ml),INTR372011680,饮料,3.5,3.5,99,99
`FS100847,货道33,统一双萃[鸭屎香风味柠檬茶](PET500ml),INTR950013739,饮料,3,3,99,99
`FS100847,货道34,饮养四季[金桔柠檬](PET500ml),INTR372011680,饮料,3.5,3.5,99,99
`FS100945,货道1,台福[高钙花生牛奶](CAN365ml),INTR531012172,饮料,3.5,3.5,99,99
`FS100945,货道2,百事可乐(CAN330ml),INTR785012174,饮料,2.5,2.5,98,98
`FS100945,货道3,米源冰晶葡萄(CAN310ml),INTR290012105,饮料,2.5,2.5,99,99
`FS100945,货道4,统一鲜橙多(CAN310ml),INTR767011663,饮料,3,2.5,99,99
`FS100945,货道5,统一蜜桃多(CAN310ml),INTR765012351,饮料,3,3,99,99
`FS100945,货道6,统一果汁[金桔柠檬](CAN310ml),1.56473E+17,开门柜,3,2.5,99,99
`FS100945,货道7,农夫山泉(PET550ml),INTR993012106,矿泉水,2,2,98,98
`FS100945,货道8,统一阿萨姆[奶茶原味](PET500ml),INTR230011689,饮料,4.5,4,99,99
`FS100945,货道9,海之言[柠檬](PET500ml),INTR039011682,饮料,4,4,99,99
`FS100945,货道10,统一绿茶[茉莉](PET500ml),INTR577011683,饮料,3,3,99,99
`FS100945,货道11,统一冰绿茶[青梅绿茶](PET500ml),INTR469011681,饮料,3,3,99,99
`FS100945,货道13,可口可乐[自购版](PET500ml),INTR724012203,饮料,3.5,3.5,99,99
`FS100945,货道14,,,,,,0,0
`FS100945,货道15,统一冰绿茶[青梅绿茶](PET500ml),INTR469011681,饮料,3,3,99,99
`FS100945,货道16,,,,,,0,0
`FS100945,货道17,饮养四季[金桔柠檬](PET500ml),INTR372011680,饮料,3.5,3.5,99,99
`FS100945,货道19,统一鲜橙多(PET450ml),INTR910011664,饮料,3.5,3.5,99,99
`FS100945,货道21,海之言[柠檬](PET500ml),INTR039011682,饮料,4,4,99,99
`FS100945,货道23,统一冰红茶[柠檬](PET500ml),INTR894011688,饮料,3,3,99,99
`FS100945,货道24,统一冰红茶[柠檬](PET500ml),INTR894011688,饮料,3,3,99,99
`FS100945,货道25,统一冰红茶[柠檬](PET500ml),INTR894011688,饮料,3,3,99,99
`FS100945,货道26,统一饮养四季[冰糖雪梨](PET500ml),INTR56004726,饮料,3.5,3,99,99
`FS100945,货道27,小茗同学[青柠红茶](PET480ml),INTR297011693,饮料,5,5,99,99
`FS100945,货道28,统一绿茶[茉莉](PET500ml),INTR577011683,饮料,3,3,99,99
`FS100945,货道29,统一绿茶[茉莉](PET500ml),INTR577011683,饮料,3,3,99,99
`FS100945,货道30,统一绿茶[茉莉](PET500ml),INTR577011683,饮料,3,3,99,99
`FS100945,货道31,雅哈[冰咖啡](PET450ml),INTR470011686,饮料,5.5,5.5,99,99
`FS100945,货道32,焕神[热带水果风味]饮料(PET460ml),INTR583011691,饮料,5,5,99,99
`FS100945,货道33,饮养四季[金桔柠檬](PET500ml),INTR372011680,饮料,3.5,3.5,99,99
`FS100945,货道34,统一双萃[鸭屎香风味柠檬茶](PET500ml),INTR950013739,饮料,3,3,99,99
`FS100814,货道1,百事可乐(CAN330ml),INTR785012174,饮料,2.5,2.5,99,99
`FS100814,货道2,,,,,,0,0
`FS100814,货道3,,,,,,0,0
`FS100814,货道4,,,,,,0,0
`FS100814,货道5,,,,,,0,0
`FS100814,货道6,,,,,,0,0
`FS100814,货道7,,,,,,0,0
`FS100814,货道8,,,,,,0,0
`FS100814,货道9,,,,,,0,0
`FS100814,货道10,,,,,,0,0
`FS100814,货道11,,,,,,0,0
`FS100814,货道13,,,,,,0,0
`FS100814,货道14,,,,,,0,0
`FS100814,货道15,,,,,,0,0
`FS100814,货道16,,,,,,0,0
`FS100814,货道17,,,,,,0,0
`FS100814,货道19,,,,,,0,0
`FS100814,货道21,,,,,,0,0
`FS100814,货道23,,,,,,0,0
`FS100814,货道24,,,,,,0,0
`FS100814,货道25,,,,,,0,0
`FS100814,货道26,,,,,,0,0
`FS100814,货道27,,,,,,0,0
`FS100814,货道28,,,,,,0,0
`FS100814,货道29,,,,,,0,0
`FS100814,货道30,,,,,,0,0
`FS100814,货道31,,,,,,0,0
`FS100814,货道32,,,,,,0,0
`FS100814,货道33,,,,,,0,0
`FS100814,货道34,,,,,,0,0
`FS100791,货道1,乐虎维生素功能饮料(CAN250ml),INTR995012194,饮料,5.5,5.5,72,72
`FS100791,货道2,粤喵喵生榨椰汁(CAN315ml),INTR618013709,饮料,0,3,98,98
`FS100791,货道3,统一鲜橙多(CAN310ml),INTR767011663,饮料,3,2.5,97,97
`FS100791,货道4,统一鲜橙多(CAN310ml),INTR767011663,饮料,3,2.5,99,99
`FS100791,货道5,粤喵喵生榨椰汁(CAN315ml),INTR618013709,饮料,0,3,99,99
`FS100791,货道6,统一蜜桃多(CAN310ml),INTR765012351,饮料,3,3,95,95
`FS100791,货道7,可口可乐[自购版](PET500ml),INTR724012203,饮料,3.5,3.5,77,77
`FS100791,货道8,雪碧[自购版](PET500ml),INTR175012204,饮料,3.5,3.5,99,99
`FS100791,货道9,海之言[柠檬](PET500ml),INTR039011682,饮料,4,4,96,96
`FS100791,货道10,焕神[热带水果风味]饮料(PET460ml),INTR583011691,饮料,5,5,83,83
`FS100791,货道11,统一饮养四季[冰糖雪梨](PET500ml),INTR56004726,饮料,3.5,3,92,92
`FS100791,货道13,百事可乐(CAN330ml),INTR785012174,饮料,2.5,2.5,91,91
`FS100791,货道14,台福[高钙花生牛奶](CAN365ml),INTR531012172,饮料,3.5,4,87,87
`FS100791,货道15,米源冰晶葡萄(CAN310ml),INTR290012105,饮料,2.5,2.5,97,97
`FS100791,货道16,统一冰绿茶[青梅绿茶](CAN310ml),INTG116100075,饮料,2.5,2.5,98,98
`FS100791,货道17,统一冰绿茶[青梅绿茶](PET500ml),INTR469011681,饮料,3,3,98,98
`FS100791,货道19,统一冰绿茶[青梅绿茶](PET500ml),INTR469011681,饮料,3,3,98,98
`FS100791,货道21,雅哈[冰咖啡](PET450ml),INTR470011686,饮料,5.5,5.5,97,97
`FS100791,货道23,统一阿萨姆[奶茶原味](PET500ml),INTR230011689,饮料,4.5,4,79,79
`FS100791,货道24,农夫山泉(PET550ml),INTR993012106,矿泉水,2,2,75,75
`FS100791,货道25,统一鲜橙多(PET450ml),INTR910011664,饮料,3.5,3.5,99,99
`FS100791,货道26,饮养四季[金桔柠檬](PET500ml),INTR372011680,饮料,3.5,3,96,96
`FS100791,货道27,统一茉莉蜜茶(PET500ml),INTR815013715,饮料,3,3,99,99
`FS100791,货道28,海之言[柠檬](PET500ml),INTR039011682,饮料,4,4,99,99
`FS100791,货道29,统一绿茶[茉莉](PET500ml),INTR577011683,饮料,3,3,90,90
`FS100791,货道30,统一绿茶[茉莉](PET500ml),INTR577011683,饮料,3,3,99,99
`FS100791,货道31,统一冰红茶[柠檬](PET500ml),INTR894011688,饮料,3,3,88,88
`FS100791,货道32,海之言[柠檬](PET500ml),INTR039011682,饮料,4,4,95,95
`FS100791,货道33,统一双萃[鸭屎香风味柠檬茶](PET500ml),INTR950013739,饮料,3,3,99,99
`FS100791,货道34,统一冰红茶[柠檬](PET500ml),INTR894011688,饮料,3,3,98,98
`FS100871,货道1,统一蜜桃多(CAN310ml),INTR765012351,饮料,3,3,99,99
`FS100871,货道2,乐虎维生素功能饮料(CAN250ml),INTR995012194,饮料,5.5,5.5,99,99
`FS100871,货道3,统一果汁[金桔柠檬](CAN310ml),1.56473E+17,开门柜,3,2.5,99,99
`FS100871,货道4,统一鲜橙多(CAN310ml),INTR767011663,饮料,3,2.5,99,99
`FS100871,货道5,统一冰绿茶[青梅绿茶](CAN310ml),INTG116100075,饮料,2.5,2.5,99,99
`FS100871,货道6,统一果汁[金桔柠檬](CAN310ml),1.56473E+17,开门柜,3,2.5,99,99
`FS100871,货道7,可口可乐[自购版](PET500ml),INTR724012203,饮料,3.5,3.5,94,94
`FS100871,货道8,海之言[柠檬](PET500ml),INTR039011682,饮料,4,4,98,98
`FS100871,货道9,雅哈[冰咖啡](PET450ml),INTR470011686,饮料,5.5,5.5,99,99
`FS100871,货道10,焕神[热带水果风味]饮料(PET460ml),INTR583011691,饮料,5,5,95,95
`FS100871,货道11,雪碧[自购版](PET500ml),INTR175012204,饮料,3.5,3.5,99,99
`FS100871,货道13,统一鲜橙多(CAN310ml),INTR767011663,饮料,3,2.5,99,99
`FS100871,货道14,台福[高钙花生牛奶](CAN365ml),INTR531012172,饮料,3.5,3.5,93,93
`FS100871,货道15,百事可乐(CAN330ml),INTR785012174,饮料,2.5,2.5,93,93
`FS100871,货道16,米源冰晶葡萄(CAN310ml),INTR290012105,饮料,2.5,2.5,99,99
`FS100871,货道17,统一饮养四季[冰糖雪梨](PET500ml),INTR56004726,饮料,3.5,3,98,98
`FS100871,货道19,小茗同学[青柠红茶](PET480ml),INTR297011693,饮料,5,5,99,99
`FS100871,货道21,统一双萃[鸭屎香风味柠檬茶](PET500ml),INTR950013739,饮料,3,3,99,99
`FS100871,货道23,统一阿萨姆[奶茶原味](PET500ml),INTR230011689,饮料,4.5,4,97,97
`FS100871,货道24,农夫山泉(PET550ml),INTR993012106,矿泉水,2,2,99,99
`FS100871,货道25,统一鲜橙多(PET450ml),INTR910011664,饮料,3.5,3.5,98,98
`FS100871,货道26,统一双萃[鸭屎香风味柠檬茶](PET500ml),INTR950013739,饮料,3,3,99,99
`FS100871,货道27,统一双萃[鸭屎香风味柠檬茶](PET500ml),INTR950013739,饮料,3,3,99,99
`FS100871,货道28,统一冰绿茶[青梅绿茶](PET500ml),INTR469011681,饮料,3,3,98,98
`FS100871,货道29,统一绿茶[茉莉](PET500ml),INTR577011683,饮料,3,3,97,97
`FS100871,货道30,统一绿茶[茉莉](PET500ml),INTR577011683,饮料,3,3,94,94
`FS100871,货道31,统一冰绿茶[青梅绿茶](PET500ml),INTR469011681,饮料,3,3,97,97
`FS100871,货道32,饮养四季[金桔柠檬](PET500ml),INTR372011680,饮料,3.5,3.5,99,99
`FS100871,货道33,统一冰红茶[柠檬](PET500ml),INTR894011688,饮料,3,3,99,99
`FS100871,货道34,统一冰红茶[柠檬](PET500ml),INTR894011688,饮料,3,3,97,97
`FS100873,货道1,百事可乐(CAN330ml),INTR785012174,饮料,2.5,2.5,72,72
`FS100873,货道2,台福[高钙花生牛奶](CAN365ml),INTR531012172,饮料,3.5,4,93,93
`FS100873,货道3,米源冰晶葡萄(CAN310ml),INTR290012105,饮料,2.5,2.5,88,88
`FS100873,货道4,粤喵喵生榨椰汁(CAN315ml),INTR618013709,饮料,0,3,80,80
`FS100873,货道5,雪碧[自购版](CAN330ml),INTR685011636,饮料,3,3,96,96
`FS100873,货道6,统一蜜桃多(CAN310ml),INTR765012351,饮料,3,3,94,94
`FS100873,货道7,统一阿萨姆[奶茶原味](PET500ml),INTR230011689,饮料,4.5,4,62,62
`FS100873,货道8,饮养四季[金桔柠檬](PET500ml),INTR372011680,饮料,3.5,3.5,96,96
`FS100873,货道9,雅哈[冰咖啡](PET450ml),INTR470011686,饮料,5.5,5.5,95,95
`FS100873,货道10,统一冰绿茶[青梅绿茶](PET500ml),INTR469011681,饮料,3,3,93,93
`FS100873,货道11,统一茉莉蜜茶(PET500ml),INTR815013715,饮料,3,3,92,92
`FS100873,货道13,可口可乐[自购版](PET500ml),INTR724012203,饮料,3.5,3.5,81,81
`FS100873,货道14,,,,,,0,0
`FS100873,货道15,可口可乐[自购版](PET500ml),INTR724012203,饮料,3.5,3.5,83,83
`FS100873,货道16,,,,,,0,0
`FS100873,货道17,海之言[柠檬](PET500ml),INTR039011682,饮料,4,4,93,93
`FS100873,货道19,统一鲜橙多(PET450ml),INTR910011664,饮料,3.5,3.5,89,89
`FS100873,货道21,海之言[柠檬](PET500ml),INTR039011682,饮料,4,4,96,96
`FS100873,货道23,统一冰红茶[柠檬](PET500ml),INTR894011688,饮料,3,3,97,97
`FS100873,货道24,统一冰红茶[柠檬](PET500ml),INTR894011688,饮料,3,3,96,96
`FS100873,货道25,统一冰红茶[柠檬](PET500ml),INTR894011688,饮料,3,3,96,96
`FS100873,货道26,统一饮养四季[冰糖雪梨](PET500ml),INTR56004726,饮料,3.5,3,96,96
`FS100873,货道27,统一双萃[鸭屎香风味柠檬茶](PET500ml),INTR950013739,饮料,3,3,93,93
`FS100873,货道28,统一阿萨姆[奶茶原味](PET500ml),INTR230011689,饮料,4.5,4,93,93
`FS100873,货道29,农夫山泉(PET550ml),INTR993012106,矿泉水,2,2,69,69
`FS100873,货道30,统一绿茶[茉莉](PET500ml),INTR577011683,饮料,3,3,79,79
`FS100873,货道31,统一绿茶[茉莉](PET500ml),INTR577011683,饮料,3,3,88,88
`FS100873,货道32,焕神[热带水果风味]饮料(PET460ml),INTR583011691,饮料,5,5,87,87
`FS100873,货道33,统一阿萨姆[奶茶原味](PET500ml),INTR230011689,饮料,4.5,4,96,96
`FS100873,货道34,统一双萃[鸭屎香风味柠檬茶](PET500ml),INTR950013739,饮料,3,3,95,95
`FS100775,货道1,百事可乐(CAN330ml),INTR785012174,饮料,2.5,2.5,99,99
`FS100775,货道2,,,,,,0,0
`FS100775,货道3,,,,,,0,0
`FS100775,货道4,,,,,,0,0
`FS100775,货道5,,,,,,0,0
`FS100775,货道6,,,,,,0,0
`FS100775,货道7,,,,,,0,0
`FS100775,货道8,,,,,,0,0
`FS100775,货道9,,,,,,0,0
`FS100775,货道10,,,,,,0,0
`FS100775,货道11,,,,,,0,0
`FS100775,货道13,,,,,,0,0
`FS100775,货道14,,,,,,0,0
`FS100775,货道15,,,,,,0,0
`FS100775,货道16,,,,,,0,0
`FS100775,货道17,,,,,,0,0
`FS100775,货道19,,,,,,0,0
`FS100775,货道21,,,,,,0,0
`FS100775,货道23,,,,,,0,0
`FS100775,货道24,,,,,,0,0
`FS100775,货道25,,,,,,0,0
`FS100775,货道26,,,,,,0,0
`FS100775,货道27,,,,,,0,0
`FS100775,货道28,,,,,,0,0
`FS100775,货道29,,,,,,0,0
`FS100775,货道30,,,,,,0,0
`FS100775,货道31,,,,,,0,0
`FS100775,货道32,,,,,,0,0
`FS100775,货道33,,,,,,0,0
`FS100775,货道34,,,,,,0,0
`FS100603,货道1,统一冰红茶(CAN310ml),INTR115011662,饮料,2.5,2.5,99,99
`FS100603,货道2,统一冰红茶(CAN310ml),INTR115011662,饮料,2.5,2.5,99,99
`FS100603,货道3,统一鲜橙多(CAN310ml),INTR767011663,饮料,3,3,99,99
`FS100603,货道4,统一鲜橙多(CAN310ml),INTR767011663,饮料,3,3,99,99
`FS100603,货道5,统一好料道[仙草凉茶](CAN310ml),INTR791011678,饮料,4,4,99,99
`FS100603,货道6,统一好料道[仙草凉茶](CAN310ml),INTR791011678,饮料,4,4,99,99
`FS100603,货道7,统一阿萨姆[奶茶原味](PET500ml),INTR230011689,饮料,4.5,4.5,99,99
`FS100603,货道8,统一阿萨姆[奶茶原味](PET500ml),INTR230011689,饮料,4.5,4.5,99,99
`FS100603,货道9,统一冰红茶[柠檬](PET500ml),INTR894011688,饮料,3,3,99,99
`FS100603,货道10,统一冰红茶[柠檬](PET500ml),INTR894011688,饮料,3,3,99,99
`FS100603,货道11,统一绿茶[茉莉](PET500ml),INTR577011683,饮料,3,3,99,99
`FS100603,货道13,ALKAQUA[饮用天然矿泉水](PET570ml),INTR997009154,矿泉水,4,4,99,99
`FS100603,货道14,统一绿茶[茉莉](PET500ml),INTR577011683,饮料,3,3,99,99
`FS100603,货道15,ALKAQUA[饮用天然矿泉水](PET570ml),INTR997009154,矿泉水,4,4,99,99
`FS100603,货道16,统一绿茶[茉莉](PET500ml),INTR577011683,饮料,3,3,99,99
`FS100603,货道17,统一阿萨姆[奶茶原味](PET500ml),INTR230011689,饮料,4.5,4.5,99,99
`FS100603,货道19,统一阿萨姆[奶茶原味](PET500ml),INTR230011689,饮料,4.5,4.5,99,99
`FS100603,货道21,统一阿萨姆[奶茶原味](PET500ml),INTR230011689,饮料,4.5,4.5,99,99
`FS100603,货道23,统一轻啵苏打水[柠檬味](PET500ml),INTR773011687,饮料,3.5,3.5,99,99
`FS100603,货道24,小茗同学[青柠红茶](PET480ml),INTR297011693,饮料,5,5,99,99
`FS100603,货道25,雅哈[冰咖啡](PET450ml),INTR470011686,饮料,5.5,5.5,99,99
`FS100603,货道26,统一鲜橙多(PET450ml),INTR910011664,饮料,3.5,3.5,99,99
`FS100603,货道27,统一鲜橙多(PET450ml),INTR910011664,饮料,3.5,3.5,99,99
`FS100603,货道28,统一阿萨姆[奶茶原味](PET500ml),INTR230011689,饮料,4.5,4.5,99,99
`FS100603,货道29,饮养四季[金桔柠檬](PET500ml),INTR372011680,饮料,3.5,3.5,99,99
`FS100603,货道30,焕神[热带水果风味]饮料(PET460ml),INTR583011691,饮料,5,5,99,99
`FS100603,货道31,海之言[柠檬](PET500ml),INTR039011682,饮料,4,4,99,99
`FS100603,货道32,海之言[柠檬](PET500ml),INTR039011682,饮料,4,4,99,99
`FS100603,货道33,雅哈[冰咖啡](PET450ml),INTR470011686,饮料,5.5,5.5,99,99
`FS100603,货道34,统一冰绿茶[青梅绿茶](PET500ml),INTR469011681,饮料,3,3,99,99
`FS100053,货道1,,,,,,0,0
`FS100053,货道2,,,,,,0,0
`FS100053,货道3,,,,,,0,0
`FS100053,货道4,,,,,,0,0
`FS100053,货道5,,,,,,0,0
`FS100053,货道6,,,,,,0,0
`FS100053,货道7,,,,,,0,0
`FS100053,货道8,,,,,,0,0
`FS100053,货道9,,,,,,0,0
`FS100053,货道10,,,,,,0,0
`FS100053,货道11,,,,,,0,0
`FS100053,货道13,,,,,,0,0
`FS100053,货道14,,,,,,0,0
`FS100053,货道15,,,,,,0,0
`FS100053,货道16,,,,,,0,0
`FS100053,货道17,,,,,,0,0
`FS100053,货道19,,,,,,0,0
`FS100053,货道21,,,,,,0,0
`FS100053,货道23,,,,,,0,0
`FS100053,货道24,,,,,,0,0
`FS100053,货道25,,,,,,0,0
`FS100053,货道26,,,,,,0,0
`FS100053,货道27,,,,,,0,0
`FS100053,货道28,,,,,,0,0
`FS100053,货道29,,,,,,0,0
`FS100053,货道30,,,,,,0,0
`FS100053,货道31,,,,,,0,0
`FS100053,货道32,,,,,,0,0
`FS100053,货道33,,,,,,0,0
`FS100053,货道34,,,,,,0,0
`FS100541,货道1,三得利利趣拿铁(CAN310ml),INTR861012877,饮料,4,4,19,19
`FS100541,货道2,优好滋荔枝爽310ml,INTR860012104,饮料,2.5,3,19,19
`FS100541,货道3,,,,,,0,0
`FS100541,货道4,,,,,,0,0
`FS100541,货道5,,,,,,0,0
`FS100541,货道6,爱朵拉拿铁咖啡(CAN310ml),INTR459011637,饮料,4,4,0,0
`FS100541,货道7,统一阿萨姆[奶茶原味](PET500ml),INTR230011689,饮料,4.5,4.5,20,20
`FS100541,货道8,统一阿萨姆[奶茶原味](PET500ml),INTR230011689,饮料,4.5,4.5,20,20
`FS100541,货道9,格泉饮用天然水(PET500ml),INTR252012401,矿泉水,2,2,0,0
`FS100541,货道10,统一好料道[仙草凉茶](CAN310ml),INTR791011678,饮料,4,4,19,19
`FS100541,货道11,小野[芒果汁](CAN245ml),INTR457012418,饮料,3,3,20,20
`FS100541,货道13,美年达[橙味](CAN330ml),INTR052013120,饮料,3,2.5,20,20
`FS100541,货道14,,,,,,0,0
`FS100541,货道15,百事可乐(CAN330ml),INTR785012174,饮料,2.5,2.5,20,20
`FS100541,货道16,,,,,,0,0
`FS100541,货道17,百事可乐(PET600ml),INTR065012794,饮料,3.5,3.5,20,20
`FS100541,货道19,百事可乐(PET600ml),INTR065012794,饮料,3.5,3.5,20,20
`FS100541,货道21,海之言[柠檬](PET500ml),INTR039011682,饮料,4,4,20,20
`FS100541,货道23,统一冰红茶[柠檬](PET500ml),INTR894011688,饮料,3,3,18,18
`FS100541,货道24,统一冰绿茶[青梅绿茶](PET500ml),INTR469011681,饮料,3,3,20,20
`FS100541,货道25,统一轻啵苏打水[柠檬味](PET500ml),INTR773011687,饮料,3.5,3.5,20,20
`FS100541,货道26,统一鲜橙多(PET450ml),INTR910011664,饮料,3.5,3.5,20,20
`FS100541,货道27,统一鲜橙多(PET450ml),INTR910011664,饮料,3.5,3.5,19,19
`FS100541,货道28,水趣多乳酸菌风味(PET500ml),INTR912012422,饮料,5,5,20,20
`FS100541,货道29,统一轻啵苏打水[柠檬味](PET500ml),INTR773011687,饮料,3.5,3.5,20,20
`FS100541,货道30,焕神[热带水果风味]饮料(PET460ml),INTR583011691,饮料,5,5,20,20
`FS100541,货道31,小茗同学[溜溜哒茶](PET480ml),INTR973011692,饮料,5,5,20,20
`FS100541,货道32,统一茶裏王[无糖台式乌龙茶](PET420ml),INTR904011685,饮料,5,5,20,20
`FS100541,货道33,格泉饮用天然水(PET500ml),INTR252012401,矿泉水,2,2,0,0
`FS100541,货道34,ALKAQUA[饮用天然矿泉水](PET570ml),INTR997009154,矿泉水,4,4,20,20
`FS100168,货道1,统一冰红茶(CAN310ml),INTR115011662,饮料,2.5,2.5,22,22
`FS100168,货道2,统一冰红茶(CAN310ml),INTR115011662,饮料,2.5,2.5,20,20
`FS100168,货道3,统一鲜橙多(CAN310ml),INTR767011663,饮料,3,3,17,17
`FS100168,货道4,统一鲜橙多(CAN310ml),INTR767011663,饮料,3,3,10,10
`FS100168,货道5,优好滋荔枝爽310ml,INTR860012104,饮料,2.5,3,11,11
`FS100168,货道6,统一好料道[仙草凉茶](CAN310ml),INTR791011678,饮料,4,4,12,12
`FS100168,货道7,统一阿萨姆[奶茶原味](PET500ml),INTR230011689,饮料,4.5,4.5,19,19
`FS100168,货道8,统一阿萨姆[奶茶原味](PET500ml),INTR230011689,饮料,4.5,4.5,18,18
`FS100168,货道9,统一饮养四季[冰糖雪梨](PET500ml),INTR56004726,饮料,3.5,3.5,18,18
`FS100168,货道10,农夫山泉(PET550ml),INTR993012106,矿泉水,2,2,13,13
`FS100168,货道11,今麦郎茉莉蜜茶(PET500ml),INTR701012110,饮料,4,3,13,13
`FS100168,货道13,统一冰红茶[柠檬](PET500ml),INTR894011688,饮料,3,3,22,22
`FS100168,货道14,,,,,,0,0
`FS100168,货道15,统一冰红茶[柠檬](PET500ml),INTR894011688,饮料,3,3,20,20
`FS100168,货道16,,,,,,0,0
`FS100168,货道17,统一轻啵苏打水[原味](PET500ml),INTR452012400,饮料,3.5,3.5,18,18
`FS100168,货道19,海之言[柠檬](PET500ml),INTR039011682,饮料,4,4,16,16
`FS100168,货道21,海之言[柠檬](PET500ml),INTR039011682,饮料,4,4,14,14
`FS100168,货道23,农夫山泉(PET550ml),INTR993012106,矿泉水,2,2,17,17
`FS100168,货道24,农夫山泉(PET550ml),INTR993012106,矿泉水,2,2,11,11
`FS100168,货道25,水趣多乳酸菌风味(PET500ml),INTR912012422,饮料,5,5,17,17
`FS100168,货道26,小茗同学[青柠红茶](PET480ml),INTR297011693,饮料,5,5,16,16
`FS100168,货道27,统一冰绿茶[青梅绿茶](PET500ml),INTR469011681,饮料,3,3,12,12
`FS100168,货道28,统一冰绿茶[青梅绿茶](PET500ml),INTR469011681,饮料,3,3,12,12
`FS100168,货道29,今麦郎芒顿小镇西瓜水(PET500ml),INTR688012196,饮料,3,3,8,8
`FS100168,货道30,格泉饮用天然水(PET500ml),INTR252012401,矿泉水,2,2,20,20
`FS100168,货道31,统一绿茶[茉莉](PET500ml),INTR577011683,饮料,3,3,17,17
`FS100168,货道32,统一绿茶[茉莉](PET500ml),INTR577011683,饮料,3,3,16,16
`FS100168,货道33,饮养四季[金桔柠檬](PET500ml),INTR372011680,饮料,3.5,3.5,7,7
`FS100168,货道34,小茗同学[溜溜哒茶](PET480ml),INTR973011692,饮料,5,5,11,11
`FS100227,货道1,雪碧[自购版](CAN330ml),INTR685011636,饮料,3,2.5,0,0
`FS100227,货道2,统一鲜橙多(CAN310ml),INTR767011663,饮料,3,2.5,7,7
`FS100227,货道3,统一鲜橙多(CAN310ml),INTR767011663,饮料,3,2.5,3,3
`FS100227,货道4,统一鲜橙多(CAN310ml),INTR767011663,饮料,3,2.5,2,2
`FS100227,货道5,统一鲜橙多(CAN310ml),INTR767011663,饮料,3,2.5,7,7
`FS100227,货道6,统一鲜橙多(CAN310ml),INTR767011663,饮料,3,2.5,5,5
`FS100227,货道7,统一冰红茶[柠檬](PET500ml),INTR894011688,饮料,3,3,6,6
`FS100227,货道8,达利园青梅绿茶(PET500ml),INTR537012876,饮料,3,3,0,0
`FS100227,货道9,达利园青梅绿茶(PET500ml),INTR537012876,饮料,3,3,2,2
`FS100227,货道10,怡宝[纯净水](PET555ml),INTR128012109,矿泉水,2,2.5,0,0
`FS100227,货道11,怡宝[纯净水](PET555ml),INTR128012109,矿泉水,2,2.5,0,0
`FS100227,货道13,统一阿萨姆[奶茶原味](PET500ml),INTR230011689,饮料,4.5,4.5,11,11
`FS100227,货道14,,,,,,0,0
`FS100227,货道15,统一阿萨姆[奶茶原味](PET500ml),INTR230011689,饮料,4.5,4.5,12,12
`FS100227,货道16,,,,,,0,0
`FS100227,货道17,统一阿萨姆[奶茶原味](PET500ml),INTR230011689,饮料,4.5,4.5,12,12
`FS100227,货道19,统一阿萨姆[奶茶原味](PET500ml),INTR230011689,饮料,4.5,4.5,7,7
`FS100227,货道21,统一阿萨姆[奶茶原味](PET500ml),INTR230011689,饮料,4.5,4.5,5,5
`FS100227,货道23,达利园青梅绿茶(PET500ml),INTR537012876,饮料,3,3,1,1
`FS100227,货道24,怡宝[纯净水](PET555ml),INTR128012109,矿泉水,2,2.5,0,0
`FS100227,货道25,怡宝[纯净水](PET555ml),INTR128012109,矿泉水,2,2.5,0,0
`FS100227,货道26,怡宝[纯净水](PET555ml),INTR128012109,矿泉水,2,2.5,0,0
`FS100227,货道27,怡宝[纯净水](PET555ml),INTR128012109,矿泉水,2,2.5,0,0
`FS100227,货道28,怡宝[纯净水](PET555ml),INTR128012109,矿泉水,2,2.5,0,0
`FS100227,货道29,怡宝[纯净水](PET555ml),INTR128012109,矿泉水,2,2.5,13,13
`FS100227,货道30,怡宝[纯净水](PET555ml),INTR128012109,矿泉水,2,2.5,11,11
`FS100227,货道31,怡宝[纯净水](PET555ml),INTR128012109,矿泉水,2,2.5,12,12
`FS100227,货道32,怡宝[纯净水](PET555ml),INTR128012109,矿泉水,2,2.5,2,2
`FS100227,货道33,怡宝[纯净水](PET555ml),INTR128012109,矿泉水,2,2.5,0,0
`FS100227,货道34,怡宝[纯净水](PET555ml),INTR128012109,矿泉水,2,2.5,0,0
`FS100549,货道1,三得利利趣拿铁(CAN310ml),INTR861012877,饮料,4,4,20,20
`FS100549,货道2,优好滋荔枝爽310ml,INTR860012104,饮料,2.5,3,20,20
`FS100549,货道3,,,,,,0,0
`FS100549,货道4,,,,,,0,0
`FS100549,货道5,,,,,,0,0
`FS100549,货道6,爱朵拉拿铁咖啡(CAN310ml),INTR459011637,饮料,4,4,20,20
`FS100549,货道7,统一阿萨姆[奶茶原味](PET500ml),INTR230011689,饮料,4.5,4.5,19,19
`FS100549,货道8,统一阿萨姆[奶茶原味](PET500ml),INTR230011689,饮料,4.5,4.5,19,19
`FS100549,货道9,格泉饮用天然水(PET500ml),INTR252012401,矿泉水,2,2,20,20
`FS100549,货道10,统一好料道[仙草凉茶](CAN310ml),INTR791011678,饮料,4,4,19,19
`FS100549,货道11,小野[芒果汁](CAN245ml),INTR457012418,饮料,3,3,20,20
`FS100549,货道13,美年达[橙味](CAN330ml),INTR413013853,饮料,3,2.5,19,19
`FS100549,货道14,,,,,,0,0
`FS100549,货道15,百事可乐(CAN330ml),INTR785012174,饮料,2.5,2.5,15,15
`FS100549,货道16,,,,,,0,0
`FS100549,货道17,百事可乐(PET600ml),INTR065012794,饮料,3.5,3.5,13,13
`FS100549,货道19,百事可乐(PET600ml),INTR065012794,饮料,3.5,3.5,17,17
`FS100549,货道21,海之言[柠檬](PET500ml),INTR039011682,饮料,4,4,19,19
`FS100549,货道23,统一冰红茶[柠檬](PET500ml),INTR894011688,饮料,3,3,16,16
`FS100549,货道24,统一冰绿茶[青梅绿茶](PET500ml),INTR469011681,饮料,3,3,17,17
`FS100549,货道25,统一轻啵苏打水[柠檬味](PET500ml),INTR773011687,饮料,3.5,3.5,19,19
`FS100549,货道26,统一鲜橙多(PET450ml),INTR910011664,饮料,3.5,3.5,19,19
`FS100549,货道27,统一鲜橙多(PET450ml),INTR910011664,饮料,3.5,3.5,20,20
`FS100549,货道28,水趣多乳酸菌风味(PET500ml),INTR912012422,饮料,5,5,20,20
`FS100549,货道29,统一轻啵苏打水[柠檬味](PET500ml),INTR773011687,饮料,3.5,3.5,20,20
`FS100549,货道30,焕神[热带水果风味]饮料(PET460ml),INTR583011691,饮料,5,5,20,20
`FS100549,货道31,小茗同学[溜溜哒茶](PET480ml),INTR973011692,饮料,5,5,19,19
`FS100549,货道32,统一茶裏王[无糖台式乌龙茶](PET420ml),INTR904011685,饮料,5,5,20,20
`FS100549,货道33,格泉饮用天然水(PET500ml),INTR252012401,矿泉水,2,2,20,20
`FS100549,货道34,ALKAQUA[饮用天然矿泉水](PET570ml),INTR997009154,矿泉水,4,4,20,20
`FS100308,货道1,优好滋荔枝爽310ml,INTR860012104,饮料,2.5,3,21,21
`FS100308,货道2,统一冰红茶(CAN310ml),INTR115011662,饮料,2.5,2.5,19,19
`FS100308,货道3,统一鲜橙多(CAN310ml),INTR767011663,饮料,3,3,18,18
`FS100308,货道4,统一鲜橙多(CAN310ml),INTR767011663,饮料,3,3,15,15
`FS100308,货道5,统一冰红茶(CAN310ml),INTR115011662,饮料,2.5,2.5,14,14
`FS100308,货道6,统一好料道[仙草凉茶](CAN310ml),INTR791011678,饮料,4,4,12,12
`FS100308,货道7,统一阿萨姆[奶茶原味](PET500ml),INTR230011689,饮料,4.5,4.5,20,20
`FS100308,货道8,统一阿萨姆[奶茶原味](PET500ml),INTR230011689,饮料,4.5,4.5,18,18
`FS100308,货道9,统一饮养四季[冰糖雪梨](PET500ml),INTR56004726,饮料,3.5,3.5,18,18
`FS100308,货道10,新湖源奶饮品[黄桃味](PET521ml),INTR054012792,饮料,5,5,16,16
`FS100308,货道11,今麦郎茉莉蜜茶(PET500ml),INTR701012110,饮料,4,3,13,13
`FS100308,货道13,统一冰红茶[柠檬](PET500ml),INTR894011688,饮料,3,3,16,16
`FS100308,货道14,,,,,,0,0
`FS100308,货道15,统一冰红茶[柠檬](PET500ml),INTR894011688,饮料,3,3,11,11
`FS100308,货道16,,,,,,0,0
`FS100308,货道17,统一轻啵苏打水[原味](PET500ml),INTR452012400,饮料,3.5,3.5,18,18
`FS100308,货道19,海之言[柠檬](PET500ml),INTR039011682,饮料,4,4,14,14
`FS100308,货道21,海之言[柠檬](PET500ml),INTR039011682,饮料,4,4,14,14
`FS100308,货道23,农夫山泉(PET550ml),INTR993012106,矿泉水,2,2,21,21
`FS100308,货道24,农夫山泉(PET550ml),INTR993012106,矿泉水,2,2,9,9
`FS100308,货道25,水趣多乳酸菌风味(PET500ml),INTR912012422,饮料,5,5,18,18
`FS100308,货道26,小茗同学[青柠红茶](PET480ml),INTR297011693,饮料,5,5,16,16
`FS100308,货道27,统一冰绿茶[青梅绿茶](PET500ml),INTR469011681,饮料,3,3,9,9
`FS100308,货道28,格泉饮用天然水(PET500ml),INTR252012401,矿泉水,2,2,12,12
`FS100308,货道29,今麦郎芒顿小镇蜜桃水(PET500ml),INTR133012193,饮料,2.5,3,21,21
`FS100308,货道30,统一冰红茶[柠檬](PET500ml),INTR894011688,饮料,3,3,20,20
`FS100308,货道31,统一绿茶[茉莉](PET500ml),INTR577011683,饮料,3,3,17,17
`FS100308,货道32,统一绿茶[茉莉](PET500ml),INTR577011683,饮料,3,3,16,16
`FS100308,货道33,饮养四季[金桔柠檬](PET500ml),INTR372011680,饮料,3.5,3.5,5,5
`FS100308,货道34,小茗同学[溜溜哒茶](PET480ml),INTR973011692,饮料,5,5,12,12
`FS100545,货道1,三得利利趣拿铁(CAN310ml),INTR861012877,饮料,4,4,20,20
`FS100545,货道2,优好滋荔枝爽310ml,INTR860012104,饮料,2.5,3,17,17
`FS100545,货道3,,,,,0,0,0
`FS100545,货道4,,,,,0,0,0
`FS100545,货道5,,,,,0,0,0
`FS100545,货道6,爱朵拉拿铁咖啡(CAN310ml),INTR459011637,饮料,4,4,20,20
`FS100545,货道7,统一阿萨姆[奶茶原味](PET500ml),INTR230011689,饮料,4.5,4.5,19,19
`FS100545,货道8,统一阿萨姆[奶茶原味](PET500ml),INTR230011689,饮料,4.5,4.5,20,20
`FS100545,货道9,格泉饮用天然水(PET500ml),INTR252012401,矿泉水,2,2,20,20
`FS100545,货道10,统一好料道[仙草凉茶](CAN310ml),INTR791011678,饮料,4,4,19,19
`FS100545,货道11,小野[芒果汁](CAN245ml),INTR457012418,饮料,3,3,20,20
`FS100545,货道13,美年达[橙味](CAN330ml),INTR413013853,饮料,3,2.5,20,20
`FS100545,货道14,,,,,0,0,0
`FS100545,货道15,百事可乐(CAN330ml),INTR785012174,饮料,2.5,2.5,16,16
`FS100545,货道16,,,,,0,0,0
`FS100545,货道17,百事可乐(PET600ml),INTR065012794,饮料,3.5,3.5,19,19
`FS100545,货道19,百事可乐(PET600ml),INTR065012794,饮料,3.5,3.5,20,20
`FS100545,货道21,海之言[柠檬](PET500ml),INTR039011682,饮料,4,4,18,18
`FS100545,货道23,统一冰红茶[柠檬](PET500ml),INTR894011688,饮料,3,3,18,18
`FS100545,货道24,统一冰绿茶[青梅绿茶](PET500ml),INTR469011681,饮料,3,3,20,20
`FS100545,货道25,统一轻啵苏打水[柠檬味](PET500ml),INTR773011687,饮料,3.5,3.5,18,18
`FS100545,货道26,统一鲜橙多(PET450ml),INTR910011664,饮料,3.5,3.5,17,17
`FS100545,货道27,统一鲜橙多(PET450ml),INTR910011664,饮料,3.5,3.5,20,20
`FS100545,货道28,水趣多乳酸菌风味(PET500ml),INTR912012422,饮料,5,5,20,20
`FS100545,货道29,统一轻啵苏打水[柠檬味](PET500ml),INTR773011687,饮料,3.5,3.5,20,20
`FS100545,货道30,焕神[热带水果风味]饮料(PET460ml),INTR583011691,饮料,5,5,20,20
`FS100545,货道31,小茗同学[溜溜哒茶](PET480ml),INTR973011692,饮料,5,5,18,18
`FS100545,货道32,统一茶裏王[无糖台式乌龙茶](PET420ml),INTR904011685,饮料,5,5,20,20
`FS100545,货道33,格泉饮用天然水(PET500ml),INTR252012401,矿泉水,2,2,20,20
`FS100545,货道34,ALKAQUA[饮用天然矿泉水](PET570ml),INTR997009154,矿泉水,4,4,20,20
`FS100026,货道1,百事可乐(CAN330ml),INTR785012174,饮料,2.5,3.5,99991,99991
`FS100026,货道2,统一冰红茶(CAN310ml),INTR115011662,饮料,2.5,3.5,99996,99996
`FS100026,货道3,统一果汁[金桔柠檬](CAN310ml),1.56473E+17,开门柜,3,4,99999,99999
`FS100026,货道4,统一好料道[仙草凉茶](CAN310ml),INTR791011678,饮料,4,5,99995,99995
`FS100026,货道5,统一冰绿茶[青梅绿茶](CAN310ml),INTG116100075,饮料,2.5,3.5,99997,99997
`FS100026,货道6,统一冰绿茶[青梅绿茶](CAN310ml),INTG116100075,饮料,2.5,3.5,99997,99997
`FS100026,货道7,统一阿萨姆[奶茶原味](PET500ml),INTR230011689,饮料,4.5,5.5,99980,99980
`FS100026,货道8,统一绿茶[茉莉](PET500ml),INTR577011683,饮料,3,4,99992,99992
`FS100026,货道9,饮养四季[金桔柠檬](PET500ml),INTR372011680,饮料,3.5,4.5,99995,99995
`FS100026,货道10,统一绿茶[茉莉](PET500ml),INTR577011683,饮料,3,4,99988,99988
`FS100026,货道11,统一绿茶[茉莉](PET500ml),INTR577011683,饮料,3,4,99992,99992
`FS100026,货道13,百事可乐(PET600ml),INTR065012794,饮料,3.5,4,99974,99974
`FS100026,货道14,,,,,,0,0
`FS100026,货道15,ALKAQUA[饮用天然矿泉水](PET570ml),INTR495012438,矿泉水,4,5,99990,99990
`FS100026,货道16,,,,,,0,0
`FS100026,货道17,统一饮养四季[冰糖雪梨](PET500ml),INTR56004726,饮料,3.5,4.5,99994,99994
`FS100026,货道19,焕神[热带水果风味]饮料(PET460ml),INTR583011691,饮料,5,6,99995,99995
`FS100026,货道21,百事可乐(PET600ml),INTR065012794,饮料,3.5,4,99982,99982
`FS100026,货道23,怡宝[纯净水](PET555ml),INTR128012109,矿泉水,2,3,99966,99966
`FS100026,货道24,怡宝[纯净水](PET555ml),INTR128012109,矿泉水,2,3,99966,99966
`FS100026,货道25,农夫山泉力量帝维他命水(PET500ml),INTR911012108,饮料,5,6,99990,99990
`FS100026,货道26,统一茶裏王[无糖日式绿茶](PET420ml),INTR185012092,饮料,5,7,99995,99995
`FS100026,货道27,统一冰绿茶[青梅绿茶](PET500ml),INTR469011681,饮料,3,4,99990,99990
`FS100026,货道28,统一冰绿茶[青梅绿茶](PET500ml),INTR469011681,饮料,3,4,99992,99992
`FS100026,货道29,统一鲜橙多(PET450ml),INTR910011664,饮料,3.5,4.5,99981,99981
`FS100026,货道30,统一冰红茶[柠檬](PET500ml),INTR894011688,饮料,3,4,99985,99985
`FS100026,货道31,统一轻啵苏打水[柠檬味](PET500ml),INTR773011687,饮料,3.5,4,99991,99991
`FS100026,货道32,统一轻啵苏打水[柠檬味](PET500ml),INTR773011687,饮料,3.5,4,99991,99991
`FS100026,货道33,小茗同学[青柠红茶](PET480ml),INTR297011693,饮料,5,6,99988,99988
`FS100026,货道34,饮养四季[金桔柠檬](PET500ml),INTR372011680,饮料,3.5,4.5,99995,99995
`FS100332,货道1,百事可乐(CAN330ml),INTR785012174,饮料,2.5,3.5,99994,99994
`FS100332,货道2,统一冰红茶(CAN310ml),INTR115011662,饮料,2.5,3.5,99997,99997
`FS100332,货道3,统一冰红茶(CAN310ml),INTR115011662,饮料,2.5,3.5,99997,99997
`FS100332,货道4,统一好料道[仙草凉茶](CAN310ml),INTR791011678,饮料,4,5,99997,99997
`FS100332,货道5,统一果汁[金桔柠檬](CAN310ml),1.56473E+17,开门柜,3,4,99998,99998
`FS100332,货道6,统一好料道[仙草凉茶](CAN310ml),INTR791011678,饮料,4,5,99999,99999
`FS100332,货道7,统一阿萨姆[奶茶原味](PET500ml),INTR230011689,饮料,4.5,5.5,99979,99979
`FS100332,货道8,统一绿茶[茉莉](PET500ml),INTR577011683,饮料,3,4,99988,99988
`FS100332,货道9,统一饮养四季[冰糖雪梨](PET500ml),INTR56004726,饮料,3.5,4.5,99996,99996
`FS100332,货道10,统一绿茶[茉莉](PET500ml),INTR577011683,饮料,3,4,99988,99988
`FS100332,货道11,统一绿茶[茉莉](PET500ml),INTR577011683,饮料,3,4,99988,99988
`FS100332,货道13,百事可乐(PET600ml),INTR065012794,饮料,3.5,4,99989,99989
`FS100332,货道14,,,,,,0,0
`FS100332,货道15,ALKAQUA[饮用天然矿泉水](PET570ml),INTR495012438,矿泉水,4,5,99986,99986
`FS100332,货道16,,,,,,0,0
`FS100332,货道17,饮养四季[金桔柠檬](PET500ml),INTR372011680,饮料,3.5,4.5,99992,99992
`FS100332,货道19,焕神[热带水果风味]饮料(PET460ml),INTR583011691,饮料,5,6,99995,99995
`FS100332,货道21,百事可乐(PET600ml),INTR065012794,饮料,3.5,4,99990,99990
`FS100332,货道23,怡宝[纯净水](PET555ml),INTR128012109,矿泉水,2,3,99976,99976
`FS100332,货道24,怡宝[纯净水](PET555ml),INTR128012109,矿泉水,2,3,99978,99978
`FS100332,货道25,农夫山泉力量帝维他命水(PET500ml),INTR911012108,饮料,5,6,99984,99984
`FS100332,货道26,统一茶裏王[无糖日式绿茶](PET420ml),INTR185012092,饮料,5,7,99995,99995
`FS100332,货道27,统一冰绿茶[青梅绿茶](PET500ml),INTR469011681,饮料,3,4,99992,99992
`FS100332,货道28,统一冰绿茶[青梅绿茶](PET500ml),INTR469011681,饮料,3,4,99991,99991
`FS100332,货道29,统一鲜橙多(PET450ml),INTR910011664,饮料,3.5,4.5,99984,99984
`FS100332,货道30,统一冰红茶[柠檬](PET500ml),INTR894011688,饮料,3,4,99983,99983
`FS100332,货道31,统一轻啵苏打水[柠檬味](PET500ml),INTR773011687,饮料,3.5,4,99998,99998
`FS100332,货道32,饮养四季[金桔柠檬](PET500ml),INTR372011680,饮料,3.5,4.5,99994,99994
`FS100332,货道33,小茗同学[青柠红茶](PET480ml),INTR297011693,饮料,5,6,99995,99995
`FS100332,货道34,小茗同学[青柠红茶](PET480ml),INTR297011693,饮料,5,6,99995,99995
`FS100329,货道1,百事可乐(CAN330ml),INTR785012174,饮料,2.5,3.5,99997,99997
`FS100329,货道2,统一冰红茶(CAN310ml),INTR115011662,饮料,2.5,3.5,99998,99998
`FS100329,货道3,统一冰绿茶[青梅绿茶](CAN310ml),INTG116100075,饮料,2.5,3.5,99998,99998
`FS100329,货道4,统一好料道[仙草凉茶](CAN310ml),INTR791011678,饮料,4,5,99999,99999
`FS100329,货道5,小野[芒果汁](CAN245ml),INTR457012418,饮料,3,3,99996,99996
`FS100329,货道6,统一果汁[金桔柠檬](CAN310ml),1.56473E+17,开门柜,3,4,99999,99999
`FS100329,货道7,统一阿萨姆[奶茶原味](PET500ml),INTR230011689,饮料,4.5,5.5,99996,99996
`FS100329,货道8,统一绿茶[茉莉](PET500ml),INTR577011683,饮料,3,4,99995,99995
`FS100329,货道9,海之言[柠檬](PET500ml),INTR039011682,饮料,4,5,99998,99998
`FS100329,货道10,统一绿茶[茉莉](PET500ml),INTR577011683,饮料,3,4,99996,99996
`FS100329,货道11,统一绿茶[茉莉](PET500ml),INTR577011683,饮料,3,4,99996,99996
`FS100329,货道13,百事可乐(PET600ml),INTR065012794,饮料,3.5,4,99996,99996
`FS100329,货道14,,,,,,0,0
`FS100329,货道15,ALKAQUA[饮用天然矿泉水](PET570ml),INTR495012438,矿泉水,4,5,99999,99999
`FS100329,货道16,,,,,,0,0
`FS100329,货道17,饮养四季[金桔柠檬](PET500ml),INTR372011680,饮料,3.5,4.5,99998,99998
`FS100329,货道19,焕神[热带水果风味]饮料(PET460ml),INTR583011691,饮料,5,6,99997,99997
`FS100329,货道21,百事可乐(PET600ml),INTR065012794,饮料,3.5,4,99994,99994
`FS100329,货道23,怡宝[纯净水](PET555ml),INTR128012109,矿泉水,2,3,99986,99986
`FS100329,货道24,怡宝[纯净水](PET555ml),INTR128012109,矿泉水,2,3,99986,99986
`FS100329,货道25,农夫山泉力量帝维他命水(PET500ml),INTR911012108,饮料,5,6,99999,99999
`FS100329,货道26,统一茶裏王[无糖日式绿茶](PET420ml),INTR185012092,饮料,5,7,99997,99997
`FS100329,货道27,统一冰绿茶[青梅绿茶](PET500ml),INTR469011681,饮料,3,4,99993,99993
`FS100329,货道28,统一冰绿茶[青梅绿茶](PET500ml),INTR469011681,饮料,3,4,99994,99994
`FS100329,货道29,统一鲜橙多(PET450ml),INTR910011664,饮料,3.5,4.5,99997,99997
`FS100329,货道30,统一冰红茶[柠檬](PET500ml),INTR894011688,饮料,3,4,99999,99999
`FS100329,货道31,统一轻啵苏打水[柠檬味](PET500ml),INTR773011687,饮料,3.5,4,99997,99997
`FS100329,货道32,统一轻啵苏打水[柠檬味](PET500ml),INTR773011687,饮料,3.5,4,99998,99998
`FS100329,货道33,小茗同学[青柠红茶](PET480ml),INTR297011693,饮料,5,6,99998,99998
`FS100329,货道34,小茗同学[青柠红茶](PET480ml),INTR297011693,饮料,5,6,99998,99998
`FS100328,货道1,百事可乐(CAN330ml),INTR785012174,饮料,2.5,3.5,99989,99989
`FS100328,货道2,统一冰红茶(CAN310ml),INTR115011662,饮料,2.5,3.5,99989,99989
`FS100328,货道3,统一鲜橙多(CAN310ml),INTR767011663,饮料,3,4,99992,99992
`FS100328,货道4,统一好料道[仙草凉茶](CAN310ml),INTR791011678,饮料,4,5,99989,99989
`FS100328,货道5,统一果汁[金桔柠檬](CAN310ml),1.56473E+17,开门柜,3,4,99997,99997
`FS100328,货道6,统一冰绿茶[青梅绿茶](CAN310ml),INTG116100075,饮料,2.5,3,99993,99993
`FS100328,货道7,统一阿萨姆[奶茶原味](PET500ml),INTR230011689,饮料,4.5,5.5,99970,99970
`FS100328,货道8,统一绿茶[茉莉](PET500ml),INTR577011683,饮料,3,4,99978,99978
`FS100328,货道9,统一饮养四季[冰糖雪梨](PET500ml),INTR56004726,饮料,3.5,4.5,99983,99983
`FS100328,货道10,统一绿茶[茉莉](PET500ml),INTR577011683,饮料,3,4,99980,99980
`FS100328,货道11,统一绿茶[茉莉](PET500ml),INTR577011683,饮料,3,4,99980,99980
`FS100328,货道13,百事可乐(PET600ml),INTR065012794,饮料,3.5,4,99963,99963
`FS100328,货道14,,,,,,0,0
`FS100328,货道15,ALKAQUA[饮用天然矿泉水](PET570ml),INTR495012438,矿泉水,4,5,99989,99989
`FS100328,货道16,,,,,,0,0
`FS100328,货道17,饮养四季[金桔柠檬](PET500ml),INTR372011680,饮料,3.5,4.5,99985,99985
`FS100328,货道19,焕神[热带水果风味]饮料(PET460ml),INTR583011691,饮料,5,6,99991,99991
`FS100328,货道21,百事可乐(PET600ml),INTR065012794,饮料,3.5,4,99969,99969
`FS100328,货道23,怡宝[纯净水](PET555ml),INTR128012109,矿泉水,2,3,99955,99955
`FS100328,货道24,怡宝[纯净水](PET555ml),INTR128012109,矿泉水,2,3,99958,99958
`FS100328,货道25,农夫山泉力量帝维他命水(PET500ml),INTR911012108,饮料,5,6,99962,99962
`FS100328,货道26,统一茶裏王[无糖日式绿茶](PET420ml),INTR185012092,饮料,5,7,99991,99991
`FS100328,货道27,统一冰绿茶[青梅绿茶](PET500ml),INTR469011681,饮料,3,4,99977,99977
`FS100328,货道28,统一冰绿茶[青梅绿茶](PET500ml),INTR469011681,饮料,3,4,99977,99977
`FS100328,货道29,统一鲜橙多(PET450ml),INTR910011664,饮料,3.5,4.5,99967,99967
`FS100328,货道30,统一冰红茶[柠檬](PET500ml),INTR894011688,饮料,3,4,99976,99976
`FS100328,货道31,饮养四季[金桔柠檬](PET500ml),INTR372011680,饮料,3.5,4.5,99984,99984
`FS100328,货道32,饮养四季[金桔柠檬](PET500ml),INTR372011680,饮料,3.5,4.5,99984,99984
`FS100328,货道33,小茗同学[青柠红茶](PET480ml),INTR297011693,饮料,5,6,99987,99987
`FS100328,货道34,小茗同学[青柠红茶](PET480ml),INTR297011693,饮料,5,6,99986,99986
`FS100330,货道1,百事可乐(CAN330ml),INTR785012174,饮料,2.5,3.5,99998,99998
`FS100330,货道2,统一冰红茶(CAN310ml),INTR115011662,饮料,2.5,3.5,99997,99997
`FS100330,货道3,统一鲜橙多(CAN310ml),INTR767011663,饮料,3,4,99997,99997
`FS100330,货道4,统一果汁[金桔柠檬](CAN310ml),1.56473E+17,开门柜,3,4,99999,99999
`FS100330,货道5,小野[芒果汁](CAN245ml),INTR457012418,饮料,3,3,99999,99999
`FS100330,货道6,统一冰绿茶[青梅绿茶](CAN310ml),INTG116100075,饮料,2.5,3.5,99999,99999
`FS100330,货道7,统一阿萨姆[奶茶原味](PET500ml),INTR230011689,饮料,4.5,5.5,99998,99998
`FS100330,货道8,统一绿茶[茉莉](PET500ml),INTR577011683,饮料,3,4,99996,99996
`FS100330,货道9,统一饮养四季[冰糖雪梨](PET500ml),INTR56004726,饮料,3.5,4.5,99997,99997
`FS100330,货道10,统一绿茶[茉莉](PET500ml),INTR577011683,饮料,3,4,99995,99995
`FS100330,货道11,统一绿茶[茉莉](PET500ml),INTR577011683,饮料,3,4,99997,99997
`FS100330,货道13,百事可乐(PET600ml),INTR065012794,饮料,3.5,4,99994,99994
`FS100330,货道14,,,,,,0,0
`FS100330,货道15,ALKAQUA[饮用天然矿泉水](PET570ml),INTR495012438,矿泉水,4,5,99999,99999
`FS100330,货道16,,,,,,0,0
`FS100330,货道17,饮养四季[金桔柠檬](PET500ml),INTR372011680,饮料,3.5,4.5,99998,99998
`FS100330,货道19,焕神[热带水果风味]饮料(PET460ml),INTR583011691,饮料,5,6,99999,99999
`FS100330,货道21,百事可乐(PET600ml),INTR065012794,饮料,3.5,4,99995,99995
`FS100330,货道23,怡宝[纯净水](PET555ml),INTR128012109,矿泉水,2,3,99994,99994
`FS100330,货道24,怡宝[纯净水](PET555ml),INTR128012109,矿泉水,2,3,99994,99994
`FS100330,货道25,农夫山泉力量帝维他命水(PET500ml),INTR911012108,饮料,5,6,99992,99992
`FS100330,货道26,统一茶裏王[无糖日式绿茶](PET420ml),INTR185012092,饮料,5,7,99998,99998
`FS100330,货道27,统一冰绿茶[青梅绿茶](PET500ml),INTR469011681,饮料,3,4,99996,99996
`FS100330,货道28,统一冰绿茶[青梅绿茶](PET500ml),INTR469011681,饮料,3,4,99997,99997
`FS100330,货道29,统一鲜橙多(PET450ml),INTR910011664,饮料,3.5,4.5,99992,99992
`FS100330,货道30,统一冰红茶[柠檬](PET500ml),INTR894011688,饮料,3,4,99990,99990
`FS100330,货道31,统一阿萨姆[奶茶原味](PET500ml),INTR230011689,饮料,4.5,5.5,99997,99997
`FS100330,货道32,统一阿萨姆[奶茶原味](PET500ml),INTR230011689,饮料,4.5,5.5,99997,99997
`FS100330,货道33,海之言[柠檬](PET500ml),INTR039011682,饮料,4,5,99993,99993
`FS100330,货道34,统一阿萨姆[奶茶原味](PET500ml),INTR230011689,饮料,4.5,5.5,99998,99998
`FS100517,货道1,三得利利趣拿铁(CAN310ml),INTR861012877,饮料,4,4,20,20
`FS100517,货道2,优好滋荔枝爽310ml,INTR860012104,饮料,2.5,3,20,20
`FS100517,货道3,,,,,0,0,0
`FS100517,货道4,,,,,0,0,0
`FS100517,货道5,,,,,0,0,0
`FS100517,货道6,爱朵拉拿铁咖啡(CAN310ml),INTR459011637,饮料,4,4,20,20
`FS100517,货道7,统一阿萨姆[奶茶原味](PET500ml),INTR230011689,饮料,4.5,4.5,20,20
`FS100517,货道8,统一阿萨姆[奶茶原味](PET500ml),INTR230011689,饮料,4.5,4.5,20,20
`FS100517,货道9,格泉饮用天然水(PET500ml),INTR252012401,矿泉水,2,2,20,20
`FS100517,货道10,统一好料道[仙草凉茶](CAN310ml),INTR791011678,饮料,4,4,20,20
`FS100517,货道11,小野[芒果汁](CAN245ml),INTR457012418,饮料,3,3,20,20
`FS100517,货道13,美年达[橙味](CAN330ml),INTR413013853,饮料,3,2.5,20,20
`FS100517,货道14,,,,,0,0,0
`FS100517,货道15,百事可乐(CAN330ml),INTR785012174,饮料,2.5,2.5,19,19
`FS100517,货道16,,,,,0,0,0
`FS100517,货道17,百事可乐(PET600ml),INTR065012794,饮料,3.5,3.5,20,20
`FS100517,货道19,百事可乐(PET600ml),INTR065012794,饮料,3.5,3.5,20,20
`FS100517,货道21,海之言[柠檬](PET500ml),INTR039011682,饮料,4,4,18,18
`FS100517,货道23,统一冰红茶[柠檬](PET500ml),INTR894011688,饮料,3,3,20,20
`FS100517,货道24,统一冰绿茶[青梅绿茶](PET500ml),INTR469011681,饮料,3,3,20,20
`FS100517,货道25,统一轻啵苏打水[柠檬味](PET500ml),INTR773011687,饮料,3.5,3.5,20,20
`FS100517,货道26,统一鲜橙多(PET450ml),INTR910011664,饮料,3.5,3.5,20,20
`FS100517,货道27,统一鲜橙多(PET450ml),INTR910011664,饮料,3.5,3.5,20,20
`FS100517,货道28,水趣多乳酸菌风味(PET500ml),INTR912012422,饮料,5,5,19,19
`FS100517,货道29,统一轻啵苏打水[柠檬味](PET500ml),INTR773011687,饮料,3.5,3.5,20,20
`FS100517,货道30,焕神[热带水果风味]饮料(PET460ml),INTR583011691,饮料,5,5,20,20
`FS100517,货道31,小茗同学[溜溜哒茶](PET480ml),INTR973011692,饮料,5,5,20,20
`FS100517,货道32,统一茶裏王[无糖台式乌龙茶](PET420ml),INTR904011685,饮料,5,5,20,20
`FS100517,货道33,格泉饮用天然水(PET500ml),INTR252012401,矿泉水,2,2,20,20
`FS100517,货道34,ALKAQUA[饮用天然矿泉水](PET570ml),INTR997009154,矿泉水,4,4,20,20
`FS100551,货道1,三得利利趣拿铁(CAN310ml),INTR861012877,饮料,4,4,10,10
`FS100551,货道2,优好滋荔枝爽310ml,INTR860012104,饮料,2.5,3,20,20
`FS100551,货道3,,,,,0,0,0
`FS100551,货道4,,,,,0,0,0
`FS100551,货道5,,,,,0,0,0
`FS100551,货道6,爱朵拉拿铁咖啡(CAN310ml),INTR459011637,饮料,4,4,20,20
`FS100551,货道7,统一阿萨姆[奶茶原味](PET500ml),INTR230011689,饮料,4.5,4.5,20,20
`FS100551,货道8,统一阿萨姆[奶茶原味](PET500ml),INTR230011689,饮料,4.5,4.5,20,20
`FS100551,货道9,格泉饮用天然水(PET500ml),INTR252012401,矿泉水,2,2,20,20
`FS100551,货道10,统一好料道[仙草凉茶](CAN310ml),INTR791011678,饮料,4,4,20,20
`FS100551,货道11,小野[芒果汁](CAN245ml),INTR457012418,饮料,3,3,20,20
`FS100551,货道13,美年达[橙味](CAN330ml),INTR413013853,饮料,3,2.5,20,20
`FS100551,货道14,,,,,0,0,0
`FS100551,货道15,百事可乐(CAN330ml),INTR785012174,饮料,2.5,2.5,19,19
`FS100551,货道16,,,,,0,0,0
`FS100551,货道17,百事可乐(PET600ml),INTR065012794,饮料,3.5,3.5,10,10
`FS100551,货道19,百事可乐(PET600ml),INTR065012794,饮料,3.5,3.5,18,18
`FS100551,货道21,海之言[柠檬](PET500ml),INTR039011682,饮料,4,4,19,19
`FS100551,货道23,统一冰红茶[柠檬](PET500ml),INTR894011688,饮料,3,3,13,13
`FS100551,货道24,统一冰绿茶[青梅绿茶](PET500ml),INTR469011681,饮料,3,3,11,11
`FS100551,货道25,统一轻啵苏打水[柠檬味](PET500ml),INTR773011687,饮料,3.5,3.5,20,20
`FS100551,货道26,统一鲜橙多(PET450ml),INTR910011664,饮料,3.5,3.5,18,18
`FS100551,货道27,统一鲜橙多(PET450ml),INTR910011664,饮料,3.5,3.5,20,20
`FS100551,货道28,水趣多乳酸菌风味(PET500ml),INTR912012422,饮料,5,5,19,19
`FS100551,货道29,统一轻啵苏打水[柠檬味](PET500ml),INTR773011687,饮料,3.5,3.5,20,20
`FS100551,货道30,焕神[热带水果风味]饮料(PET460ml),INTR583011691,饮料,5,5,20,20
`FS100551,货道31,小茗同学[溜溜哒茶](PET480ml),INTR973011692,饮料,5,5,17,17
`FS100551,货道32,统一茶裏王[无糖台式乌龙茶](PET420ml),INTR904011685,饮料,5,5,20,20
`FS100551,货道33,格泉饮用天然水(PET500ml),INTR252012401,矿泉水,2,2,20,20
`FS100551,货道34,ALKAQUA[饮用天然矿泉水](PET570ml),INTR997009154,矿泉水,4,4,19,19
`FS100544,货道1,三得利利趣拿铁(CAN310ml),INTR861012877,饮料,4,4,19,19
`FS100544,货道2,优好滋荔枝爽310ml,INTR860012104,饮料,2.5,3,19,19
`FS100544,货道3,,,,,0,0,0
`FS100544,货道4,,,,,0,0,0
`FS100544,货道5,,,,,0,0,0
`FS100544,货道6,爱朵拉拿铁咖啡(CAN310ml),INTR459011637,饮料,4,4,20,20
`FS100544,货道7,统一阿萨姆[奶茶原味](PET500ml),INTR230011689,饮料,4.5,4.5,19,19
`FS100544,货道8,统一阿萨姆[奶茶原味](PET500ml),INTR230011689,饮料,4.5,4.5,19,19
`FS100544,货道9,格泉饮用天然水(PET500ml),INTR252012401,矿泉水,2,2,20,20
`FS100544,货道10,统一好料道[仙草凉茶](CAN310ml),INTR791011678,饮料,4,4,20,20
`FS100544,货道11,小野[芒果汁](CAN245ml),INTR457012418,饮料,3,3,20,20
`FS100544,货道13,美年达[橙味](CAN330ml),INTR413013853,饮料,3,2.5,18,18
`FS100544,货道14,,,,,0,0,0
`FS100544,货道15,百事可乐(CAN330ml),INTR785012174,饮料,2.5,2.5,18,18
`FS100544,货道16,,,,,0,0,0
`FS100544,货道17,百事可乐(PET600ml),INTR065012794,饮料,3.5,3.5,15,15
`FS100544,货道19,百事可乐(PET600ml),INTR065012794,饮料,3.5,3.5,17,17
`FS100544,货道21,海之言[柠檬](PET500ml),INTR039011682,饮料,4,4,19,19
`FS100544,货道23,统一冰红茶[柠檬](PET500ml),INTR894011688,饮料,3,3,14,14
`FS100544,货道24,统一冰绿茶[青梅绿茶](PET500ml),INTR469011681,饮料,3,3,17,17
`FS100544,货道25,统一轻啵苏打水[柠檬味](PET500ml),INTR773011687,饮料,3.5,3.5,20,20
`FS100544,货道26,统一鲜橙多(PET450ml),INTR910011664,饮料,3.5,3.5,19,19
`FS100544,货道27,统一鲜橙多(PET450ml),INTR910011664,饮料,3.5,3.5,17,17
`FS100544,货道28,水趣多乳酸菌风味(PET500ml),INTR912012422,饮料,5,5,20,20
`FS100544,货道29,统一轻啵苏打水[柠檬味](PET500ml),INTR773011687,饮料,3.5,3.5,20,20
`FS100544,货道30,焕神[热带水果风味]饮料(PET460ml),INTR583011691,饮料,5,5,19,19
`FS100544,货道31,小茗同学[溜溜哒茶](PET480ml),INTR973011692,饮料,5,5,20,20
`FS100544,货道32,统一茶裏王[无糖台式乌龙茶](PET420ml),INTR904011685,饮料,5,5,20,20
`FS100544,货道33,格泉饮用天然水(PET500ml),INTR252012401,矿泉水,2,2,20,20
`FS100544,货道34,ALKAQUA[饮用天然矿泉水](PET570ml),INTR997009154,矿泉水,4,4,17,17
`FS100564,货道1,百事可乐(CAN330ml),INTR785012174,饮料,2.5,2.5,19,19
`FS100564,货道2,怡宝火咖[香浓味](PET180ml),INTR738013851,饮料,6,3,17,17
`FS100564,货道3,统一冰红茶(CAN310ml),INTR115011662,饮料,2.5,2.5,16,16
`FS100564,货道4,可口可乐[自购版](CAN330ml),INTR121011635,饮料,3,3,14,14
`FS100564,货道5,可口可乐[自购版](CAN330ml),INTR121011635,饮料,3,3,11,11
`FS100564,货道6,统一鲜橙多(CAN310ml),INTR767011663,饮料,3,3,9,9
`FS100564,货道7,统一冰绿茶[青梅绿茶](PET500ml),INTR469011681,饮料,3,3,20,20
`FS100564,货道8,焕神[热带水果风味]饮料(PET460ml),INTR583011691,饮料,5,5,1,1
`FS100564,货道9,统一茶裏王[无糖台式乌龙茶](PET420ml),INTR904011685,饮料,5,5,13,13
`FS100564,货道10,百事可乐(CAN330ml),INTR785012174,饮料,2.5,2.5,7,7
`FS100564,货道11,百事可乐(PET600ml),INTR065012794,饮料,3.5,3.5,7,7
`FS100564,货道13,统一阿萨姆[奶茶原味](PET500ml),INTR230011689,饮料,4.5,5,17,17
`FS100564,货道15,统一阿萨姆[奶茶原味](PET500ml),INTR230011689,饮料,4.5,5,17,17
`FS100564,货道17,海之言[柠檬](PET500ml),INTR039011682,饮料,4,4,4,4
`FS100564,货道19,海之言[柠檬](PET500ml),INTR039011682,饮料,4,4,5,5
`FS100564,货道21,统一鲜橙多(PET450ml),INTR910011664,饮料,3.5,3.5,9,9
`FS100564,货道23,统一绿茶[茉莉](PET500ml),INTR577011683,饮料,3,3,20,20
`FS100564,货道24,统一绿茶[茉莉](PET500ml),INTR577011683,饮料,3,3,17,17
`FS100564,货道25,三得利乌龙茶[无糖](PET500ml),INTR907013377,饮料,5,4,15,15
`FS100564,货道26,三得利乌龙茶[无糖](PET500ml),INTR907013377,饮料,5,4,6,6
`FS100564,货道27,雅哈[冰咖啡](PET450ml),INTR470011686,饮料,5.5,5.5,9,9
`FS100564,货道28,雅哈[冰咖啡](PET450ml),INTR470011686,饮料,5.5,5.5,7,7
`FS100564,货道29,统一冰红茶[柠檬](PET500ml),INTR894011688,饮料,3,3,20,20
`FS100564,货道30,统一冰红茶[柠檬](PET500ml),INTR894011688,饮料,3,3,18,18
`FS100564,货道31,小茗同学[青柠红茶](PET480ml),INTR297011693,饮料,5,5,16,16
`FS100564,货道32,饮养四季[金桔柠檬](PET500ml),INTR372011680,饮料,3.5,3.5,11,11
`FS100564,货道33,焕神[热带水果风味]饮料(PET460ml),INTR583011691,饮料,5,5,0,0
`FS100564,货道34,统一茉莉蜜茶(PET500ml),INTR815013715,饮料,3,3.5,7,7
`FS100744,货道1,统一好料道[仙草凉茶](CAN310ml),INTR791011678,饮料,4,4,98,98
`FS100744,货道2,小野[芒果汁](CAN245ml),INTR457012418,饮料,3,3,98,98
`FS100744,货道3,小野[黑糖姜茶](CAN245ml),INTR360012442,饮料,3,3,99,99
`FS100744,货道4,雪碧[自购版](CAN330ml),INTR685011636,饮料,3,3,98,98
`FS100744,货道5,可口可乐[自购版](CAN330ml),INTR121011635,饮料,3,3,95,95
`FS100744,货道6,统一原味本铺[冬瓜茶](CAN245ml),INTR290013182,饮料,5,5,99,99
`FS100744,货道7,统一冰红茶[柠檬](PET500ml),INTR894011688,饮料,3,3,97,97
`FS100744,货道8,统一冰红茶[柠檬](PET500ml),INTR894011688,饮料,3,3,93,93
`FS100744,货道9,海之言[柠檬](PET500ml),INTR039011682,饮料,4,4,90,90
`FS100744,货道10,ALKAQUA[饮用天然矿泉水](PET570ml),INTR997009154,矿泉水,4,4,96,96
`FS100744,货道11,统一茶裏王[无糖台式乌龙茶](PET420ml),INTR904011685,饮料,5,5,97,97
`FS100744,货道13,,,,,3.5,99,99
`FS100744,货道14,,,,,4.5,99,99
`FS100744,货道15,,,,,4.5,99,99
`FS100744,货道16,统一茶裏王[无糖台式乌龙茶](PET420ml),INTR904011685,饮料,5,5,99,99
`FS100744,货道17,统一阿萨姆[青提茉莉](PET450ml),INTR269013402,饮料,4.5,4.5,99,99
`FS100744,货道19,,,,,5,99,99
`FS100744,货道21,,,,,4,99,99
`FS100744,货道23,统一饮养四季[冰糖雪梨](PET500ml),INTR56004726,饮料,3.5,3.5,91,91
`FS100744,货道24,统一绿茶[茉莉](PET500ml),INTR577011683,饮料,3,3,77,77
`FS100744,货道25,统一鲜橙多(PET450ml),INTR910011664,饮料,3.5,3.5,93,93
`FS100744,货道26,统一阿萨姆[奶茶原味](PET500ml),INTR230011689,饮料,4.5,4.5,93,93
`FS100744,货道27,统一阿萨姆[奶茶原味](PET500ml),INTR230011689,饮料,4.5,4.5,90,90
`FS100744,货道28,统一阿萨姆[奶茶原味](PET500ml),INTR230011689,饮料,4.5,4.5,91,91
`FS100744,货道29,小茗同学[青柠红茶](PET480ml),INTR297011693,饮料,5,5,99,99
`FS100744,货道30,饮养四季[金桔柠檬](PET500ml),INTR372011680,饮料,3.5,3.5,96,96
`FS100744,货道31,统一冰绿茶[青梅绿茶](PET500ml),INTR469011681,饮料,3,3,92,92
`FS100744,货道32,焕神[热带水果风味]饮料(PET460ml),INTR583011691,饮料,5,5,0,0
`FS100744,货道33,焕神[热带水果风味]饮料(PET460ml),INTR583011691,饮料,5,5,92,92
`FS100744,货道34,雅哈[冰咖啡](PET450ml),INTR470011686,饮料,5.5,5.5,98,98
`FS100365,货道1,可口可乐[自购版](CAN330ml),INTR121011635,饮料,3,3,20,20
`FS100365,货道2,可口可乐[自购版](CAN330ml),INTR121011635,饮料,3,3,17,17
`FS100365,货道3,统一鲜橙多(CAN310ml),INTR767011663,饮料,3,3,16,16
`FS100365,货道4,百事可乐(CAN330ml),INTR785012174,饮料,2.5,2.5,13,13
`FS100365,货道5,三得利利趣拿铁(CAN310ml),INTR861012877,饮料,4,4,10,10
`FS100365,货道6,百事可乐(CAN330ml),INTR785012174,饮料,2.5,2.5,11,11
`FS100365,货道7,统一茶裏王[无糖台式乌龙茶](PET300ml),INTR378012432,饮料,5,5,20,20
`FS100365,货道8,焕神[热带水果风味]饮料(PET460ml),INTR583011691,饮料,5,5,18,18
`FS100365,货道9,统一冰红茶[柠檬](PET500ml),INTR894011688,饮料,3,3,15,15
`FS100365,货道10,雅哈[冰咖啡](PET450ml),INTR470011686,饮料,5.5,5.5,14,14
`FS100365,货道11,饮养四季[金桔柠檬](PET500ml),INTR372011680,饮料,3.5,3.5,10,10
`FS100365,货道13,统一阿萨姆[奶茶原味](PET500ml),INTR230011689,饮料,4.5,5,19,19
`FS100365,货道15,统一阿萨姆[奶茶原味](PET500ml),INTR230011689,饮料,4.5,5,17,17
`FS100365,货道17,麒麟海盐荔枝味(PET500ml),INTR748013855,饮料,1,4,14,14
`FS100365,货道19,百事可乐(PET600ml),INTR065012794,饮料,3.5,3.5,4,4
`FS100365,货道21,娃哈哈营养快线(PET500ml),INTR409012898,饮料,5,6,11,11
`FS100365,货道23,统一冰红茶[柠檬](PET500ml),INTR894011688,饮料,3,3,20,20
`FS100365,货道24,统一冰红茶[柠檬](PET500ml),INTR894011688,饮料,3,3,14,14
`FS100365,货道25,统一绿茶[茉莉](PET500ml),INTR577011683,饮料,3,3,16,16
`FS100365,货道26,统一绿茶[茉莉](PET500ml),INTR577011683,饮料,3,3,14,14
`FS100365,货道27,小茗同学[青柠红茶](PET480ml),INTR297011693,饮料,5,5,12,12
`FS100365,货道28,小茗同学[青柠红茶](PET480ml),INTR297011693,饮料,5,5,10,10
`FS100365,货道29,统一鲜橙多(PET450ml),INTR910011664,饮料,3.5,3.5,20,20
`FS100365,货道30,统一冰绿茶[青梅绿茶](PET500ml),INTR469011681,饮料,3,3,16,16
`FS100365,货道31,海之言[柠檬](PET500ml),INTR039011682,饮料,4,4,16,16
`FS100365,货道32,海之言[柠檬](PET500ml),INTR039011682,饮料,4,4,14,14
`FS100365,货道33,统一茉莉蜜茶(PET500ml),INTR815013715,饮料,3,3.5,5,5
`FS100365,货道34,格泉饮用天然水(PET500ml),INTR252012401,矿泉水,2,2,10,10
`FS100299,货道1,,,,,,0,0
`FS100299,货道2,,,,,,0,0
`FS100299,货道3,,,,,,0,0
`FS100299,货道4,,,,,,0,0
`FS100299,货道5,,,,,,0,0
`FS100299,货道6,,,,,,0,0
`FS100299,货道7,,,,,,0,0
`FS100299,货道8,,,,,,0,0
`FS100299,货道9,,,,,,0,0
`FS100299,货道10,,,,,,0,0
`FS100299,货道11,,,,,,0,0
`FS100299,货道13,,,,,,0,0
`FS100299,货道14,,,,,,0,0
`FS100299,货道15,,,,,,0,0
`FS100299,货道16,,,,,,0,0
`FS100299,货道17,,,,,,0,0
`FS100299,货道19,,,,,,0,0
`FS100299,货道21,,,,,,0,0
`FS100299,货道23,,,,,,0,0
`FS100299,货道24,,,,,,0,0
`FS100299,货道25,,,,,,0,0
`FS100299,货道26,,,,,,0,0
`FS100299,货道27,,,,,,0,0
`FS100299,货道28,,,,,,0,0
`FS100299,货道29,,,,,,0,0
`FS100299,货道30,,,,,,0,0
`FS100299,货道31,,,,,,0,0
`FS100299,货道32,,,,,,0,0
`FS100299,货道33,,,,,,0,0
`FS100299,货道34,,,,,,0,0
`FS100570,货道1,统一好料道[仙草凉茶](CAN310ml),INTR791011678,饮料,4,4,22,22
`FS100570,货道2,统一鲜橙多(CAN310ml),INTR767011663,饮料,3,3,19,19
`FS100570,货道3,统一鲜橙多(CAN310ml),INTR767011663,饮料,3,3,18,18
`FS100570,货道4,统一冰红茶(CAN310ml),INTR115011662,饮料,2.5,2.5,16,16
`FS100570,货道5,统一冰红茶(CAN310ml),INTR115011662,饮料,2.5,2.5,14,14
`FS100570,货道6,统一冰红茶(CAN310ml),INTR115011662,饮料,2.5,2.5,11,11
`FS100570,货道7,统一阿萨姆[奶茶原味](PET500ml),INTR230011689,饮料,4.5,4.5,22,22
`FS100570,货道8,统一阿萨姆[奶茶原味](PET500ml),INTR230011689,饮料,4.5,4.5,18,18
`FS100570,货道9,海之言[柠檬](PET500ml),INTR039011682,饮料,4,4,18,18
`FS100570,货道10,统一饮养四季[冰糖雪梨](PET500ml),INTR56004726,饮料,3.5,3.5,16,16
`FS100570,货道11,格泉饮用天然水(PET500ml),INTR252012401,矿泉水,2,2,14,14
`FS100570,货道13,百事可乐(PET600ml),INTR065012794,饮料,3.5,3.5,21,21
`FS100570,货道14,,,,,,0,0
`FS100570,货道15,百事可乐(PET600ml),INTR065012794,饮料,3.5,3.5,19,19
`FS100570,货道16,,,,,,0,0
`FS100570,货道17,小茗同学[溜溜哒茶](PET480ml),INTR973011692,饮料,5,5,17,17
`FS100570,货道19,小茗同学[溜溜哒茶](PET480ml),INTR973011692,饮料,5,5,12,12
`FS100570,货道21,统一轻啵苏打水[原味](PET500ml),INTR452012400,饮料,3.5,3.5,14,14
`FS100570,货道23,农夫山泉(PET550ml),INTR993012106,矿泉水,2,2,21,21
`FS100570,货道24,海之言[柠檬](PET500ml),INTR039011682,饮料,4,4,20,20
`FS100570,货道25,统一冰红茶[柠檬](PET500ml),INTR894011688,饮料,3,3,18,18
`FS100570,货道26,统一冰红茶[柠檬](PET500ml),INTR894011688,饮料,3,3,15,15
`FS100570,货道27,统一冰红茶[柠檬](PET500ml),INTR894011688,饮料,3,3,13,13
`FS100570,货道28,今麦郎芒顿小镇西瓜水(PET500ml),INTR688012196,饮料,3,3,11,11
`FS100570,货道29,农夫山泉(PET550ml),INTR993012106,矿泉水,2,2,21,21
`FS100570,货道30,农夫山泉(PET550ml),INTR993012106,矿泉水,2,2,19,19
`FS100570,货道31,统一绿茶[茉莉](PET500ml),INTR577011683,饮料,3,3,18,18
`FS100570,货道32,统一绿茶[茉莉](PET500ml),INTR577011683,饮料,3,3,16,16
`FS100570,货道33,统一绿茶[茉莉](PET500ml),INTR577011683,饮料,3,3,14,14
`FS100570,货道34,焕神[热带水果风味]饮料(PET460ml),INTR583011691,饮料,5,5,10,10
`FS100198,货道1,优好滋荔枝爽310ml,INTR860012104,饮料,2.5,3,20,20
`FS100198,货道2,统一鲜橙多(CAN310ml),INTR767011663,饮料,3,2.5,18,18
`FS100198,货道3,统一果汁[金桔柠檬](CAN310ml),1.56473E+17,开门柜,3,2.5,15,15
`FS100198,货道4,统一果汁[金桔柠檬](CAN310ml),1.56473E+17,开门柜,3,2.5,14,14
`FS100198,货道5,小野[芒果汁](CAN245ml),INTR457012418,饮料,3,3,12,12
`FS100198,货道6,小野[芒果汁](CAN245ml),INTR457012418,饮料,3,3,10,10
`FS100198,货道7,可口可乐(PET500ml),INTR310011684,饮料,3.5,3.5,20,20
`FS100198,货道8,可口可乐纯悦水(PET500ml),INTR123011690,饮料,2,2,18,18
`FS100198,货道9,脉动[青柠味](PET600ml),INTR924012868,饮料,4,5,16,16
`FS100198,货道10,可口可乐纯悦水(PET500ml),INTR123011690,饮料,2,2,14,14
`FS100198,货道11,海之言[柠檬](PET500ml),INTR039011682,饮料,4,4,10,10
`FS100198,货道13,雪碧(PET500ml),INTR274011679,饮料,3.5,3.5,20,20
`FS100198,货道14,,,,,3,0,0
`FS100198,货道15,统一冰绿茶[青梅绿茶](PET500ml),INTR469011681,饮料,3,3,16,16
`FS100198,货道16,,,,,,0,0
`FS100198,货道17,统一冰绿茶[青梅绿茶](PET500ml),INTR469011681,饮料,3,3,14,14
`FS100198,货道19,焕神[热带水果风味]饮料(PET460ml),INTR583011691,饮料,5,5,12,12
`FS100198,货道21,小茗同学[溜溜哒茶](PET480ml),INTR973011692,饮料,5,5,10,10
`FS100198,货道23,统一阿萨姆[奶茶原味](PET500ml),INTR230011689,饮料,4.5,4.5,20,20
`FS100198,货道24,统一阿萨姆[奶茶原味](PET500ml),INTR230011689,饮料,4.5,4.5,18,18
`FS100198,货道25,统一绿茶[茉莉](PET500ml),INTR577011683,饮料,3,3,16,16
`FS100198,货道26,统一绿茶[茉莉](PET500ml),INTR577011683,饮料,3,3,14,14
`FS100198,货道27,饮养四季[金桔柠檬](PET500ml),INTR372011680,饮料,3.5,3.5,12,12
`FS100198,货道28,饮养四季[金桔柠檬](PET500ml),INTR372011680,饮料,3.5,3.5,10,10
`FS100198,货道29,统一冰红茶[柠檬](PET500ml),INTR894011688,饮料,3,3,20,20
`FS100198,货道30,统一冰红茶[柠檬](PET500ml),INTR894011688,饮料,3,3,18,18
`FS100198,货道31,统一蜜桃多(PET450ml),INTR769012352,饮料,3.5,3.5,16,16
`FS100198,货道32,统一饮养四季[冰糖雪梨](PET500ml),INTR56004726,饮料,3.5,3.5,14,14
`FS100198,货道33,统一鲜橙多(PET450ml),INTR910011664,饮料,3.5,3.5,12,12
`FS100198,货道34,ALKAQUA[饮用天然矿泉水](PET570ml),INTR997009154,矿泉水,4,4,10,10
`FS100615,货道1,统一果汁[金桔柠檬](CAN310ml),1.56473E+17,开门柜,3,2.5,20,20
`FS100615,货道2,优好滋荔枝爽310ml,INTR860012104,饮料,2.5,3,17,17
`FS100615,货道3,统一鲜橙多(CAN310ml),INTR767011663,饮料,3,3,16,16
`FS100615,货道4,统一果汁[金桔柠檬](CAN310ml),1.56473E+17,开门柜,3,2.5,14,14
`FS100615,货道5,小野[芒果汁](CAN245ml),INTR457012418,饮料,3,3,12,12
`FS100615,货道6,小野[芒果汁](CAN245ml),INTR457012418,饮料,3,3,10,10
`FS100615,货道7,统一阿萨姆[奶茶原味](PET500ml),INTR230011689,饮料,4.5,4.5,17,17
`FS100615,货道8,统一阿萨姆[奶茶原味](PET500ml),INTR230011689,饮料,4.5,4.5,16,16
`FS100615,货道9,可口可乐纯悦水(PET500ml),INTR123011690,饮料,2,2,12,12
`FS100615,货道10,可口可乐纯悦水(PET500ml),INTR123011690,饮料,2,2,6,6
`FS100615,货道11,海之言[柠檬](PET500ml),INTR039011682,饮料,4,4,4,4
`FS100615,货道13,雪碧(PET500ml),INTR274011679,饮料,3.5,3.5,8,8
`FS100615,货道14,,,,,3.5,0,0
`FS100615,货道15,可口可乐(PET500ml),INTR310011684,饮料,3.5,3.5,1,1
`FS100615,货道16,,,,,4.5,0,0
`FS100615,货道17,统一阿萨姆[奶茶原味](PET500ml),INTR230011689,饮料,4.5,4.5,12,12
`FS100615,货道19,体质能量(PET580ml),INTR468012175,饮料,4,4.5,0,0
`FS100615,货道21,统一蜜桃多(PET450ml),INTR769012352,饮料,3.5,3.5,5,5
`FS100615,货道23,统一冰绿茶[青梅绿茶](PET500ml),INTR469011681,饮料,3,3,15,15
`FS100615,货道24,统一冰绿茶[青梅绿茶](PET500ml),INTR469011681,饮料,3,3,13,13
`FS100615,货道25,统一绿茶[茉莉](PET500ml),INTR577011683,饮料,3,3,11,11
`FS100615,货道26,统一绿茶[茉莉](PET500ml),INTR577011683,饮料,3,3,11,11
`FS100615,货道27,饮养四季[金桔柠檬](PET500ml),INTR372011680,饮料,3.5,3.5,10,10
`FS100615,货道28,饮养四季[金桔柠檬](PET500ml),INTR372011680,饮料,3.5,3.5,9,9
`FS100615,货道29,焕神[热带水果风味]饮料(PET460ml),INTR583011691,饮料,5,5,12,12
`FS100615,货道30,统一冰红茶[柠檬](PET500ml),INTR894011688,饮料,3,3,17,17
`FS100615,货道31,统一蜜桃多(PET450ml),INTR769012352,饮料,3.5,3.5,16,16
`FS100615,货道32,统一饮养四季[冰糖雪梨](PET500ml),INTR56004726,饮料,3.5,3.5,13,13
`FS100615,货道33,统一鲜橙多(PET450ml),INTR910011664,饮料,3.5,3.5,6,6
`FS100615,货道34,ALKAQUA[饮用天然矿泉水](PET570ml),INTR997009154,矿泉水,4,4,10,10
`FS100211,货道1,,,,,,0,0
`FS100211,货道2,,,,,,0,0
`FS100211,货道3,,,,,,0,0
`FS100211,货道4,,,,,,0,0
`FS100211,货道5,,,,,,0,0
`FS100211,货道6,,,,,,0,0
`FS100211,货道7,,,,,,0,0
`FS100211,货道8,,,,,,0,0
`FS100211,货道9,,,,,,0,0
`FS100211,货道10,,,,,,0,0
`FS100211,货道11,,,,,,0,0
`FS100211,货道13,,,,,,0,0
`FS100211,货道14,,,,,,0,0
`FS100211,货道15,,,,,,0,0
`FS100211,货道16,,,,,,0,0
`FS100211,货道17,,,,,,0,0
`FS100211,货道19,,,,,,0,0
`FS100211,货道21,,,,,,0,0
`FS100211,货道23,,,,,,0,0
`FS100211,货道24,,,,,,0,0
`FS100211,货道25,,,,,,0,0
`FS100211,货道26,,,,,,0,0
`FS100211,货道27,,,,,,0,0
`FS100211,货道28,,,,,,0,0
`FS100211,货道29,,,,,,0,0
`FS100211,货道30,,,,,,0,0
`FS100211,货道31,,,,,,0,0
`FS100211,货道32,,,,,,0,0
`FS100211,货道33,,,,,,0,0
`FS100211,货道34,,,,,,0,0
`FS100205,货道1,,,,,,0,0
`FS100205,货道2,,,,,,0,0
`FS100205,货道3,,,,,,0,0
`FS100205,货道4,,,,,,0,0
`FS100205,货道5,,,,,,0,0
`FS100205,货道6,,,,,,0,0
`FS100205,货道7,,,,,,0,0
`FS100205,货道8,,,,,,0,0
`FS100205,货道9,,,,,,0,0
`FS100205,货道10,,,,,,0,0
`FS100205,货道11,,,,,,0,0
`FS100205,货道13,,,,,,0,0
`FS100205,货道14,,,,,,0,0
`FS100205,货道15,,,,,,0,0
`FS100205,货道16,,,,,,0,0
`FS100205,货道17,,,,,,0,0
`FS100205,货道19,,,,,,0,0
`FS100205,货道21,,,,,,0,0
`FS100205,货道23,,,,,,0,0
`FS100205,货道24,,,,,,0,0
`FS100205,货道25,,,,,,0,0
`FS100205,货道26,,,,,,0,0
`FS100205,货道27,,,,,,0,0
`FS100205,货道28,,,,,,0,0
`FS100205,货道29,,,,,,0,0
`FS100205,货道30,,,,,,0,0
`FS100205,货道31,,,,,,0,0
`FS100205,货道32,,,,,,0,0
`FS100205,货道33,,,,,,0,0
`FS100205,货道34,,,,,,0,0
`FS100600,货道1,统一鲜橙多(CAN310ml),INTR767011663,饮料,3,2.5,20,20
`FS100600,货道2,优好滋荔枝爽310ml,INTR860012104,饮料,2.5,3,18,18
`FS100600,货道3,统一果汁[金桔柠檬](CAN310ml),1.56473E+17,开门柜,3,2.5,16,16
`FS100600,货道4,统一果汁[金桔柠檬](CAN310ml),1.56473E+17,开门柜,3,2.5,14,14
`FS100600,货道5,小野[芒果汁](CAN245ml),INTR457012418,饮料,3,3,12,12
`FS100600,货道6,小野[芒果汁](CAN245ml),INTR457012418,饮料,3,3,10,10
`FS100600,货道7,可口可乐纯悦水(PET500ml),INTR123011690,饮料,2,2,20,20
`FS100600,货道8,雪碧(PET500ml),INTR274011679,饮料,3.5,3.5,18,18
`FS100600,货道9,体质能量(PET580ml),INTR468012175,饮料,4,4.5,13,13
`FS100600,货道10,可口可乐纯悦水(PET500ml),INTR123011690,饮料,2,2,14,14
`FS100600,货道11,海之言[柠檬](PET500ml),INTR039011682,饮料,4,4,11,11
`FS100600,货道13,可口可乐(PET500ml),INTR310011684,饮料,3.5,3.5,20,20
`FS100600,货道14,,,,,3,0,0
`FS100600,货道15,统一冰红茶[柠檬](PET500ml),INTR894011688,饮料,3,3,18,18
`FS100600,货道16,,,,,5,0,0
`FS100600,货道17,统一冰红茶[柠檬](PET500ml),INTR894011688,饮料,3,3,16,16
`FS100600,货道19,焕神[热带水果风味]饮料(PET460ml),INTR583011691,饮料,5,5,12,12
`FS100600,货道21,小茗同学[溜溜哒茶](PET480ml),INTR973011692,饮料,5,5,10,10
`FS100600,货道23,统一阿萨姆[奶茶原味](PET500ml),INTR230011689,饮料,4.5,4.5,20,20
`FS100600,货道24,统一阿萨姆[奶茶原味](PET500ml),INTR230011689,饮料,4.5,4.5,18,18
`FS100600,货道25,统一绿茶[茉莉](PET500ml),INTR577011683,饮料,3,3,16,16
`FS100600,货道26,统一绿茶[茉莉](PET500ml),INTR577011683,饮料,3,3,14,14
`FS100600,货道27,饮养四季[金桔柠檬](PET500ml),INTR372011680,饮料,3.5,3.5,12,12
`FS100600,货道28,饮养四季[金桔柠檬](PET500ml),INTR372011680,饮料,3.5,3.5,9,9
`FS100600,货道29,统一冰绿茶[青梅绿茶](PET500ml),INTR469011681,饮料,3,3,20,20
`FS100600,货道30,统一冰绿茶[青梅绿茶](PET500ml),INTR469011681,饮料,3,3,18,18
`FS100600,货道31,统一蜜桃多(PET450ml),INTR769012352,饮料,3.5,3.5,16,16
`FS100600,货道32,统一饮养四季[冰糖雪梨](PET500ml),INTR56004726,饮料,3.5,3.5,14,14
`FS100600,货道33,统一鲜橙多(PET450ml),INTR910011664,饮料,3.5,3.5,12,12
`FS100600,货道34,ALKAQUA[饮用天然矿泉水](PET570ml),INTR997009154,矿泉水,4,4,10,10
`FS100222,货道1,优好滋荔枝爽310ml,INTR860012104,饮料,2.5,3,18,18
`FS100222,货道2,统一鲜橙多(CAN310ml),INTR767011663,饮料,3,2.5,16,16
`FS100222,货道3,统一果汁[金桔柠檬](CAN310ml),1.56473E+17,开门柜,3,2.5,15,15
`FS100222,货道4,统一果汁[金桔柠檬](CAN310ml),1.56473E+17,开门柜,3,2.5,14,14
`FS100222,货道5,小野[芒果汁](CAN245ml),INTR457012418,饮料,3,3,11,11
`FS100222,货道6,小野[芒果汁](CAN245ml),INTR457012418,饮料,3,3,9,9
`FS100222,货道7,可口可乐纯悦水(PET500ml),INTR123011690,饮料,2,2,8,8
`FS100222,货道8,统一阿萨姆[奶茶原味](PET500ml),INTR230011689,饮料,4.5,4.5,12,12
`FS100222,货道9,统一阿萨姆[奶茶原味](PET500ml),INTR230011689,饮料,4.5,4.5,8,8
`FS100222,货道10,统一阿萨姆[奶茶原味](PET500ml),INTR230011689,饮料,4.5,4.5,13,13
`FS100222,货道11,海之言[柠檬](PET500ml),INTR039011682,饮料,4,4,4,4
`FS100222,货道13,可口可乐(PET500ml),INTR310011684,饮料,3.5,3.5,20,20
`FS100222,货道14,,,,,,0,0
`FS100222,货道15,雪碧(PET500ml),INTR274011679,饮料,3.5,3.5,14,14
`FS100222,货道16,,,,,,0,0
`FS100222,货道17,体质能量(PET580ml),INTR468012175,饮料,4,4.5,7,7
`FS100222,货道19,焕神[热带水果风味]饮料(PET460ml),INTR583011691,饮料,5,5,5,5
`FS100222,货道21,小茗同学[溜溜哒茶](PET480ml),INTR973011692,饮料,5,5,10,10
`FS100222,货道23,统一冰绿茶[青梅绿茶](PET500ml),INTR469011681,饮料,3,3,19,19
`FS100222,货道24,统一冰绿茶[青梅绿茶](PET500ml),INTR469011681,饮料,3,3,17,17
`FS100222,货道25,统一绿茶[茉莉](PET500ml),INTR577011683,饮料,3,3,15,15
`FS100222,货道26,统一绿茶[茉莉](PET500ml),INTR577011683,饮料,3,3,14,14
`FS100222,货道27,饮养四季[金桔柠檬](PET500ml),INTR372011680,饮料,3.5,3.5,10,10
`FS100222,货道28,饮养四季[金桔柠檬](PET500ml),INTR372011680,饮料,3.5,3.5,4,4
`FS100222,货道29,统一冰红茶[柠檬](PET500ml),INTR894011688,饮料,3,3,20,20
`FS100222,货道30,统一冰红茶[柠檬](PET500ml),INTR894011688,饮料,3,3,18,18
`FS100222,货道31,统一蜜桃多(PET450ml),INTR769012352,饮料,3.5,3.5,7,7
`FS100222,货道32,统一饮养四季[冰糖雪梨](PET500ml),INTR56004726,饮料,3.5,3.5,11,11
`FS100222,货道33,统一鲜橙多(PET450ml),INTR910011664,饮料,3.5,3.5,12,12
`FS100222,货道34,ALKAQUA[饮用天然矿泉水](PET570ml),INTR997009154,矿泉水,4,4,10,10
`FS100175,货道1,优好滋荔枝爽310ml,INTR860012104,饮料,2.5,3,20,20
`FS100175,货道2,统一鲜橙多(CAN310ml),INTR767011663,饮料,3,2.5,18,18
`FS100175,货道3,统一果汁[金桔柠檬](CAN310ml),1.56473E+17,开门柜,3,2.5,16,16
`FS100175,货道4,统一果汁[金桔柠檬](CAN310ml),1.56473E+17,开门柜,3,2.5,14,14
`FS100175,货道5,小野[芒果汁](CAN245ml),INTR457012418,饮料,3,3,12,12
`FS100175,货道6,小野[芒果汁](CAN245ml),INTR457012418,饮料,3,3,10,10
`FS100175,货道7,可口可乐纯悦水(PET500ml),INTR123011690,饮料,2,2,20,20
`FS100175,货道8,统一阿萨姆[奶茶原味](PET500ml),INTR230011689,饮料,4.5,4.5,18,18
`FS100175,货道9,统一阿萨姆[奶茶原味](PET500ml),INTR230011689,饮料,4.5,4.5,16,16
`FS100175,货道10,可口可乐纯悦水(PET500ml),INTR123011690,饮料,2,2,16,16
`FS100175,货道11,海之言[柠檬](PET500ml),INTR039011682,饮料,4,4,10,10
`FS100175,货道13,可口可乐(PET500ml),INTR310011684,饮料,3.5,3.5,20,20
`FS100175,货道14,,,,,,0,0
`FS100175,货道15,雪碧(PET500ml),INTR274011679,饮料,3.5,3.5,18,18
`FS100175,货道16,,,,,,0,0
`FS100175,货道17,体质能量(PET580ml),INTR468012175,饮料,4,4.5,16,16
`FS100175,货道19,焕神[热带水果风味]饮料(PET460ml),INTR583011691,饮料,5,5,12,12
`FS100175,货道21,统一蜜桃多(PET450ml),INTR769012352,饮料,3.5,3.5,10,10
`FS100175,货道23,统一冰绿茶[青梅绿茶](PET500ml),INTR469011681,饮料,3,3,20,20
`FS100175,货道24,统一冰绿茶[青梅绿茶](PET500ml),INTR469011681,饮料,3,3,18,18
`FS100175,货道25,统一绿茶[茉莉](PET500ml),INTR577011683,饮料,3,3,16,16
`FS100175,货道26,统一绿茶[茉莉](PET500ml),INTR577011683,饮料,3,3,13,13
`FS100175,货道27,饮养四季[金桔柠檬](PET500ml),INTR372011680,饮料,3.5,3.5,12,12
`FS100175,货道28,饮养四季[金桔柠檬](PET500ml),INTR372011680,饮料,3.5,3.5,10,10
`FS100175,货道29,统一冰红茶[柠檬](PET500ml),INTR894011688,饮料,3,3,20,20
`FS100175,货道30,统一冰红茶[柠檬](PET500ml),INTR894011688,饮料,3,3,18,18
`FS100175,货道31,统一蜜桃多(PET450ml),INTR769012352,饮料,3.5,3.5,16,16
`FS100175,货道32,统一饮养四季[冰糖雪梨](PET500ml),INTR56004726,饮料,3.5,3.5,14,14
`FS100175,货道33,统一鲜橙多(PET450ml),INTR910011664,饮料,3.5,3.5,1,1
`FS100175,货道34,ALKAQUA[饮用天然矿泉水](PET570ml),INTR997009154,矿泉水,4,4,10,10
`FS100947,货道1,可口可乐[自购版](CAN330ml),INTR121011635,饮料,3,3,15,15
`FS100947,货道2,雪碧[自购版](CAN330ml),INTR685011636,饮料,3,3,18,18
`FS100947,货道3,统一冰红茶(CAN310ml),INTR115011662,饮料,2.5,2.5,29,29
`FS100947,货道4,统一冰红茶(CAN310ml),INTR115011662,饮料,2.5,2.5,30,30
`FS100947,货道5,统一鲜橙多(CAN310ml),INTR767011663,饮料,3,3,19,19
`FS100947,货道6,爱朵拉拿铁咖啡(CAN310ml),INTR459011637,饮料,4,4,30,30
`FS100947,货道7,健力宝运动饮料[橙蜜](PET560ml),INTR216012107,饮料,4,4,28,28
`FS100947,货道8,百事可乐(PET600ml),INTR065012794,饮料,3.5,3.5,21,21
`FS100947,货道9,百事可乐(PET600ml),INTR065012794,饮料,3.5,3.5,22,22
`FS100947,货道10,统一阿萨姆[奶茶原味](PET500ml),INTR230011689,饮料,4.5,4.5,17,17
`FS100947,货道11,雅哈[冰咖啡](PET450ml),INTR470011686,饮料,5.5,5.5,18,18
`FS100947,货道13,雪碧[自购版](PET500ml),INTR175012204,饮料,3.5,3.5,14,14
`FS100947,货道14,,,,,,0,0
`FS100947,货道15,今麦郎蜂蜜柚子味复合果汁饮料500ml,111144,开门柜,5,3,13,13
`FS100947,货道16,,,,,,0,0
`FS100947,货道17,统一轻啵苏打水[柠檬味](PET500ml),INTR773011687,饮料,3.5,3.5,16,16
`FS100947,货道19,怡宝[纯净水](PET555ml),INTR128012109,矿泉水,2,2,17,17
`FS100947,货道21,统一茶裏王[无糖台式乌龙茶](PET420ml),INTR904011685,饮料,5,5,18,18
`FS100947,货道23,今麦郎芒顿小镇柠檬水(PET500ml),INTR322012790,饮料,2.5,2.5,8,8
`FS100947,货道24,今麦郎芒顿小镇柠檬水(PET500ml),INTR322012790,饮料,2.5,2.5,10,10
`FS100947,货道25,统一冰绿茶[青梅绿茶](PET500ml),INTR469011681,饮料,3,3,14,14
`FS100947,货道26,ALKAQUA[饮用天然矿泉水](PET570ml),INTR997009154,矿泉水,4,4,17,17
`FS100947,货道27,小茗同学[青柠红茶](PET480ml),INTR297011693,饮料,5,5,22,22
`FS100947,货道28,小茗同学[溜溜哒茶](PET480ml),INTR973011692,饮料,5,5,21,21
`FS100947,货道29,统一冰红茶[柠檬](PET500ml),INTR894011688,饮料,3,3,12,12
`FS100947,货道30,怡宝[纯净水](PET555ml),INTR128012109,矿泉水,2,2,12,12
`FS100947,货道31,统一鲜橙多(PET450ml),INTR910011664,饮料,3.5,3.5,12,12
`FS100947,货道32,饮养四季[金桔柠檬](PET500ml),INTR372011680,饮料,3.5,3.5,17,17
`FS100947,货道33,海之言[柠檬](PET500ml),INTR039011682,饮料,4,4,19,19
`FS100947,货道34,焕神[热带水果风味]饮料(PET460ml),INTR583011691,饮料,5,5,28,28
`FS100185,货道1,可口可乐[自购版](CAN330ml),INTR121011635,饮料,3,3,11,11
`FS100185,货道2,雪碧[自购版](CAN330ml),INTR685011636,饮料,3,3,13,13
`FS100185,货道3,爱朵拉拿铁咖啡(CAN310ml),INTR459011637,饮料,4,4,30,30
`FS100185,货道4,统一冰红茶(CAN310ml),INTR115011662,饮料,2.5,2.5,23,23
`FS100185,货道5,统一鲜橙多(CAN310ml),INTR767011663,饮料,3,3,19,19
`FS100185,货道6,统一鲜橙多(CAN310ml),INTR767011663,饮料,3,3,21,21
`FS100185,货道7,雪碧[自购版](PET500ml),INTR175012204,饮料,3.5,3.5,11,11
`FS100185,货道8,百事可乐(PET600ml),INTR065012794,饮料,3.5,3.5,13,13
`FS100185,货道9,百事可乐(PET600ml),INTR065012794,饮料,3.5,3.5,17,17
`FS100185,货道10,雅哈[冰咖啡](PET450ml),INTR470011686,饮料,5.5,5.5,16,16
`FS100185,货道11,脉动[青柠味](PET600ml),INTR924012868,饮料,4,4,21,21
`FS100185,货道13,健力宝运动饮料[橙蜜](PET560ml),INTR216012107,饮料,4,4,11,11
`FS100185,货道14,,,,,,0,0
`FS100185,货道15,今麦郎芒顿小镇柠檬水(PET500ml),INTR322012790,饮料,2.5,2.5,12,12
`FS100185,货道16,,,,,,0,0
`FS100185,货道17,今麦郎蜂蜜柚子味复合果汁饮料500ml,111144,开门柜,5,3,16,16
`FS100185,货道19,统一阿萨姆[奶茶原味](PET500ml),INTR230011689,饮料,4.5,4.5,17,17
`FS100185,货道21,统一鲜橙多(PET450ml),INTR910011664,饮料,3.5,3.5,19,19
`FS100185,货道23,怡宝[纯净水](PET555ml),INTR128012109,矿泉水,2,2,10,10
`FS100185,货道24,怡宝[纯净水](PET555ml),INTR128012109,矿泉水,2,2,12,12
`FS100185,货道25,统一轻啵苏打水[柠檬味](PET500ml),INTR773011687,饮料,3.5,3.5,15,15
`FS100185,货道26,ALKAQUA[饮用天然矿泉水](PET570ml),INTR997009154,矿泉水,4,4,17,17
`FS100185,货道27,小茗同学[溜溜哒茶](PET480ml),INTR973011692,饮料,5,5,19,19
`FS100185,货道28,小茗同学[青柠红茶](PET480ml),INTR297011693,饮料,5,5,21,21
`FS100185,货道29,统一冰红茶[柠檬](PET500ml),INTR894011688,饮料,3,3,10,10
`FS100185,货道30,饮养四季[金桔柠檬](PET500ml),INTR372011680,饮料,3.5,3.5,12,12
`FS100185,货道31,统一冰绿茶[青梅绿茶](PET500ml),INTR469011681,饮料,3,3,15,15
`FS100185,货道32,统一茶裏王[无糖台式乌龙茶](PET420ml),INTR904011685,饮料,5,5,16,16
`FS100185,货道33,海之言[柠檬](PET500ml),INTR039011682,饮料,4,4,19,19
`FS100185,货道34,焕神[热带水果风味]饮料(PET460ml),INTR583011691,饮料,5,5,21,21
`FS100455,货道1,统一冰红茶(CAN310ml),INTR115011662,饮料,2.5,2.5,9955,9955
`FS100455,货道2,统一冰红茶(CAN310ml),INTR115011662,饮料,2.5,2.5,9938,9938
`FS100455,货道3,统一鲜橙多(CAN310ml),INTR767011663,饮料,3,3,9969,9969
`FS100455,货道4,米源冰晶葡萄(CAN310ml),INTR290012105,饮料,2.5,2.5,9999,9999
`FS100455,货道5,米源冰晶葡萄(CAN310ml),INTR290012105,饮料,2.5,2.5,9999,9999
`FS100455,货道6,小野[芒果汁](CAN245ml),INTR457012418,饮料,3,3,9957,9957
`FS100455,货道7,统一阿萨姆[奶茶原味](PET500ml),INTR230011689,饮料,4.5,4.5,9928,9928
`FS100455,货道8,统一阿萨姆[奶茶原味](PET500ml),INTR230011689,饮料,4.5,4.5,9893,9893
`FS100455,货道9,雅哈[冰咖啡](PET450ml),INTR470011686,饮料,5.5,5.5,9949,9949
`FS100455,货道10,水趣多乳酸菌风味(PET500ml),INTR912012422,饮料,5,5,9947,9947
`FS100455,货道11,水趣多乳酸菌风味(PET500ml),INTR912012422,饮料,5,5,9973,9973
`FS100455,货道13,统一冰红茶[柠檬](PET500ml),INTR894011688,饮料,3,3,9833,9833
`FS100455,货道14,,,,,,0,0
`FS100455,货道16,,,,,,0,0
`FS100455,货道17,统一绿茶[茉莉](PET500ml),INTR577011683,饮料,3,3,9977,9977
`FS100455,货道19,统一冰绿茶[青梅绿茶](PET500ml),INTR469011681,饮料,3,3,9911,9911
`FS100455,货道21,饮养四季[金桔柠檬](PET500ml),INTR372011680,饮料,3.5,3.5,9941,9941
`FS100455,货道23,小茗同学[青柠红茶](PET480ml),INTR297011693,饮料,5,5,9959,9959
`FS100455,货道24,小茗同学[溜溜哒茶](PET480ml),INTR973011692,饮料,5,5,9943,9943
`FS100455,货道25,海之言[柠檬](PET500ml),INTR039011682,饮料,4,4,9943,9943
`FS100455,货道26,海之言[柠檬](PET500ml),INTR039011682,饮料,4,4,9914,9914
`FS100455,货道27,统一鲜橙多(PET450ml),INTR910011664,饮料,3.5,3.5,9926,9926
`FS100455,货道28,统一饮养四季[冰糖雪梨](PET500ml),INTR56004726,饮料,3.5,3.5,9946,9946
`FS100455,货道29,焕神[热带水果风味]饮料(PET460ml),INTR583011691,饮料,5,5,9999,9999
`FS100455,货道30,统一轻啵苏打水[柠檬味](PET500ml),INTR773011687,饮料,3.5,3.5,9999,9999
`FS100455,货道31,格泉饮用天然水(PET500ml),INTR252012401,矿泉水,2,2,9999,9999
`FS100455,货道32,格泉饮用天然水(PET500ml),INTR252012401,矿泉水,2,2,9999,9999
`FS100455,货道33,ALKAQUA[饮用天然矿泉水](PET570ml),INTR997009154,矿泉水,4,4,9948,9948
`FS100455,货道34,统一茶裏王[无糖台式乌龙茶](PET420ml),INTR904011685,饮料,5,5,9994,9994
`FS100707,货道1,可口可乐[自购版](CAN330ml),INTR121011635,饮料,3,3,58,58
`FS100707,货道2,雪碧[自购版](CAN330ml),INTR685011636,饮料,3,3,56,56
`FS100707,货道3,可口可乐[自购版](CAN330ml),INTR121011635,饮料,3,3,57,57
`FS100707,货道4,统一鲜橙多(CAN310ml),INTR767011663,饮料,3,3,59,59
`FS100707,货道5,统一鲜橙多(CAN310ml),INTR767011663,饮料,3,3,59,59
`FS100707,货道6,统一鲜橙多(CAN310ml),INTR767011663,饮料,3,3,58,58
`FS100707,货道7,百事可乐(PET600ml),INTR065012794,饮料,3.5,3.5,41,41
`FS100707,货道8,百事可乐(PET600ml),INTR065012794,饮料,3.5,3.5,54,54
`FS100707,货道9,百事可乐(PET600ml),INTR065012794,饮料,3.5,3.5,60,60
`FS100707,货道10,百事可乐(PET600ml),INTR065012794,饮料,3.5,3.5,52,52
`FS100707,货道11,雪碧[自购版](PET500ml),INTR175012204,饮料,3.5,3.5,57,57
`FS100707,货道13,可口可乐[自购版](PET500ml),INTR724012203,饮料,3.5,3.5,54,54
`FS100707,货道14,,,,,,0,0
`FS100707,货道15,统一阿萨姆[奶茶原味](PET500ml),INTR230011689,饮料,4.5,4.5,58,58
`FS100707,货道16,,,,,,0,0
`FS100707,货道17,统一轻啵苏打水[柠檬味](PET500ml),INTR773011687,饮料,3.5,3.5,56,56
`FS100707,货道19,饮养四季[金桔柠檬](PET500ml),INTR372011680,饮料,3.5,3.5,48,48
`FS100707,货道21,统一茶裏王[无糖台式乌龙茶](PET420ml),INTR904011685,饮料,5,5,57,57
`FS100707,货道23,今麦郎芒顿小镇柠檬水(PET500ml),INTR322012790,饮料,2.5,2.5,52,52
`FS100707,货道24,今麦郎蜂蜜柚子味复合果汁饮料500ml,111144,开门柜,5,3,52,52
`FS100707,货道25,统一冰红茶[柠檬](PET500ml),INTR894011688,饮料,3,3,52,52
`FS100707,货道26,统一冰红茶[柠檬](PET500ml),INTR894011688,饮料,3,3,59,59
`FS100707,货道27,小茗同学[青柠红茶](PET480ml),INTR297011693,饮料,5,5,59,59
`FS100707,货道28,小茗同学[溜溜哒茶](PET480ml),INTR973011692,饮料,5,5,57,57
`FS100707,货道29,怡宝[纯净水](PET555ml),INTR128012109,矿泉水,2,2,54,54
`FS100707,货道30,怡宝[纯净水](PET555ml),INTR128012109,矿泉水,2,2,53,53
`FS100707,货道31,统一冰绿茶[青梅绿茶](PET500ml),INTR469011681,饮料,3,3,56,56
`FS100707,货道32,统一冰绿茶[青梅绿茶](PET500ml),INTR469011681,饮料,3,3,52,52
`FS100707,货道33,海之言[柠檬](PET500ml),INTR039011682,饮料,4,4,49,49
`FS100707,货道34,焕神[热带水果风味]饮料(PET460ml),INTR583011691,饮料,5,5,56,56
`FS100441,货道1,统一冰红茶(CAN310ml),INTR115011662,饮料,2.5,2.5,9999,9999
`FS100441,货道2,可口可乐[自购版](CAN330ml),INTR121011635,饮料,3,3,9991,9991
`FS100441,货道3,雪碧[自购版](CAN330ml),INTR685011636,饮料,3,3,9997,9997
`FS100441,货道4,雪碧[自购版](CAN330ml),INTR685011636,饮料,3,3,9998,9998
`FS100441,货道5,可口可乐[自购版](CAN330ml),INTR121011635,饮料,3,3,9996,9996
`FS100441,货道6,统一冰红茶(CAN310ml),INTR115011662,饮料,2.5,2.5,9999,9999
`FS100441,货道7,统一阿萨姆[奶茶原味](PET500ml),INTR230011689,饮料,4.5,4.5,9992,9992
`FS100441,货道8,百事可乐(PET500ml),INTR859012793,饮料,3.5,3.5,9986,9986
`FS100441,货道9,统一冰红茶[柠檬](PET500ml),INTR894011688,饮料,3,3,9995,9995
`FS100441,货道10,焕神[热带水果风味]饮料(PET460ml),INTR583011691,饮料,5,5,9996,9996
`FS100441,货道11,雅哈[冰咖啡](PET450ml),INTR470011686,饮料,5.5,5.5,9991,9991
`FS100441,货道13,统一绿茶[茉莉](PET500ml),INTR577011683,饮料,3,3,9976,9976
`FS100441,货道14,统一绿茶[茉莉](PET500ml),INTR577011683,饮料,3,3,9999,9999
`FS100441,货道15,百事可乐(PET500ml),INTR859012793,饮料,3.5,3.5,9976,9976
`FS100441,货道16,统一绿茶[茉莉](PET500ml),INTR577011683,饮料,3,3,9999,9999
`FS100441,货道17,健力宝运动饮料[橙蜜](PET560ml),INTR216012107,饮料,4,5,9992,9992
`FS100441,货道19,红牛金罐(CAN250ml),INTR442012892,饮料,6,6,9997,9997
`FS100441,货道21,饮养四季[金桔柠檬](PET500ml),INTR372011680,饮料,3.5,3.5,9995,9995
`FS100441,货道23,统一冰红茶[柠檬](PET500ml),INTR894011688,饮料,3,3,9985,9985
`FS100441,货道24,统一阿萨姆[奶茶原味](PET500ml),INTR230011689,饮料,4.5,4.5,9988,9988
`FS100441,货道25,小茗同学[溜溜哒茶](PET480ml),INTR973011692,饮料,5,5,9995,9995
`FS100441,货道26,统一冰红茶[柠檬](PET500ml),INTR894011688,饮料,3,3,9969,9969
`FS100441,货道27,统一冰绿茶[青梅绿茶](PET500ml),INTR469011681,饮料,3,3,9988,9988
`FS100441,货道28,统一绿茶[茉莉](PET500ml),INTR577011683,饮料,3,3,9994,9994
`FS100441,货道29,焕神[热带水果风味]饮料(PET460ml),INTR583011691,饮料,5,5,9993,9993
`FS100441,货道30,统一鲜橙多(PET450ml),INTR910011664,饮料,3.5,3.5,9999,9999
`FS100441,货道31,统一饮养四季[冰糖雪梨](PET500ml),INTR56004726,饮料,3.5,3.5,9985,9985
`FS100441,货道32,统一鲜橙多(PET450ml),INTR910011664,饮料,3.5,3.5,9998,9998
`FS100441,货道33,统一冰绿茶[青梅绿茶](PET500ml),INTR469011681,饮料,3,3,9986,9986
`FS100441,货道34,统一茶裏王[无糖台式乌龙茶](PET420ml),INTR904011685,饮料,5,5,9999,9999
`FS100446,货道1,统一冰绿茶[青梅绿茶](CAN310ml),INTG116100075,饮料,2.5,2.5,99957,99957
`FS100446,货道2,统一鲜橙多(CAN310ml),INTR767011663,饮料,3,3,99964,99964
`FS100446,货道3,统一好料道[仙草凉茶](CAN310ml),INTR791011678,饮料,4,4,99999,99999
`FS100446,货道4,统一冰红茶(CAN310ml),INTR115011662,饮料,2.5,2.5,99984,99984
`FS100446,货道5,,,,,,0,0
`FS100446,货道6,,,,,,0,0
`FS100446,货道7,统一阿萨姆[奶茶原味](PET500ml),INTR230011689,饮料,4.5,4.5,99973,99973
`FS100446,货道8,统一阿萨姆[奶茶原味](PET500ml),INTR230011689,饮料,4.5,4.5,99957,99957
`FS100446,货道9,怡宝[纯净水](PET555ml),INTR128012109,矿泉水,2,2,99763,99763
`FS100446,货道10,焕神[热带水果风味]饮料(PET460ml),INTR583011691,饮料,5,5,99999,99999
`FS100446,货道11,统一奶茶[煎茶奶绿](PET450ml),INTR753012421,饮料,4.5,4.5,99976,99976
`FS100446,货道13,统一冰红茶[柠檬](PET500ml),INTR894011688,饮料,3,3,99933,99933
`FS100446,货道14,,,,,3.5,99999,99999
`FS100446,货道15,百事可乐(PET500ml),INTR859012793,饮料,3.5,3.5,99878,99878
`FS100446,货道16,,,,,,0,0
`FS100446,货道17,雅哈[冰咖啡](PET450ml),INTR470011686,饮料,5.5,5.5,99986,99986
`FS100446,货道19,怡宝[纯净水](PET555ml),INTR128012109,矿泉水,2,2,99864,99864
`FS100446,货道21,ALKAQUA[饮用天然矿泉水](PET570ml),INTR997009154,矿泉水,4,4,99998,99998
`FS100446,货道23,统一绿茶[茉莉](PET500ml),INTR577011683,饮料,3,3,99950,99950
`FS100446,货道24,统一冰红茶[柠檬](PET500ml),INTR894011688,饮料,3,3,99966,99966
`FS100446,货道25,饮养四季[金桔柠檬](PET500ml),INTR372011680,饮料,3.5,4,99947,99947
`FS100446,货道26,统一饮养四季[冰糖雪梨](PET500ml),INTR56004726,饮料,3.5,4,99979,99979
`FS100446,货道27,海之言[柠檬](PET500ml),INTR039011682,饮料,4,4,99916,99916
`FS100446,货道28,小茗同学[溜溜哒茶](PET480ml),INTR973011692,饮料,5,5,99981,99981
`FS100446,货道29,怡宝[纯净水](PET555ml),INTR128012109,矿泉水,2,2,99934,99934
`FS100446,货道30,统一鲜橙多(PET450ml),INTR910011664,饮料,3.5,4,99955,99955
`FS100446,货道31,统一冰绿茶[青梅绿茶](PET500ml),INTR469011681,饮料,3,3,99889,99889
`FS100446,货道32,怡宝[纯净水](PET555ml),INTR128012109,矿泉水,2,2,99932,99932
`FS100446,货道33,小茗同学[青柠红茶](PET480ml),INTR297011693,饮料,5,5,99988,99988
`FS100446,货道34,统一双萃[鸭屎香风味柠檬茶](PET500ml),INTR950013739,饮料,3,3,99922,99922
`FS100454,货道1,统一蜜桃多(CAN310ml),INTR765012351,饮料,3,3,9995,9995
`FS100454,货道2,统一冰红茶(CAN310ml),INTR115011662,饮料,2.5,2.5,9997,9997
`FS100454,货道3,雪碧[自购版](CAN330ml),INTR685011636,饮料,3,3,9991,9991
`FS100454,货道4,统一鲜橙多(CAN310ml),INTR767011663,饮料,3,3,9994,9994
`FS100454,货道5,可口可乐[自购版](CAN330ml),INTR121011635,饮料,3,3,9996,9996
`FS100454,货道6,统一蜜桃多(CAN310ml),INTR765012351,饮料,3,3,9991,9991
`FS100454,货道7,百事可乐(PET500ml),INTR859012793,饮料,3.5,3,9891,9891
`FS100454,货道8,百事可乐(PET500ml),INTR859012793,饮料,3.5,3,9909,9909
`FS100454,货道9,农夫水溶C100(PET445ml),14473,开门柜,1,5,9991,9991
`FS100454,货道10,统一冰红茶[柠檬](PET500ml),INTR894011688,饮料,3,3,9976,9976
`FS100454,货道11,ALKAQUA[饮用天然矿泉水](PET570ml),INTR997009154,矿泉水,4,4,9997,9997
`FS100454,货道13,统一轻啵苏打水[原味](PET500ml),INTR452012400,饮料,3.5,3.5,9999,9999
`FS100454,货道14,,,,,,0,0
`FS100454,货道15,统一冰绿茶[青梅绿茶](PET500ml),INTR469011681,饮料,3,3,9989,9989
`FS100454,货道16,,,,,,0,0
`FS100454,货道17,焕神[热带水果风味]饮料(PET460ml),INTR583011691,饮料,5,5,9981,9981
`FS100454,货道19,焕神[热带水果风味]饮料(PET460ml),INTR583011691,饮料,5,5,9993,9993
`FS100454,货道21,脉动[青柠味](PET600ml),INTR924012868,饮料,4,5,9983,9983
`FS100454,货道23,统一阿萨姆[奶茶原味](PET500ml),INTR230011689,饮料,4.5,4.5,9971,9971
`FS100454,货道24,统一冰红茶[柠檬](PET500ml),INTR894011688,饮料,3,3,9981,9981
`FS100454,货道25,统一冰绿茶[青梅绿茶](PET500ml),INTR469011681,饮料,3,3,9986,9986
`FS100454,货道26,雅哈[冰咖啡](PET450ml),INTR470011686,饮料,5.5,5.5,9994,9994
`FS100454,货道27,统一茶裏王[无糖台式乌龙茶](PET300ml),INTR378012432,饮料,5,5,9997,9997
`FS100454,货道28,小茗同学[溜溜哒茶](PET480ml),INTR973011692,饮料,5,5,9995,9995
`FS100454,货道29,统一绿茶[茉莉](PET500ml),INTR577011683,饮料,3,3,9976,9976
`FS100454,货道30,统一绿茶[茉莉](PET500ml),INTR577011683,饮料,3,3,9981,9981
`FS100454,货道31,统一绿茶[茉莉](PET500ml),INTR577011683,饮料,3,3,9994,9994
`FS100454,货道32,统一鲜橙多(PET450ml),INTR910011664,饮料,3.5,3.5,9984,9984
`FS100454,货道33,统一鲜橙多(PET450ml),INTR910011664,饮料,3.5,3.5,9992,9992
`FS100454,货道34,小茗同学[溜溜哒茶](PET480ml),INTR973011692,饮料,5,5,9993,9993
`FS100699,货道1,,,,,,0,0
`FS100699,货道2,统一冰红茶(CAN310ml),INTR115011662,饮料,2.5,2.5,99950,99950
`FS100699,货道3,,,,,,0,0
`FS100699,货道4,统一蜜桃多(CAN310ml),INTR765012351,饮料,3,3,99937,99937
`FS100699,货道5,统一鲜橙多(CAN310ml),INTR767011663,饮料,3,3,99941,99941
`FS100699,货道6,统一冰绿茶[青梅绿茶](CAN310ml),INTG116100075,饮料,2.5,2.5,99926,99926
`FS100699,货道7,怡宝[纯净水](PET555ml),INTR128012109,矿泉水,2,2,99710,99710
`FS100699,货道8,百事可乐(PET500ml),INTR859012793,饮料,3.5,3.5,99805,99805
`FS100699,货道9,统一绿茶[茉莉](PET500ml),INTR577011683,饮料,3,3,99867,99867
`FS100699,货道10,海之言[柠檬](PET500ml),INTR039011682,饮料,4,4,99801,99801
`FS100699,货道11,ALKAQUA[饮用天然矿泉水](PET570ml),INTR997009154,矿泉水,4,4,99995,99995
`FS100699,货道13,怡宝[纯净水](PET555ml),INTR128012109,矿泉水,2,2,99873,99873
`FS100699,货道14,,,,,,0,0
`FS100699,货道15,统一冰红茶[柠檬](PET500ml),INTR894011688,饮料,3,3,99958,99958
`FS100699,货道16,,,,,,0,0
`FS100699,货道17,统一冰绿茶[青梅绿茶](PET500ml),INTR469011681,饮料,3,3,99808,99808
`FS100699,货道19,统一冰绿茶[青梅绿茶](PET500ml),INTR469011681,饮料,3,3,99998,99998
`FS100699,货道21,统一双萃[鸭屎香风味柠檬茶](PET500ml),INTR950013739,饮料,3,3,99785,99785
`FS100699,货道23,怡宝[纯净水](PET555ml),INTR128012109,矿泉水,2,2,99842,99842
`FS100699,货道24,统一双萃[鸭屎香风味柠檬茶](PET500ml),INTR950013739,饮料,3,3,9868,9868
`FS100699,货道25,统一鲜橙多(PET450ml),INTR910011664,饮料,3.5,4,99890,99890
`FS100699,货道26,饮养四季[金桔柠檬](PET500ml),INTR372011680,饮料,3.5,4,99913,99913
`FS100699,货道27,小茗同学[青柠红茶](PET480ml),INTR297011693,饮料,5,5,99979,99979
`FS100699,货道28,小茗同学[溜溜哒茶](PET480ml),INTR973011692,饮料,5,5,99968,99968
`FS100699,货道29,统一阿萨姆[奶茶原味](PET500ml),INTR230011689,饮料,4.5,4.5,99937,99937
`FS100699,货道30,统一阿萨姆[奶茶原味](PET500ml),INTR230011689,饮料,4.5,4.5,99955,99955
`FS100699,货道31,统一冰红茶[柠檬](PET500ml),INTR894011688,饮料,3,3,99850,99850
`FS100699,货道32,统一奶茶[煎茶奶绿](PET450ml),INTR753012421,饮料,4.5,4.5,99976,99976
`FS100699,货道33,统一饮养四季[冰糖雪梨](PET500ml),INTR56004726,饮料,3.5,4,99965,99965
`FS100699,货道34,雅哈[冰咖啡](PET450ml),INTR470011686,饮料,5.5,5.5,99973,99973
`FS100702,货道1,统一鲜橙多(CAN310ml),INTR767011663,饮料,3,3,88,88
`FS100702,货道2,统一鲜橙多(CAN310ml),INTR767011663,饮料,3,3,88,88
`FS100702,货道3,百事可乐(CAN330ml),INTR785012174,饮料,2.5,2.5,77,77
`FS100702,货道4,健力宝第5季果潮果味水蜜桃310ml,107260,开门柜,5,5,90,90
`FS100702,货道5,健力宝罐装330ml,12106,开门柜,3,3,79,79
`FS100702,货道6,爱朵拉拿铁咖啡(CAN310ml),INTR459011637,饮料,4,4,90,90
`FS100702,货道7,今麦郎芒顿小镇柠檬水(PET500ml),INTR322012790,饮料,2.5,2.5,77,77
`FS100702,货道8,今麦郎蜂蜜柚子味复合果汁饮料500ml,111144,开门柜,5,3,78,78
`FS100702,货道9,健力宝运动饮料[橙蜜](PET560ml),INTR216012107,饮料,4,4,85,85
`FS100702,货道10,雅哈[冰咖啡](PET450ml),INTR470011686,饮料,5.5,5.5,83,83
`FS100702,货道11,ALKAQUA[饮用天然矿泉水](PET570ml),INTR997009154,矿泉水,4,4,90,90
`FS100702,货道13,雪碧[自购版](PET500ml),INTR175012204,饮料,3.5,3.5,80,80
`FS100702,货道14,,,,,0,0,0
`FS100702,货道15,统一阿萨姆[奶茶原味](PET500ml),INTR230011689,饮料,4.5,4.5,90,90
`FS100702,货道16,,,,,0,0,0
`FS100702,货道17,海之言[柠檬](PET500ml),INTR039011682,饮料,4,4,78,78
`FS100702,货道19,可口可乐[自购版](PET500ml),INTR724012203,饮料,3.5,3.5,89,89
`FS100702,货道21,可口可乐[自购版](PET500ml),INTR724012203,饮料,3.5,3.5,88,88
`FS100702,货道23,怡宝[纯净水](PET555ml),INTR128012109,矿泉水,2,2,71,71
`FS100702,货道24,怡宝[纯净水](PET555ml),INTR128012109,矿泉水,2,2,79,79
`FS100702,货道25,统一冰红茶[柠檬](PET500ml),INTR894011688,饮料,3,3,84,84
`FS100702,货道26,统一轻啵苏打水[柠檬味](PET500ml),INTR773011687,饮料,3.5,3.5,90,90
`FS100702,货道27,小茗同学[青柠红茶](PET480ml),INTR297011693,饮料,5,5,88,88
`FS100702,货道28,小茗同学[溜溜哒茶](PET480ml),INTR973011692,饮料,5,5,85,85
`FS100702,货道29,饮养四季[金桔柠檬](PET500ml),INTR372011680,饮料,3.5,3.5,81,81
`FS100702,货道30,统一鲜橙多(PET450ml),INTR910011664,饮料,3.5,3.5,76,76
`FS100702,货道31,统一冰绿茶[青梅绿茶](PET500ml),INTR469011681,饮料,3,3,87,87
`FS100702,货道32,统一冰绿茶[青梅绿茶](PET500ml),INTR469011681,饮料,3,3,85,85
`FS100702,货道33,统一茶裏王[无糖台式乌龙茶](PET420ml),INTR904011685,饮料,5,5,87,87
`FS100702,货道34,焕神[热带水果风味]饮料(PET460ml),INTR583011691,饮料,5,5,84,84
`FS101383,货道1,统一冰红茶(CAN310ml),INTR115011662,饮料,2.5,2.5,90,90
`FS101383,货道2,统一鲜橙多(CAN310ml),INTR767011663,饮料,3,3,90,90
`FS101383,货道3,百事可乐(CAN330ml),INTR785012174,饮料,2.5,2.5,89,89
`FS101383,货道4,统一蜜桃多(CAN310ml),INTR765012351,饮料,3,3,89,89
`FS101383,货道5,健力宝罐装330ml,12106,开门柜,3,3,81,81
`FS101383,货道6,爱朵拉拿铁咖啡(CAN310ml),INTR459011637,饮料,4,4,90,90
`FS101383,货道7,今麦郎芒顿小镇柠檬水(PET500ml),INTR322012790,饮料,2.5,2.5,87,87
`FS101383,货道8,今麦郎蜂蜜柚子味复合果汁饮料500ml,111144,开门柜,5,3,84,84
`FS101383,货道9,健力宝运动饮料[橙蜜](PET560ml),INTR216012107,饮料,4,4,82,82
`FS101383,货道10,雅哈[冰咖啡](PET450ml),INTR470011686,饮料,5.5,5.5,89,89
`FS101383,货道11,ALKAQUA[饮用天然矿泉水](PET570ml),INTR997009154,矿泉水,4,4,90,90
`FS101383,货道13,雪碧[自购版](PET500ml),INTR175012204,饮料,3.5,3.5,87,87
`FS101383,货道14,,,,,,0,0
`FS101383,货道15,统一阿萨姆[奶茶原味](PET500ml),INTR230011689,饮料,4.5,4.5,82,82
`FS101383,货道16,,,,,,0,0
`FS101383,货道17,海之言[柠檬](PET500ml),INTR039011682,饮料,4,4,90,90
`FS101383,货道19,可口可乐[自购版](PET500ml),INTR724012203,饮料,3.5,3.5,79,79
`FS101383,货道21,可口可乐[自购版](PET500ml),INTR724012203,饮料,3.5,3.5,81,81
`FS101383,货道23,怡宝[纯净水](PET555ml),INTR128012109,矿泉水,2,2,90,90
`FS101383,货道24,怡宝[纯净水](PET555ml),INTR128012109,矿泉水,2,2,90,90
`FS101383,货道25,统一冰红茶[柠檬](PET500ml),INTR894011688,饮料,3,3,84,84
`FS101383,货道26,统一轻啵苏打水[柠檬味](PET500ml),INTR773011687,饮料,3.5,3.5,90,90
`FS101383,货道27,小茗同学[青柠红茶](PET480ml),INTR297011693,饮料,5,5,90,90
`FS101383,货道28,小茗同学[溜溜哒茶](PET480ml),INTR973011692,饮料,5,5,90,90
`FS101383,货道29,饮养四季[金桔柠檬](PET500ml),INTR372011680,饮料,3.5,3.5,89,89
`FS101383,货道30,统一鲜橙多(PET450ml),INTR910011664,饮料,3.5,3.5,86,86
`FS101383,货道31,统一冰绿茶[青梅绿茶](PET500ml),INTR469011681,饮料,3,3,87,87
`FS101383,货道32,统一冰绿茶[青梅绿茶](PET500ml),INTR469011681,饮料,3,3,85,85
`FS101383,货道33,统一茶裏王[无糖台式乌龙茶](PET420ml),INTR904011685,饮料,5,5,87,87
`FS101383,货道34,焕神[热带水果风味]饮料(PET460ml),INTR583011691,饮料,5,5,90,90
`FS100203,货道1,统一鲜橙多(CAN310ml),INTR767011663,饮料,3,3,90,90
`FS100203,货道2,统一鲜橙多(CAN310ml),INTR767011663,饮料,3,3,87,87
`FS100203,货道3,百事可乐(CAN330ml),INTR785012174,饮料,2.5,2.5,87,87
`FS100203,货道4,健力宝罐装330ml,12106,开门柜,3,3,89,89
`FS100203,货道5,健力宝罐装330ml,12106,开门柜,3,3,85,85
`FS100203,货道6,爱朵拉拿铁咖啡(CAN310ml),INTR459011637,饮料,4,4,90,90
`FS100203,货道7,今麦郎芒顿小镇柠檬水(PET500ml),INTR322012790,饮料,2.5,2.5,89,89
`FS100203,货道8,今麦郎蜂蜜柚子味复合果汁饮料500ml,111144,开门柜,5,3,89,89
`FS100203,货道9,健力宝运动饮料[橙蜜](PET560ml),INTR216012107,饮料,4,4,84,84
`FS100203,货道10,雅哈[冰咖啡](PET450ml),INTR470011686,饮料,5.5,5.5,89,89
`FS100203,货道11,ALKAQUA[饮用天然矿泉水](PET570ml),INTR495012438,矿泉水,4,4,89,89
`FS100203,货道13,雪碧[自购版](PET500ml),INTR175012204,饮料,3.5,3.5,81,81
`FS100203,货道14,,,,,,0,0
`FS100203,货道15,统一阿萨姆[奶茶原味](PET500ml),INTR230011689,饮料,4.5,4.5,82,82
`FS100203,货道16,,,,,,0,0
`FS100203,货道17,海之言[柠檬](PET500ml),INTR039011682,饮料,4,4,88,88
`FS100203,货道19,可口可乐[自购版](PET500ml),INTR724012203,饮料,3.5,3.5,78,78
`FS100203,货道21,可口可乐[自购版](PET500ml),INTR724012203,饮料,3.5,3.5,87,87
`FS100203,货道23,怡宝[纯净水](PET555ml),INTR128012109,矿泉水,2,2,88,88
`FS100203,货道24,怡宝[纯净水](PET555ml),INTR128012109,矿泉水,2,2,88,88
`FS100203,货道25,统一冰红茶[柠檬](PET500ml),INTR894011688,饮料,3,3,87,87
`FS100203,货道26,统一轻啵苏打水[柠檬味](PET500ml),INTR773011687,饮料,3.5,3.5,90,90
`FS100203,货道27,小茗同学[青柠红茶](PET480ml),INTR297011693,饮料,5,5,89,89
`FS100203,货道28,小茗同学[溜溜哒茶](PET480ml),INTR973011692,饮料,5,5,89,89
`FS100203,货道29,饮养四季[金桔柠檬](PET500ml),INTR372011680,饮料,3.5,3.5,88,88
`FS100203,货道30,统一鲜橙多(PET450ml),INTR910011664,饮料,3.5,3.5,89,89
`FS100203,货道31,统一冰绿茶[青梅绿茶](PET500ml),INTR469011681,饮料,3,3,89,89
`FS100203,货道32,统一冰绿茶[青梅绿茶](PET500ml),INTR469011681,饮料,3,3,81,81
`FS100203,货道33,统一茶裏王[无糖台式乌龙茶](PET420ml),INTR904011685,饮料,5,5,88,88
`FS100203,货道34,焕神[热带水果风味]饮料(PET460ml),INTR583011691,饮料,5,5,90,90
`FS100421,货道1,统一冰绿茶[青梅绿茶](CAN310ml),INTG116100075,饮料,2.5,3,99996,99996
`FS100421,货道2,统一好料道[仙草凉茶](CAN310ml),INTR791011678,饮料,4,5,99998,99998
`FS100421,货道3,统一鲜橙多(CAN310ml),INTR767011663,饮料,3,4,99998,99998
`FS100421,货道4,统一冰红茶(CAN310ml),INTR115011662,饮料,2.5,3.5,99997,99997
`FS100421,货道5,小野[芒果汁](CAN245ml),INTR457012418,饮料,3,3,99998,99998
`FS100421,货道6,统一冰红茶(CAN310ml),INTR115011662,饮料,2.5,3.5,99999,99999
`FS100421,货道7,统一绿茶[茉莉](PET500ml),INTR577011683,饮料,3,4,99994,99994
`FS100421,货道8,统一绿茶[茉莉](PET500ml),INTR577011683,饮料,3,4,99993,99993
`FS100421,货道9,海之言[柠檬](PET500ml),INTR039011682,饮料,4,5,99984,99984
`FS100421,货道10,海之言[蓝莓](PET500ml),INTR526012420,饮料,4,5,99999,99999
`FS100421,货道11,海之言[桃桃百香果](PET500ml),INTR950012403,饮料,4,5,99999,99999
`FS100421,货道13,百事可乐(PET600ml),INTR065012794,饮料,3.5,4,99990,99990
`FS100421,货道14,,,,,6,99999,99999
`FS100421,货道15,元气森林白桃味气泡水瓶装480ml(2021),105195,开门柜,5,6,99998,99998
`FS100421,货道16,,,,,6,99999,99999
`FS100421,货道17,农夫山泉力量帝维他命水(PET500ml),INTR911012108,饮料,5,6,99995,99995
`FS100421,货道19,ALKAQUA[饮用天然矿泉水](PET570ml),INTR495012438,矿泉水,4,5,99998,99998
`FS100421,货道21,ALKAQUA[饮用天然矿泉水](PET570ml),INTR495012438,矿泉水,4,5,99998,99998
`FS100421,货道23,怡宝[纯净水](PET555ml),INTR128012109,矿泉水,2,3,99989,99989
`FS100421,货道24,怡宝[纯净水](PET555ml),INTR128012109,矿泉水,2,3,99992,99992
`FS100421,货道25,统一鲜橙多(PET450ml),INTR910011664,饮料,3.5,4.5,99996,99996
`FS100421,货道26,统一冰红茶[柠檬](PET500ml),INTR894011688,饮料,3,4,99995,99995
`FS100421,货道27,A-Ha[苹果]气泡水果饮料(PET500ml),INTR255012430,饮料,3,5,99994,99994
`FS100421,货道28,A-Ha[柠檬]气泡水果饮料(PET500ml),INTR578012419,饮料,3,5,99998,99998
`FS100421,货道29,统一阿萨姆[奶茶原味](PET500ml),INTR230011689,饮料,4.5,5.5,99994,99994
`FS100421,货道30,统一冰绿茶[青梅绿茶](PET500ml),INTR469011681,饮料,3,4,99996,99996
`FS100421,货道31,饮养四季[金桔柠檬](PET500ml),INTR372011680,饮料,3.5,4,99993,99993
`FS100421,货道32,焕神[热带水果风味]饮料(PET460ml),INTR583011691,饮料,5,6,99993,99993
`FS100421,货道33,统一轻啵苏打水[柠檬味](PET500ml),INTR773011687,饮料,3.5,4,99997,99997
`FS100421,货道34,统一轻啵苏打水[柠檬味](PET500ml),INTR773011687,饮料,3.5,4,99994,99994
`FS100484,货道1,统一鲜橙多(CAN310ml),INTR767011663,饮料,3,3,9997,9997
`FS100484,货道2,可口可乐[自购版](CAN330ml),INTR121011635,饮料,3,3,9999,9999
`FS100484,货道3,统一冰红茶(CAN310ml),INTR115011662,饮料,2.5,2.5,9996,9996
`FS100484,货道4,可口可乐[自购版](CAN330ml),INTR121011635,饮料,3,3,9989,9989
`FS100484,货道5,红牛金罐(CAN250ml),INTR442012892,饮料,6,6,9989,9989
`FS100484,货道6,雪碧[自购版](CAN330ml),INTR685011636,饮料,3,3,9996,9996
`FS100484,货道7,百事可乐(PET500ml),INTR859012793,饮料,3.5,3.5,9969,9969
`FS100484,货道8,小茗同学[溜溜哒茶](PET480ml),INTR973011692,饮料,5,5,9970,9970
`FS100484,货道9,农夫水溶C100(PET445ml),14473,开门柜,1,5,9984,9984
`FS100484,货道10,统一轻啵苏打水[柠檬味](PET500ml),INTR773011687,饮料,3.5,3.5,9998,9998
`FS100484,货道11,雅哈[冰咖啡](PET450ml),INTR470011686,饮料,5.5,5.5,9995,9995
`FS100484,货道13,焕神[热带水果风味]饮料(PET460ml),INTR583011691,饮料,5,5,9985,9985
`FS100484,货道14,,,,,,0,0
`FS100484,货道15,焕神[热带水果风味]饮料(PET460ml),INTR583011691,饮料,5,5,9967,9967
`FS100484,货道16,,,,,,0,0
`FS100484,货道17,统一冰绿茶[青梅绿茶](PET500ml),INTR469011681,饮料,3,3,9989,9989
`FS100484,货道19,雅哈[冰咖啡](PET450ml),INTR470011686,饮料,5.5,5.5,9994,9994
`FS100484,货道21,雅哈[冰咖啡](PET450ml),INTR470011686,饮料,5.5,5.5,9990,9990
`FS100484,货道23,统一绿茶[茉莉](PET500ml),INTR577011683,饮料,3,3,9979,9979
`FS100484,货道24,统一绿茶[茉莉](PET500ml),INTR577011683,饮料,3,3,9971,9971
`FS100484,货道25,ALKAQUA[饮用天然矿泉水](PET570ml),INTR997009154,矿泉水,4,4,9993,9993
`FS100484,货道26,统一阿萨姆[奶茶原味](PET500ml),INTR230011689,饮料,4.5,4.5,9995,9995
`FS100484,货道27,统一鲜橙多(PET450ml),INTR910011664,饮料,3.5,3.5,9987,9987
`FS100484,货道28,统一鲜橙多(PET450ml),INTR910011664,饮料,3.5,3.5,9981,9981
`FS100484,货道29,统一阿萨姆[奶茶原味](PET500ml),INTR230011689,饮料,4.5,4.5,9997,9997
`FS100484,货道30,统一冰红茶[柠檬](PET500ml),INTR894011688,饮料,3,3,9995,9995
`FS100484,货道31,统一冰红茶[柠檬](PET500ml),INTR894011688,饮料,3,3,9992,9992
`FS100484,货道32,统一茶裏王[无糖台式乌龙茶](PET420ml),INTR904011685,饮料,5,5,9998,9998
`FS100484,货道33,统一茶裏王[无糖台式乌龙茶](PET420ml),INTR904011685,饮料,5,5,9994,9994
`FS100484,货道34,ALKAQUA[饮用天然矿泉水](PET570ml),INTR997009154,矿泉水,4,4,9991,9991
`FS100270,货道1,统一鲜橙多(CAN310ml),INTR767011663,饮料,3,3,90,90
`FS100270,货道2,统一鲜橙多(CAN310ml),INTR767011663,饮料,3,3,90,90
`FS100270,货道3,可口可乐[自购版](CAN330ml),INTR121011635,饮料,3,3,90,90
`FS100270,货道4,可口可乐[自购版](CAN330ml),INTR121011635,饮料,3,3,90,90
`FS100270,货道5,雪碧[自购版](CAN330ml),INTR685011636,饮料,3,3,90,90
`FS100270,货道6,三得利利趣拿铁(CAN310ml),INTR861012877,饮料,4,4,90,90
`FS100270,货道7,雪碧[自购版](PET500ml),INTR175012204,饮料,3.5,3.5,90,90
`FS100270,货道8,百事可乐(PET600ml),INTR065012794,饮料,3.5,3.5,85,85
`FS100270,货道9,百事可乐(PET600ml),INTR065012794,饮料,3.5,3.5,88,88
`FS100270,货道10,统一阿萨姆[奶茶原味](PET500ml),INTR230011689,饮料,4.5,4.5,90,90
`FS100270,货道11,雅哈[冰咖啡](PET450ml),INTR470011686,饮料,5.5,5.5,87,87
`FS100270,货道13,健力宝运动饮料[橙蜜](PET560ml),INTR216012107,饮料,4,4,90,90
`FS100270,货道14,,,,,,0,0
`FS100270,货道15,可口可乐[自购版](PET500ml),INTR724012203,饮料,3.5,3.5,90,90
`FS100270,货道16,,,,,,0,0
`FS100270,货道17,统一冰红茶[柠檬](PET500ml),INTR894011688,饮料,3,3,90,90
`FS100270,货道19,统一轻啵苏打水[柠檬味](PET500ml),INTR773011687,饮料,3.5,3.5,89,89
`FS100270,货道21,统一茶裏王[无糖台式乌龙茶](PET420ml),INTR904011685,饮料,5,5,89,89
`FS100270,货道23,统一冰红茶[柠檬](PET500ml),INTR894011688,饮料,3,3,90,90
`FS100270,货道24,统一冰绿茶[青梅绿茶](PET500ml),INTR469011681,饮料,3,3,90,90
`FS100270,货道25,今麦郎芒顿小镇柠檬水(PET500ml),INTR322012790,饮料,2.5,2.5,90,90
`FS100270,货道26,今麦郎芒顿小镇柠檬水(PET500ml),INTR322012790,饮料,2.5,2.5,90,90
`FS100270,货道27,小茗同学[青柠红茶](PET480ml),INTR297011693,饮料,5,5,89,89
`FS100270,货道28,小茗同学[溜溜哒茶](PET480ml),INTR973011692,饮料,5,5,90,90
`FS100270,货道29,怡宝[纯净水](PET555ml),INTR128012109,矿泉水,2,2,90,90
`FS100270,货道30,怡宝[纯净水](PET555ml),INTR128012109,矿泉水,2,2,89,89
`FS100270,货道31,海之言[柠檬](PET500ml),INTR039011682,饮料,4,4,90,90
`FS100270,货道32,焕神[热带水果风味]饮料(PET460ml),INTR583011691,饮料,5,5,90,90
`FS100270,货道33,统一鲜橙多(PET450ml),INTR910011664,饮料,3.5,3.5,86,86
`FS100270,货道34,饮养四季[金桔柠檬](PET500ml),INTR372011680,饮料,3.5,3.5,90,90
`FS100429,货道1,统一冰绿茶[青梅绿茶](CAN310ml),INTG116100075,饮料,2.5,3,99994,99994
`FS100429,货道2,统一好料道[仙草凉茶](CAN310ml),INTR791011678,饮料,4,5,99997,99997
`FS100429,货道3,统一鲜橙多(CAN310ml),INTR767011663,饮料,3,4,99996,99996
`FS100429,货道4,统一冰红茶(CAN310ml),INTR115011662,饮料,2.5,3.5,99999,99999
`FS100429,货道5,小野[芒果汁](CAN245ml),INTR457012418,饮料,3,3,99998,99998
`FS100429,货道6,小野[芒果汁](CAN245ml),INTR457012418,饮料,3,3,99996,99996
`FS100429,货道7,统一绿茶[茉莉](PET500ml),INTR577011683,饮料,3,4,99989,99989
`FS100429,货道8,统一绿茶[茉莉](PET500ml),INTR577011683,饮料,3,4,99990,99990
`FS100429,货道9,海之言[柠檬](PET500ml),INTR039011682,饮料,4,5,99984,99984
`FS100429,货道10,海之言[蓝莓](PET500ml),INTR526012420,饮料,4,5,99999,99999
`FS100429,货道11,海之言[桃桃百香果](PET500ml),INTR950012403,饮料,4,5,99999,99999
`FS100429,货道13,百事可乐(PET600ml),INTR065012794,饮料,3.5,4,99991,99991
`FS100429,货道14,,,,,,0,0
`FS100429,货道15,元气森林白桃味气泡水瓶装480ml(2021),105195,开门柜,5,6,99989,99989
`FS100429,货道16,,,,,,0,0
`FS100429,货道17,农夫山泉力量帝维他命水(PET500ml),INTR911012108,饮料,5,6,99987,99987
`FS100429,货道19,ALKAQUA[饮用天然矿泉水](PET570ml),INTR495012438,矿泉水,4,5,99993,99993
`FS100429,货道21,ALKAQUA[饮用天然矿泉水](PET570ml),INTR495012438,矿泉水,4,5,99991,99991
`FS100429,货道23,怡宝[纯净水](PET555ml),INTR128012109,矿泉水,2,3,99978,99978
`FS100429,货道24,怡宝[纯净水](PET555ml),INTR128012109,矿泉水,2,3,99980,99980
`FS100429,货道25,统一鲜橙多(PET450ml),INTR910011664,饮料,3.5,4.5,99988,99988
`FS100429,货道26,统一冰红茶[柠檬](PET500ml),INTR894011688,饮料,3,4,99994,99994
`FS100429,货道27,A-Ha[苹果]气泡水果饮料(PET500ml),INTR255012430,饮料,3,5,99994,99994
`FS100429,货道28,A-Ha[柠檬]气泡水果饮料(PET500ml),INTR578012419,饮料,3,5,99998,99998
`FS100429,货道29,统一阿萨姆[奶茶原味](PET500ml),INTR230011689,饮料,4.5,5.5,99990,99990
`FS100429,货道30,统一冰绿茶[青梅绿茶](PET500ml),INTR469011681,饮料,3,4,99992,99992
`FS100429,货道31,饮养四季[金桔柠檬](PET500ml),INTR372011680,饮料,3.5,4.5,99994,99994
`FS100429,货道32,焕神[热带水果风味]饮料(PET460ml),INTR583011691,饮料,5,6,99990,99990
`FS100429,货道33,统一轻啵苏打水[柠檬味](PET500ml),INTR773011687,饮料,3.5,4,99996,99996
`FS100429,货道34,统一轻啵苏打水[柠檬味](PET500ml),INTR773011687,饮料,3.5,4,99997,99997
`FS100862,货道1,可口可乐[自购版](CAN330ml),INTR121011635,饮料,3,3,5,5
`FS100862,货道2,可口可乐[自购版](CAN330ml),INTR121011635,饮料,3,3,10,10
`FS100862,货道3,,,,,,0,0
`FS100862,货道4,爱朵拉拿铁咖啡(CAN310ml),INTR459011637,饮料,4,4,16,16
`FS100862,货道5,统一好料道[仙草凉茶](CAN310ml),INTR791011678,饮料,4,4,11,11
`FS100862,货道6,统一好料道[仙草凉茶](CAN310ml),INTR791011678,饮料,4,4,10,10
`FS100862,货道7,统一阿萨姆[青提茉莉](PET450ml),INTR269013402,饮料,4.5,4.5,14,14
`FS100862,货道8,体质能量(PET580ml),INTR468012175,饮料,4,4,16,16
`FS100862,货道9,统一阿萨姆[奶茶原味](PET500ml),INTR230011689,饮料,4.5,4.5,14,14
`FS100862,货道10,雅哈[冰咖啡](PET450ml),INTR470011686,饮料,5.5,5.5,15,15
`FS100862,货道11,小茗同学[溜溜哒茶](PET480ml),INTR973011692,饮料,5,5,3,3
`FS100862,货道13,,,,,,0,0
`FS100862,货道14,,,,,,0,0
`FS100862,货道15,小茗同学[溜溜哒茶](PET480ml),INTR973011692,饮料,5,5,17,17
`FS100862,货道16,,,,,,0,0
`FS100862,货道17,统一冰红茶[柠檬](PET500ml),INTR894011688,饮料,3,3,11,11
`FS100862,货道19,海之言[柠檬](PET500ml),INTR039011682,饮料,4,4,5,5
`FS100862,货道21,海之言[柠檬](PET500ml),INTR039011682,饮料,4,4,10,10
`FS100862,货道23,统一阿萨姆[奶茶原味](PET500ml),INTR230011689,饮料,4.5,4.5,14,14
`FS100862,货道24,焕神[热带水果风味]饮料(PET460ml),INTR583011691,饮料,5,5,14,14
`FS100862,货道25,ALKAQUA[饮用天然矿泉水](PET570ml),INTR495012438,矿泉水,4,4,9,9
`FS100862,货道26,海之言[柠檬](PET500ml),INTR039011682,饮料,4,4,6,6
`FS100862,货道27,统一冰红茶[柠檬](PET500ml),INTR894011688,饮料,3,3,11,11
`FS100862,货道28,统一冰绿茶[青梅绿茶](PET500ml),INTR469011681,饮料,3,3,8,8
`FS100862,货道29,统一冰红茶[柠檬](PET500ml),INTR894011688,饮料,3,3,17,17
`FS100862,货道30,统一冰红茶[柠檬](PET500ml),INTR894011688,饮料,3,3,16,16
`FS100862,货道31,ALKAQUA[饮用天然矿泉水](PET570ml),INTR495012438,矿泉水,4,4,3,3
`FS100862,货道32,统一茶裏王[无糖台式乌龙茶](PET420ml),INTR904011685,饮料,5,5,5,5
`FS100862,货道33,统一冰绿茶[青梅绿茶](PET500ml),INTR469011681,饮料,3,3,8,8
`FS100862,货道34,统一冰绿茶[青梅绿茶](PET500ml),INTR469011681,饮料,3,3,5,5
`FS100872,货道1,爱朵拉拿铁咖啡(CAN310ml),INTR459011637,饮料,4,4,99999,99999
`FS100872,货道2,可口可乐[自购版](CAN330ml),INTR121011635,饮料,3,3,99999,99999
`FS100872,货道3,雪碧[自购版](CAN330ml),INTR685011636,饮料,3,3,99999,99999
`FS100872,货道4,统一冰红茶(CAN310ml),INTR115011662,饮料,2.5,2.5,99999,99999
`FS100872,货道5,统一鲜橙多(CAN310ml),INTR767011663,饮料,3,3,99999,99999
`FS100872,货道6,爱朵拉拿铁咖啡(CAN310ml),INTR459011637,饮料,4,4,99999,99999
`FS100872,货道7,美年达橙味500ml,114732,开门柜,5,3.5,99999,99999
`FS100872,货道8,百事可乐(PET600ml),INTR065012794,饮料,3.5,3.5,99999,99999
`FS100872,货道9,雪碧[自购版](PET500ml),INTR175012204,饮料,3.5,3.5,99999,99999
`FS100872,货道10,雅哈[冰咖啡](PET450ml),INTR470011686,饮料,5.5,5.5,99999,99999
`FS100872,货道11,统一茶裏王[无糖台式乌龙茶](PET420ml),INTR904011685,饮料,5,5,99999,99999
`FS100872,货道13,统一轻啵苏打水[柠檬味](PET500ml),INTR773011687,饮料,3.5,3.5,99999,99999
`FS100872,货道14,,,,,,0,0
`FS100872,货道15,今麦郎芒顿小镇柠檬水(PET500ml),INTR322012790,饮料,2.5,2.5,99999,99999
`FS100872,货道16,,,,,,0,0
`FS100872,货道17,百事可乐(PET600ml),INTR065012794,饮料,3.5,3.5,99998,99998
`FS100872,货道19,焕神[热带水果风味]饮料(PET460ml),INTR583011691,饮料,5,5,99998,99998
`FS100872,货道21,ALKAQUA[饮用天然矿泉水](PET570ml),INTR495012438,矿泉水,4,4,99999,99999
`FS100872,货道23,统一鲜橙多(PET450ml),INTR910011664,饮料,3.5,3.5,99999,99999
`FS100872,货道24,统一冰绿茶[青梅绿茶](PET500ml),INTR469011681,饮料,3,3,99999,99999
`FS100872,货道25,统一冰绿茶[青梅绿茶](PET500ml),INTR469011681,饮料,3,3,99999,99999
`FS100872,货道26,小茗同学[溜溜哒茶](PET480ml),INTR973011692,饮料,5,5,99999,99999
`FS100872,货道27,小茗同学[青柠红茶](PET480ml),INTR297011693,饮料,5,5,99999,99999
`FS100872,货道28,怡宝[纯净水](PET555ml),INTR128012109,矿泉水,2,2,99999,99999
`FS100872,货道29,统一阿萨姆[奶茶原味](PET500ml),INTR230011689,饮料,4.5,4.5,99997,99997
`FS100872,货道30,统一冰红茶[柠檬](PET500ml),INTR894011688,饮料,3,3,99998,99998
`FS100872,货道31,统一冰红茶[柠檬](PET500ml),INTR894011688,饮料,3,3,99998,99998
`FS100872,货道32,饮养四季[金桔柠檬](PET500ml),INTR372011680,饮料,3.5,3.5,99999,99999
`FS100872,货道33,海之言[柠檬](PET500ml),INTR039011682,饮料,4,4,99999,99999
`FS100872,货道34,海之言[柠檬](PET500ml),INTR039011682,饮料,4,4,99999,99999
`FS100095,货道1,百事可乐(CAN330ml),INTR785012174,饮料,2.5,2.5,99999,99999
`FS100095,货道2,雪碧[自购版](CAN330ml),INTR685011636,饮料,3,3,99999,99999
`FS100095,货道3,可口可乐[自购版](CAN330ml),INTR121011635,饮料,3,3,99999,99999
`FS100095,货道4,可口可乐[自购版](CAN330ml),INTR121011635,饮料,3,3,99999,99999
`FS100095,货道5,统一鲜橙多(CAN310ml),INTR767011663,饮料,3,3,99999,99999
`FS100095,货道6,统一鲜橙多(CAN310ml),INTR767011663,饮料,3,3,99998,99998
`FS100095,货道7,百事可乐(PET600ml),INTR065012794,饮料,3.5,3.5,99998,99998
`FS100095,货道8,百事可乐(PET600ml),INTR065012794,饮料,3.5,3.5,99999,99999
`FS100095,货道9,百事可乐(PET600ml),INTR065012794,饮料,3.5,3.5,99999,99999
`FS100095,货道10,雅哈[冰咖啡](PET450ml),INTR470011686,饮料,5.5,5.5,99999,99999
`FS100095,货道11,焕神[热带水果风味]饮料(PET460ml),INTR583011691,饮料,5,5,99999,99999
`FS100095,货道13,雪碧[自购版](PET500ml),INTR175012204,饮料,3.5,3.5,99999,99999
`FS100095,货道14,,,,,,0,0
`FS100095,货道15,统一阿萨姆[奶茶原味](PET500ml),INTR230011689,饮料,4.5,4.5,99999,99999
`FS100095,货道16,,,,,,0,0
`FS100095,货道17,统一鲜橙多(PET450ml),INTR910011664,饮料,3.5,3.5,99999,99999
`FS100095,货道19,怡宝[纯净水](PET555ml),INTR128012109,矿泉水,2,2,99999,99999
`FS100095,货道21,怡宝[纯净水](PET555ml),INTR128012109,矿泉水,2,2,99999,99999
`FS100095,货道23,今麦郎芒顿小镇柠檬水(PET500ml),INTR322012790,饮料,2.5,2.5,99998,99998
`FS100095,货道24,今麦郎蜂蜜柚子味复合果汁饮料500ml,111144,开门柜,5,3,99999,99999
`FS100095,货道25,统一冰红茶[柠檬](PET500ml),INTR894011688,饮料,3,3,99999,99999
`FS100095,货道26,小茗同学[溜溜哒茶](PET480ml),INTR973011692,饮料,5,5,99999,99999
`FS100095,货道27,小茗同学[青柠红茶](PET480ml),INTR297011693,饮料,5,5,99999,99999
`FS100095,货道28,统一轻啵苏打水[柠檬味](PET500ml),INTR773011687,饮料,3.5,3.5,99999,99999
`FS100095,货道29,统一冰绿茶[青梅绿茶](PET500ml),INTR469011681,饮料,3,3,99999,99999
`FS100095,货道30,统一冰绿茶[青梅绿茶](PET500ml),INTR469011681,饮料,3,3,99999,99999
`FS100095,货道31,饮养四季[金桔柠檬](PET500ml),INTR372011680,饮料,3.5,3.5,99999,99999
`FS100095,货道32,饮养四季[金桔柠檬](PET500ml),INTR372011680,饮料,3.5,3.5,99999,99999
`FS100095,货道33,海之言[柠檬](PET500ml),INTR039011682,饮料,4,4,99999,99999
`FS100095,货道34,统一茶裏王[无糖台式乌龙茶](PET420ml),INTR904011685,饮料,5,5,99999,99999
`FS100220,货道1,可口可乐[自购版](CAN330ml),INTR121011635,饮料,3,3,99992,99992
`FS100220,货道2,雪碧[自购版](CAN330ml),INTR685011636,饮料,3,3,99999,99999
`FS100220,货道3,统一冰红茶(CAN310ml),INTR115011662,饮料,2.5,2.5,99999,99999
`FS100220,货道4,统一冰红茶(CAN310ml),INTR115011662,饮料,2.5,2.5,99998,99998
`FS100220,货道5,统一鲜橙多(CAN310ml),INTR767011663,饮料,3,3,99993,99993
`FS100220,货道6,爱朵拉拿铁咖啡(CAN310ml),INTR459011637,饮料,4,4,99999,99999
`FS100220,货道7,雪碧[自购版](PET500ml),INTR175012204,饮料,3.5,3.5,99993,99993
`FS100220,货道8,百事可乐(PET600ml),INTR065012794,饮料,3.5,3.5,99985,99985
`FS100220,货道9,百事可乐(PET600ml),INTR065012794,饮料,3.5,3.5,99995,99995
`FS100220,货道10,怡宝[纯净水](PET555ml),INTR128012109,矿泉水,2,2,99991,99991
`FS100220,货道11,雅哈[冰咖啡](PET450ml),INTR470011686,饮料,5.5,5.5,99998,99998
`FS100220,货道13,美年达橙味500ml,114732,开门柜,5,3.5,99991,99991
`FS100220,货道14,,,,,,0,0
`FS100220,货道15,今麦郎芒顿小镇柠檬水(PET500ml),INTR322012790,饮料,2.5,2.5,99988,99988
`FS100220,货道16,,,,,,0,0
`FS100220,货道17,美年达橙味500ml,114732,开门柜,5,3.5,99999,99999
`FS100220,货道19,怡宝[纯净水](PET555ml),INTR128012109,矿泉水,2,2,99995,99995
`FS100220,货道21,怡宝[纯净水](PET555ml),INTR128012109,矿泉水,2,2,99999,99999
`FS100220,货道23,统一冰红茶[柠檬](PET500ml),INTR894011688,饮料,3,3,99993,99993
`FS100220,货道24,怡宝[纯净水](PET555ml),INTR128012109,矿泉水,2,2,99999,99999
`FS100220,货道25,统一阿萨姆[奶茶原味](PET500ml),INTR230011689,饮料,4.5,4.5,99996,99996
`FS100220,货道26,统一轻啵苏打水[柠檬味](PET500ml),INTR773011687,饮料,3.5,3.5,99997,99997
`FS100220,货道27,ALKAQUA[饮用天然矿泉水](PET570ml),INTR495012438,矿泉水,4,4,99999,99999
`FS100220,货道28,小茗同学[青柠红茶](PET480ml),INTR297011693,饮料,5,5,99998,99998
`FS100220,货道29,统一冰绿茶[青梅绿茶](PET500ml),INTR469011681,饮料,3,3,99998,99998
`FS100220,货道30,怡宝[纯净水](PET555ml),INTR128012109,矿泉水,2,2,99999,99999
`FS100220,货道31,饮养四季[金桔柠檬](PET500ml),INTR372011680,饮料,3.5,3.5,99995,99995
`FS100220,货道32,统一茶裏王[无糖台式乌龙茶](PET420ml),INTR904011685,饮料,5,5,99997,99997
`FS100220,货道33,海之言[柠檬](PET500ml),INTR039011682,饮料,4,4,99992,99992
`FS100220,货道34,焕神[热带水果风味]饮料(PET460ml),INTR583011691,饮料,5,5,99999,99999
`FS100568,货道1,,,,,,0,0
`FS100568,货道2,,,,,,0,0
`FS100568,货道3,,,,,,0,0
`FS100568,货道4,,,,,,0,0
`FS100568,货道5,,,,,,0,0
`FS100568,货道6,,,,,,0,0
`FS100568,货道7,,,,,,0,0
`FS100568,货道8,,,,,,0,0
`FS100568,货道9,,,,,,0,0
`FS100568,货道10,,,,,,0,0
`FS100568,货道11,,,,,,0,0
`FS100568,货道13,,,,,,0,0
`FS100568,货道14,,,,,,0,0
`FS100568,货道15,,,,,,0,0
`FS100568,货道16,,,,,,0,0
`FS100568,货道17,,,,,,0,0
`FS100568,货道19,,,,,,0,0
`FS100568,货道21,,,,,,0,0
`FS100568,货道23,,,,,,0,0
`FS100568,货道24,,,,,,0,0
`FS100568,货道25,,,,,,0,0
`FS100568,货道26,,,,,,0,0
`FS100568,货道27,,,,,,0,0
`FS100568,货道28,,,,,,0,0
`FS100568,货道29,,,,,,0,0
`FS100568,货道30,,,,,,0,0
`FS100568,货道31,,,,,,0,0
`FS100568,货道32,,,,,,0,0
`FS100568,货道33,,,,,,0,0
`FS100568,货道34,,,,,,0,0
`FS100870,货道1,雪碧[自购版](CAN330ml),INTR685011636,饮料,3,3,99993,99993
`FS100870,货道2,统一鲜橙多(CAN310ml),INTR767011663,饮料,3,3,99987,99987
`FS100870,货道3,统一冰红茶(CAN310ml),INTR115011662,饮料,2.5,2.5,99993,99993
`FS100870,货道4,统一冰红茶(CAN310ml),INTR115011662,饮料,2.5,2.5,99998,99998
`FS100870,货道5,可口可乐[自购版](CAN330ml),INTR121011635,饮料,3,3,99996,99996
`FS100870,货道6,统一鲜橙多(CAN310ml),INTR767011663,饮料,3,3,99997,99997
`FS100870,货道7,百事可乐(PET600ml),INTR065012794,饮料,3.5,3.5,99983,99983
`FS100870,货道8,美年达橙味500ml,114732,开门柜,5,3,99984,99984
`FS100870,货道9,今麦郎芒顿小镇柠檬水(PET500ml),INTR322012790,饮料,2.5,2.5,99989,99989
`FS100870,货道10,今麦郎芒顿小镇柠檬水(PET500ml),INTR322012790,饮料,2.5,2.5,99995,99995
`FS100870,货道11,百事可乐(PET600ml),INTR065012794,饮料,3.5,3.5,99994,99994
`FS100870,货道13,健力宝运动饮料[橙蜜](PET560ml),INTR216012107,饮料,4,4,99991,99991
`FS100870,货道14,,,,,,0,0
`FS100870,货道15,雪碧[自购版](PET500ml),INTR175012204,饮料,3.5,3.5,99986,99986
`FS100870,货道16,,,,,,0,0
`FS100870,货道17,统一阿萨姆[奶茶原味](PET500ml),INTR230011689,饮料,4.5,4.5,99996,99996
`FS100870,货道19,怡宝[纯净水](PET555ml),INTR128012109,矿泉水,2,2,99991,99991
`FS100870,货道21,焕神[热带水果风味]饮料(PET460ml),INTR583011691,饮料,5,5,99998,99998
`FS100870,货道23,统一鲜橙多(PET450ml),INTR910011664,饮料,3.5,3.5,99995,99995
`FS100870,货道24,ALKAQUA[饮用天然矿泉水](PET570ml),INTR495012438,矿泉水,4,4,99985,99985
`FS100870,货道25,小茗同学[青柠红茶](PET480ml),INTR297011693,饮料,5,5,99991,99991
`FS100870,货道26,小茗同学[溜溜哒茶](PET480ml),INTR973011692,饮料,5,5,99992,99992
`FS100870,货道27,怡宝[纯净水](PET555ml),INTR128012109,矿泉水,2,2,99986,99986
`FS100870,货道28,统一茶裏王[无糖台式乌龙茶](PET420ml),INTR904011685,饮料,5,5,99998,99998
`FS100870,货道29,统一冰绿茶[青梅绿茶](PET500ml),INTR469011681,饮料,3,3,99993,99993
`FS100870,货道30,统一冰红茶[柠檬](PET500ml),INTR894011688,饮料,3,3,99995,99995
`FS100870,货道31,怡宝[纯净水](PET555ml),INTR128012109,矿泉水,2,2,99985,99985
`FS100870,货道32,饮养四季[金桔柠檬](PET500ml),INTR372011680,饮料,3.5,3.5,99997,99997
`FS100870,货道33,海之言[柠檬](PET500ml),INTR039011682,饮料,4,4,99993,99993
`FS100870,货道34,海之言[柠檬](PET500ml),INTR039011682,饮料,4,4,99996,99996
`FS100371,货道1,红牛金罐(CAN250ml),INTR442012892,饮料,6,6,9984,9984
`FS100371,货道2,统一冰红茶(CAN310ml),INTR115011662,饮料,2.5,2.5,9996,9996
`FS100371,货道3,统一冰红茶(CAN310ml),INTR115011662,饮料,2.5,2.5,9993,9993
`FS100371,货道4,统一蜜桃多(CAN310ml),INTR765012351,饮料,3,3,9983,9983
`FS100371,货道5,统一蜜桃多(CAN310ml),INTR765012351,饮料,3,3,9997,9997
`FS100371,货道6,统一蜜桃多(CAN310ml),INTR765012351,饮料,3,3,9995,9995
`FS100371,货道7,健力宝运动饮料[橙蜜](PET560ml),INTR216012107,饮料,4,5,9993,9993
`FS100371,货道8,统一阿萨姆[奶茶原味](PET500ml),INTR230011689,饮料,4.5,4.5,9995,9995
`FS100371,货道9,统一冰红茶[柠檬](PET500ml),INTR894011688,饮料,3,3,9991,9991
`FS100371,货道10,统一冰绿茶[青梅绿茶](PET500ml),INTR469011681,饮料,3,3,9993,9993
`FS100371,货道11,统一轻啵苏打水[桃花味](PET500ml),INTR876012423,饮料,3.5,3.5,9997,9997
`FS100371,货道13,百事可乐(PET500ml),INTR859012793,饮料,3.5,3.5,9982,9982
`FS100371,货道14,,,,,,0,0
`FS100371,货道16,统一鲜橙多(PET450ml),INTR910011664,饮料,3.5,3.5,9995,9995
`FS100371,货道17,雅哈[冰咖啡](PET450ml),INTR470011686,饮料,5.5,5.5,9999,9999
`FS100371,货道19,统一饮养四季[冰糖雪梨](PET500ml),INTR56004726,饮料,3.5,3.5,9993,9993
`FS100371,货道21,统一阿萨姆[奶茶原味](PET500ml),INTR230011689,饮料,4.5,4.5,9994,9994
`FS100371,货道23,焕神[热带水果风味]饮料(PET460ml),INTR583011691,饮料,5,5,9997,9997
`FS100371,货道24,统一冰红茶[柠檬](PET500ml),INTR894011688,饮料,3,3,9997,9997
`FS100371,货道25,统一鲜橙多(PET450ml),INTR910011664,饮料,3.5,3.5,9997,9997
`FS100371,货道26,统一绿茶[茉莉](PET500ml),INTR577011683,饮料,3,3,9986,9986
`FS100371,货道27,统一绿茶[茉莉](PET500ml),INTR577011683,饮料,3,3,9989,9989
`FS100371,货道28,统一绿茶[茉莉](PET500ml),INTR577011683,饮料,3,3,9998,9998
`FS100371,货道29,统一冰红茶[柠檬](PET500ml),INTR894011688,饮料,3,3,9996,9996
`FS100371,货道30,小茗同学[溜溜哒茶](PET480ml),INTR973011692,饮料,5,5,9999,9999
`FS100371,货道31,农夫茶π蜜桃乌龙茶(PET500ml),INTR930012870,饮料,5,5,9972,9972
`FS100371,货道32,饮养四季[金桔柠檬](PET500ml),INTR372011680,饮料,3.5,3.5,9999,9999
`FS100371,货道33,统一冰绿茶[青梅绿茶](PET500ml),INTR469011681,饮料,3,3,9997,9997
`FS100371,货道34,统一茶裏王[无糖台式乌龙茶](PET420ml),INTR904011685,饮料,5,5,9999,9999
`FS100157,货道1,统一鲜橙多(CAN310ml),INTR767011663,饮料,3,3,22,22
`FS100157,货道2,统一鲜橙多(CAN310ml),INTR767011663,饮料,3,3,20,20
`FS100157,货道3,统一鲜橙多(CAN310ml),INTR767011663,饮料,3,3,18,18
`FS100157,货道4,统一鲜橙多(CAN310ml),INTR767011663,饮料,3,3,16,16
`FS100157,货道5,红牛金罐(CAN250ml),INTR442012892,饮料,6,6.5,14,14
`FS100157,货道6,红牛金罐(CAN250ml),INTR442012892,饮料,6,6.5,10,10
`FS100157,货道7,可口可乐[自购版](PET500ml),INTR724012203,饮料,3.5,3.5,20,20
`FS100157,货道8,可口可乐[自购版](PET500ml),INTR724012203,饮料,3.5,3.5,19,19
`FS100157,货道9,统一阿萨姆[奶茶原味](PET500ml),INTR230011689,饮料,4.5,4.5,18,18
`FS100157,货道10,统一阿萨姆[奶茶原味](PET500ml),INTR230011689,饮料,4.5,4.5,16,16
`FS100157,货道11,统一阿萨姆[奶茶原味](PET500ml),INTR230011689,饮料,4.5,4.5,13,13
`FS100157,货道13,脉动[青柠味](PET600ml),INTR924012868,饮料,4,5,18,18
`FS100157,货道14,,,,,,0,0
`FS100157,货道15,脉动[青柠味](PET600ml),INTR924012868,饮料,4,5,14,14
`FS100157,货道16,,,,,,0,0
`FS100157,货道17,脉动[青柠味](PET600ml),INTR924012868,饮料,4,5,10,10
`FS100157,货道19,娃哈哈[钻面水](PET550ml),INTR055012170,矿泉水,2,2.5,0,0
`FS100157,货道21,海之言[柠檬](PET500ml),INTR039011682,饮料,4,4.5,0,0
`FS100157,货道23,统一阿萨姆[奶茶原味](PET500ml),INTR230011689,饮料,4.5,4.5,20,20
`FS100157,货道24,海之言[柠檬](PET500ml),INTR039011682,饮料,4,4.5,0,0
`FS100157,货道25,统一冰红茶[柠檬](PET500ml),INTR894011688,饮料,3,3.5,17,17
`FS100157,货道26,统一冰红茶[柠檬](PET500ml),INTR894011688,饮料,3,3.5,16,16
`FS100157,货道27,统一冰红茶[柠檬](PET500ml),INTR894011688,饮料,3,3.5,14,14
`FS100157,货道28,统一冰红茶[柠檬](PET500ml),INTR894011688,饮料,3,3.5,12,12
`FS100157,货道29,,,,,,0,0
`FS100157,货道30,统一绿茶[茉莉](PET500ml),INTR577011683,饮料,3,3.5,18,18
`FS100157,货道31,统一绿茶[茉莉](PET500ml),INTR577011683,饮料,3,3.5,15,15
`FS100157,货道32,饮养四季[金桔柠檬](PET500ml),INTR372011680,饮料,3.5,3.5,14,14
`FS100157,货道33,焕神[热带水果风味]饮料(PET460ml),INTR583011691,饮料,5,5,12,12
`FS100157,货道34,焕神[热带水果风味]饮料(PET460ml),INTR583011691,饮料,5,5,12,12
`FS100224,货道1,可口可乐[自购版](CAN330ml),INTR121011635,饮料,3,3,20,20
`FS100224,货道2,爱朵拉拿铁咖啡(CAN310ml),INTR459011637,饮料,4,4,19,19
`FS100224,货道3,台福椰子汁(CAN238ml),INTR913012195,饮料,3,3,19,19
`FS100224,货道4,统一蜜桃多(CAN310ml),INTR765012351,饮料,3,3,17,17
`FS100224,货道5,,,,,,0,0
`FS100224,货道6,统一好料道[仙草凉茶](CAN310ml),INTR791011678,饮料,4,4,12,12
`FS100224,货道7,统一阿萨姆[奶茶原味](PET500ml),INTR230011689,饮料,4.5,4.5,21,21
`FS100224,货道8,统一饮养四季[冰糖雪梨](PET500ml),INTR56004726,饮料,3.5,3.5,19,19
`FS100224,货道9,统一冰绿茶[青梅绿茶](PET500ml),INTR469011681,饮料,3,3,0,0
`FS100224,货道10,统一冰绿茶[青梅绿茶](PET500ml),INTR469011681,饮料,3,3,15,15
`FS100224,货道11,统一冰绿茶[青梅绿茶](PET500ml),INTR469011681,饮料,3,3,0,0
`FS100224,货道13,,,,,,0,0
`FS100224,货道14,,,,,,0,0
`FS100224,货道15,统一鲜橙多(PET450ml),INTR910011664,饮料,3.5,3.5,19,19
`FS100224,货道16,,,,,,0,0
`FS100224,货道17,,,,,,0,0
`FS100224,货道19,体质能量(PET580ml),INTR468012175,饮料,4,4,15,15
`FS100224,货道21,,,,,,0,0
`FS100224,货道23,焕神[热带水果风味]饮料(PET460ml),INTR583011691,饮料,5,5,21,21
`FS100224,货道24,饮养四季[金桔柠檬](PET500ml),INTR372011680,饮料,3.5,3.5,19,19
`FS100224,货道25,统一绿茶[茉莉](PET500ml),INTR577011683,饮料,3,3,17,17
`FS100224,货道26,小茗同学[冰橘绿茶](PET480ml),INTR001012220,饮料,5,5,18,18
`FS100224,货道27,统一冰红茶[柠檬](PET500ml),INTR894011688,饮料,3,3,15,15
`FS100224,货道28,统一冰红茶[柠檬](PET500ml),INTR894011688,饮料,3,3,13,13
`FS100224,货道29,,,,,,0,0
`FS100224,货道30,,,,,,0,0
`FS100224,货道31,,,,,,0,0
`FS100224,货道32,,,,,,0,0
`FS100224,货道33,海之言[柠檬](PET500ml),INTR039011682,饮料,4,4,15,15
`FS100224,货道34,雅哈[冰咖啡](PET450ml),INTR470011686,饮料,5.5,5.5,13,13
