设备编号,货道名称,商品名称,商品编号,分类,参考价格,实际价格,可售库存,合计库存
`FS100052,货道1,娃哈哈桂圆莲子八宝粥(CAN360ml),INTR218012884,食品,4,4,99934,99934
`FS100052,货道2,旺旺牛奶(CAN245ml),INTR783012872,饮料,6,5.5,99829,99829
`FS100052,货道3,统一鲜橙多(CAN310ml),INTR767011663,饮料,3,3,99912,99912
`FS100052,货道4,统一鲜橙多(CAN310ml),INTR767011663,饮料,3,3,99921,99921
`FS100052,货道5,小野[芒果汁](CAN245ml),INTR457012418,饮料,3,3,99933,99933
`FS100052,货道6,小野[芒果汁](CAN245ml),INTR457012418,饮料,3,3,99945,99945
`FS100052,货道7,美汁源果粒奶优[香蕉味](450ml),INTR417013627,饮料,4.5,4.5,99816,99816
`FS100052,货道8,脉动[青柠味](PET600ml),INTR924012868,饮料,4,5,99886,99886
`FS100052,货道9,统一绿茶[茉莉](PET500ml),INTR577011683,饮料,3,3,99879,99879
`FS100052,货道10,统一阿萨姆[奶茶原味](PET500ml),INTR230011689,饮料,4.5,4.5,99919,99919
`FS100052,货道11,统一阿萨姆[奶茶原味](PET500ml),INTR230011689,饮料,4.5,4.5,99914,99914
`FS100052,货道13,饮养四季[金桔柠檬](PET500ml),INTR372011680,饮料,3.5,3.5,99857,99857
`FS100052,货道14,,,,,3,99999,99999
`FS100052,货道15,统一冰绿茶[青梅绿茶](PET500ml),INTR469011681,饮料,3,3,99840,99840
`FS100052,货道16,,,,,,0,0
`FS100052,货道17,统一鲜橙多(PET450ml),INTR910011664,饮料,3.5,3.5,99870,99870
`FS100052,货道19,统一鲜橙多(PET450ml),INTR910011664,饮料,3.5,3.5,99879,99879
`FS100052,货道21,统一鲜橙多(PET450ml),INTR910011664,饮料,3.5,3.5,99902,99902
`FS100052,货道23,娃哈哈营养快线(PET500ml),INTR409012898,饮料,5,5,99901,99901
`FS100052,货道24,今麦郎芒顿小镇柠檬水(PET500ml),INTR322012790,饮料,2.5,2.5,99851,99851
`FS100052,货道25,小茗同学[青柠红茶](PET480ml),INTR297011693,饮料,5,5,99874,99874
`FS100052,货道26,统一绿茶[茉莉](PET500ml),INTR577011683,饮料,3,3,99938,99938
`FS100052,货道27,统一饮养四季[冰糖雪梨](PET500ml),INTR56004726,饮料,3.5,3.5,99930,99930
`FS100052,货道28,格泉饮用天然水(PET500ml),INTR252012401,矿泉水,2,2,99925,99925
`FS100052,货道29,焕神[热带水果风味]饮料(PET460ml),INTR583011691,饮料,5,5,99876,99876
`FS100052,货道30,统一绿茶[茉莉](PET500ml),INTR577011683,饮料,3,3,99830,99830
`FS100052,货道31,统一冰红茶[柠檬](PET500ml),INTR894011688,饮料,3,3,99848,99848
`FS100052,货道32,海之言[柠檬](PET500ml),INTR039011682,饮料,4,4,99878,99878
`FS100052,货道33,海之言[柠檬](PET500ml),INTR039011682,饮料,4,4,99889,99889
`FS100052,货道34,格泉饮用天然水(PET500ml),INTR252012401,矿泉水,2,2,99935,99935
`FS100370,货道1,统一冰红茶(CAN310ml),INTR115011662,饮料,2.5,2.5,17,17
`FS100370,货道2,王老吉凉茶(CAN310ml),INTR472012173,饮料,3.5,3.5,18,18
`FS100370,货道3,可口可乐[自购版](CAN330ml),INTR121011635,饮料,3,3,16,16
`FS100370,货道4,可口可乐[自购版](CAN330ml),INTR121011635,饮料,3,3,13,13
`FS100370,货道5,雪碧[自购版](CAN330ml),INTR685011636,饮料,3,3,11,11
`FS100370,货道6,雪碧[自购版](CAN330ml),INTR685011636,饮料,3,3,10,10
`FS100370,货道7,统一阿萨姆[奶茶原味](PET500ml),INTR230011689,饮料,4.5,4.5,20,20
`FS100370,货道8,统一阿萨姆[奶茶原味](PET500ml),INTR230011689,饮料,4.5,4.5,18,18
`FS100370,货道9,农夫山泉(PET500ml),INTR762012795,矿泉水,2,2,2,2
`FS100370,货道10,统一冰绿茶[青梅绿茶](PET500ml),INTR469011681,饮料,3,3,13,13
`FS100370,货道11,统一冰绿茶[青梅绿茶](PET500ml),INTR469011681,饮料,3,3,12,12
`FS100370,货道13,可口可乐[自购版](PET500ml),INTR724012203,饮料,3.5,3.5,19,19
`FS100370,货道14,,,,,,0,0
`FS100370,货道15,可口可乐[自购版](PET500ml),INTR724012203,饮料,3.5,3.5,18,18
`FS100370,货道16,,,,,,0,0
`FS100370,货道17,雪碧[自购版](PET500ml),INTR175012204,饮料,3.5,3.5,14,14
`FS100370,货道19,雪碧[自购版](PET500ml),INTR175012204,饮料,3.5,3.5,12,12
`FS100370,货道21,焕神[热带水果风味]饮料(PET460ml),INTR583011691,饮料,5,5,12,12
`FS100370,货道23,农夫山泉(PET500ml),INTR762012795,矿泉水,2,2,15,15
`FS100370,货道24,农夫山泉(PET500ml),INTR762012795,矿泉水,2,2,12,12
`FS100370,货道25,海之言[柠檬](PET500ml),INTR039011682,饮料,4,4,15,15
`FS100370,货道26,统一冰红茶[柠檬](PET500ml),INTR894011688,饮料,3,3,14,14
`FS100370,货道27,统一冰红茶[柠檬](PET500ml),INTR894011688,饮料,3,3,11,11
`FS100370,货道28,饮养四季[金桔柠檬](PET500ml),INTR372011680,饮料,3.5,3.5,10,10
`FS100370,货道29,农夫山泉(PET500ml),INTR762012795,矿泉水,2,2,17,17
`FS100370,货道30,农夫山泉(PET500ml),INTR762012795,矿泉水,2,2,17,17
`FS100370,货道31,今麦郎芒顿小镇柠檬水(PET500ml),INTR322012790,饮料,2.5,3,15,15
`FS100370,货道32,统一绿茶[茉莉](PET500ml),INTR577011683,饮料,3,3,10,10
`FS100370,货道33,小茗同学[溜溜哒茶](PET480ml),INTR973011692,饮料,5,5,11,11
`FS100370,货道34,饮养四季[金桔柠檬](PET500ml),INTR372011680,饮料,3.5,3.5,10,10
`FS101358,货道1,银鹭八宝粥[桂圆莲子](CAN360g),INTR760012867,食品,3.5,3.5,23,23
`FS101358,货道2,小野[芒果汁](CAN245ml),INTR457012418,饮料,3,3,21,21
`FS101358,货道3,统一好料道[仙草凉茶](CAN310ml),INTR791011678,饮料,4,4,20,20
`FS101358,货道4,统一冰红茶(CAN310ml),INTR115011662,饮料,2.5,2.5,18,18
`FS101358,货道5,统一鲜橙多(CAN310ml),INTR767011663,饮料,3,3,16,16
`FS101358,货道6,爱朵拉拿铁咖啡(CAN310ml),INTR459011637,饮料,4,4,14,14
`FS101358,货道7,统一阿萨姆[奶茶原味](PET500ml),INTR230011689,饮料,4.5,4,19,19
`FS101358,货道8,统一阿萨姆[奶茶原味](PET500ml),INTR230011689,饮料,4.5,4,14,14
`FS101358,货道9,雅哈[冰咖啡](PET450ml),INTR470011686,饮料,5.5,5,3,3
`FS101358,货道10,统一阿萨姆[奶茶原味](PET500ml),INTR230011689,饮料,4.5,4,10,10
`FS101358,货道11,统一阿萨姆[奶茶原味](PET500ml),INTR230011689,饮料,4.5,4.5,12,12
`FS101358,货道13,可口可乐[自购版](PET500ml),INTR724012203,饮料,3.5,3.5,4,4
`FS101358,货道14,,,,,4,19,19
`FS101358,货道15,体质能量(PET580ml),INTR468012175,饮料,4,4,27,27
`FS101358,货道16,,,,,,0,0
`FS101358,货道17,李子园果蔬酸奶(PET280ml),INTR644012893,饮料,5.5,5,30,30
`FS101358,货道19,格泉饮用天然水(PET500ml),INTR252012401,矿泉水,2,2,12,12
`FS101358,货道21,小茗同学[冰橘绿茶](PET480ml),INTR001012220,饮料,5,5,26,26
`FS101358,货道23,统一冰红茶[柠檬](PET500ml),INTR894011688,饮料,3,3,17,17
`FS101358,货道24,今麦郎芒顿小镇柠檬水(PET500ml),INTR322012790,饮料,2.5,2,12,12
`FS101358,货道25,统一冰绿茶[青梅绿茶](PET500ml),INTR469011681,饮料,3,3,15,15
`FS101358,货道26,统一冰绿茶[青梅绿茶](PET500ml),INTR469011681,饮料,3,3,25,25
`FS101358,货道27,小茗同学[青柠红茶](PET480ml),INTR297011693,饮料,5,5,16,16
`FS101358,货道28,统一鲜橙多(PET450ml),INTR910011664,饮料,3.5,3.5,10,10
`FS101358,货道29,焕神[热带水果风味]饮料(PET460ml),INTR583011691,饮料,5,5,17,17
`FS101358,货道30,统一轻啵苏打水[桃花味](PET500ml),INTR876012423,饮料,3.5,3.5,21,21
`FS101358,货道31,台福[高钙花生牛奶](CAN365ml),INTR531012172,饮料,3.5,3.5,9,9
`FS101358,货道32,饮养四季[金桔柠檬](PET500ml),INTR372011680,饮料,3.5,3.5,8,8
`FS101358,货道33,海之言[柠檬](PET500ml),INTR039011682,饮料,4,4,7,7
`FS101358,货道34,小茗同学[溜溜哒茶](PET480ml),INTR973011692,饮料,5,5,14,14
`FS100089,货道1,统一冰红茶(CAN310ml),INTR115011662,饮料,2.5,2.5,16,16
`FS100089,货道2,王老吉凉茶(CAN310ml),INTR472012173,饮料,3.5,3.5,18,18
`FS100089,货道3,可口可乐[自购版](CAN330ml),INTR121011635,饮料,3,3,14,14
`FS100089,货道4,可口可乐[自购版](CAN330ml),INTR121011635,饮料,3,3,9,9
`FS100089,货道5,雪碧[自购版](CAN330ml),INTR685011636,饮料,3,3,11,11
`FS100089,货道6,雪碧[自购版](CAN330ml),INTR685011636,饮料,3,3,9,9
`FS100089,货道7,统一阿萨姆[奶茶原味](PET500ml),INTR230011689,饮料,4.5,4.5,18,18
`FS100089,货道8,统一阿萨姆[奶茶原味](PET500ml),INTR230011689,饮料,4.5,4.5,16,16
`FS100089,货道9,农夫山泉(PET500ml),INTR762012795,矿泉水,2,2,2,2
`FS100089,货道10,统一冰绿茶[青梅绿茶](PET500ml),INTR469011681,饮料,3,3,10,10
`FS100089,货道11,统一冰绿茶[青梅绿茶](PET500ml),INTR469011681,饮料,3,3,8,8
`FS100089,货道13,可口可乐[自购版](PET500ml),INTR724012203,饮料,3.5,3.5,13,13
`FS100089,货道14,,,,,,0,0
`FS100089,货道15,可口可乐[自购版](PET500ml),INTR724012203,饮料,3.5,3.5,14,14
`FS100089,货道16,,,,,,0,0
`FS100089,货道17,雪碧[自购版](PET500ml),INTR175012204,饮料,3.5,3.5,10,10
`FS100089,货道19,雪碧[自购版](PET500ml),INTR175012204,饮料,3.5,3.5,12,12
`FS100089,货道21,焕神[热带水果风味]饮料(PET460ml),INTR583011691,饮料,5,5,12,12
`FS100089,货道23,农夫山泉(PET500ml),INTR762012795,矿泉水,2,2,0,0
`FS100089,货道24,农夫山泉(PET500ml),INTR762012795,矿泉水,2,2,1,1
`FS100089,货道25,海之言[柠檬](PET500ml),INTR039011682,饮料,4,4,15,15
`FS100089,货道26,统一冰红茶[柠檬](PET500ml),INTR894011688,饮料,3,3,9,9
`FS100089,货道27,统一冰红茶[柠檬](PET500ml),INTR894011688,饮料,3,3,4,4
`FS100089,货道28,饮养四季[金桔柠檬](PET500ml),INTR372011680,饮料,3.5,3.5,8,8
`FS100089,货道29,农夫山泉(PET500ml),INTR762012795,矿泉水,2,2,0,0
`FS100089,货道30,农夫山泉(PET500ml),INTR762012795,矿泉水,2,2,1,1
`FS100089,货道31,今麦郎芒顿小镇柠檬水(PET500ml),INTR322012790,饮料,2.5,3,11,11
`FS100089,货道32,统一绿茶[茉莉](PET500ml),INTR577011683,饮料,3,3,9,9
`FS100089,货道33,小茗同学[溜溜哒茶](PET480ml),INTR973011692,饮料,5,5,9,9
`FS100089,货道34,饮养四季[金桔柠檬](PET500ml),INTR372011680,饮料,3.5,3.5,8,8
`FS101359,货道1,银鹭八宝粥[桂圆莲子](CAN360g),INTR760012867,食品,3.5,3.5,30,30
`FS101359,货道2,小野[芒果汁](CAN245ml),INTR457012418,饮料,3,3,30,30
`FS101359,货道3,统一好料道[仙草凉茶](CAN310ml),INTR791011678,饮料,4,4,30,30
`FS101359,货道4,统一冰红茶(CAN310ml),INTR115011662,饮料,2.5,2.5,29,29
`FS101359,货道5,统一鲜橙多(CAN310ml),INTR767011663,饮料,3,3,30,30
`FS101359,货道6,爱朵拉拿铁咖啡(CAN310ml),INTR459011637,饮料,4,4,30,30
`FS101359,货道7,统一阿萨姆[奶茶原味](PET500ml),INTR230011689,饮料,4.5,4,30,30
`FS101359,货道8,统一阿萨姆[奶茶原味](PET500ml),INTR230011689,饮料,4.5,4,29,29
`FS101359,货道9,雅哈[冰咖啡](PET450ml),INTR470011686,饮料,5.5,5,26,26
`FS101359,货道10,统一阿萨姆[奶茶原味](PET500ml),INTR230011689,饮料,4.5,4,30,30
`FS101359,货道11,统一阿萨姆[奶茶原味](PET500ml),INTR230011689,饮料,4.5,4,30,30
`FS101359,货道13,可口可乐[自购版](PET500ml),INTR724012203,饮料,3.5,3.5,25,25
`FS101359,货道14,,,,,4,19,19
`FS101359,货道15,李子园果蔬酸奶(PET280ml),INTR644012893,饮料,5.5,5,30,30
`FS101359,货道16,,,,,2,15,15
`FS101359,货道17,统一冰绿茶[青梅绿茶](PET500ml),INTR469011681,饮料,3,3,29,29
`FS101359,货道19,格泉饮用天然水(PET500ml),INTR252012401,矿泉水,2,2,26,26
`FS101359,货道21,统一冰绿茶[青梅绿茶](PET500ml),INTR469011681,饮料,3,3,30,30
`FS101359,货道23,统一冰红茶[柠檬](PET500ml),INTR894011688,饮料,3,3,29,29
`FS101359,货道24,海之言[桃桃百香果](PET500ml),INTR950012403,饮料,4,4,27,27
`FS101359,货道25,统一冰绿茶[青梅绿茶](PET500ml),INTR469011681,饮料,3,3,29,29
`FS101359,货道26,小茗同学[青柠红茶](PET480ml),INTR297011693,饮料,5,5,30,30
`FS101359,货道27,统一饮养四季[冰糖雪梨](PET500ml),INTR56004726,饮料,3.5,3.5,29,29
`FS101359,货道28,统一鲜橙多(PET450ml),INTR910011664,饮料,3.5,3.5,30,30
`FS101359,货道29,焕神[热带水果风味]饮料(PET460ml),INTR583011691,饮料,5,5,25,25
`FS101359,货道30,体质能量(PET580ml),INTR468012175,饮料,4,4,26,26
`FS101359,货道31,台福[高钙花生牛奶](CAN365ml),INTR531012172,饮料,3.5,3.5,24,24
`FS101359,货道32,饮养四季[金桔柠檬](PET500ml),INTR372011680,饮料,3.5,3.5,29,29
`FS101359,货道33,海之言[柠檬](PET500ml),INTR039011682,饮料,4,4,27,27
`FS101359,货道34,海之言[柠檬](PET500ml),INTR039011682,饮料,4,4,23,23
`FS101353,货道1,银鹭八宝粥[桂圆莲子](CAN360g),INTR760012867,食品,3.5,3.5,22,22
`FS101353,货道2,小野[芒果汁](CAN245ml),INTR457012418,饮料,3,3,22,22
`FS101353,货道3,统一好料道[仙草凉茶](CAN310ml),INTR791011678,饮料,4,4,20,20
`FS101353,货道4,统一冰红茶(CAN310ml),INTR115011662,饮料,2.5,2.5,12,12
`FS101353,货道5,统一鲜橙多(CAN310ml),INTR767011663,饮料,3,3,13,13
`FS101353,货道6,爱朵拉拿铁咖啡(CAN310ml),INTR459011637,饮料,4,4,13,13
`FS101353,货道7,统一阿萨姆[奶茶原味](PET500ml),INTR230011689,饮料,4.5,4,2,2
`FS101353,货道8,统一阿萨姆[奶茶原味](PET500ml),INTR230011689,饮料,4.5,4,11,11
`FS101353,货道9,雅哈[冰咖啡](PET450ml),INTR470011686,饮料,5.5,5,12,12
`FS101353,货道10,统一阿萨姆[奶茶原味](PET500ml),INTR230011689,饮料,4.5,4,10,10
`FS101353,货道11,统一阿萨姆[奶茶原味](PET500ml),INTR230011689,饮料,4.5,4,6,6
`FS101353,货道13,可口可乐[自购版](PET500ml),INTR724012203,饮料,3.5,3.5,9,9
`FS101353,货道14,,,,,,0,0
`FS101353,货道15,李子园果蔬酸奶(PET280ml),INTR644012893,饮料,5.5,5,23,23
`FS101353,货道16,,,,,,0,0
`FS101353,货道17,统一冰绿茶[青梅绿茶](PET500ml),INTR469011681,饮料,3,3,16,16
`FS101353,货道19,格泉饮用天然水(PET500ml),INTR252012401,矿泉水,2,2,8,8
`FS101353,货道21,统一冰绿茶[青梅绿茶](PET500ml),INTR469011681,饮料,3,3,12,12
`FS101353,货道23,统一冰红茶[柠檬](PET500ml),INTR894011688,饮料,3,3,21,21
`FS101353,货道24,今麦郎芒顿小镇柠檬水(PET500ml),INTR322012790,饮料,2.5,2,21,21
`FS101353,货道25,统一冰绿茶[青梅绿茶](PET500ml),INTR469011681,饮料,3,3,11,11
`FS101353,货道26,统一冰绿茶[青梅绿茶](PET500ml),INTR469011681,饮料,3,3,8,8
`FS101353,货道27,统一饮养四季[冰糖雪梨](PET500ml),INTR56004726,饮料,3.5,3.5,5,5
`FS101353,货道28,统一鲜橙多(PET450ml),INTR910011664,饮料,3.5,3.5,12,12
`FS101353,货道29,焕神[热带水果风味]饮料(PET460ml),INTR583011691,饮料,5,5,14,14
`FS101353,货道30,体质能量(PET580ml),INTR468012175,饮料,4,4,16,16
`FS101353,货道31,台福[高钙花生牛奶](CAN365ml),INTR531012172,饮料,3.5,3.5,4,4
`FS101353,货道32,饮养四季[金桔柠檬](PET500ml),INTR372011680,饮料,3.5,3.5,14,14
`FS101353,货道33,海之言[柠檬](PET500ml),INTR039011682,饮料,4,4,5,5
`FS101353,货道34,佳得乐蓝莓味(PET600ml),INTR575013578,饮料,5,4,10,10
`FS100067,货道1,娃哈哈桂圆莲子八宝粥(CAN360ml),INTR218012884,食品,4,4,99990,99990
`FS100067,货道2,旺旺牛奶(CAN245ml),INTR783012872,饮料,6,5.5,99984,99984
`FS100067,货道3,小野[芒果汁](CAN245ml),INTR457012418,饮料,3,3,99997,99997
`FS100067,货道4,小野[芒果汁](CAN245ml),INTR457012418,饮料,3,3,99992,99992
`FS100067,货道5,统一鲜橙多(CAN310ml),INTR767011663,饮料,3,3,99989,99989
`FS100067,货道6,统一鲜橙多(CAN310ml),INTR767011663,饮料,3,3,99989,99989
`FS100067,货道7,美汁源果粒奶优[香蕉味](450ml),INTR417013627,饮料,4.5,4.5,99990,99990
`FS100067,货道8,统一冰绿茶[青梅绿茶](PET500ml),INTR469011681,饮料,3,3,99968,99968
`FS100067,货道9,统一绿茶[茉莉](PET500ml),INTR577011683,饮料,3,3,99974,99974
`FS100067,货道10,统一阿萨姆[奶茶原味](PET500ml),INTR230011689,饮料,4.5,4.5,99982,99982
`FS100067,货道11,统一阿萨姆[奶茶原味](PET500ml),INTR230011689,饮料,4.5,4.5,99987,99987
`FS100067,货道13,百事可乐(PET600ml),INTR065012794,饮料,3.5,3,99962,99962
`FS100067,货道14,,,,,,0,0
`FS100067,货道15,饮养四季[金桔柠檬](PET500ml),INTR372011680,饮料,3.5,3.5,99989,99989
`FS100067,货道16,,,,,,0,0
`FS100067,货道17,统一鲜橙多(PET450ml),INTR910011664,饮料,3.5,3.5,99981,99981
`FS100067,货道19,统一鲜橙多(PET450ml),INTR910011664,饮料,3.5,3.5,99985,99985
`FS100067,货道21,统一鲜橙多(PET450ml),INTR910011664,饮料,3.5,3.5,99990,99990
`FS100067,货道23,农夫山泉力量帝维他命水(PET500ml),INTR911012108,饮料,5,5,99963,99963
`FS100067,货道24,焕神[热带水果风味]饮料(PET460ml),INTR583011691,饮料,5,5,99988,99988
`FS100067,货道25,小茗同学[青柠红茶](PET480ml),INTR297011693,饮料,5,5,99980,99980
`FS100067,货道26,统一蜜桃多(PET450ml),INTR769012352,饮料,3.5,3.5,99989,99989
`FS100067,货道27,统一饮养四季[冰糖雪梨](PET500ml),INTR56004726,饮料,3.5,3.5,99987,99987
`FS100067,货道28,格泉饮用天然水(PET500ml),INTR252012401,矿泉水,2,2,99981,99981
`FS100067,货道29,娃哈哈营养快线(PET500ml),INTR409012898,饮料,5,5,99986,99986
`FS100067,货道30,统一绿茶[茉莉](PET500ml),INTR577011683,饮料,3,3,99968,99968
`FS100067,货道31,统一冰红茶[柠檬](PET500ml),INTR894011688,饮料,3,3,99971,99971
`FS100067,货道32,海之言[柠檬](PET500ml),INTR039011682,饮料,4,4,99971,99971
`FS100067,货道33,海之言[柠檬](PET500ml),INTR039011682,饮料,4,4,99974,99974
`FS100067,货道34,格泉饮用天然水(PET500ml),INTR252012401,矿泉水,2,2,99982,99982
`FS101357,货道1,统一冰绿茶[青梅绿茶](CAN310ml),INTG116100075,饮料,2.5,2.5,24,24
`FS101357,货道2,百事可乐(CAN330ml),INTR785012174,饮料,2.5,2.5,30,30
`FS101357,货道3,统一好料道[仙草凉茶](CAN310ml),INTR791011678,饮料,4,4,20,20
`FS101357,货道4,统一冰红茶(CAN310ml),INTR115011662,饮料,2.5,2.5,18,18
`FS101357,货道5,统一鲜橙多(CAN310ml),INTR767011663,饮料,3,3,15,15
`FS101357,货道6,爱朵拉拿铁咖啡(CAN310ml),INTR459011637,饮料,4,4,30,30
`FS101357,货道7,统一阿萨姆[奶茶原味](PET500ml),INTR230011689,饮料,4.5,4,19,19
`FS101357,货道8,统一阿萨姆[奶茶原味](PET500ml),INTR230011689,饮料,4.5,4,17,17
`FS101357,货道9,雅哈[冰咖啡](PET450ml),INTR470011686,饮料,5.5,5,14,14
`FS101357,货道10,统一阿萨姆[奶茶原味](PET500ml),INTR230011689,饮料,4.5,4,11,11
`FS101357,货道11,统一阿萨姆[奶茶原味](PET500ml),INTR230011689,饮料,4.5,4,12,12
`FS101357,货道13,可口可乐[自购版](PET500ml),INTR724012203,饮料,3.5,3.5,6,6
`FS101357,货道14,,,,,4,19,19
`FS101357,货道15,小茗同学[冰橘绿茶](PET480ml),INTR001012220,饮料,5,5,28,28
`FS101357,货道16,,,,,2,15,15
`FS101357,货道17,小茗同学[青柠红茶](PET480ml),INTR297011693,饮料,5,5,27,27
`FS101357,货道19,格泉饮用天然水(PET500ml),INTR252012401,矿泉水,2,2,15,15
`FS101357,货道21,统一冰绿茶[青梅绿茶](PET500ml),INTR469011681,饮料,3,3,12,12
`FS101357,货道23,统一冰红茶[柠檬](PET500ml),INTR894011688,饮料,3,3,22,22
`FS101357,货道24,今麦郎芒顿小镇柠檬水(PET500ml),INTR322012790,饮料,2.5,1.5,4,4
`FS101357,货道25,统一冰绿茶[青梅绿茶](PET500ml),INTR469011681,饮料,3,3,16,16
`FS101357,货道26,李子园果蔬酸奶(PET280ml),INTR644012893,饮料,5.5,5,23,23
`FS101357,货道27,统一蜜桃多(PET450ml),INTR769012352,饮料,3.5,3.5,16,16
`FS101357,货道28,统一鲜橙多(PET450ml),INTR910011664,饮料,3.5,3.5,12,12
`FS101357,货道29,焕神[热带水果风味]饮料(PET460ml),INTR583011691,饮料,5,5,20,20
`FS101357,货道30,体质能量(PET580ml),INTR468012175,饮料,4,4,14,14
`FS101357,货道31,台福[高钙花生牛奶](CAN365ml),INTR531012172,饮料,3.5,3.5,13,13
`FS101357,货道32,饮养四季[金桔柠檬](PET500ml),INTR372011680,饮料,3.5,3.5,14,14
`FS101357,货道33,海之言[柠檬](PET500ml),INTR039011682,饮料,4,4,6,6
`FS101357,货道34,体质能量(PET580ml),INTR468012175,饮料,4,4,9,9
`FS101354,货道1,百事可乐(CAN330ml),INTR785012174,饮料,2.5,2.5,30,30
`FS101354,货道2,统一冰绿茶[青梅绿茶](CAN310ml),INTG116100075,饮料,2.5,2.5,30,30
`FS101354,货道3,统一好料道[仙草凉茶](CAN310ml),INTR791011678,饮料,4,4,20,20
`FS101354,货道4,统一冰红茶(CAN310ml),INTR115011662,饮料,2.5,2.5,18,18
`FS101354,货道5,统一鲜橙多(CAN310ml),INTR767011663,饮料,3,3,14,14
`FS101354,货道6,爱朵拉拿铁咖啡(CAN310ml),INTR459011637,饮料,4,4,14,14
`FS101354,货道7,统一阿萨姆[奶茶原味](PET500ml),INTR230011689,饮料,4.5,4,21,21
`FS101354,货道8,统一阿萨姆[奶茶原味](PET500ml),INTR230011689,饮料,4.5,4,19,19
`FS101354,货道9,雅哈[冰咖啡](PET450ml),INTR470011686,饮料,5.5,5.5,15,15
`FS101354,货道10,统一阿萨姆[奶茶原味](PET500ml),INTR230011689,饮料,4.5,4,15,15
`FS101354,货道11,统一阿萨姆[奶茶原味](PET500ml),INTR230011689,饮料,4.5,4,13,13
`FS101354,货道13,可口可乐[自购版](PET500ml),INTR724012203,饮料,3.5,3.5,17,17
`FS101354,货道14,,,,,,0,0
`FS101354,货道15,可口可乐[自购版](PET500ml),INTR724012203,饮料,3.5,3.5,29,29
`FS101354,货道16,,,,,,0,0
`FS101354,货道17,统一阿萨姆[奶茶原味](PET500ml),INTR230011689,饮料,4.5,4,17,17
`FS101354,货道19,格泉饮用天然水(PET500ml),INTR252012401,矿泉水,2,2,15,15
`FS101354,货道21,统一冰绿茶[青梅绿茶](PET500ml),INTR469011681,饮料,3,3,13,13
`FS101354,货道23,统一冰红茶[柠檬](PET500ml),INTR894011688,饮料,3,3,23,23
`FS101354,货道24,今麦郎芒顿小镇柠檬水(PET500ml),INTR322012790,饮料,2.5,2,22,22
`FS101354,货道25,统一冰绿茶[青梅绿茶](PET500ml),INTR469011681,饮料,3,3,19,19
`FS101354,货道26,统一饮养四季[冰糖雪梨](PET500ml),INTR56004726,饮料,3.5,3.5,28,28
`FS101354,货道27,海之言[桃桃百香果](PET500ml),INTR950012403,饮料,4,4,25,25
`FS101354,货道28,统一鲜橙多(PET450ml),INTR910011664,饮料,3.5,3.5,13,13
`FS101354,货道29,焕神[热带水果风味]饮料(PET460ml),INTR583011691,饮料,5,5,21,21
`FS101354,货道30,体质能量(PET580ml),INTR468012175,饮料,4,4,21,21
`FS101354,货道31,台福[高钙花生牛奶](CAN365ml),INTR531012172,饮料,3.5,4,19,19
`FS101354,货道32,饮养四季[金桔柠檬](PET500ml),INTR372011680,饮料,3.5,3.5,17,17
`FS101354,货道33,海之言[柠檬](PET500ml),INTR039011682,饮料,4,4,11,11
`FS101354,货道34,统一轻啵苏打水[桃花味](PET500ml),INTR876012423,饮料,3.5,3.5,14,14
`FS101360,货道1,百事可乐(CAN330ml),INTR785012174,饮料,2.5,2.5,27,27
`FS101360,货道2,小野[芒果汁](CAN245ml),INTR457012418,饮料,3,3,22,22
`FS101360,货道3,统一好料道[仙草凉茶](CAN310ml),INTR791011678,饮料,4,4,20,20
`FS101360,货道4,统一冰红茶(CAN310ml),INTR115011662,饮料,2.5,2.5,17,17
`FS101360,货道5,统一鲜橙多(CAN310ml),INTR767011663,饮料,3,3,16,16
`FS101360,货道6,爱朵拉拿铁咖啡(CAN310ml),INTR459011637,饮料,4,4,14,14
`FS101360,货道7,统一阿萨姆[奶茶原味](PET500ml),INTR230011689,饮料,4.5,4,16,16
`FS101360,货道8,统一阿萨姆[奶茶原味](PET500ml),INTR230011689,饮料,4.5,4,8,8
`FS101360,货道9,雅哈[冰咖啡](PET450ml),INTR470011686,饮料,5.5,5,3,3
`FS101360,货道10,统一阿萨姆[奶茶原味](PET500ml),INTR230011689,饮料,4.5,4.5,14,14
`FS101360,货道11,统一阿萨姆[奶茶原味](PET500ml),INTR230011689,饮料,4.5,4,8,8
`FS101360,货道13,可口可乐[自购版](PET500ml),INTR724012203,饮料,3.5,3.5,10,10
`FS101360,货道14,,,,,4.5,19,19
`FS101360,货道15,统一阿萨姆[奶茶原味](PET500ml),INTR230011689,饮料,4.5,4,14,14
`FS101360,货道16,,,,,,0,0
`FS101360,货道17,统一阿萨姆[奶茶原味](PET500ml),INTR230011689,饮料,4.5,4,15,15
`FS101360,货道19,格泉饮用天然水(PET500ml),INTR252012401,矿泉水,2,2,14,14
`FS101360,货道21,统一冰绿茶[青梅绿茶](PET500ml),INTR469011681,饮料,3,3,11,11
`FS101360,货道23,统一冰红茶[柠檬](PET500ml),INTR894011688,饮料,3,3,17,17
`FS101360,货道24,今麦郎芒顿小镇柠檬水(PET500ml),INTR322012790,饮料,2.5,2,19,19
`FS101360,货道25,统一冰绿茶[青梅绿茶](PET500ml),INTR469011681,饮料,3,3,20,20
`FS101360,货道26,统一冰绿茶[青梅绿茶](PET500ml),INTR469011681,饮料,3,3,12,12
`FS101360,货道27,小茗同学[青柠红茶](PET480ml),INTR297011693,饮料,5,5,16,16
`FS101360,货道28,统一鲜橙多(PET450ml),INTR910011664,饮料,3.5,3.5,6,6
`FS101360,货道29,焕神[热带水果风味]饮料(PET460ml),INTR583011691,饮料,5,5,20,20
`FS101360,货道30,统一轻啵苏打水[桃花味](PET500ml),INTR876012423,饮料,3.5,3.5,21,21
`FS101360,货道31,台福[高钙花生牛奶](CAN365ml),INTR531012172,饮料,3.5,3.5,14,14
`FS101360,货道32,饮养四季[金桔柠檬](PET500ml),INTR372011680,饮料,3.5,3.5,18,18
`FS101360,货道33,海之言[柠檬](PET500ml),INTR039011682,饮料,4,4,11,11
`FS101360,货道34,海之言[蓝莓](PET500ml),INTR526012420,饮料,4,4,10,10
`FS100915,货道1,百事可乐(CAN330ml),INTR785012174,饮料,2.5,2.5,16,16
`FS100915,货道2,小野[芒果汁](CAN245ml),INTR457012418,饮料,3,3,22,22
`FS100915,货道3,统一好料道[仙草凉茶](CAN310ml),INTR791011678,饮料,4,4,20,20
`FS100915,货道4,统一冰红茶(CAN310ml),INTR115011662,饮料,2.5,2.5,18,18
`FS100915,货道5,统一鲜橙多(CAN310ml),INTR767011663,饮料,3,3,16,16
`FS100915,货道6,爱朵拉拿铁咖啡(CAN310ml),INTR459011637,饮料,4,4,13,13
`FS100915,货道7,统一阿萨姆[奶茶原味](PET500ml),INTR230011689,饮料,4.5,4,14,14
`FS100915,货道8,统一阿萨姆[奶茶原味](PET500ml),INTR230011689,饮料,4.5,4,14,14
`FS100915,货道9,雅哈[冰咖啡](PET450ml),INTR470011686,饮料,5.5,5,3,3
`FS100915,货道10,统一阿萨姆[奶茶原味](PET500ml),INTR230011689,饮料,4.5,4,7,7
`FS100915,货道11,统一阿萨姆[奶茶原味](PET500ml),INTR230011689,饮料,4.5,4,3,3
`FS100915,货道13,可口可乐[自购版](PET500ml),INTR724012203,饮料,3.5,3.5,0,0
`FS100915,货道14,,,,,,0,0
`FS100915,货道15,李子园果蔬酸奶(PET280ml),INTR644012893,饮料,5.5,5,30,30
`FS100915,货道16,,,,,,0,0
`FS100915,货道17,小茗同学[溜溜哒茶](PET480ml),INTR973011692,饮料,5,5,23,23
`FS100915,货道19,格泉饮用天然水(PET500ml),INTR252012401,矿泉水,2,2,13,13
`FS100915,货道21,统一冰绿茶[青梅绿茶](PET500ml),INTR469011681,饮料,3,3,10,10
`FS100915,货道23,统一冰红茶[柠檬](PET500ml),INTR894011688,饮料,3,3,17,17
`FS100915,货道24,今麦郎芒顿小镇柠檬水(PET500ml),INTR322012790,饮料,2.5,2,21,21
`FS100915,货道25,统一冰绿茶[青梅绿茶](PET500ml),INTR469011681,饮料,3,3,17,17
`FS100915,货道26,统一冰绿茶[青梅绿茶](PET500ml),INTR469011681,饮料,3,3,10,10
`FS100915,货道27,小茗同学[青柠红茶](PET480ml),INTR297011693,饮料,5,5,13,13
`FS100915,货道28,统一鲜橙多(PET450ml),INTR910011664,饮料,3.5,3.5,11,11
`FS100915,货道29,焕神[热带水果风味]饮料(PET460ml),INTR583011691,饮料,5,5,4,4
`FS100915,货道30,雅哈[冰咖啡](PET450ml),INTR470011686,饮料,5.5,5,5,5
`FS100915,货道31,台福[高钙花生牛奶](CAN365ml),INTR531012172,饮料,3.5,3.5,4,4
`FS100915,货道32,饮养四季[金桔柠檬](PET500ml),INTR372011680,饮料,3.5,3.5,11,11
`FS100915,货道33,海之言[柠檬](PET500ml),INTR039011682,饮料,4,4,5,5
`FS100915,货道34,体质能量(PET580ml),INTR468012175,饮料,4,4,5,5
`FS100138,货道1,,,,,0,0,0
`FS100138,货道2,,,,,0,0,0
`FS100138,货道3,,,,,0,0,0
`FS100138,货道4,,,,,0,0,0
`FS100138,货道5,,,,,0,0,0
`FS100138,货道6,,,,,0,0,0
`FS100138,货道7,统一冰红茶[柠檬](PET500ml),INTR894011688,饮料,3,3,9999,9999
`FS100138,货道8,统一冰红茶[柠檬](PET500ml),INTR894011688,饮料,3,3,9997,9997
`FS100138,货道9,统一冰红茶[柠檬](PET500ml),INTR894011688,饮料,3,3,9999,9999
`FS100138,货道10,统一冰红茶[柠檬](PET500ml),INTR894011688,饮料,3,3,9996,9996
`FS100138,货道11,统一冰红茶[柠檬](PET500ml),INTR894011688,饮料,3,3,9999,9999
`FS100138,货道13,统一冰红茶[柠檬](PET500ml),INTR894011688,饮料,3,3,9991,9991
`FS100138,货道14,,,,,0,0,0
`FS100138,货道15,统一冰红茶[柠檬](PET500ml),INTR894011688,饮料,3,3,9980,9980
`FS100138,货道16,,,,,0,0,0
`FS100138,货道17,统一冰红茶[柠檬](PET500ml),INTR894011688,饮料,3,3,9966,9966
`FS100138,货道19,统一冰红茶[柠檬](PET500ml),INTR894011688,饮料,3,3,9997,9997
`FS100138,货道21,统一冰红茶[柠檬](PET500ml),INTR894011688,饮料,3,3,9997,9997
`FS100138,货道23,格泉饮用天然水(PET500ml),INTR252012401,矿泉水,2,2,9995,9995
`FS100138,货道24,格泉饮用天然水(PET500ml),INTR252012401,矿泉水,2,2,9997,9997
`FS100138,货道25,格泉饮用天然水(PET500ml),INTR252012401,矿泉水,2,2,9997,9997
`FS100138,货道26,格泉饮用天然水(PET500ml),INTR252012401,矿泉水,2,2,9996,9996
`FS100138,货道27,格泉饮用天然水(PET500ml),INTR252012401,矿泉水,2,2,9994,9994
`FS100138,货道28,格泉饮用天然水(PET500ml),INTR252012401,矿泉水,2,2,9991,9991
`FS100138,货道29,格泉饮用天然水(PET500ml),INTR252012401,矿泉水,2,2,9983,9983
`FS100138,货道30,格泉饮用天然水(PET500ml),INTR252012401,矿泉水,2,2,9973,9973
`FS100138,货道31,格泉饮用天然水(PET500ml),INTR252012401,矿泉水,2,2,9966,9966
`FS100138,货道32,格泉饮用天然水(PET500ml),INTR252012401,矿泉水,2,2,9952,9952
`FS100138,货道33,格泉饮用天然水(PET500ml),INTR252012401,矿泉水,2,2,9949,9949
`FS100138,货道34,格泉饮用天然水(PET500ml),INTR252012401,矿泉水,2,2,9942,9942
`FS100199,货道1,,,,,0,0,0
`FS100199,货道2,,,,,0,0,0
`FS100199,货道3,,,,,0,0,0
`FS100199,货道4,,,,,0,0,0
`FS100199,货道5,,,,,0,0,0
`FS100199,货道6,,,,,0,0,0
`FS100199,货道7,统一冰红茶[柠檬](PET500ml),INTR894011688,饮料,3,3,9997,9997
`FS100199,货道8,统一冰红茶[柠檬](PET500ml),INTR894011688,饮料,3,3,9997,9997
`FS100199,货道9,统一冰红茶[柠檬](PET500ml),INTR894011688,饮料,3,3,9993,9993
`FS100199,货道10,统一冰红茶[柠檬](PET500ml),INTR894011688,饮料,3,3,9981,9981
`FS100199,货道11,统一冰红茶[柠檬](PET500ml),INTR894011688,饮料,3,3,9999,9999
`FS100199,货道13,统一冰红茶[柠檬](PET500ml),INTR894011688,饮料,3,3,9955,9955
`FS100199,货道14,,,,,0,0,0
`FS100199,货道15,统一冰红茶[柠檬](PET500ml),INTR894011688,饮料,3,3,9906,9906
`FS100199,货道16,,,,,0,0,0
`FS100199,货道17,统一冰红茶[柠檬](PET500ml),INTR894011688,饮料,3,3,9896,9896
`FS100199,货道19,统一冰红茶[柠檬](PET500ml),INTR894011688,饮料,3,3,9969,9969
`FS100199,货道21,统一冰红茶[柠檬](PET500ml),INTR894011688,饮料,3,3,9991,9991
`FS100199,货道23,格泉饮用天然水(PET500ml),INTR252012401,矿泉水,2,2,9990,9990
`FS100199,货道24,格泉饮用天然水(PET500ml),INTR252012401,矿泉水,2,2,9981,9981
`FS100199,货道25,格泉饮用天然水(PET500ml),INTR252012401,矿泉水,2,2,9982,9982
`FS100199,货道26,格泉饮用天然水(PET500ml),INTR252012401,矿泉水,2,2,9959,9959
`FS100199,货道27,格泉饮用天然水(PET500ml),INTR252012401,矿泉水,2,2,9939,9939
`FS100199,货道28,格泉饮用天然水(PET500ml),INTR252012401,矿泉水,2,2,9924,9924
`FS100199,货道29,格泉饮用天然水(PET500ml),INTR252012401,矿泉水,2,2,9874,9874
`FS100199,货道30,格泉饮用天然水(PET500ml),INTR252012401,矿泉水,2,2,9864,9864
`FS100199,货道31,格泉饮用天然水(PET500ml),INTR252012401,矿泉水,2,2,9874,9874
`FS100199,货道32,格泉饮用天然水(PET500ml),INTR252012401,矿泉水,2,2,9869,9869
`FS100199,货道33,格泉饮用天然水(PET500ml),INTR252012401,矿泉水,2,2,9872,9872
`FS100199,货道34,格泉饮用天然水(PET500ml),INTR252012401,矿泉水,2,2,9890,9890
`FS100149,货道1,,,,,0,0,0
`FS100149,货道2,,,,,0,0,0
`FS100149,货道3,,,,,0,0,0
`FS100149,货道4,,,,,0,0,0
`FS100149,货道5,,,,,0,0,0
`FS100149,货道6,,,,,0,0,0
`FS100149,货道7,统一冰红茶[柠檬](PET500ml),INTR894011688,饮料,3,3,9999,9999
`FS100149,货道8,统一冰红茶[柠檬](PET500ml),INTR894011688,饮料,3,3,9999,9999
`FS100149,货道9,统一冰红茶[柠檬](PET500ml),INTR894011688,饮料,3,3,9999,9999
`FS100149,货道10,统一冰红茶[柠檬](PET500ml),INTR894011688,饮料,3,3,9999,9999
`FS100149,货道11,统一冰红茶[柠檬](PET500ml),INTR894011688,饮料,3,3,9999,9999
`FS100149,货道13,统一冰红茶[柠檬](PET500ml),INTR894011688,饮料,3,3,9987,9987
`FS100149,货道14,,,,,0,0,0
`FS100149,货道15,统一冰红茶[柠檬](PET500ml),INTR894011688,饮料,3,3,9999,9999
`FS100149,货道16,,,,,0,0,0
`FS100149,货道17,统一冰红茶[柠檬](PET500ml),INTR894011688,饮料,3,3,9965,9965
`FS100149,货道19,统一冰红茶[柠檬](PET500ml),INTR894011688,饮料,3,3,9993,9993
`FS100149,货道21,统一冰红茶[柠檬](PET500ml),INTR894011688,饮料,3,3,9999,9999
`FS100149,货道23,格泉饮用天然水(PET500ml),INTR252012401,矿泉水,2,2,9996,9996
`FS100149,货道24,格泉饮用天然水(PET500ml),INTR252012401,矿泉水,2,2,9999,9999
`FS100149,货道25,格泉饮用天然水(PET500ml),INTR252012401,矿泉水,2,2,9999,9999
`FS100149,货道26,格泉饮用天然水(PET500ml),INTR252012401,矿泉水,2,2,9996,9996
`FS100149,货道27,格泉饮用天然水(PET500ml),INTR252012401,矿泉水,2,2,9995,9995
`FS100149,货道28,格泉饮用天然水(PET500ml),INTR252012401,矿泉水,2,2,9984,9984
`FS100149,货道29,格泉饮用天然水(PET500ml),INTR252012401,矿泉水,2,2,9975,9975
`FS100149,货道30,格泉饮用天然水(PET500ml),INTR252012401,矿泉水,2,2,9969,9969
`FS100149,货道31,格泉饮用天然水(PET500ml),INTR252012401,矿泉水,2,2,9969,9969
`FS100149,货道32,格泉饮用天然水(PET500ml),INTR252012401,矿泉水,2,2,9973,9973
`FS100149,货道33,格泉饮用天然水(PET500ml),INTR252012401,矿泉水,2,2,9967,9967
`FS100149,货道34,格泉饮用天然水(PET500ml),INTR252012401,矿泉水,2,2,9951,9951
`FS100155,货道1,,,,,,0,0
`FS100155,货道2,,,,,,0,0
`FS100155,货道3,,,,,,0,0
`FS100155,货道4,,,,,,0,0
`FS100155,货道5,,,,,,0,0
`FS100155,货道6,,,,,,0,0
`FS100155,货道7,,,,,,0,0
`FS100155,货道8,,,,,,0,0
`FS100155,货道9,,,,,,0,0
`FS100155,货道10,,,,,,0,0
`FS100155,货道11,,,,,,0,0
`FS100155,货道13,,,,,,0,0
`FS100155,货道14,,,,,,0,0
`FS100155,货道15,,,,,,0,0
`FS100155,货道16,,,,,,0,0
`FS100155,货道17,,,,,,0,0
`FS100155,货道19,,,,,,0,0
`FS100155,货道21,,,,,,0,0
`FS100155,货道23,,,,,,0,0
`FS100155,货道24,,,,,,0,0
`FS100155,货道25,,,,,,0,0
`FS100155,货道26,,,,,,0,0
`FS100155,货道27,,,,,,0,0
`FS100155,货道28,,,,,,0,0
`FS100155,货道29,,,,,,0,0
`FS100155,货道30,,,,,,0,0
`FS100155,货道31,,,,,,0,0
`FS100155,货道32,,,,,,0,0
`FS100155,货道33,,,,,,0,0
`FS100155,货道34,,,,,,0,0
`FS100176,货道1,,,,,0,0,0
`FS100176,货道2,,,,,0,0,0
`FS100176,货道3,,,,,0,0,0
`FS100176,货道4,,,,,0,0,0
`FS100176,货道5,,,,,0,0,0
`FS100176,货道6,,,,,0,0,0
`FS100176,货道7,统一冰红茶[柠檬](PET500ml),INTR894011688,饮料,3,3,9998,9998
`FS100176,货道8,统一冰红茶[柠檬](PET500ml),INTR894011688,饮料,3,3,9998,9998
`FS100176,货道9,统一冰红茶[柠檬](PET500ml),INTR894011688,饮料,3,3,9998,9998
`FS100176,货道10,统一冰红茶[柠檬](PET500ml),INTR894011688,饮料,3,3,9997,9997
`FS100176,货道11,统一冰红茶[柠檬](PET500ml),INTR894011688,饮料,3,3,9999,9999
`FS100176,货道13,统一冰红茶[柠檬](PET500ml),INTR894011688,饮料,3,3,9980,9980
`FS100176,货道14,,,,,0,0,0
`FS100176,货道15,统一冰红茶[柠檬](PET500ml),INTR894011688,饮料,3,3,9975,9975
`FS100176,货道16,,,,,0,0,0
`FS100176,货道17,统一冰红茶[柠檬](PET500ml),INTR894011688,饮料,3,3,9969,9969
`FS100176,货道19,统一冰红茶[柠檬](PET500ml),INTR894011688,饮料,3,3,9995,9995
`FS100176,货道21,统一冰红茶[柠檬](PET500ml),INTR894011688,饮料,3,3,9998,9998
`FS100176,货道23,格泉饮用天然水(PET500ml),INTR252012401,矿泉水,2,2,9993,9993
`FS100176,货道24,格泉饮用天然水(PET500ml),INTR252012401,矿泉水,2,2,9994,9994
`FS100176,货道25,格泉饮用天然水(PET500ml),INTR252012401,矿泉水,2,2,9991,9991
`FS100176,货道26,格泉饮用天然水(PET500ml),INTR252012401,矿泉水,2,2,9994,9994
`FS100176,货道27,格泉饮用天然水(PET500ml),INTR252012401,矿泉水,2,2,9990,9990
`FS100176,货道28,格泉饮用天然水(PET500ml),INTR252012401,矿泉水,2,2,9992,9992
`FS100176,货道29,格泉饮用天然水(PET500ml),INTR252012401,矿泉水,2,2,9982,9982
`FS100176,货道30,格泉饮用天然水(PET500ml),INTR252012401,矿泉水,2,2,9970,9970
`FS100176,货道31,格泉饮用天然水(PET500ml),INTR252012401,矿泉水,2,2,9953,9953
`FS100176,货道32,格泉饮用天然水(PET500ml),INTR252012401,矿泉水,2,2,9961,9961
`FS100176,货道33,格泉饮用天然水(PET500ml),INTR252012401,矿泉水,2,2,9940,9940
`FS100176,货道34,格泉饮用天然水(PET500ml),INTR252012401,矿泉水,2,2,9929,9929
`FS100182,货道1,,,,,,0,0
`FS100182,货道2,,,,,,0,0
`FS100182,货道3,,,,,,0,0
`FS100182,货道4,,,,,,0,0
`FS100182,货道5,,,,,,0,0
`FS100182,货道6,,,,,,0,0
`FS100182,货道7,,,,,,0,0
`FS100182,货道8,,,,,,0,0
`FS100182,货道9,,,,,,0,0
`FS100182,货道10,,,,,,0,0
`FS100182,货道11,,,,,,0,0
`FS100182,货道13,,,,,,0,0
`FS100182,货道14,,,,,,0,0
`FS100182,货道15,,,,,,0,0
`FS100182,货道16,,,,,,0,0
`FS100182,货道17,,,,,,0,0
`FS100182,货道19,,,,,,0,0
`FS100182,货道21,,,,,,0,0
`FS100182,货道23,,,,,,0,0
`FS100182,货道24,,,,,,0,0
`FS100182,货道25,,,,,,0,0
`FS100182,货道26,,,,,,0,0
`FS100182,货道27,,,,,,0,0
`FS100182,货道28,,,,,,0,0
`FS100182,货道29,,,,,,0,0
`FS100182,货道30,,,,,,0,0
`FS100182,货道31,,,,,,0,0
`FS100182,货道32,,,,,,0,0
`FS100182,货道33,,,,,,0,0
`FS100182,货道34,,,,,,0,0
`FS100127,货道1,,,,,,0,0
`FS100127,货道2,,,,,,0,0
`FS100127,货道3,,,,,,0,0
`FS100127,货道4,,,,,,0,0
`FS100127,货道5,,,,,,0,0
`FS100127,货道6,,,,,,0,0
`FS100127,货道7,统一冰红茶[柠檬](PET500ml),INTR894011688,饮料,3,3,9998,9998
`FS100127,货道8,统一冰红茶[柠檬](PET500ml),INTR894011688,饮料,3,3,9999,9999
`FS100127,货道9,统一冰红茶[柠檬](PET500ml),INTR894011688,饮料,3,3,9996,9996
`FS100127,货道10,统一冰红茶[柠檬](PET500ml),INTR894011688,饮料,3,3,9994,9994
`FS100127,货道11,统一冰红茶[柠檬](PET500ml),INTR894011688,饮料,3,3,9999,9999
`FS100127,货道13,统一冰红茶[柠檬](PET500ml),INTR894011688,饮料,3,3,9981,9981
`FS100127,货道14,,,,,,0,0
`FS100127,货道15,统一冰红茶[柠檬](PET500ml),INTR894011688,饮料,3,3,9943,9943
`FS100127,货道16,,,,,,0,0
`FS100127,货道17,统一冰红茶[柠檬](PET500ml),INTR894011688,饮料,3,3,9907,9907
`FS100127,货道19,统一冰红茶[柠檬](PET500ml),INTR894011688,饮料,3,3,9994,9994
`FS100127,货道21,统一冰红茶[柠檬](PET500ml),INTR894011688,饮料,3,3,9998,9998
`FS100127,货道23,格泉饮用天然水(PET500ml),INTR252012401,矿泉水,2,2,9994,9994
`FS100127,货道24,格泉饮用天然水(PET500ml),INTR252012401,矿泉水,2,2,9993,9993
`FS100127,货道25,格泉饮用天然水(PET500ml),INTR252012401,矿泉水,2,2,9995,9995
`FS100127,货道26,格泉饮用天然水(PET500ml),INTR252012401,矿泉水,2,2,9984,9984
`FS100127,货道27,格泉饮用天然水(PET500ml),INTR252012401,矿泉水,2,2,9976,9976
`FS100127,货道28,格泉饮用天然水(PET500ml),INTR252012401,矿泉水,2,2,9959,9959
`FS100127,货道29,格泉饮用天然水(PET500ml),INTR252012401,矿泉水,2,2,9920,9920
`FS100127,货道30,格泉饮用天然水(PET500ml),INTR252012401,矿泉水,2,2,9893,9893
`FS100127,货道31,格泉饮用天然水(PET500ml),INTR252012401,矿泉水,2,2,9910,9910
`FS100127,货道32,格泉饮用天然水(PET500ml),INTR252012401,矿泉水,2,2,9911,9911
`FS100127,货道33,格泉饮用天然水(PET500ml),INTR252012401,矿泉水,2,2,9901,9901
`FS100127,货道34,格泉饮用天然水(PET500ml),INTR252012401,矿泉水,2,2,9909,9909
`FS101361,货道1,百事可乐(CAN330ml),INTR785012174,饮料,2.5,2.5,30,30
`FS101361,货道2,小野[芒果汁](CAN245ml),INTR457012418,饮料,3,3,22,22
`FS101361,货道3,统一好料道[仙草凉茶](CAN310ml),INTR791011678,饮料,4,4,20,20
`FS101361,货道4,统一冰红茶(CAN310ml),INTR115011662,饮料,2.5,2.5,18,18
`FS101361,货道5,统一鲜橙多(CAN310ml),INTR767011663,饮料,3,3,16,16
`FS101361,货道6,爱朵拉拿铁咖啡(CAN310ml),INTR459011637,饮料,4,4,14,14
`FS101361,货道7,统一阿萨姆[奶茶原味](PET500ml),INTR230011689,饮料,4.5,4,16,16
`FS101361,货道8,统一阿萨姆[奶茶原味](PET500ml),INTR230011689,饮料,4.5,4,19,19
`FS101361,货道9,雅哈[冰咖啡](PET450ml),INTR470011686,饮料,5.5,5,14,14
`FS101361,货道10,统一阿萨姆[奶茶原味](PET500ml),INTR230011689,饮料,4.5,4,15,15
`FS101361,货道11,统一阿萨姆[奶茶原味](PET500ml),INTR230011689,饮料,4.5,4,13,13
`FS101361,货道13,可口可乐[自购版](PET500ml),INTR724012203,饮料,3.5,3.5,14,14
`FS101361,货道14,,,,,,0,0
`FS101361,货道15,李子园果蔬酸奶(PET280ml),INTR644012893,饮料,5.5,5,29,29
`FS101361,货道16,,,,,,0,0
`FS101361,货道17,统一阿萨姆[奶茶原味](PET500ml),INTR230011689,饮料,4.5,4,16,16
`FS101361,货道19,格泉饮用天然水(PET500ml),INTR252012401,矿泉水,2,2,13,13
`FS101361,货道21,统一阿萨姆[奶茶原味](PET500ml),INTR230011689,饮料,4.5,4,12,12
`FS101361,货道23,统一冰红茶[柠檬](PET500ml),INTR894011688,饮料,3,3,18,18
`FS101361,货道24,海之言[蓝莓](PET500ml),INTR526012420,饮料,4,4,25,25
`FS101361,货道25,统一冰绿茶[青梅绿茶](PET500ml),INTR469011681,饮料,3,3,20,20
`FS101361,货道26,统一冰绿茶[青梅绿茶](PET500ml),INTR469011681,饮料,3,3,14,14
`FS101361,货道27,统一蜜桃多(PET450ml),INTR769012352,饮料,3.5,3.5,15,15
`FS101361,货道28,统一鲜橙多(PET450ml),INTR910011664,饮料,3.5,3.5,14,14
`FS101361,货道29,焕神[热带水果风味]饮料(PET460ml),INTR583011691,饮料,5,5,23,23
`FS101361,货道30,体质能量(PET580ml),INTR468012175,饮料,4,4,20,20
`FS101361,货道31,台福[高钙花生牛奶](CAN365ml),INTR531012172,饮料,3.5,3.5,18,18
`FS101361,货道32,饮养四季[金桔柠檬](PET500ml),INTR372011680,饮料,3.5,3.5,18,18
`FS101361,货道33,海之言[柠檬](PET500ml),INTR039011682,饮料,4,4,9,9
`FS101361,货道34,统一饮养四季[冰糖雪梨](PET500ml),INTR56004726,饮料,3.5,3.5,10,10
`FS100937,货道1,爱朵拉拿铁咖啡(CAN310ml),INTR459011637,饮料,4,4,21,21
`FS100937,货道2,小野[芒果汁](CAN245ml),INTR457012418,饮料,3,2.5,22,22
`FS100937,货道3,统一好料道[仙草凉茶](CAN310ml),INTR791011678,饮料,4,4,20,20
`FS100937,货道4,统一冰红茶(CAN310ml),INTR115011662,饮料,2.5,2.5,17,17
`FS100937,货道5,统一鲜橙多(CAN310ml),INTR767011663,饮料,3,3,14,14
`FS100937,货道6,统一冰绿茶[青梅绿茶](CAN310ml),INTG116100075,饮料,2.5,2.5,9,9
`FS100937,货道7,统一阿萨姆[奶茶原味](PET500ml),INTR230011689,饮料,4.5,4,20,20
`FS100937,货道8,统一阿萨姆[奶茶原味](PET500ml),INTR230011689,饮料,4.5,4,18,18
`FS100937,货道9,雅哈[冰咖啡](PET450ml),INTR470011686,饮料,5.5,5,10,10
`FS100937,货道10,统一阿萨姆[奶茶原味](PET500ml),INTR230011689,饮料,4.5,4,15,15
`FS100937,货道11,统一阿萨姆[奶茶原味](PET500ml),INTR230011689,饮料,4.5,4,9,9
`FS100937,货道13,格泉饮用天然水(PET500ml),INTR252012401,矿泉水,2,2,16,16
`FS100937,货道14,,,,,3.5,19,19
`FS100937,货道15,可口可乐[自购版](PET500ml),INTR724012203,饮料,3.5,3.5,2,2
`FS100937,货道16,,,,,0,0,0
`FS100937,货道17,统一阿萨姆[奶茶原味](PET500ml),INTR230011689,饮料,4.5,4,13,13
`FS100937,货道19,统一饮养四季[冰糖雪梨](PET500ml),INTR56004726,饮料,3.5,3.5,11,11
`FS100937,货道21,李子园果蔬酸奶(PET280ml),INTR644012893,饮料,5.5,5,29,29
`FS100937,货道23,佳得乐蓝莓味(PET600ml),INTR575013578,饮料,5,4,23,23
`FS100937,货道24,统一冰绿茶[青梅绿茶](PET500ml),INTR469011681,饮料,3,3,16,16
`FS100937,货道25,饮养四季[金桔柠檬](PET500ml),INTR372011680,饮料,3.5,3.5,14,14
`FS100937,货道26,统一冰红茶[柠檬](PET500ml),INTR894011688,饮料,3,3,16,16
`FS100937,货道27,小茗同学[溜溜哒茶](PET480ml),INTR973011692,饮料,5,5,16,16
`FS100937,货道28,统一鲜橙多(PET450ml),INTR910011664,饮料,3.5,3.5,13,13
`FS100937,货道29,焕神[热带水果风味]饮料(PET460ml),INTR583011691,饮料,5,5,22,22
`FS100937,货道30,三得利乌龙茶[无糖](PET500ml),INTR907013377,饮料,5,3.5,16,16
`FS100937,货道31,海之言[柠檬](PET500ml),INTR039011682,饮料,4,4,13,13
`FS100937,货道32,统一蜜桃多(PET450ml),INTR769012352,饮料,3.5,3.5,17,17
`FS100937,货道33,海之言[柠檬](PET500ml),INTR039011682,饮料,4,4,8,8
`FS100937,货道34,海之言[柠檬](PET500ml),INTR039011682,饮料,4,4,10,10
`FS101395,货道1,雪碧[自购版](CAN330ml),INTR685011636,饮料,3,3,20,20
`FS101395,货道2,雪碧[自购版](CAN330ml),INTR685011636,饮料,3,3,20,20
`FS101395,货道3,统一鲜橙多(CAN310ml),INTR767011663,饮料,3,3,20,20
`FS101395,货道4,统一冰红茶(CAN310ml),INTR115011662,饮料,2.5,2.5,20,20
`FS101395,货道5,可口可乐[自购版](CAN330ml),INTR121011635,饮料,3,3,20,20
`FS101395,货道6,可口可乐[自购版](CAN330ml),INTR121011635,饮料,3,3,19,19
`FS101395,货道7,农夫山泉(PET550ml),INTR993012106,矿泉水,2,2,16,16
`FS101395,货道8,雪碧[自购版](PET500ml),INTR175012204,饮料,3.5,3.5,19,19
`FS101395,货道9,农夫山泉(PET550ml),INTR993012106,矿泉水,2,2,19,19
`FS101395,货道10,统一阿萨姆[奶茶原味](PET500ml),INTR230011689,饮料,4.5,4.5,19,19
`FS101395,货道11,统一阿萨姆[奶茶原味](PET500ml),INTR230011689,饮料,4.5,4.5,18,18
`FS101395,货道13,百事可乐(PET600ml),INTR065012794,饮料,3.5,3.5,15,15
`FS101395,货道14,,,,,,0,0
`FS101395,货道15,百事可乐(PET600ml),INTR065012794,饮料,3.5,3.5,14,14
`FS101395,货道16,,,,,,0,0
`FS101395,货道17,百事可乐(PET600ml),INTR065012794,饮料,3.5,3.5,14,14
`FS101395,货道19,海之言[柠檬](PET500ml),INTR039011682,饮料,4,4,20,20
`FS101395,货道21,海之言[柠檬](PET500ml),INTR039011682,饮料,4,4,20,20
`FS101395,货道23,统一鲜橙多(PET450ml),INTR910011664,饮料,3.5,3.5,20,20
`FS101395,货道24,饮养四季[金桔柠檬](PET500ml),INTR372011680,饮料,3.5,3.5,19,19
`FS101395,货道25,统一绿茶[茉莉](PET500ml),INTR577011683,饮料,3,3,20,20
`FS101395,货道26,统一冰红茶[柠檬](PET500ml),INTR894011688,饮料,3,3,19,19
`FS101395,货道27,小茗同学[溜溜哒茶](PET480ml),INTR973011692,饮料,5,5,20,20
`FS101395,货道28,焕神[热带水果风味]饮料(PET460ml),INTR583011691,饮料,5,5,20,20
`FS101395,货道29,农夫山泉(PET550ml),INTR993012106,矿泉水,2,2,19,19
`FS101395,货道30,统一冰绿茶[青梅绿茶](PET500ml),INTR469011681,饮料,3,3,19,19
`FS101395,货道31,统一绿茶[茉莉](PET500ml),INTR577011683,饮料,3,3,19,19
`FS101395,货道32,统一冰红茶[柠檬](PET500ml),INTR894011688,饮料,3,3,20,20
`FS101395,货道33,小茗同学[溜溜哒茶](PET480ml),INTR973011692,饮料,5,5,20,20
`FS101395,货道34,统一冰绿茶[青梅绿茶](PET1l),INTR288012437,饮料,4.5,4.5,20,20
`FS100206,货道1,统一冰红茶(CAN310ml),INTR115011662,饮料,2.5,2.5,22,22
`FS100206,货道2,优好滋荔枝爽310ml,INTR860012104,饮料,2.5,3,20,20
`FS100206,货道3,统一鲜橙多(CAN310ml),INTR767011663,饮料,3,3,17,17
`FS100206,货道4,统一鲜橙多(CAN310ml),INTR767011663,饮料,3,3,15,15
`FS100206,货道5,统一冰红茶(CAN310ml),INTR115011662,饮料,2.5,2.5,10,10
`FS100206,货道6,统一好料道[仙草凉茶](CAN310ml),INTR791011678,饮料,4,4,12,12
`FS100206,货道7,统一阿萨姆[奶茶原味](PET500ml),INTR230011689,饮料,4.5,4.5,20,20
`FS100206,货道8,统一阿萨姆[奶茶原味](PET500ml),INTR230011689,饮料,4.5,4.5,19,19
`FS100206,货道9,统一饮养四季[冰糖雪梨](PET500ml),INTR56004726,饮料,3.5,3.5,18,18
`FS100206,货道10,新湖源奶饮品[黄桃味](PET521ml),INTR054012792,饮料,5,5,16,16
`FS100206,货道11,今麦郎茉莉蜜茶(PET500ml),INTR701012110,饮料,4,3,14,14
`FS100206,货道13,统一冰红茶[柠檬](PET500ml),INTR894011688,饮料,3,3,22,22
`FS100206,货道14,,,,,,0,0
`FS100206,货道15,统一冰红茶[柠檬](PET500ml),INTR894011688,饮料,3,3,16,16
`FS100206,货道16,,,,,,0,0
`FS100206,货道17,统一轻啵苏打水[原味](PET500ml),INTR452012400,饮料,3.5,3.5,18,18
`FS100206,货道19,海之言[柠檬](PET500ml),INTR039011682,饮料,4,4,15,15
`FS100206,货道21,海之言[柠檬](PET500ml),INTR039011682,饮料,4,4,14,14
`FS100206,货道23,农夫山泉(PET550ml),INTR993012106,矿泉水,2,2,19,19
`FS100206,货道24,格泉饮用天然水(PET500ml),INTR252012401,矿泉水,2,2,20,20
`FS100206,货道25,水趣多乳酸菌风味(PET500ml),INTR912012422,饮料,5,5,18,18
`FS100206,货道26,小茗同学[青柠红茶](PET480ml),INTR297011693,饮料,5,5,14,14
`FS100206,货道27,统一冰绿茶[青梅绿茶](PET500ml),INTR469011681,饮料,3,3,13,13
`FS100206,货道28,统一冰绿茶[青梅绿茶](PET500ml),INTR469011681,饮料,3,3,12,12
`FS100206,货道29,农夫山泉(PET550ml),INTR993012106,矿泉水,2,2,19,19
`FS100206,货道30,今麦郎芒顿小镇西瓜水(PET500ml),INTR688012196,饮料,3,3,20,20
`FS100206,货道31,统一绿茶[茉莉](PET500ml),INTR577011683,饮料,3,3,18,18
`FS100206,货道32,统一绿茶[茉莉](PET500ml),INTR577011683,饮料,3,3,16,16
`FS100206,货道33,小茗同学[溜溜哒茶](PET480ml),INTR973011692,饮料,5,5,16,16
`FS100206,货道34,饮养四季[金桔柠檬](PET500ml),INTR372011680,饮料,3.5,3.5,13,13
`FS100028,货道1,统一冰绿茶[青梅绿茶](CAN310ml),INTG116100075,饮料,2.5,3.5,997,997
`FS100028,货道2,统一冰绿茶[青梅绿茶](CAN310ml),INTG116100075,饮料,2.5,3.5,99,99
`FS100028,货道3,统一冰绿茶[青梅绿茶](CAN310ml),INTG116100075,饮料,2.5,3.5,0,0
`FS100028,货道4,统一冰红茶(CAN310ml),INTR115011662,饮料,2.5,3.5,99,99
`FS100028,货道5,统一好料道[仙草凉茶](CAN310ml),INTR791011678,饮料,4,5,99,99
`FS100028,货道6,统一好料道[仙草凉茶](CAN310ml),INTR791011678,饮料,4,5,99,99
`FS100028,货道7,元气森林白桃味气泡水瓶装480ml(2021),105195,开门柜,5,6,94,94
`FS100028,货道8,ALKAQUA[饮用天然矿泉水](PET570ml),INTR997009154,矿泉水,4,5,996,996
`FS100028,货道9,农夫水溶C100(PET445ml),14473,开门柜,1,6,95,95
`FS100028,货道10,统一阿萨姆[奶茶原味](PET500ml),INTR230011689,饮料,4.5,5.5,98,98
`FS100028,货道11,统一阿萨姆[奶茶原味](PET500ml),INTR230011689,饮料,4.5,5.5,990,990
`FS100028,货道13,百事可乐(PET600ml),INTR065012794,饮料,3.5,4,92,92
`FS100028,货道14,,,,,,0,0
`FS100028,货道15,统一鲜橙多(PET450ml),INTR910011664,饮料,3.5,4.5,92,92
`FS100028,货道16,,,,,,0,0
`FS100028,货道17,饮养四季[金桔柠檬](PET500ml),INTR372011680,饮料,3.5,4.5,97,97
`FS100028,货道19,统一绿茶[茉莉](PET500ml),INTR577011683,饮料,3,4,92,92
`FS100028,货道21,焕神[热带水果风味]饮料(PET460ml),INTR583011691,饮料,5,6,98,98
`FS100028,货道23,怡宝[纯净水](PET555ml),INTR128012109,矿泉水,2,3,89,89
`FS100028,货道24,怡宝[纯净水](PET555ml),INTR128012109,矿泉水,2,3,89,89
`FS100028,货道25,农夫山泉力量帝维他命水(PET500ml),INTR911012108,饮料,5,6,94,94
`FS100028,货道26,小茗同学[青柠红茶](PET480ml),INTR297011693,饮料,5,6,96,96
`FS100028,货道27,小茗同学[青柠红茶](PET480ml),INTR297011693,饮料,5,6,96,96
`FS100028,货道28,统一冰绿茶[青梅绿茶](PET500ml),INTR469011681,饮料,3,4,995,995
`FS100028,货道29,统一轻啵苏打水[柠檬味](PET500ml),INTR773011687,饮料,3.5,4,98,98
`FS100028,货道30,统一冰红茶[柠檬](PET500ml),INTR894011688,饮料,3,4,995,995
`FS100028,货道31,海之言[柠檬](PET500ml),INTR039011682,饮料,4,5,95,95
`FS100028,货道32,海之言[柠檬](PET500ml),INTR039011682,饮料,4,5,95,95
`FS100028,货道33,海之言[柠檬](PET500ml),INTR039011682,饮料,4,5,96,96
`FS100028,货道34,统一饮养四季[冰糖雪梨](PET500ml),INTR56004726,饮料,3.5,4.5,998,998
`FS100813,货道1,台福[高钙花生牛奶](CAN365ml),INTR531012172,饮料,3.5,3.5,994,994
`FS100813,货道2,可口可乐[自购版](CAN330ml),INTR121011635,饮料,3,3,997,997
`FS100813,货道3,可口可乐[自购版](CAN330ml),INTR121011635,饮料,3,3,999,999
`FS100813,货道4,可口可乐[自购版](CAN330ml),INTR121011635,饮料,3,3,996,996
`FS100813,货道5,可口可乐[自购版](CAN330ml),INTR121011635,饮料,3,3,998,998
`FS100813,货道6,可口可乐[自购版](CAN330ml),INTR121011635,饮料,3,3,999,999
`FS100813,货道7,农夫山泉(PET550ml),INTR993012106,矿泉水,2,2,993,993
`FS100813,货道8,农夫山泉(PET550ml),INTR993012106,矿泉水,2,2,987,987
`FS100813,货道9,达利园乐虎(PET350ml),INTR889012197,饮料,5,5,998,998
`FS100813,货道10,统一冰绿茶[青梅绿茶](PET500ml),INTR469011681,饮料,3,3,999,999
`FS100813,货道11,达利园乐虎(PET350ml),INTR889012197,饮料,5,5,992,992
`FS100813,货道13,统一鲜橙多(CAN310ml),INTR767011663,饮料,3,3,998,998
`FS100813,货道14,统一蜜桃多(CAN310ml),INTR765012351,饮料,3,3,991,991
`FS100813,货道15,统一好料道[仙草凉茶](CAN310ml),INTR791011678,饮料,4,4,995,995
`FS100813,货道16,王老吉凉茶(CAN310ml),INTR472012173,饮料,3.5,3.5,999,999
`FS100813,货道17,焕神[热带水果风味]饮料(PET460ml),INTR583011691,饮料,5,5,999,999
`FS100813,货道19,雪碧[自购版](PET500ml),INTR175012204,饮料,3.5,3.5,992,992
`FS100813,货道21,统一阿萨姆[奶茶原味](PET500ml),INTR230011689,饮料,4.5,4.5,995,995
`FS100813,货道23,统一冰红茶[柠檬](PET500ml),INTR894011688,饮料,3,3,999,999
`FS100813,货道24,统一冰红茶[柠檬](PET500ml),INTR894011688,饮料,3,3,999,999
`FS100813,货道25,统一绿茶[茉莉](PET500ml),INTR577011683,饮料,3,3,996,996
`FS100813,货道26,统一绿茶[茉莉](PET500ml),INTR577011683,饮料,3,3,996,996
`FS100813,货道27,饮养四季[金桔柠檬](PET500ml),INTR372011680,饮料,3.5,3.5,996,996
`FS100813,货道28,统一冰绿茶[青梅绿茶](PET500ml),INTR469011681,饮料,3,3,999,999
`FS100813,货道29,统一阿萨姆[奶茶原味](PET500ml),INTR230011689,饮料,4.5,4.5,999,999
`FS100813,货道30,统一阿萨姆[奶茶原味](PET500ml),INTR230011689,饮料,4.5,4.5,999,999
`FS100813,货道31,小茗同学[溜溜哒茶](PET480ml),INTR973011692,饮料,5,5,997,997
`FS100813,货道32,海之言[柠檬](PET500ml),INTR039011682,饮料,4,4,997,997
`FS100813,货道33,海之言[柠檬](PET500ml),INTR039011682,饮料,4,4,999,999
`FS100813,货道34,海之言[柠檬](PET500ml),INTR039011682,饮料,4,4,999,999
`FS100029,货道1,统一鲜橙多(CAN310ml),INTR767011663,饮料,3,4,97,97
`FS100029,货道2,统一鲜橙多(CAN310ml),INTR767011663,饮料,3,4,98,98
`FS100029,货道3,统一冰红茶(CAN310ml),INTR115011662,饮料,2.5,3.5,95,95
`FS100029,货道4,统一冰红茶(CAN310ml),INTR115011662,饮料,2.5,4,99,99
`FS100029,货道5,统一好料道[仙草凉茶](CAN310ml),INTR791011678,饮料,4,5,97,97
`FS100029,货道6,统一好料道[仙草凉茶](CAN310ml),INTR791011678,饮料,4,5,98,98
`FS100029,货道7,元气森林白桃味气泡水瓶装480ml(2021),105195,开门柜,5,6,89,89
`FS100029,货道8,ALKAQUA[饮用天然矿泉水](PET570ml),INTR997009154,矿泉水,4,5,89,89
`FS100029,货道9,农夫水溶C100(PET445ml),14473,开门柜,1,6,95,95
`FS100029,货道10,统一阿萨姆[奶茶原味](PET500ml),INTR230011689,饮料,4.5,5.5,91,91
`FS100029,货道11,统一阿萨姆[奶茶原味](PET500ml),INTR230011689,饮料,4.5,5.5,92,92
`FS100029,货道13,百事可乐(PET600ml),INTR065012794,饮料,3.5,4,78,78
`FS100029,货道14,,,,,,0,0
`FS100029,货道15,统一鲜橙多(PET450ml),INTR910011664,饮料,3.5,4.5,89,89
`FS100029,货道16,,,,,,0,0
`FS100029,货道17,饮养四季[金桔柠檬](PET500ml),INTR372011680,饮料,3.5,4.5,94,94
`FS100029,货道19,统一绿茶[茉莉](PET500ml),INTR577011683,饮料,3,4,83,83
`FS100029,货道21,焕神[热带水果风味]饮料(PET460ml),INTR583011691,饮料,5,6,96,96
`FS100029,货道23,怡宝[纯净水](PET555ml),INTR128012109,矿泉水,2,3,99995,99995
`FS100029,货道24,怡宝[纯净水](PET555ml),INTR128012109,矿泉水,2,3,99996,99996
`FS100029,货道25,农夫山泉力量帝维他命水(PET500ml),INTR911012108,饮料,5,6,95,95
`FS100029,货道26,小茗同学[青柠红茶](PET480ml),INTR297011693,饮料,5,5,90,90
`FS100029,货道27,小茗同学[青柠红茶](PET480ml),INTR297011693,饮料,5,6,92,92
`FS100029,货道28,统一茶裏王[无糖日式绿茶](PET420ml),INTR185012092,饮料,5,7,98,98
`FS100029,货道29,统一轻啵苏打水[柠檬味](PET500ml),INTR773011687,饮料,3.5,4,94,94
`FS100029,货道30,统一冰红茶[柠檬](PET500ml),INTR894011688,饮料,3,4,92,92
`FS100029,货道31,海之言[柠檬](PET500ml),INTR039011682,饮料,4,5,94,94
`FS100029,货道32,海之言[柠檬](PET500ml),INTR039011682,饮料,4,5,94,94
`FS100029,货道33,海之言[柠檬](PET500ml),INTR039011682,饮料,4,5,95,95
`FS100029,货道34,统一饮养四季[冰糖雪梨](PET500ml),INTR56004726,饮料,3.5,4.5,97,97
`FS100032,货道1,统一鲜橙多(CAN310ml),INTR767011663,饮料,3,4,99998,99998
`FS100032,货道2,统一鲜橙多(CAN310ml),INTR767011663,饮料,3,4,99999,99999
`FS100032,货道3,统一冰红茶(CAN310ml),INTR115011662,饮料,2.5,3.5,99998,99998
`FS100032,货道4,统一冰红茶(CAN310ml),INTR115011662,饮料,2.5,3.5,99998,99998
`FS100032,货道5,统一好料道[仙草凉茶](CAN310ml),INTR791011678,饮料,4,5,99999,99999
`FS100032,货道6,统一好料道[仙草凉茶](CAN310ml),INTR791011678,饮料,4,5,99999,99999
`FS100032,货道7,元气森林白桃味气泡水瓶装480ml(2021),105195,开门柜,5,6,99995,99995
`FS100032,货道8,ALKAQUA[饮用天然矿泉水](PET570ml),INTR997009154,矿泉水,4,5,99994,99994
`FS100032,货道9,农夫水溶C100(PET445ml),14473,开门柜,1,6,99994,99994
`FS100032,货道10,统一阿萨姆[奶茶原味](PET500ml),INTR230011689,饮料,4.5,5.5,99996,99996
`FS100032,货道11,统一阿萨姆[奶茶原味](PET500ml),INTR230011689,饮料,4.5,5.5,99989,99989
`FS100032,货道13,百事可乐(PET600ml),INTR065012794,饮料,3.5,4,99990,99990
`FS100032,货道14,,,,,,0,0
`FS100032,货道15,统一鲜橙多(PET450ml),INTR910011664,饮料,3.5,4.5,99988,99988
`FS100032,货道16,,,,,,0,0
`FS100032,货道17,饮养四季[金桔柠檬](PET500ml),INTR372011680,饮料,3.5,4.5,99998,99998
`FS100032,货道19,统一绿茶[茉莉](PET500ml),INTR577011683,饮料,3,4,99998,99998
`FS100032,货道21,焕神[热带水果风味]饮料(PET460ml),INTR583011691,饮料,5,6,99998,99998
`FS100032,货道23,怡宝[纯净水](PET555ml),INTR128012109,矿泉水,2,3,99976,99976
`FS100032,货道24,怡宝[纯净水](PET555ml),INTR128012109,矿泉水,2,3,99985,99985
`FS100032,货道25,农夫山泉力量帝维他命水(PET500ml),INTR911012108,饮料,5,6,99991,99991
`FS100032,货道26,小茗同学[青柠红茶](PET480ml),INTR297011693,饮料,5,6,99997,99997
`FS100032,货道27,小茗同学[青柠红茶](PET480ml),INTR297011693,饮料,5,6,99999,99999
`FS100032,货道28,统一茶裏王[无糖日式绿茶](PET420ml),INTR185012092,饮料,5,7,99998,99998
`FS100032,货道29,统一轻啵苏打水[柠檬味](PET500ml),INTR773011687,饮料,3.5,4,99996,99996
`FS100032,货道30,统一冰红茶[柠檬](PET500ml),INTR894011688,饮料,3,4,99995,99995
`FS100032,货道31,海之言[柠檬](PET500ml),INTR039011682,饮料,4,5,99995,99995
`FS100032,货道32,海之言[柠檬](PET500ml),INTR039011682,饮料,4,5,99994,99994
`FS100032,货道33,海之言[柠檬](PET500ml),INTR039011682,饮料,4,5,99997,99997
`FS100032,货道34,统一饮养四季[冰糖雪梨](PET500ml),INTR56004726,饮料,3.5,4.5,99998,99998
`FS100027,货道1,统一冰红茶(CAN310ml),INTR115011662,饮料,2.5,3.5,99988,99988
`FS100027,货道2,统一冰红茶(CAN310ml),INTR115011662,饮料,2.5,3.5,99992,99992
`FS100027,货道3,统一冰绿茶[青梅绿茶](CAN310ml),INTG116100075,饮料,2.5,3.5,99980,99980
`FS100027,货道4,统一冰绿茶[青梅绿茶](CAN310ml),INTG116100075,饮料,2.5,3.5,99989,99989
`FS100027,货道5,统一好料道[仙草凉茶](CAN310ml),INTR791011678,饮料,4,5,99973,99973
`FS100027,货道6,统一冰绿茶[青梅绿茶](CAN310ml),INTG116100075,饮料,2.5,3.5,99985,99985
`FS100027,货道7,元气森林白桃味气泡水瓶装480ml(2021),105195,开门柜,5,6,99937,99937
`FS100027,货道8,ALKAQUA[饮用天然矿泉水](PET570ml),INTR997009154,矿泉水,4,5,99951,99951
`FS100027,货道9,农夫水溶C100(PET445ml),14473,开门柜,1,6,99933,99933
`FS100027,货道10,统一阿萨姆[奶茶原味](PET500ml),INTR230011689,饮料,4.5,5.5,99947,99947
`FS100027,货道11,统一阿萨姆[奶茶原味](PET500ml),INTR230011689,饮料,4.5,5.5,99950,99950
`FS100027,货道13,百事可乐(PET600ml),INTR065012794,饮料,3.5,4,99904,99904
`FS100027,货道14,,,,,,0,0
`FS100027,货道15,统一鲜橙多(PET450ml),INTR910011664,饮料,3.5,4.5,99940,99940
`FS100027,货道16,,,,,,0,0
`FS100027,货道17,饮养四季[金桔柠檬](PET500ml),INTR372011680,饮料,3.5,4.5,99971,99971
`FS100027,货道19,统一绿茶[茉莉](PET500ml),INTR577011683,饮料,3,4,99931,99931
`FS100027,货道21,焕神[热带水果风味]饮料(PET460ml),INTR583011691,饮料,5,6,99989,99989
`FS100027,货道23,农夫水溶C100(PET445ml),14473,开门柜,1,6,9985,9985
`FS100027,货道24,农夫水溶C100(PET445ml),14473,开门柜,1,6,99986,99986
`FS100027,货道25,农夫山泉力量帝维他命水(PET500ml),INTR911012108,饮料,5,6,99913,99913
`FS100027,货道26,小茗同学[青柠红茶](PET480ml),INTR297011693,饮料,5,6,99949,99949
`FS100027,货道27,小茗同学[青柠红茶](PET480ml),INTR297011693,饮料,5,6,99965,99965
`FS100027,货道28,统一茶裏王[无糖日式绿茶](PET420ml),INTR185012092,饮料,5,7,99974,99974
`FS100027,货道29,统一轻啵苏打水[柠檬味](PET500ml),INTR773011687,饮料,3.5,4,99978,99978
`FS100027,货道30,统一冰红茶[柠檬](PET500ml),INTR894011688,饮料,3,4,99937,99937
`FS100027,货道31,海之言[柠檬](PET500ml),INTR039011682,饮料,4,5,99935,99935
`FS100027,货道32,海之言[柠檬](PET500ml),INTR039011682,饮料,4,5,936,936
`FS100027,货道33,海之言[柠檬](PET500ml),INTR039011682,饮料,4,5,99942,99942
`FS100027,货道34,统一饮养四季[冰糖雪梨](PET500ml),INTR56004726,饮料,3.5,4.5,99968,99968
`FS100030,货道1,统一鲜橙多(CAN310ml),INTR767011663,饮料,3,4,99998,99998
`FS100030,货道2,统一冰红茶(CAN310ml),INTR115011662,饮料,2.5,3.5,99997,99997
`FS100030,货道3,统一鲜橙多(CAN310ml),INTR767011663,饮料,3,4,99998,99998
`FS100030,货道4,统一鲜橙多(CAN310ml),INTR767011663,饮料,3,4,99996,99996
`FS100030,货道5,统一好料道[仙草凉茶](CAN310ml),INTR791011678,饮料,4,5,99997,99997
`FS100030,货道6,统一好料道[仙草凉茶](CAN310ml),INTR791011678,饮料,4,5,99998,99998
`FS100030,货道7,元气森林白桃味气泡水瓶装480ml(2021),105195,开门柜,5,6,99995,99995
`FS100030,货道8,ALKAQUA[饮用天然矿泉水](PET570ml),INTR997009154,矿泉水,4,5,99997,99997
`FS100030,货道9,农夫水溶C100(PET445ml),14473,开门柜,1,6,99988,99988
`FS100030,货道10,统一阿萨姆[奶茶原味](PET500ml),INTR230011689,饮料,4.5,5.5,99990,99990
`FS100030,货道11,统一阿萨姆[奶茶原味](PET500ml),INTR230011689,饮料,4.5,5.5,99989,99989
`FS100030,货道13,百事可乐(PET600ml),INTR065012794,饮料,3.5,4,99980,99980
`FS100030,货道14,,,,,,0,0
`FS100030,货道15,统一鲜橙多(PET450ml),INTR910011664,饮料,3.5,4.5,99988,99988
`FS100030,货道16,,,,,,0,0
`FS100030,货道17,饮养四季[金桔柠檬](PET500ml),INTR372011680,饮料,3.5,4.5,99994,99994
`FS100030,货道19,统一绿茶[茉莉](PET500ml),INTR577011683,饮料,3,4,99986,99986
`FS100030,货道21,焕神[热带水果风味]饮料(PET460ml),INTR583011691,饮料,5,6,99995,99995
`FS100030,货道23,怡宝[纯净水](PET555ml),INTR128012109,矿泉水,2,3,99985,99985
`FS100030,货道24,怡宝[纯净水](PET555ml),INTR128012109,矿泉水,2,3,99992,99992
`FS100030,货道25,农夫山泉力量帝维他命水(PET500ml),INTR911012108,饮料,5,6,99990,99990
`FS100030,货道26,小茗同学[青柠红茶](PET480ml),INTR297011693,饮料,5,6,99990,99990
`FS100030,货道27,小茗同学[青柠红茶](PET480ml),INTR297011693,饮料,5,6,99994,99994
`FS100030,货道28,统一冰绿茶[青梅绿茶](PET500ml),INTR469011681,饮料,3,4,99993,99993
`FS100030,货道29,统一轻啵苏打水[柠檬味](PET500ml),INTR773011687,饮料,3.5,4,99997,99997
`FS100030,货道30,统一冰红茶[柠檬](PET500ml),INTR894011688,饮料,3,4,99992,99992
`FS100030,货道31,海之言[柠檬](PET500ml),INTR039011682,饮料,4,5,99994,99994
`FS100030,货道32,海之言[柠檬](PET500ml),INTR039011682,饮料,4,5,99990,99990
`FS100030,货道33,海之言[柠檬](PET500ml),INTR039011682,饮料,4,5,99995,99995
`FS100030,货道34,统一饮养四季[冰糖雪梨](PET500ml),INTR56004726,饮料,3.5,4.5,999,999
`FS100553,货道1,统一鲜橙多(CAN310ml),INTR767011663,饮料,3,3,16,16
`FS100553,货道2,统一鲜橙多(CAN310ml),INTR767011663,饮料,3,3,15,15
`FS100553,货道3,统一冰红茶(CAN310ml),INTR115011662,饮料,2.5,2.5,15,15
`FS100553,货道4,统一冰红茶(CAN310ml),INTR115011662,饮料,2.5,2.5,11,11
`FS100553,货道5,统一奶茶[麦香](CAN310ml),106623,开门柜,5,4,12,12
`FS100553,货道6,统一奶茶[麦香](CAN310ml),106623,开门柜,5,4,10,10
`FS100553,货道7,统一阿萨姆[奶茶原味](PET500ml),INTR230011689,饮料,4.5,4.5,12,12
`FS100553,货道8,统一阿萨姆[奶茶原味](PET500ml),INTR230011689,饮料,4.5,4.5,9,9
`FS100553,货道9,统一鲜橙多(PET450ml),INTR910011664,饮料,3.5,3.5,8,8
`FS100553,货道10,统一鲜橙多(PET450ml),INTR910011664,饮料,3.5,3.5,6,6
`FS100553,货道11,雅哈[冰咖啡](PET450ml),INTR470011686,饮料,5.5,5.5,4,4
`FS100553,货道13,三得利乌龙茶[无糖](PET500ml),INTR907013377,饮料,5,5,18,18
`FS100553,货道14,,,,,,0,0
`FS100553,货道15,外星人电解质水[白桃口味](PET500ml),INTR922013214,饮料,4,6,18,18
`FS100553,货道16,,,,,,0,0
`FS100553,货道17,海之言[柠檬](PET500ml),INTR039011682,饮料,4,4,12,12
`FS100553,货道19,小茗同学[溜溜哒茶](PET480ml),INTR973011692,饮料,5,5,9,9
`FS100553,货道21,统一冰绿茶[青梅绿茶](PET500ml),INTR469011681,饮料,3,3,2,2
`FS100553,货道23,农夫山泉力量帝维他命水(PET500ml),INTR911012108,饮料,5,5,6,6
`FS100553,货道24,统一冰红茶[柠檬](PET500ml),INTR894011688,饮料,3,3,3,3
`FS100553,货道25,统一冰绿茶[青梅绿茶](PET500ml),INTR469011681,饮料,3,3,0,0
`FS100553,货道26,海之言[柠檬](PET500ml),INTR039011682,饮料,4,4,10,10
`FS100553,货道27,统一绿茶[茉莉](PET500ml),INTR577011683,饮料,3,3,1,1
`FS100553,货道28,A-Ha[苹果]气泡水果饮料(PET500ml),INTR255012430,饮料,3,5,8,8
`FS100553,货道29,农夫茶π蜜桃乌龙茶(PET500ml),INTR930012870,饮料,5,5,17,17
`FS100553,货道30,农夫茶π蜜桃乌龙茶(PET500ml),INTR930012870,饮料,5,5,12,12
`FS100553,货道31,娃哈哈AD钙(PET450ml),INTR263012498,饮料,4.5,5,13,13
`FS100553,货道32,饮养四季[金桔柠檬](PET500ml),INTR372011680,饮料,3.5,3.5,9,9
`FS100553,货道33,饮养四季[金桔柠檬](PET500ml),INTR372011680,饮料,3.5,3.5,4,4
`FS100553,货道34,焕神[热带水果风味]饮料(PET460ml),INTR583011691,饮料,5,5,2,2
`FS100750,货道1,统一冰红茶(CAN310ml),INTR115011662,饮料,2.5,2.5,21,21
`FS100750,货道2,统一冰红茶(CAN310ml),INTR115011662,饮料,2.5,2.5,10,10
`FS100750,货道3,统一鲜橙多(CAN310ml),INTR767011663,饮料,3,3,17,17
`FS100750,货道4,统一鲜橙多(CAN310ml),INTR767011663,饮料,3,3,15,15
`FS100750,货道5,优好滋荔枝爽310ml,INTR860012104,饮料,2.5,3,10,10
`FS100750,货道6,统一好料道[仙草凉茶](CAN310ml),INTR791011678,饮料,4,4,12,12
`FS100750,货道7,统一阿萨姆[奶茶原味](PET500ml),INTR230011689,饮料,4.5,4.5,21,21
`FS100750,货道8,统一阿萨姆[奶茶原味](PET500ml),INTR230011689,饮料,4.5,4.5,19,19
`FS100750,货道9,统一饮养四季[冰糖雪梨](PET500ml),INTR56004726,饮料,3.5,3.5,18,18
`FS100750,货道10,新湖源奶饮品[黄桃味](PET521ml),INTR054012792,饮料,5,5,16,16
`FS100750,货道11,今麦郎茉莉蜜茶(PET500ml),INTR701012110,饮料,4,3,12,12
`FS100750,货道13,统一冰红茶[柠檬](PET500ml),INTR894011688,饮料,3,3,5,5
`FS100750,货道14,,,,,,0,0
`FS100750,货道15,统一冰红茶[柠檬](PET500ml),INTR894011688,饮料,3,3,17,17
`FS100750,货道16,,,,,,0,0
`FS100750,货道17,统一轻啵苏打水[原味](PET500ml),INTR452012400,饮料,3.5,3.5,18,18
`FS100750,货道19,海之言[柠檬](PET500ml),INTR039011682,饮料,4,4,14,14
`FS100750,货道21,海之言[柠檬](PET500ml),INTR039011682,饮料,4,4,13,13
`FS100750,货道23,农夫山泉(PET550ml),INTR993012106,矿泉水,2,2,17,17
`FS100750,货道24,农夫山泉(PET550ml),INTR993012106,矿泉水,2,2,14,14
`FS100750,货道25,水趣多乳酸菌风味(PET500ml),INTR912012422,饮料,5,5,18,18
`FS100750,货道26,小茗同学[青柠红茶](PET480ml),INTR297011693,饮料,5,5,14,14
`FS100750,货道27,统一冰绿茶[青梅绿茶](PET500ml),INTR469011681,饮料,3,3,14,14
`FS100750,货道28,统一冰绿茶[青梅绿茶](PET500ml),INTR469011681,饮料,3,3,11,11
`FS100750,货道29,今麦郎芒顿小镇西瓜水(PET500ml),INTR688012196,饮料,3,3,21,21
`FS100750,货道30,格泉饮用天然水(PET500ml),INTR252012401,矿泉水,2,2,20,20
`FS100750,货道31,统一绿茶[茉莉](PET500ml),INTR577011683,饮料,3,3,17,17
`FS100750,货道32,统一绿茶[茉莉](PET500ml),INTR577011683,饮料,3,3,15,15
`FS100750,货道33,饮养四季[金桔柠檬](PET500ml),INTR372011680,饮料,3.5,3.5,12,12
`FS100750,货道34,小茗同学[溜溜哒茶](PET480ml),INTR973011692,饮料,5,5,12,12
`FS100572,货道1,优好滋荔枝爽310ml,INTR860012104,饮料,2.5,3,21,21
`FS100572,货道2,统一冰红茶(CAN310ml),INTR115011662,饮料,2.5,2.5,19,19
`FS100572,货道3,统一鲜橙多(CAN310ml),INTR767011663,饮料,3,3,18,18
`FS100572,货道4,统一鲜橙多(CAN310ml),INTR767011663,饮料,3,3,16,16
`FS100572,货道5,统一冰红茶(CAN310ml),INTR115011662,饮料,2.5,2.5,10,10
`FS100572,货道6,统一好料道[仙草凉茶](CAN310ml),INTR791011678,饮料,4,4,12,12
`FS100572,货道7,新湖源奶饮品[黄桃味](PET521ml),INTR054012792,饮料,5,5,22,22
`FS100572,货道8,今麦郎茉莉蜜茶(PET500ml),INTR701012110,饮料,4,3,20,20
`FS100572,货道9,统一饮养四季[冰糖雪梨](PET500ml),INTR56004726,饮料,3.5,3.5,17,17
`FS100572,货道10,统一阿萨姆[奶茶原味](PET500ml),INTR230011689,饮料,4.5,4.5,14,14
`FS100572,货道11,统一阿萨姆[奶茶原味](PET500ml),INTR230011689,饮料,4.5,4.5,12,12
`FS100572,货道13,统一冰红茶[柠檬](PET500ml),INTR894011688,饮料,3,3,20,20
`FS100572,货道14,,,,,,0,0
`FS100572,货道15,统一冰红茶[柠檬](PET500ml),INTR894011688,饮料,3,3,15,15
`FS100572,货道16,,,,,,0,0
`FS100572,货道17,统一轻啵苏打水[原味](PET500ml),INTR452012400,饮料,3.5,3.5,18,18
`FS100572,货道19,海之言[柠檬](PET500ml),INTR039011682,饮料,4,4,16,16
`FS100572,货道21,海之言[柠檬](PET500ml),INTR039011682,饮料,4,4,13,13
`FS100572,货道23,农夫山泉(PET550ml),INTR993012106,矿泉水,2,2,18,18
`FS100572,货道24,农夫山泉(PET550ml),INTR993012106,矿泉水,2,2,7,7
`FS100572,货道25,水趣多乳酸菌风味(PET500ml),INTR912012422,饮料,5,5,18,18
`FS100572,货道26,小茗同学[青柠红茶](PET480ml),INTR297011693,饮料,5,5,16,16
`FS100572,货道27,统一冰绿茶[青梅绿茶](PET500ml),INTR469011681,饮料,3,3,10,10
`FS100572,货道28,统一冰绿茶[青梅绿茶](PET500ml),INTR469011681,饮料,3,3,8,8
`FS100572,货道29,今麦郎芒顿小镇西瓜水(PET500ml),INTR688012196,饮料,3,3,22,22
`FS100572,货道30,格泉饮用天然水(PET500ml),INTR252012401,矿泉水,2,2,20,20
`FS100572,货道31,统一绿茶[茉莉](PET500ml),INTR577011683,饮料,3,3,18,18
`FS100572,货道32,统一绿茶[茉莉](PET500ml),INTR577011683,饮料,3,3,16,16
`FS100572,货道33,饮养四季[金桔柠檬](PET500ml),INTR372011680,饮料,3.5,3.5,13,13
`FS100572,货道34,小茗同学[溜溜哒茶](PET480ml),INTR973011692,饮料,5,5,12,12
`FS101028,货道1,,,,,,0,0
`FS101028,货道2,,,,,,0,0
`FS101028,货道3,,,,,,0,0
`FS101028,货道4,,,,,,0,0
`FS101028,货道5,,,,,,0,0
`FS101028,货道6,,,,,,0,0
`FS101028,货道7,,,,,,0,0
`FS101028,货道8,,,,,,0,0
`FS101028,货道9,,,,,,0,0
`FS101028,货道10,,,,,,0,0
`FS101028,货道11,,,,,,0,0
`FS101028,货道13,,,,,,0,0
`FS101028,货道14,,,,,,0,0
`FS101028,货道15,,,,,,0,0
`FS101028,货道16,,,,,,0,0
`FS101028,货道17,,,,,,0,0
`FS101028,货道19,,,,,,0,0
`FS101028,货道21,,,,,,0,0
`FS101028,货道23,,,,,,0,0
`FS101028,货道24,,,,,,0,0
`FS101028,货道25,,,,,,0,0
`FS101028,货道26,,,,,,0,0
`FS101028,货道27,,,,,,0,0
`FS101028,货道28,,,,,,0,0
`FS101028,货道29,,,,,,0,0
`FS101028,货道30,,,,,,0,0
`FS101028,货道31,,,,,,0,0
`FS101028,货道32,,,,,,0,0
`FS101028,货道33,,,,,,0,0
`FS101028,货道34,,,,,,0,0
`FS100746,货道1,优好滋荔枝爽310ml,INTR860012104,饮料,2.5,3,21,21
`FS100746,货道2,统一冰红茶(CAN310ml),INTR115011662,饮料,2.5,2.5,19,19
`FS100746,货道3,统一鲜橙多(CAN310ml),INTR767011663,饮料,3,3,16,16
`FS100746,货道4,统一鲜橙多(CAN310ml),INTR767011663,饮料,3,3,15,15
`FS100746,货道5,统一冰红茶(CAN310ml),INTR115011662,饮料,2.5,2.5,14,14
`FS100746,货道6,统一好料道[仙草凉茶](CAN310ml),INTR791011678,饮料,4,4,12,12
`FS100746,货道7,统一阿萨姆[奶茶原味](PET500ml),INTR230011689,饮料,4.5,4.5,21,21
`FS100746,货道8,统一阿萨姆[奶茶原味](PET500ml),INTR230011689,饮料,4.5,4.5,19,19
`FS100746,货道9,统一饮养四季[冰糖雪梨](PET500ml),INTR56004726,饮料,3.5,3.5,18,18
`FS100746,货道10,新湖源奶饮品[黄桃味](PET521ml),INTR054012792,饮料,5,5,16,16
`FS100746,货道11,今麦郎茉莉蜜茶(PET500ml),INTR701012110,饮料,4,4,14,14
`FS100746,货道13,统一冰红茶[柠檬](PET500ml),INTR894011688,饮料,3,3,22,22
`FS100746,货道14,,,,,,0,0
`FS100746,货道15,统一冰红茶[柠檬](PET500ml),INTR894011688,饮料,3,3,17,17
`FS100746,货道16,,,,,,0,0
`FS100746,货道17,统一轻啵苏打水[原味](PET500ml),INTR452012400,饮料,3.5,3.5,18,18
`FS100746,货道19,海之言[柠檬](PET500ml),INTR039011682,饮料,4,4,16,16
`FS100746,货道21,海之言[柠檬](PET500ml),INTR039011682,饮料,4,4,13,13
`FS100746,货道23,农夫山泉(PET550ml),INTR993012106,矿泉水,2,2,20,20
`FS100746,货道24,农夫山泉(PET550ml),INTR993012106,矿泉水,2,2,18,18
`FS100746,货道25,水趣多乳酸菌风味(PET500ml),INTR912012422,饮料,5,5,18,18
`FS100746,货道26,小茗同学[青柠红茶](PET480ml),INTR297011693,饮料,5,5,16,16
`FS100746,货道27,统一冰绿茶[青梅绿茶](PET500ml),INTR469011681,饮料,3,3,13,13
`FS100746,货道28,统一冰绿茶[青梅绿茶](PET500ml),INTR469011681,饮料,3,3,11,11
`FS100746,货道29,今麦郎芒顿小镇西瓜水(PET500ml),INTR688012196,饮料,3,3,21,21
`FS100746,货道30,格泉饮用天然水(PET500ml),INTR252012401,矿泉水,2,2,20,20
`FS100746,货道31,统一绿茶[茉莉](PET500ml),INTR577011683,饮料,3,3,18,18
`FS100746,货道32,统一绿茶[茉莉](PET500ml),INTR577011683,饮料,3,3,16,16
`FS100746,货道33,饮养四季[金桔柠檬](PET500ml),INTR372011680,饮料,3.5,3.5,14,14
`FS100746,货道34,小茗同学[溜溜哒茶](PET480ml),INTR973011692,饮料,5,5,12,12
`FS100849,货道1,王老吉凉茶(CAN310ml),INTR472012173,饮料,3.5,3.5,19,19
`FS100849,货道2,统一好料道[仙草凉茶](CAN310ml),INTR791011678,饮料,4,4,17,17
`FS100849,货道3,统一蜜桃多(CAN310ml),INTR765012351,饮料,3,2.5,8,8
`FS100849,货道4,统一鲜橙多(CAN310ml),INTR767011663,饮料,3,2.5,14,14
`FS100849,货道5,统一鲜橙多(CAN310ml),INTR767011663,饮料,3,2.5,10,10
`FS100849,货道6,统一鲜橙多(CAN310ml),INTR767011663,饮料,3,2.5,10,10
`FS100849,货道7,农夫山泉(PET550ml),INTR993012106,矿泉水,2,2,12,12
`FS100849,货道8,百香公举[百香果](PET480ml),INTR017012171,饮料,4,4,3,3
`FS100849,货道9,统一冰红茶[柠檬](PET500ml),INTR894011688,饮料,3,3,15,15
`FS100849,货道10,统一冰红茶[柠檬](PET500ml),INTR894011688,饮料,3,3,8,8
`FS100849,货道11,统一冰红茶[柠檬](PET500ml),INTR894011688,饮料,3,3,10,10
`FS100849,货道13,台福[高钙花生牛奶](CAN365ml),INTR531012172,饮料,3.5,3.5,20,20
`FS100849,货道14,王老吉凉茶(CAN310ml),INTR472012173,饮料,3.5,3.5,20,20
`FS100849,货道15,百事可乐(CAN330ml),INTR785012174,饮料,2.5,2.5,18,18
`FS100849,货道16,百事可乐(CAN330ml),INTR785012174,饮料,2.5,2.5,16,16
`FS100849,货道17,统一双萃[柠檬茶](PET500ml),INTR466012427,饮料,3,3,14,14
`FS100849,货道19,小茗同学[溜溜哒茶](PET480ml),INTR973011692,饮料,5,5,13,13
`FS100849,货道21,焕神[热带水果风味]饮料(PET460ml),INTR583011691,饮料,5,5,11,11
`FS100849,货道23,统一饮养四季[冰糖雪梨](PET500ml),INTR56004726,饮料,3.5,3,19,19
`FS100849,货道24,统一鲜橙多(PET450ml),INTR910011664,饮料,3.5,3.5,18,18
`FS100849,货道25,统一绿茶[茉莉](PET500ml),INTR577011683,饮料,3,3,14,14
`FS100849,货道26,统一绿茶[茉莉](PET500ml),INTR577011683,饮料,3,3,13,13
`FS100849,货道27,饮养四季[金桔柠檬](PET500ml),INTR372011680,饮料,3.5,3,11,11
`FS100849,货道28,饮养四季[金桔柠檬](PET500ml),INTR372011680,饮料,3.5,3,8,8
`FS100849,货道29,体质能量(PET580ml),INTR468012175,饮料,4,5.5,3,3
`FS100849,货道30,统一阿萨姆[奶茶原味](PET500ml),INTR230011689,饮料,4.5,4,0,0
`FS100849,货道31,统一阿萨姆[奶茶原味](PET500ml),INTR230011689,饮料,4.5,4,0,0
`FS100849,货道32,海之言[柠檬](PET500ml),INTR039011682,饮料,4,4,12,12
`FS100849,货道33,海之言[柠檬](PET500ml),INTR039011682,饮料,4,4,12,12
`FS100849,货道34,海之言[柠檬](PET500ml),INTR039011682,饮料,4,4,9,9
`FS100808,货道1,优好滋荔枝爽310ml,INTR860012104,饮料,2.5,3,20,20
`FS100808,货道2,统一冰红茶(CAN310ml),INTR115011662,饮料,2.5,2.5,20,20
`FS100808,货道3,统一鲜橙多(CAN310ml),INTR767011663,饮料,3,3,18,18
`FS100808,货道4,统一鲜橙多(CAN310ml),INTR767011663,饮料,3,3,14,14
`FS100808,货道5,统一冰红茶(CAN310ml),INTR115011662,饮料,2.5,2.5,14,14
`FS100808,货道6,统一好料道[仙草凉茶](CAN310ml),INTR791011678,饮料,4,4,12,12
`FS100808,货道7,今麦郎茉莉蜜茶(PET500ml),INTR701012110,饮料,4,3,20,20
`FS100808,货道8,农夫山泉(PET550ml),INTR993012106,矿泉水,2,2,19,19
`FS100808,货道9,统一饮养四季[冰糖雪梨](PET500ml),INTR56004726,饮料,3.5,3.5,18,18
`FS100808,货道10,统一阿萨姆[奶茶原味](PET500ml),INTR230011689,饮料,4.5,4.5,16,16
`FS100808,货道11,统一阿萨姆[奶茶原味](PET500ml),INTR230011689,饮料,4.5,4.5,14,14
`FS100808,货道13,统一冰红茶[柠檬](PET500ml),INTR894011688,饮料,3,3,21,21
`FS100808,货道14,,,,,,0,0
`FS100808,货道15,统一冰红茶[柠檬](PET500ml),INTR894011688,饮料,3,3,20,20
`FS100808,货道16,,,,,,0,0
`FS100808,货道17,统一轻啵苏打水[原味](PET500ml),INTR452012400,饮料,3.5,3.5,18,18
`FS100808,货道19,海之言[柠檬](PET500ml),INTR039011682,饮料,4,4,13,13
`FS100808,货道21,海之言[柠檬](PET500ml),INTR039011682,饮料,4,4,11,11
`FS100808,货道23,农夫山泉(PET550ml),INTR993012106,矿泉水,2,2,22,22
`FS100808,货道24,农夫山泉(PET550ml),INTR993012106,矿泉水,2,2,20,20
`FS100808,货道25,水趣多乳酸菌风味(PET500ml),INTR912012422,饮料,5,5,18,18
`FS100808,货道26,小茗同学[溜溜哒茶](PET480ml),INTR973011692,饮料,5,5,16,16
`FS100808,货道27,统一冰绿茶[青梅绿茶](PET500ml),INTR469011681,饮料,3,3,4,4
`FS100808,货道29,今麦郎芒顿小镇西瓜水(PET500ml),INTR688012196,饮料,3,3,21,21
`FS100808,货道30,格泉饮用天然水(PET500ml),INTR252012401,矿泉水,2,2,20,20
`FS100808,货道31,统一绿茶[茉莉](PET500ml),INTR577011683,饮料,3,3,15,15
`FS100808,货道32,统一绿茶[茉莉](PET500ml),INTR577011683,饮料,3,3,14,14
`FS100808,货道33,饮养四季[金桔柠檬](PET500ml),INTR372011680,饮料,3.5,3.5,9,9
`FS100808,货道34,小茗同学[青柠红茶](PET480ml),INTR297011693,饮料,5,5,12,12
`FS100271,货道1,统一冰红茶(CAN310ml),INTR115011662,饮料,2.5,2.5,22,22
`FS100271,货道2,统一冰红茶(CAN310ml),INTR115011662,饮料,2.5,2.5,20,20
`FS100271,货道3,统一鲜橙多(CAN310ml),INTR767011663,饮料,3,3,18,18
`FS100271,货道4,统一鲜橙多(CAN310ml),INTR767011663,饮料,3,3,16,16
`FS100271,货道5,优好滋荔枝爽310ml,INTR860012104,饮料,2.5,3,14,14
`FS100271,货道6,统一好料道[仙草凉茶](CAN310ml),INTR791011678,饮料,4,4,10,10
`FS100271,货道7,统一阿萨姆[奶茶原味](PET500ml),INTR230011689,饮料,4.5,4.5,22,22
`FS100271,货道8,统一阿萨姆[奶茶原味](PET500ml),INTR230011689,饮料,4.5,4.5,20,20
`FS100271,货道9,统一饮养四季[冰糖雪梨](PET500ml),INTR56004726,饮料,3.5,3.5,18,18
`FS100271,货道10,新湖源奶饮品[黄桃味](PET521ml),INTR054012792,饮料,5,5,16,16
`FS100271,货道11,今麦郎茉莉蜜茶(PET500ml),INTR701012110,饮料,4,3,14,14
`FS100271,货道13,统一冰红茶[柠檬](PET500ml),INTR894011688,饮料,3,3,22,22
`FS100271,货道14,,,,,,0,0
`FS100271,货道15,统一冰红茶[柠檬](PET500ml),INTR894011688,饮料,3,3,20,20
`FS100271,货道16,,,,,,0,0
`FS100271,货道17,统一轻啵苏打水[原味](PET500ml),INTR452012400,饮料,3.5,3.5,18,18
`FS100271,货道19,海之言[柠檬](PET500ml),INTR039011682,饮料,4,4,16,16
`FS100271,货道21,海之言[柠檬](PET500ml),INTR039011682,饮料,4,4,14,14
`FS100271,货道23,农夫山泉(PET550ml),INTR993012106,矿泉水,2,2,22,22
`FS100271,货道24,农夫山泉(PET550ml),INTR993012106,矿泉水,2,2,19,19
`FS100271,货道25,水趣多乳酸菌风味(PET500ml),INTR912012422,饮料,5,5,18,18
`FS100271,货道26,小茗同学[青柠红茶](PET480ml),INTR297011693,饮料,5,5,16,16
`FS100271,货道27,统一冰绿茶[青梅绿茶](PET500ml),INTR469011681,饮料,3,3,12,12
`FS100271,货道28,格泉饮用天然水(PET500ml),INTR252012401,矿泉水,2,2,12,12
`FS100271,货道29,今麦郎芒顿小镇西瓜水(PET500ml),INTR688012196,饮料,3,3,22,22
`FS100271,货道30,统一冰红茶[柠檬](PET500ml),INTR894011688,饮料,3,3,20,20
`FS100271,货道31,统一绿茶[茉莉](PET500ml),INTR577011683,饮料,3,3,18,18
`FS100271,货道32,统一绿茶[茉莉](PET500ml),INTR577011683,饮料,3,3,16,16
`FS100271,货道33,饮养四季[金桔柠檬](PET500ml),INTR372011680,饮料,3.5,3.5,14,14
`FS100271,货道34,小茗同学[溜溜哒茶](PET480ml),INTR973011692,饮料,5,5,12,12
`FS100797,货道1,优好滋荔枝爽310ml,INTR860012104,饮料,2.5,3,22,22
`FS100797,货道2,统一冰红茶(CAN310ml),INTR115011662,饮料,2.5,2.5,16,16
`FS100797,货道3,统一鲜橙多(CAN310ml),INTR767011663,饮料,3,3,17,17
`FS100797,货道4,统一鲜橙多(CAN310ml),INTR767011663,饮料,3,3,16,16
`FS100797,货道5,统一冰红茶(CAN310ml),INTR115011662,饮料,2.5,2.5,13,13
`FS100797,货道6,统一好料道[仙草凉茶](CAN310ml),INTR791011678,饮料,4,4,12,12
`FS100797,货道7,统一阿萨姆[奶茶原味](PET500ml),INTR230011689,饮料,4.5,4.5,21,21
`FS100797,货道8,统一阿萨姆[奶茶原味](PET500ml),INTR230011689,饮料,4.5,4.5,19,19
`FS100797,货道9,统一饮养四季[冰糖雪梨](PET500ml),INTR56004726,饮料,3.5,3.5,18,18
`FS100797,货道10,新湖源奶饮品[黄桃味](PET521ml),INTR054012792,饮料,5,5,16,16
`FS100797,货道11,今麦郎茉莉蜜茶(PET500ml),INTR701012110,饮料,4,3,10,10
`FS100797,货道13,统一冰红茶[柠檬](PET500ml),INTR894011688,饮料,3,3,20,20
`FS100797,货道14,,,,,,0,0
`FS100797,货道15,统一冰红茶[柠檬](PET500ml),INTR894011688,饮料,3,3,19,19
`FS100797,货道16,,,,,,0,0
`FS100797,货道17,统一轻啵苏打水[原味](PET500ml),INTR452012400,饮料,3.5,3.5,18,18
`FS100797,货道19,海之言[柠檬](PET500ml),INTR039011682,饮料,4,4,16,16
`FS100797,货道21,海之言[柠檬](PET500ml),INTR039011682,饮料,4,4,14,14
`FS100797,货道23,农夫山泉(PET550ml),INTR993012106,矿泉水,2,2,20,20
`FS100797,货道24,农夫山泉(PET550ml),INTR993012106,矿泉水,2,2,11,11
`FS100797,货道25,水趣多乳酸菌风味(PET500ml),INTR912012422,饮料,5,5,17,17
`FS100797,货道26,小茗同学[青柠红茶](PET480ml),INTR297011693,饮料,5,5,16,16
`FS100797,货道27,统一冰绿茶[青梅绿茶](PET500ml),INTR469011681,饮料,3,3,13,13
`FS100797,货道28,统一冰绿茶[青梅绿茶](PET500ml),INTR469011681,饮料,3,3,10,10
`FS100797,货道29,今麦郎芒顿小镇西瓜水(PET500ml),INTR688012196,饮料,3,3,20,20
`FS100797,货道30,格泉饮用天然水(PET500ml),INTR252012401,矿泉水,2,2,20,20
`FS100797,货道31,统一绿茶[茉莉](PET500ml),INTR577011683,饮料,3,3,18,18
`FS100797,货道32,统一绿茶[茉莉](PET500ml),INTR577011683,饮料,3,3,15,15
`FS100797,货道33,饮养四季[金桔柠檬](PET500ml),INTR372011680,饮料,3.5,3.5,12,12
`FS100797,货道34,小茗同学[溜溜哒茶](PET480ml),INTR973011692,饮料,5,5,12,12
`FS100524,货道1,三得利利趣拿铁(CAN310ml),INTR861012877,饮料,4,4,16,16
`FS100524,货道2,优好滋荔枝爽310ml,INTR860012104,饮料,2.5,3,5,5
`FS100524,货道3,,,,,,0,0
`FS100524,货道4,统一好料道[仙草凉茶](CAN310ml),INTR791011678,饮料,4,4,10,10
`FS100524,货道5,小野[芒果汁](CAN245ml),INTR457012418,饮料,3,3,20,20
`FS100524,货道6,爱朵拉拿铁咖啡(CAN310ml),INTR459011637,饮料,4,4,20,20
`FS100524,货道7,统一阿萨姆[奶茶原味](PET500ml),INTR230011689,饮料,4.5,4.5,16,16
`FS100524,货道8,统一阿萨姆[奶茶原味](PET500ml),INTR230011689,饮料,4.5,4.5,16,16
`FS100524,货道9,统一茉莉蜜茶(PET500ml),INTR815013715,饮料,3,3,14,14
`FS100524,货道10,统一冰红茶(CAN310ml),INTR115011662,饮料,2.5,2.5,20,20
`FS100524,货道11,统一鲜橙多(CAN310ml),INTR767011663,饮料,3,3,18,18
`FS100524,货道13,美年达[橙味](CAN330ml),INTR052013120,饮料,3,3,19,19
`FS100524,货道14,,,,,,0,0
`FS100524,货道15,百事可乐(CAN330ml),INTR785012174,饮料,2.5,2.5,14,14
`FS100524,货道16,,,,,,0,0
`FS100524,货道17,可口可乐纯悦水(PET500ml),INTR123011690,饮料,2,2,7,7
`FS100524,货道19,焕神[热带水果风味]饮料(PET460ml),INTR583011691,饮料,5,5,13,13
`FS100524,货道21,海之言[柠檬](PET500ml),INTR039011682,饮料,4,4,11,11
`FS100524,货道23,统一冰红茶[柠檬](PET500ml),INTR894011688,饮料,3,3,0,0
`FS100524,货道24,统一冰绿茶[青梅绿茶](PET500ml),INTR469011681,饮料,3,3,15,15
`FS100524,货道25,统一冰红茶[柠檬](PET500ml),INTR894011688,饮料,3,3,4,4
`FS100524,货道26,统一鲜橙多(PET450ml),INTR910011664,饮料,3.5,3.5,14,14
`FS100524,货道27,统一鲜橙多(PET450ml),INTR910011664,饮料,3.5,3.5,13,13
`FS100524,货道29,统一轻啵苏打水[柠檬味](PET500ml),INTR773011687,饮料,3.5,3.5,8,8
`FS100524,货道30,可口可乐纯悦水(PET500ml),INTR123011690,饮料,2,2,4,4
`FS100524,货道31,小茗同学[溜溜哒茶](PET480ml),INTR973011692,饮料,5,5,18,18
`FS100524,货道32,统一茶裏王[无糖台式乌龙茶](PET420ml),INTR904011685,饮料,5,5,20,20
`FS100524,货道33,统一双萃[柠檬茶](PET500ml),INTR466012427,饮料,3,3,11,11
`FS100524,货道34,ALKAQUA[饮用天然矿泉水](PET570ml),INTR997009154,矿泉水,4,4,13,13
`FS100186,货道1,统一鲜橙多(CAN310ml),INTR767011663,饮料,3,3,21,21
`FS100186,货道2,,,,,,0,0
`FS100186,货道3,,,,,,0,0
`FS100186,货道4,,,,,,0,0
`FS100186,货道5,,,,,,0,0
`FS100186,货道6,,,,,,0,0
`FS100186,货道7,,,,,,0,0
`FS100186,货道8,,,,,,0,0
`FS100186,货道9,,,,,,0,0
`FS100186,货道10,,,,,,0,0
`FS100186,货道11,,,,,,0,0
`FS100186,货道13,,,,,,0,0
`FS100186,货道14,,,,,,0,0
`FS100186,货道15,,,,,,0,0
`FS100186,货道16,,,,,,0,0
`FS100186,货道17,,,,,,0,0
`FS100186,货道19,,,,,,0,0
`FS100186,货道21,,,,,,0,0
`FS100186,货道23,,,,,,0,0
`FS100186,货道24,,,,,,0,0
`FS100186,货道25,,,,,,0,0
`FS100186,货道26,,,,,,0,0
`FS100186,货道27,,,,,,0,0
`FS100186,货道28,,,,,,0,0
`FS100186,货道29,,,,,,0,0
`FS100186,货道30,,,,,,0,0
`FS100186,货道31,,,,,,0,0
`FS100186,货道32,,,,,,0,0
`FS100186,货道33,,,,,,0,0
`FS100186,货道34,,,,,,0,0
`FS100898,货道1,米源冰晶葡萄(CAN310ml),INTR290012105,饮料,2.5,2.5,976,976
`FS100898,货道2,米源冰晶葡萄(CAN310ml),INTR290012105,饮料,2.5,2.5,974,974
`FS100898,货道3,统一好料道[仙草凉茶](CAN310ml),INTR791011678,饮料,4,4,983,983
`FS100898,货道4,统一鲜橙多(CAN310ml),INTR767011663,饮料,3,3,982,982
`FS100898,货道5,统一鲜橙多(CAN310ml),INTR767011663,饮料,3,3,987,987
`FS100898,货道6,王老吉凉茶(CAN310ml),INTR472012173,饮料,3.5,4,981,981
`FS100898,货道7,元气森林气泡水[海盐菠萝味](PET480ml),INTR966012869,饮料,5,5,972,972
`FS100898,货道8,统一阿萨姆[岩盐芝士](PET450ml),INTR635012426,饮料,4.5,4.5,985,985
`FS100898,货道9,怡宝[纯净水](PET555ml),INTR128012109,矿泉水,2,2,962,962
`FS100898,货道10,怡宝[纯净水](PET555ml),INTR128012109,矿泉水,2,2,967,967
`FS100898,货道11,怡宝[纯净水](PET555ml),INTR128012109,矿泉水,2,2,973,973
`FS100898,货道13,百事可乐(PET600ml),INTR065012794,饮料,3.5,3,955,955
`FS100898,货道15,百事可乐(PET600ml),INTR065012794,饮料,3.5,3,965,965
`FS100898,货道17,统一冰红茶[柠檬](PET500ml),INTR894011688,饮料,3,3,980,980
`FS100898,货道19,统一绿茶[茉莉](PET500ml),INTR577011683,饮料,3,3,985,985
`FS100898,货道21,统一鲜橙多(PET450ml),INTR910011664,饮料,3.5,3.5,987,987
`FS100898,货道23,统一阿萨姆[奶茶原味](PET500ml),INTR230011689,饮料,4.5,4.5,973,973
`FS100898,货道24,统一阿萨姆[白桃观音](PET450ml),INTR609013401,饮料,4.5,4.5,973,973
`FS100898,货道25,统一冰绿茶[青梅绿茶](PET500ml),INTR469011681,饮料,3,3,973,973
`FS100898,货道26,统一饮养四季[冰糖雪梨](PET500ml),INTR56004726,饮料,3.5,3.5,982,982
`FS100898,货道27,小茗同学[青柠红茶](PET480ml),INTR297011693,饮料,5,5,985,985
`FS100898,货道28,小茗同学[青柠红茶](PET480ml),INTR297011693,饮料,5,5,984,984
`FS100898,货道29,饮养四季[金桔柠檬](PET500ml),INTR372011680,饮料,3.5,3.5,969,969
`FS100898,货道30,统一冰红茶[柠檬](PET500ml),INTR894011688,饮料,3,3,973,973
`FS100898,货道31,统一双萃[柠檬茶](PET500ml),INTR466012427,饮料,3,3,987,987
`FS100898,货道32,统一双萃[柠檬茶](PET500ml),INTR466012427,饮料,3,3,992,992
`FS100898,货道33,海之言[柠檬](PET500ml),INTR039011682,饮料,4,4,978,978
`FS100898,货道34,海之言[柠檬](PET500ml),INTR039011682,饮料,4,4,975,975
`FS100924,货道1,百事可乐(CAN330ml),INTR785012174,饮料,2.5,2.5,21,21
`FS100924,货道2,百事可乐(CAN330ml),INTR785012174,饮料,2.5,2.5,19,19
`FS100924,货道3,可口可乐[自购版](CAN330ml),INTR121011635,饮料,3,3,17,17
`FS100924,货道4,统一冰绿茶[青梅绿茶](CAN310ml),INTG116100075,饮料,2.5,2.5,16,16
`FS100924,货道5,统一冰绿茶[青梅绿茶](CAN310ml),INTG116100075,饮料,2.5,2.5,15,15
`FS100924,货道6,统一好料道[仙草凉茶](CAN310ml),INTR791011678,饮料,4,4,16,16
`FS100924,货道7,统一阿萨姆[奶茶原味](PET500ml),INTR230011689,饮料,4.5,4.5,21,21
`FS100924,货道8,统一阿萨姆[奶茶原味](PET500ml),INTR230011689,饮料,4.5,4.5,20,20
`FS100924,货道9,统一阿萨姆[奶茶原味](PET500ml),INTR230011689,饮料,4.5,4.5,17,17
`FS100924,货道10,雅哈[冰咖啡](PET450ml),INTR470011686,饮料,5.5,5.5,18,18
`FS100924,货道11,小茗同学[青柠红茶](PET480ml),INTR297011693,饮料,5,5,15,15
`FS100924,货道13,百事可乐(PET500ml),INTR859012793,饮料,3.5,3.5,20,20
`FS100924,货道14,,,,,3.5,19,19
`FS100924,货道15,美年达[青苹果味](PET450ml),INTR581013658,饮料,3.5,3.5,20,20
`FS100924,货道16,,,,,5,17,17
`FS100924,货道17,农夫山泉力量帝维他命水(PET500ml),INTR911012108,饮料,5,5,19,19
`FS100924,货道19,娃哈哈AD钙(PET450ml),INTR263012498,饮料,4.5,4.5,14,14
`FS100924,货道21,统一绿茶[茉莉](PET500ml),INTR577011683,饮料,3,3,15,15
`FS100924,货道23,统一冰绿茶[青梅绿茶](PET500ml),INTR469011681,饮料,3,3,21,21
`FS100924,货道24,统一冰绿茶[青梅绿茶](PET500ml),INTR469011681,饮料,3,3,17,17
`FS100924,货道25,统一冰绿茶[青梅绿茶](PET500ml),INTR469011681,饮料,3,3,19,19
`FS100924,货道26,统一冰红茶[柠檬](PET500ml),INTR894011688,饮料,3,3,17,17
`FS100924,货道27,统一冰红茶[柠檬](PET500ml),INTR894011688,饮料,3,3,15,15
`FS100924,货道28,统一冰红茶[柠檬](PET500ml),INTR894011688,饮料,3,3,11,11
`FS100924,货道29,统一鲜橙多(PET450ml),INTR910011664,饮料,3.5,3.5,21,21
`FS100924,货道30,统一鲜橙多(PET450ml),INTR910011664,饮料,3.5,3.5,18,18
`FS100924,货道31,海之言[柠檬](PET500ml),INTR039011682,饮料,4,4,19,19
`FS100924,货道32,海之言[柠檬](PET500ml),INTR039011682,饮料,4,4,17,17
`FS100924,货道33,统一轻啵苏打水[柠檬味](PET500ml),INTR773011687,饮料,3.5,3.5,16,16
`FS100924,货道34,焕神[热带水果风味]饮料(PET460ml),INTR583011691,饮料,5,5,12,12
`FS100523,货道1,三得利利趣拿铁(CAN310ml),INTR861012877,饮料,4,4,16,16
`FS100523,货道2,优好滋荔枝爽310ml,INTR860012104,饮料,2.5,3,8,8
`FS100523,货道3,,,,,0,0,0
`FS100523,货道4,统一好料道[仙草凉茶](CAN310ml),INTR791011678,饮料,4,4,17,17
`FS100523,货道5,小野[芒果汁](CAN245ml),INTR457012418,饮料,3,3,20,20
`FS100523,货道6,爱朵拉拿铁咖啡(CAN310ml),INTR459011637,饮料,4,4,20,20
`FS100523,货道7,统一阿萨姆[奶茶原味](PET500ml),INTR230011689,饮料,4.5,4.5,11,11
`FS100523,货道8,统一阿萨姆[奶茶原味](PET500ml),INTR230011689,饮料,4.5,4.5,19,19
`FS100523,货道9,统一茉莉蜜茶(PET500ml),INTR815013715,饮料,3,3,18,18
`FS100523,货道10,统一冰红茶(CAN310ml),INTR115011662,饮料,2.5,2.5,16,16
`FS100523,货道11,统一鲜橙多(CAN310ml),INTR767011663,饮料,3,3,14,14
`FS100523,货道13,美年达[橙味](CAN330ml),INTR052013120,饮料,3,2.5,13,13
`FS100523,货道14,,,,,0,0,0
`FS100523,货道15,百事可乐(CAN330ml),INTR785012174,饮料,2.5,2.5,7,7
`FS100523,货道16,,,,,0,0,0
`FS100523,货道17,可口可乐纯悦水(PET500ml),INTR123011690,饮料,2,2,7,7
`FS100523,货道19,焕神[热带水果风味]饮料(PET460ml),INTR583011691,饮料,5,5,12,12
`FS100523,货道23,统一冰红茶[柠檬](PET500ml),INTR894011688,饮料,3,3,0,0
`FS100523,货道24,统一冰绿茶[青梅绿茶](PET500ml),INTR469011681,饮料,3,3,3,3
`FS100523,货道25,统一冰红茶[柠檬](PET500ml),INTR894011688,饮料,3,3,9,9
`FS100523,货道26,统一鲜橙多(PET450ml),INTR910011664,饮料,3.5,3.5,7,7
`FS100523,货道27,统一鲜橙多(PET450ml),INTR910011664,饮料,3.5,3.5,9,9
`FS100523,货道28,水趣多乳酸菌风味(PET500ml),INTR912012422,饮料,5,5,15,15
`FS100523,货道29,统一轻啵苏打水[柠檬味](PET500ml),INTR773011687,饮料,3.5,3.5,9,9
`FS100523,货道30,可口可乐纯悦水(PET500ml),INTR123011690,饮料,2,2,3,3
`FS100523,货道31,小茗同学[溜溜哒茶](PET480ml),INTR973011692,饮料,5,5,15,15
`FS100523,货道32,统一茶裏王[无糖台式乌龙茶](PET420ml),INTR904011685,饮料,5,5,20,20
`FS100523,货道33,统一双萃[柠檬茶](PET500ml),INTR466012427,饮料,3,3,9,9
`FS100523,货道34,ALKAQUA[饮用天然矿泉水](PET570ml),INTR997009154,矿泉水,4,4,11,11
`FS100854,货道1,米源冰晶葡萄(CAN310ml),INTR290012105,饮料,2.5,2.5,988,988
`FS100854,货道2,统一蜜桃多(CAN310ml),INTR765012351,饮料,3,3,993,993
`FS100854,货道3,统一好料道[仙草凉茶](CAN310ml),INTR791011678,饮料,4,4,994,994
`FS100854,货道4,米源冰晶葡萄(CAN310ml),INTR290012105,饮料,2.5,2.5,995,995
`FS100854,货道5,米源冰晶葡萄(CAN310ml),INTR290012105,饮料,2.5,2.5,993,993
`FS100854,货道6,统一鲜橙多(CAN310ml),INTR767011663,饮料,3,3,999,999
`FS100854,货道7,统一冰红茶[柠檬](PET500ml),INTR894011688,饮料,3,3,990,990
`FS100854,货道8,统一冰红茶[柠檬](PET500ml),INTR894011688,饮料,3,3,993,993
`FS100854,货道9,统一绿茶[茉莉](PET500ml),INTR577011683,饮料,3,3,989,989
`FS100854,货道10,统一冰绿茶[青梅绿茶](PET500ml),INTR469011681,饮料,3,3,996,996
`FS100854,货道11,海之言[柠檬](PET500ml),INTR039011682,饮料,4,4,993,993
`FS100854,货道13,百事可乐(PET600ml),INTR065012794,饮料,3.5,3.5,997,997
`FS100854,货道15,今麦郎芒顿小镇柠檬水(PET500ml),INTR322012790,饮料,2.5,2.5,987,987
`FS100854,货道17,饮养四季[金桔柠檬](PET500ml),INTR372011680,饮料,3.5,3.5,999,999
`FS100854,货道19,统一阿萨姆[奶茶原味](PET500ml),INTR230011689,饮料,4.5,4.5,997,997
`FS100854,货道21,统一阿萨姆[奶茶原味](PET500ml),INTR230011689,饮料,4.5,4.5,996,996
`FS100854,货道23,雪碧(PET500ml),INTR274011679,饮料,3.5,3.5,999,999
`FS100854,货道24,小茗同学[青柠红茶](PET480ml),INTR297011693,饮料,5,5,996,996
`FS100854,货道25,小茗同学[溜溜哒茶](PET480ml),INTR973011692,饮料,5,5,996,996
`FS100854,货道26,怡宝[纯净水](PET555ml),INTR128012109,矿泉水,2,2,984,984
`FS100854,货道27,怡宝[纯净水](PET555ml),INTR128012109,矿泉水,2,2,999,999
`FS100854,货道28,怡宝[纯净水](PET555ml),INTR128012109,矿泉水,2,2,989,989
`FS100854,货道29,今麦郎芒顿小镇西瓜水(PET500ml),INTR688012196,饮料,3,3,983,983
`FS100854,货道30,饮养四季[金桔柠檬](PET500ml),INTR372011680,饮料,3.5,3.5,997,997
`FS100854,货道31,统一饮养四季[冰糖雪梨](PET500ml),INTR56004726,饮料,3.5,3.5,995,995
`FS100854,货道32,焕神[热带水果风味]饮料(PET460ml),INTR583011691,饮料,5,5,999,999
`FS100854,货道33,统一鲜橙多(PET450ml),INTR910011664,饮料,3.5,3.5,995,995
`FS100854,货道34,海之言[柠檬](PET500ml),INTR039011682,饮料,4,4,998,998
`FS100508,货道1,三得利利趣拿铁(CAN310ml),INTR861012877,饮料,4,4,9,9
`FS100508,货道2,优好滋荔枝爽310ml,INTR860012104,饮料,2.5,3,3,3
`FS100508,货道3,,,,,0,0,0
`FS100508,货道4,统一好料道[仙草凉茶](CAN310ml),INTR791011678,饮料,4,4,20,20
`FS100508,货道5,小野[芒果汁](CAN245ml),INTR457012418,饮料,3,3,20,20
`FS100508,货道6,爱朵拉拿铁咖啡(CAN310ml),INTR459011637,饮料,4,4,20,20
`FS100508,货道7,统一阿萨姆[奶茶原味](PET500ml),INTR230011689,饮料,4.5,4.5,15,15
`FS100508,货道8,统一阿萨姆[奶茶原味](PET500ml),INTR230011689,饮料,4.5,4.5,17,17
`FS100508,货道9,统一茉莉蜜茶(PET500ml),INTR815013715,饮料,3,3,6,6
`FS100508,货道10,统一冰红茶(CAN310ml),INTR115011662,饮料,2.5,2.5,8,8
`FS100508,货道11,统一鲜橙多(CAN310ml),INTR767011663,饮料,3,3,10,10
`FS100508,货道13,美年达[橙味](CAN330ml),INTR052013120,饮料,3,2.5,2,2
`FS100508,货道14,,,,,0,0,0
`FS100508,货道15,百事可乐(CAN330ml),INTR785012174,饮料,2.5,2.5,3,3
`FS100508,货道16,,,,,0,0,0
`FS100508,货道17,可口可乐纯悦水(PET500ml),INTR123011690,饮料,2,2,7,7
`FS100508,货道19,焕神[热带水果风味]饮料(PET460ml),INTR583011691,饮料,5,5,8,8
`FS100508,货道21,海之言[柠檬](PET500ml),INTR039011682,饮料,4,4,10,10
`FS100508,货道23,统一冰红茶[柠檬](PET500ml),INTR894011688,饮料,3,3,1,1
`FS100508,货道24,统一冰绿茶[青梅绿茶](PET500ml),INTR469011681,饮料,3,3,3,3
`FS100508,货道25,统一冰红茶[柠檬](PET500ml),INTR894011688,饮料,3,3,5,5
`FS100508,货道26,统一鲜橙多(PET450ml),INTR910011664,饮料,3.5,3.5,9,9
`FS100508,货道27,统一鲜橙多(PET450ml),INTR910011664,饮料,3.5,3.5,9,9
`FS100508,货道28,水趣多乳酸菌风味(PET500ml),INTR912012422,饮料,5,5,14,14
`FS100508,货道29,统一轻啵苏打水[柠檬味](PET500ml),INTR773011687,饮料,3.5,3.5,1,1
`FS100508,货道30,可口可乐纯悦水(PET500ml),INTR123011690,饮料,2,2,4,4
`FS100508,货道31,小茗同学[溜溜哒茶](PET480ml),INTR973011692,饮料,5,5,11,11
`FS100508,货道32,统一茶裏王[无糖台式乌龙茶](PET420ml),INTR904011685,饮料,5,5,20,20
`FS100508,货道33,统一双萃[柠檬茶](PET500ml),INTR466012427,饮料,3,3,8,8
`FS100508,货道34,ALKAQUA[饮用天然矿泉水](PET570ml),INTR997009154,矿泉水,4,4,11,11
`FS100507,货道1,三得利利趣拿铁(CAN310ml),INTR861012877,饮料,4,4,11,11
`FS100507,货道2,优好滋荔枝爽310ml,INTR860012104,饮料,2.5,3,18,18
`FS100507,货道3,,,,,0,0,0
`FS100507,货道4,统一好料道[仙草凉茶](CAN310ml),INTR791011678,饮料,4,4,20,20
`FS100507,货道5,小野[芒果汁](CAN245ml),INTR457012418,饮料,3,3,20,20
`FS100507,货道6,爱朵拉拿铁咖啡(CAN310ml),INTR459011637,饮料,4,4,20,20
`FS100507,货道7,统一阿萨姆[奶茶原味](PET500ml),INTR230011689,饮料,4.5,4.5,20,20
`FS100507,货道8,统一阿萨姆[奶茶原味](PET500ml),INTR230011689,饮料,4.5,4.5,19,19
`FS100507,货道9,格泉饮用天然水(PET500ml),INTR252012401,矿泉水,2,2,20,20
`FS100507,货道10,统一冰红茶(CAN310ml),INTR115011662,饮料,2.5,2.5,18,18
`FS100507,货道11,统一鲜橙多(CAN310ml),INTR767011663,饮料,3,3,19,19
`FS100507,货道13,美年达[橙味](CAN330ml),INTR052013120,饮料,3,2.5,16,16
`FS100507,货道14,,,,,0,0,0
`FS100507,货道15,百事可乐(CAN330ml),INTR785012174,饮料,2.5,2.5,12,12
`FS100507,货道16,,,,,0,0,0
`FS100507,货道17,可口可乐纯悦水(PET500ml),INTR123011690,饮料,2,2,7,7
`FS100507,货道19,焕神[热带水果风味]饮料(PET460ml),INTR583011691,饮料,5,5,15,15
`FS100507,货道21,海之言[柠檬](PET500ml),INTR039011682,饮料,4,4,14,14
`FS100507,货道23,统一冰红茶[柠檬](PET500ml),INTR894011688,饮料,3,3,17,17
`FS100507,货道24,统一冰绿茶[青梅绿茶](PET500ml),INTR469011681,饮料,3,3,19,19
`FS100507,货道25,统一冰红茶[柠檬](PET500ml),INTR894011688,饮料,3,3,15,15
`FS100507,货道26,统一鲜橙多(PET450ml),INTR910011664,饮料,3.5,3.5,17,17
`FS100507,货道27,统一鲜橙多(PET450ml),INTR910011664,饮料,3.5,3.5,18,18
`FS100507,货道28,水趣多乳酸菌风味(PET500ml),INTR912012422,饮料,5,5,19,19
`FS100507,货道29,统一轻啵苏打水[柠檬味](PET500ml),INTR773011687,饮料,3.5,3.5,20,20
`FS100507,货道30,可口可乐纯悦水(PET500ml),INTR123011690,饮料,2,2,4,4
`FS100507,货道31,小茗同学[溜溜哒茶](PET480ml),INTR973011692,饮料,5,5,18,18
`FS100507,货道32,统一茶裏王[无糖台式乌龙茶](PET420ml),INTR904011685,饮料,5,5,19,19
`FS100507,货道33,统一双萃[柠檬茶](PET500ml),INTR466012427,饮料,3,3,18,18
`FS100507,货道34,ALKAQUA[饮用天然矿泉水](PET570ml),INTR997009154,矿泉水,4,4,19,19
`FS100502,货道1,三得利利趣拿铁(CAN310ml),INTR861012877,饮料,4,4,21,21
`FS100502,货道2,优好滋荔枝爽310ml,INTR860012104,饮料,2.5,3,10,10
`FS100502,货道3,,,,,0,0,0
`FS100502,货道4,统一好料道[仙草凉茶](CAN310ml),INTR791011678,饮料,4,4,19,19
`FS100502,货道5,小野[芒果汁](CAN245ml),INTR457012418,饮料,3,3,20,20
`FS100502,货道6,爱朵拉拿铁咖啡(CAN310ml),INTR459011637,饮料,4,4,20,20
`FS100502,货道7,统一阿萨姆[奶茶原味](PET500ml),INTR230011689,饮料,4.5,4.5,9,9
`FS100502,货道8,统一阿萨姆[奶茶原味](PET500ml),INTR230011689,饮料,4.5,4.5,17,17
`FS100502,货道9,统一茉莉蜜茶(PET500ml),INTR815013715,饮料,3,3,16,16
`FS100502,货道10,统一冰红茶(CAN310ml),INTR115011662,饮料,2.5,2.5,18,18
`FS100502,货道11,统一鲜橙多(CAN310ml),INTR767011663,饮料,3,3,18,18
`FS100502,货道13,美年达[橙味](CAN330ml),INTR052013120,饮料,3,2.5,13,13
`FS100502,货道14,,,,,0,0,0
`FS100502,货道15,百事可乐(CAN330ml),INTR785012174,饮料,2.5,2.5,6,6
`FS100502,货道16,,,,,0,0,0
`FS100502,货道17,可口可乐纯悦水(PET500ml),INTR123011690,饮料,2,2,7,7
`FS100502,货道19,焕神[热带水果风味]饮料(PET460ml),INTR583011691,饮料,5,5,18,18
`FS100502,货道21,海之言[柠檬](PET500ml),INTR039011682,饮料,4,4,10,10
`FS100502,货道23,统一冰红茶[柠檬](PET500ml),INTR894011688,饮料,3,3,9,9
`FS100502,货道24,统一冰绿茶[青梅绿茶](PET500ml),INTR469011681,饮料,3,3,5,5
`FS100502,货道25,统一冰红茶[柠檬](PET500ml),INTR894011688,饮料,3,3,13,13
`FS100502,货道26,统一鲜橙多(PET450ml),INTR910011664,饮料,3.5,3.5,11,11
`FS100502,货道27,统一鲜橙多(PET450ml),INTR910011664,饮料,3.5,3.5,13,13
`FS100502,货道28,水趣多乳酸菌风味(PET500ml),INTR912012422,饮料,5,5,15,15
`FS100502,货道29,统一轻啵苏打水[柠檬味](PET500ml),INTR773011687,饮料,3.5,3.5,16,16
`FS100502,货道30,可口可乐纯悦水(PET500ml),INTR123011690,饮料,2,2,4,4
`FS100502,货道31,小茗同学[溜溜哒茶](PET480ml),INTR973011692,饮料,5,5,18,18
`FS100502,货道32,统一茶裏王[无糖台式乌龙茶](PET420ml),INTR904011685,饮料,5,5,20,20
`FS100502,货道33,统一双萃[柠檬茶](PET500ml),INTR466012427,饮料,3,3,16,16
`FS100502,货道34,ALKAQUA[饮用天然矿泉水](PET570ml),INTR997009154,矿泉水,4,4,12,12
`FS100510,货道1,三得利利趣拿铁(CAN310ml),INTR861012877,饮料,4,4,13,13
`FS100510,货道2,优好滋荔枝爽310ml,INTR860012104,饮料,2.5,3,7,7
`FS100510,货道3,,,,,0,0,0
`FS100510,货道4,统一好料道[仙草凉茶](CAN310ml),INTR791011678,饮料,4,4,17,17
`FS100510,货道5,小野[芒果汁](CAN245ml),INTR457012418,饮料,3,3,20,20
`FS100510,货道6,爱朵拉拿铁咖啡(CAN310ml),INTR459011637,饮料,4,4,20,20
`FS100510,货道7,统一阿萨姆[奶茶原味](PET500ml),INTR230011689,饮料,4.5,4.5,18,18
`FS100510,货道8,统一阿萨姆[奶茶原味](PET500ml),INTR230011689,饮料,4.5,4.5,17,17
`FS100510,货道9,格泉饮用天然水(PET500ml),INTR252012401,矿泉水,2,2,19,19
`FS100510,货道10,统一冰红茶(CAN310ml),INTR115011662,饮料,2.5,2.5,10,10
`FS100510,货道11,统一鲜橙多(CAN310ml),INTR767011663,饮料,3,3,16,16
`FS100510,货道13,美年达[橙味](CAN330ml),INTR052013120,饮料,3,2.5,1,1
`FS100510,货道14,,,,,0,0,0
`FS100510,货道15,百事可乐(CAN330ml),INTR785012174,饮料,2.5,2.5,3,3
`FS100510,货道16,,,,,0,0,0
`FS100510,货道17,可口可乐纯悦水(PET500ml),INTR123011690,饮料,2,2,7,7
`FS100510,货道19,焕神[热带水果风味]饮料(PET460ml),INTR583011691,饮料,5,5,20,20
`FS100510,货道21,海之言[柠檬](PET500ml),INTR039011682,饮料,4,4,10,10
`FS100510,货道23,统一冰红茶[柠檬](PET500ml),INTR894011688,饮料,3,3,12,12
`FS100510,货道24,统一冰绿茶[青梅绿茶](PET500ml),INTR469011681,饮料,3,3,3,3
`FS100510,货道25,统一冰红茶[柠檬](PET500ml),INTR894011688,饮料,3,3,6,6
`FS100510,货道26,统一鲜橙多(PET450ml),INTR910011664,饮料,3.5,3.5,7,7
`FS100510,货道27,统一鲜橙多(PET450ml),INTR910011664,饮料,3.5,3.5,8,8
`FS100510,货道28,水趣多乳酸菌风味(PET500ml),INTR912012422,饮料,5,5,13,13
`FS100510,货道29,统一轻啵苏打水[柠檬味](PET500ml),INTR773011687,饮料,3.5,3.5,20,20
`FS100510,货道30,可口可乐纯悦水(PET500ml),INTR123011690,饮料,2,2,3,3
`FS100510,货道31,小茗同学[溜溜哒茶](PET480ml),INTR973011692,饮料,5,5,19,19
`FS100510,货道32,统一茶裏王[无糖台式乌龙茶](PET420ml),INTR904011685,饮料,5,5,13,13
`FS100510,货道33,统一双萃[柠檬茶](PET500ml),INTR466012427,饮料,3,3,8,8
`FS100510,货道34,ALKAQUA[饮用天然矿泉水](PET570ml),INTR997009154,矿泉水,4,4,18,18
`FS100515,货道1,三得利利趣拿铁(CAN310ml),INTR861012877,饮料,4,4,16,16
`FS100515,货道2,优好滋荔枝爽310ml,INTR860012104,饮料,2.5,3,10,10
`FS100515,货道3,,,,,0,0,0
`FS100515,货道4,统一好料道[仙草凉茶](CAN310ml),INTR791011678,饮料,4,4,15,15
`FS100515,货道5,小野[芒果汁](CAN245ml),INTR457012418,饮料,3,3,20,20
`FS100515,货道6,爱朵拉拿铁咖啡(CAN310ml),INTR459011637,饮料,4,4,20,20
`FS100515,货道7,统一阿萨姆[奶茶原味](PET500ml),INTR230011689,饮料,4.5,4.5,11,11
`FS100515,货道8,统一阿萨姆[奶茶原味](PET500ml),INTR230011689,饮料,4.5,4.5,16,16
`FS100515,货道9,格泉饮用天然水(PET500ml),INTR252012401,矿泉水,2,2,20,20
`FS100515,货道10,统一冰红茶(CAN310ml),INTR115011662,饮料,2.5,2.5,17,17
`FS100515,货道11,统一鲜橙多(CAN310ml),INTR767011663,饮料,3,3,16,16
`FS100515,货道13,美年达[橙味](CAN330ml),INTR052013120,饮料,3,2.5,9,9
`FS100515,货道14,,,,,0,0,0
`FS100515,货道15,百事可乐(CAN330ml),INTR785012174,饮料,2.5,2.5,3,3
`FS100515,货道16,,,,,0,0,0
`FS100515,货道17,可口可乐纯悦水(PET500ml),INTR123011690,饮料,2,2,7,7
`FS100515,货道19,焕神[热带水果风味]饮料(PET460ml),INTR583011691,饮料,5,5,20,20
`FS100515,货道21,海之言[柠檬](PET500ml),INTR039011682,饮料,4,4,12,12
`FS100515,货道23,统一冰红茶[柠檬](PET500ml),INTR894011688,饮料,3,3,15,15
`FS100515,货道24,统一冰绿茶[青梅绿茶](PET500ml),INTR469011681,饮料,3,3,7,7
`FS100515,货道25,统一冰红茶[柠檬](PET500ml),INTR894011688,饮料,3,3,14,14
`FS100515,货道26,统一鲜橙多(PET450ml),INTR910011664,饮料,3.5,3.5,12,12
`FS100515,货道27,统一鲜橙多(PET450ml),INTR910011664,饮料,3.5,3.5,12,12
`FS100515,货道28,水趣多乳酸菌风味(PET500ml),INTR912012422,饮料,5,5,20,20
`FS100515,货道29,统一轻啵苏打水[柠檬味](PET500ml),INTR773011687,饮料,3.5,3.5,20,20
`FS100515,货道30,可口可乐纯悦水(PET500ml),INTR123011690,饮料,2,2,4,4
`FS100515,货道31,小茗同学[溜溜哒茶](PET480ml),INTR973011692,饮料,5,5,17,17
`FS100515,货道32,统一茶裏王[无糖台式乌龙茶](PET420ml),INTR904011685,饮料,5,5,20,20
`FS100515,货道33,统一双萃[柠檬茶](PET500ml),INTR466012427,饮料,3,3,11,11
`FS100515,货道34,ALKAQUA[饮用天然矿泉水](PET570ml),INTR997009154,矿泉水,4,4,17,17
`FS100519,货道1,三得利利趣拿铁(CAN310ml),INTR861012877,饮料,4,4,11,11
`FS100519,货道2,优好滋荔枝爽310ml,INTR860012104,饮料,2.5,3,14,14
`FS100519,货道3,,,,,0,0,0
`FS100519,货道4,统一好料道[仙草凉茶](CAN310ml),INTR791011678,饮料,4,4,19,19
`FS100519,货道5,小野[芒果汁](CAN245ml),INTR457012418,饮料,3,3,20,20
`FS100519,货道6,爱朵拉拿铁咖啡(CAN310ml),INTR459011637,饮料,4,4,20,20
`FS100519,货道7,统一阿萨姆[奶茶原味](PET500ml),INTR230011689,饮料,4.5,4.5,13,13
`FS100519,货道8,统一阿萨姆[奶茶原味](PET500ml),INTR230011689,饮料,4.5,4.5,19,19
`FS100519,货道9,统一茉莉蜜茶(PET500ml),INTR815013715,饮料,3,3,18,18
`FS100519,货道10,统一冰红茶(CAN310ml),INTR115011662,饮料,2.5,2.5,19,19
`FS100519,货道11,统一鲜橙多(CAN310ml),INTR767011663,饮料,3,3,12,12
`FS100519,货道13,美年达[橙味](CAN330ml),INTR052013120,饮料,3,2.5,14,14
`FS100519,货道14,,,,,0,0,0
`FS100519,货道15,百事可乐(CAN330ml),INTR785012174,饮料,2.5,2.5,4,4
`FS100519,货道16,,,,,0,0,0
`FS100519,货道17,可口可乐纯悦水(PET500ml),INTR123011690,饮料,2,2,7,7
`FS100519,货道19,焕神[热带水果风味]饮料(PET460ml),INTR583011691,饮料,5,5,18,18
`FS100519,货道21,海之言[柠檬](PET500ml),INTR039011682,饮料,4,4,10,10
`FS100519,货道23,统一冰红茶[柠檬](PET500ml),INTR894011688,饮料,3,3,13,13
`FS100519,货道24,统一冰绿茶[青梅绿茶](PET500ml),INTR469011681,饮料,3,3,8,8
`FS100519,货道25,统一冰红茶[柠檬](PET500ml),INTR894011688,饮料,3,3,19,19
`FS100519,货道26,统一鲜橙多(PET450ml),INTR910011664,饮料,3.5,3.5,19,19
`FS100519,货道27,统一鲜橙多(PET450ml),INTR910011664,饮料,3.5,3.5,19,19
`FS100519,货道28,水趣多乳酸菌风味(PET500ml),INTR912012422,饮料,5,5,16,16
`FS100519,货道29,统一轻啵苏打水[柠檬味](PET500ml),INTR773011687,饮料,3.5,3.5,20,20
`FS100519,货道30,可口可乐纯悦水(PET500ml),INTR123011690,饮料,2,2,4,4
`FS100519,货道31,小茗同学[溜溜哒茶](PET480ml),INTR973011692,饮料,5,5,16,16
`FS100519,货道32,统一茶裏王[无糖台式乌龙茶](PET420ml),INTR904011685,饮料,5,5,19,19
`FS100519,货道33,统一双萃[柠檬茶](PET500ml),INTR466012427,饮料,3,3,9,9
`FS100519,货道34,ALKAQUA[饮用天然矿泉水](PET570ml),INTR997009154,矿泉水,4,4,14,14
`FS100514,货道1,百事可乐(CAN330ml),INTR785012174,饮料,2.5,2.5,20,20
`FS100514,货道2,优好滋荔枝爽310ml,INTR860012104,饮料,2.5,3,5,5
`FS100514,货道3,,,,,0,0,0
`FS100514,货道4,统一好料道[仙草凉茶](CAN310ml),INTR791011678,饮料,4,4,10,10
`FS100514,货道5,小野[芒果汁](CAN245ml),INTR457012418,饮料,3,3,20,20
`FS100514,货道6,爱朵拉拿铁咖啡(CAN310ml),INTR459011637,饮料,4,4,20,20
`FS100514,货道7,统一阿萨姆[奶茶原味](PET500ml),INTR230011689,饮料,4.5,4.5,7,7
`FS100514,货道8,海之言[柠檬](PET500ml),INTR039011682,饮料,4,4,6,6
`FS100514,货道9,格泉饮用天然水(PET500ml),INTR252012401,矿泉水,2,2,20,20
`FS100514,货道10,统一冰红茶(CAN310ml),INTR115011662,饮料,2.5,2.5,12,12
`FS100514,货道11,统一鲜橙多(CAN310ml),INTR767011663,饮料,3,3,11,11
`FS100514,货道13,美年达[橙味](CAN330ml),INTR052013120,饮料,3,2.5,13,13
`FS100514,货道14,,,,,0,0,0
`FS100514,货道15,百事可乐(CAN330ml),INTR785012174,饮料,2.5,2.5,3,3
`FS100514,货道16,,,,,0,0,0
`FS100514,货道17,可口可乐纯悦水(PET500ml),INTR123011690,饮料,2,2,7,7
`FS100514,货道19,焕神[热带水果风味]饮料(PET460ml),INTR583011691,饮料,5,5,16,16
`FS100514,货道21,海之言[柠檬](PET500ml),INTR039011682,饮料,4,4,10,10
`FS100514,货道23,统一冰红茶[柠檬](PET500ml),INTR894011688,饮料,3,3,1,1
`FS100514,货道24,统一冰绿茶[青梅绿茶](PET500ml),INTR469011681,饮料,3,3,9,9
`FS100514,货道25,统一冰红茶[柠檬](PET500ml),INTR894011688,饮料,3,3,10,10
`FS100514,货道26,统一鲜橙多(PET450ml),INTR910011664,饮料,3.5,3.5,7,7
`FS100514,货道27,统一鲜橙多(PET450ml),INTR910011664,饮料,3.5,3.5,8,8
`FS100514,货道28,水趣多乳酸菌风味(PET500ml),INTR912012422,饮料,5,5,17,17
`FS100514,货道29,统一轻啵苏打水[柠檬味](PET500ml),INTR773011687,饮料,3.5,3.5,14,14
`FS100514,货道30,可口可乐纯悦水(PET500ml),INTR123011690,饮料,2,2,4,4
`FS100514,货道31,小茗同学[溜溜哒茶](PET480ml),INTR973011692,饮料,5,5,11,11
`FS100514,货道32,统一茶裏王[无糖台式乌龙茶](PET420ml),INTR904011685,饮料,5,5,18,18
`FS100514,货道33,统一双萃[柠檬茶](PET500ml),INTR466012427,饮料,3,3,14,14
`FS100514,货道34,ALKAQUA[饮用天然矿泉水](PET570ml),INTR997009154,矿泉水,4,4,14,14
`FS100705,货道1,统一鲜橙多(CAN310ml),INTR767011663,饮料,3,3,99900,99900
`FS100705,货道2,统一冰绿茶[青梅绿茶](CAN310ml),INTG116100075,饮料,2.5,2.5,99825,99825
`FS100705,货道3,米源冰晶葡萄(CAN310ml),INTR290012105,饮料,2.5,2.5,99862,99862
`FS100705,货道4,统一冰红茶(CAN310ml),INTR115011662,饮料,2.5,2.5,0,0
`FS100705,货道5,米源冰晶葡萄(CAN310ml),INTR290012105,饮料,2.5,2.5,9968,9968
`FS100705,货道6,统一蜜桃多(CAN310ml),INTR765012351,饮料,3,3,99840,99840
`FS100705,货道7,统一阿萨姆[奶茶原味](PET500ml),INTR230011689,饮料,4.5,4.5,99877,99877
`FS100705,货道8,统一阿萨姆[奶茶原味](PET500ml),INTR230011689,饮料,4.5,4.5,99883,99883
`FS100705,货道9,统一鲜橙多(PET450ml),INTR910011664,饮料,3.5,3.5,99656,99656
`FS100705,货道10,雅哈[冰咖啡](PET450ml),INTR470011686,饮料,5.5,5.5,99977,99977
`FS100705,货道11,统一绿茶[茉莉](PET500ml),INTR577011683,饮料,3,3,99788,99788
`FS100705,货道13,百事可乐(PET500ml),INTR859012793,饮料,3.5,3.5,99658,99658
`FS100705,货道14,,,,,3,0,0
`FS100705,货道15,饮养四季[金桔柠檬](PET500ml),INTR372011680,饮料,3.5,4,99839,99839
`FS100705,货道16,,,,,3,0,0
`FS100705,货道17,小茗同学[溜溜哒茶](PET480ml),INTR973011692,饮料,5,5,99944,99944
`FS100705,货道19,小茗同学[青柠红茶](PET480ml),INTR297011693,饮料,5,5,99958,99958
`FS100705,货道21,A-Ha[柠檬]气泡水果饮料(PET500ml),INTR578012419,饮料,3,4,99949,99949
`FS100705,货道23,统一冰绿茶[青梅绿茶](PET500ml),INTR469011681,饮料,3,3,99573,99573
`FS100705,货道24,统一双萃[鸭屎香风味柠檬茶](PET500ml),INTR950013739,饮料,3,3,99694,99694
`FS100705,货道25,怡宝[纯净水](PET555ml),INTR128012109,矿泉水,2,2,99176,99176
`FS100705,货道26,统一轻啵苏打水[柠檬味](PET500ml),INTR773011687,饮料,3.5,3.5,9964,9964
`FS100705,货道27,海之言[柠檬](PET500ml),INTR039011682,饮料,4,4,99802,99802
`FS100705,货道28,统一奶茶[煎茶奶绿](PET450ml),INTR753012421,饮料,4.5,4.5,99959,99959
`FS100705,货道29,怡宝[纯净水](PET555ml),INTR128012109,矿泉水,2,2,99417,99417
`FS100705,货道30,统一冰红茶[柠檬](PET500ml),INTR894011688,饮料,3,3,99723,99723
`FS100705,货道31,怡宝[纯净水](PET555ml),INTR128012109,矿泉水,2,2,99561,99561
`FS100705,货道32,ALKAQUA[饮用天然矿泉水](PET570ml),INTR997009154,矿泉水,4,4,99980,99980
`FS100705,货道33,统一饮养四季[冰糖雪梨](PET500ml),INTR56004726,饮料,3.5,4,99952,99952
`FS100705,货道34,怡宝[纯净水](PET555ml),INTR128012109,矿泉水,2,2,99642,99642
`FS100518,货道1,百事可乐(CAN330ml),INTR785012174,饮料,2.5,2.5,20,20
`FS100518,货道2,优好滋荔枝爽310ml,INTR860012104,饮料,2.5,3,4,4
`FS100518,货道3,,,,,0,0,0
`FS100518,货道4,统一好料道[仙草凉茶](CAN310ml),INTR791011678,饮料,4,4,9,9
`FS100518,货道5,小野[芒果汁](CAN245ml),INTR457012418,饮料,3,3,20,20
`FS100518,货道6,爱朵拉拿铁咖啡(CAN310ml),INTR459011637,饮料,4,4,20,20
`FS100518,货道7,统一阿萨姆[奶茶原味](PET500ml),INTR230011689,饮料,4.5,4.5,8,8
`FS100518,货道8,统一阿萨姆[奶茶原味](PET500ml),INTR230011689,饮料,4.5,4.5,10,10
`FS100518,货道9,格泉饮用天然水(PET500ml),INTR252012401,矿泉水,2,2,20,20
`FS100518,货道10,统一冰红茶(CAN310ml),INTR115011662,饮料,2.5,2.5,10,10
`FS100518,货道11,统一鲜橙多(CAN310ml),INTR767011663,饮料,3,3,12,12
`FS100518,货道13,美年达[橙味](CAN330ml),INTR052013120,饮料,3,2.5,7,7
`FS100518,货道14,,,,,0,0,0
`FS100518,货道15,百事可乐(CAN330ml),INTR785012174,饮料,2.5,2.5,6,6
`FS100518,货道16,,,,,0,0,0
`FS100518,货道17,可口可乐纯悦水(PET500ml),INTR123011690,饮料,2,2,7,7
`FS100518,货道19,焕神[热带水果风味]饮料(PET460ml),INTR583011691,饮料,5,5,18,18
`FS100518,货道21,海之言[柠檬](PET500ml),INTR039011682,饮料,4,4,13,13
`FS100518,货道23,统一冰红茶[柠檬](PET500ml),INTR894011688,饮料,3,3,9,9
`FS100518,货道24,统一冰绿茶[青梅绿茶](PET500ml),INTR469011681,饮料,3,3,10,10
`FS100518,货道25,统一冰红茶[柠檬](PET500ml),INTR894011688,饮料,3,3,8,8
`FS100518,货道26,统一鲜橙多(PET450ml),INTR910011664,饮料,3.5,3.5,7,7
`FS100518,货道27,统一鲜橙多(PET450ml),INTR910011664,饮料,3.5,3.5,8,8
`FS100518,货道28,水趣多乳酸菌风味(PET500ml),INTR912012422,饮料,5,5,14,14
`FS100518,货道29,统一轻啵苏打水[柠檬味](PET500ml),INTR773011687,饮料,3.5,3.5,16,16
`FS100518,货道30,可口可乐纯悦水(PET500ml),INTR123011690,饮料,2,2,3,3
`FS100518,货道31,小茗同学[溜溜哒茶](PET480ml),INTR973011692,饮料,5,5,19,19
`FS100518,货道32,统一茶裏王[无糖台式乌龙茶](PET420ml),INTR904011685,饮料,5,5,20,20
`FS100518,货道33,统一双萃[柠檬茶](PET500ml),INTR466012427,饮料,3,3,10,10
`FS100518,货道34,ALKAQUA[饮用天然矿泉水](PET570ml),INTR997009154,矿泉水,4,4,16,16
`FS100522,货道1,乐虎维生素功能饮料(CAN250ml),INTR995012194,饮料,5.5,5,19,19
`FS100522,货道2,优好滋荔枝爽310ml,INTR860012104,饮料,2.5,3,16,16
`FS100522,货道3,,,,,0,0,0
`FS100522,货道4,统一好料道[仙草凉茶](CAN310ml),INTR791011678,饮料,4,4,16,16
`FS100522,货道5,小野[芒果汁](CAN245ml),INTR457012418,饮料,3,3,20,20
`FS100522,货道6,爱朵拉拿铁咖啡(CAN310ml),INTR459011637,饮料,4,4,20,20
`FS100522,货道7,统一阿萨姆[奶茶原味](PET500ml),INTR230011689,饮料,4.5,4.5,18,18
`FS100522,货道8,统一阿萨姆[奶茶原味](PET500ml),INTR230011689,饮料,4.5,4.5,13,13
`FS100522,货道9,格泉饮用天然水(PET500ml),INTR252012401,矿泉水,2,2,20,20
`FS100522,货道10,统一冰红茶(CAN310ml),INTR115011662,饮料,2.5,2.5,17,17
`FS100522,货道11,统一鲜橙多(CAN310ml),INTR767011663,饮料,3,3,19,19
`FS100522,货道13,美年达[橙味](CAN330ml),INTR052013120,饮料,3,2.5,1,1
`FS100522,货道14,,,,,0,0,0
`FS100522,货道15,百事可乐(CAN330ml),INTR785012174,饮料,2.5,2.5,3,3
`FS100522,货道16,,,,,0,0,0
`FS100522,货道17,可口可乐纯悦水(PET500ml),INTR123011690,饮料,2,2,7,7
`FS100522,货道19,焕神[热带水果风味]饮料(PET460ml),INTR583011691,饮料,5,5,20,20
`FS100522,货道21,海之言[柠檬](PET500ml),INTR039011682,饮料,4,4,15,15
`FS100522,货道23,统一冰红茶[柠檬](PET500ml),INTR894011688,饮料,3,3,14,14
`FS100522,货道24,统一冰绿茶[青梅绿茶](PET500ml),INTR469011681,饮料,3,3,20,20
`FS100522,货道25,统一冰红茶[柠檬](PET500ml),INTR894011688,饮料,3,3,16,16
`FS100522,货道26,统一鲜橙多(PET450ml),INTR910011664,饮料,3.5,3.5,14,14
`FS100522,货道27,统一鲜橙多(PET450ml),INTR910011664,饮料,3.5,3.5,10,10
`FS100522,货道28,水趣多乳酸菌风味(PET500ml),INTR912012422,饮料,5,5,18,18
`FS100522,货道29,统一轻啵苏打水[柠檬味](PET500ml),INTR773011687,饮料,3.5,3.5,18,18
`FS100522,货道30,可口可乐纯悦水(PET500ml),INTR123011690,饮料,2,2,12,12
`FS100522,货道31,小茗同学[溜溜哒茶](PET480ml),INTR973011692,饮料,5,5,18,18
`FS100522,货道32,统一茶裏王[无糖台式乌龙茶](PET420ml),INTR904011685,饮料,5,5,20,20
`FS100522,货道33,统一双萃[柠檬茶](PET500ml),INTR466012427,饮料,3,3,10,10
`FS100522,货道34,ALKAQUA[饮用天然矿泉水](PET570ml),INTR997009154,矿泉水,4,4,20,20
`FS100512,货道1,三得利利趣拿铁(CAN310ml),INTR861012877,饮料,4,4,6,6
`FS100512,货道2,优好滋荔枝爽310ml,INTR860012104,饮料,2.5,3,13,13
`FS100512,货道3,美年达[橙味](CAN330ml),INTR052013120,饮料,3,2.5,17,17
`FS100512,货道4,统一好料道[仙草凉茶](CAN310ml),INTR791011678,饮料,4,4,11,11
`FS100512,货道5,小野[芒果汁](CAN245ml),INTR457012418,饮料,3,3,20,20
`FS100512,货道6,爱朵拉拿铁咖啡(CAN310ml),INTR459011637,饮料,4,4,20,20
`FS100512,货道7,统一阿萨姆[奶茶原味](PET500ml),INTR230011689,饮料,4.5,4.5,12,12
`FS100512,货道8,统一阿萨姆[奶茶原味](PET500ml),INTR230011689,饮料,4.5,4.5,10,10
`FS100512,货道9,格泉饮用天然水(PET500ml),INTR252012401,矿泉水,2,2,20,20
`FS100512,货道10,统一冰红茶(CAN310ml),INTR115011662,饮料,2.5,2.5,20,20
`FS100512,货道11,统一鲜橙多(CAN310ml),INTR767011663,饮料,3,3,12,12
`FS100512,货道13,,,,,2.5,20,20
`FS100512,货道14,,,,,0,0,0
`FS100512,货道15,百事可乐(CAN330ml),INTR785012174,饮料,2.5,2.5,12,12
`FS100512,货道16,,,,,0,0,0
`FS100512,货道17,可口可乐纯悦水(PET500ml),INTR123011690,饮料,2,2,7,7
`FS100512,货道19,焕神[热带水果风味]饮料(PET460ml),INTR583011691,饮料,5,5,17,17
`FS100512,货道21,海之言[柠檬](PET500ml),INTR039011682,饮料,4,4,15,15
`FS100512,货道23,统一冰红茶[柠檬](PET500ml),INTR894011688,饮料,3,3,8,8
`FS100512,货道24,统一冰绿茶[青梅绿茶](PET500ml),INTR469011681,饮料,3,3,3,3
`FS100512,货道25,统一冰红茶[柠檬](PET500ml),INTR894011688,饮料,3,3,7,7
`FS100512,货道26,统一鲜橙多(PET450ml),INTR910011664,饮料,3.5,3.5,7,7
`FS100512,货道27,统一鲜橙多(PET450ml),INTR910011664,饮料,3.5,3.5,9,9
`FS100512,货道28,水趣多乳酸菌风味(PET500ml),INTR912012422,饮料,5,5,11,11
`FS100512,货道29,统一轻啵苏打水[柠檬味](PET500ml),INTR773011687,饮料,3.5,3.5,20,20
`FS100512,货道30,可口可乐纯悦水(PET500ml),INTR123011690,饮料,2,2,20,20
`FS100512,货道31,小茗同学[溜溜哒茶](PET480ml),INTR973011692,饮料,5,5,9,9
`FS100512,货道32,统一茶裏王[无糖台式乌龙茶](PET420ml),INTR904011685,饮料,5,5,9,9
`FS100512,货道33,统一双萃[柠檬茶](PET500ml),INTR466012427,饮料,3,3,19,19
`FS100512,货道34,ALKAQUA[饮用天然矿泉水](PET570ml),INTR997009154,矿泉水,4,4,20,20
`FS100509,货道1,三得利利趣拿铁(CAN310ml),INTR861012877,饮料,4,4,20,20
`FS100509,货道2,优好滋荔枝爽310ml,INTR860012104,饮料,2.5,3,20,20
`FS100509,货道3,,,,,0,0,0
`FS100509,货道4,统一好料道[仙草凉茶](CAN310ml),INTR791011678,饮料,4,4,20,20
`FS100509,货道5,小野[芒果汁](CAN245ml),INTR457012418,饮料,3,3,20,20
`FS100509,货道6,爱朵拉拿铁咖啡(CAN310ml),INTR459011637,饮料,4,4,20,20
`FS100509,货道7,统一阿萨姆[奶茶原味](PET500ml),INTR230011689,饮料,4.5,4.5,17,17
`FS100509,货道8,统一阿萨姆[奶茶原味](PET500ml),INTR230011689,饮料,4.5,4.5,19,19
`FS100509,货道9,格泉饮用天然水(PET500ml),INTR252012401,矿泉水,2,2,20,20
`FS100509,货道10,统一冰红茶(CAN310ml),INTR115011662,饮料,2.5,2.5,20,20
`FS100509,货道11,统一鲜橙多(CAN310ml),INTR767011663,饮料,3,3,20,20
`FS100509,货道13,美年达[橙味](CAN330ml),INTR052013120,饮料,3,2.5,19,19
`FS100509,货道14,,,,,0,0,0
`FS100509,货道15,百事可乐(CAN330ml),INTR785012174,饮料,2.5,2.5,19,19
`FS100509,货道16,,,,,0,0,0
`FS100509,货道17,可口可乐纯悦水(PET500ml),INTR123011690,饮料,2,2,16,16
`FS100509,货道19,焕神[热带水果风味]饮料(PET460ml),INTR583011691,饮料,5,5,19,19
`FS100509,货道21,海之言[柠檬](PET500ml),INTR039011682,饮料,4,4,17,17
`FS100509,货道23,统一冰红茶[柠檬](PET500ml),INTR894011688,饮料,3,3,15,15
`FS100509,货道24,统一冰绿茶[青梅绿茶](PET500ml),INTR469011681,饮料,3,3,18,18
`FS100509,货道25,统一冰红茶[柠檬](PET500ml),INTR894011688,饮料,3,3,18,18
`FS100509,货道26,统一鲜橙多(PET450ml),INTR910011664,饮料,3.5,3.5,20,20
`FS100509,货道27,统一鲜橙多(PET450ml),INTR910011664,饮料,3.5,3.5,16,16
`FS100509,货道28,水趣多乳酸菌风味(PET500ml),INTR912012422,饮料,5,5,19,19
`FS100509,货道29,统一轻啵苏打水[柠檬味](PET500ml),INTR773011687,饮料,3.5,3.5,20,20
`FS100509,货道30,可口可乐纯悦水(PET500ml),INTR123011690,饮料,2,2,16,16
`FS100509,货道31,小茗同学[溜溜哒茶](PET480ml),INTR973011692,饮料,5,5,19,19
`FS100509,货道32,统一茶裏王[无糖台式乌龙茶](PET420ml),INTR904011685,饮料,5,5,20,20
`FS100509,货道33,统一双萃[柠檬茶](PET500ml),INTR466012427,饮料,3,3,20,20
`FS100509,货道34,ALKAQUA[饮用天然矿泉水](PET570ml),INTR997009154,矿泉水,4,4,20,20
`FS100511,货道1,三得利利趣拿铁(CAN310ml),INTR861012877,饮料,4,4,13,13
`FS100511,货道2,优好滋荔枝爽310ml,INTR860012104,饮料,2.5,3,13,13
`FS100511,货道3,,,,,0,0,0
`FS100511,货道4,统一好料道[仙草凉茶](CAN310ml),INTR791011678,饮料,4,4,12,12
`FS100511,货道5,小野[芒果汁](CAN245ml),INTR457012418,饮料,3,3,20,20
`FS100511,货道6,爱朵拉拿铁咖啡(CAN310ml),INTR459011637,饮料,4,4,20,20
`FS100511,货道7,统一阿萨姆[奶茶原味](PET500ml),INTR230011689,饮料,4.5,4.5,17,17
`FS100511,货道8,统一阿萨姆[奶茶原味](PET500ml),INTR230011689,饮料,4.5,4.5,17,17
`FS100511,货道9,统一茉莉蜜茶(PET500ml),INTR815013715,饮料,3,3,19,19
`FS100511,货道10,统一冰红茶(CAN310ml),INTR115011662,饮料,2.5,2.5,17,17
`FS100511,货道11,统一鲜橙多(CAN310ml),INTR767011663,饮料,3,3,20,20
`FS100511,货道13,美年达[橙味](CAN330ml),INTR052013120,饮料,3,2.5,18,18
`FS100511,货道14,,,,,0,0,0
`FS100511,货道15,百事可乐(CAN330ml),INTR785012174,饮料,2.5,2.5,0,0
`FS100511,货道16,,,,,0,0,0
`FS100511,货道17,可口可乐纯悦水(PET500ml),INTR123011690,饮料,2,2,0,0
`FS100511,货道19,焕神[热带水果风味]饮料(PET460ml),INTR583011691,饮料,5,5,17,17
`FS100511,货道21,海之言[柠檬](PET500ml),INTR039011682,饮料,4,4,12,12
`FS100511,货道23,统一冰红茶[柠檬](PET500ml),INTR894011688,饮料,3,3,10,10
`FS100511,货道24,统一冰绿茶[青梅绿茶](PET500ml),INTR469011681,饮料,3,3,12,12
`FS100511,货道25,统一冰红茶[柠檬](PET500ml),INTR894011688,饮料,3,3,13,13
`FS100511,货道26,统一鲜橙多(PET450ml),INTR910011664,饮料,3.5,3.5,8,8
`FS100511,货道27,统一鲜橙多(PET450ml),INTR910011664,饮料,3.5,3.5,12,12
`FS100511,货道28,水趣多乳酸菌风味(PET500ml),INTR912012422,饮料,5,5,14,14
`FS100511,货道29,统一轻啵苏打水[柠檬味](PET500ml),INTR773011687,饮料,3.5,3.5,19,19
`FS100511,货道30,可口可乐纯悦水(PET500ml),INTR123011690,饮料,2,2,2,2
`FS100511,货道31,小茗同学[溜溜哒茶](PET480ml),INTR973011692,饮料,5,5,14,14
`FS100511,货道32,统一茶裏王[无糖台式乌龙茶](PET420ml),INTR904011685,饮料,5,5,20,20
`FS100511,货道33,统一双萃[柠檬茶](PET500ml),INTR466012427,饮料,3,3,4,4
`FS100511,货道34,ALKAQUA[饮用天然矿泉水](PET570ml),INTR997009154,矿泉水,4,4,16,16
`FS100513,货道1,百事可乐(CAN330ml),INTR785012174,饮料,2.5,2.5,1,1
`FS100513,货道2,优好滋荔枝爽310ml,INTR860012104,饮料,2.5,3,19,19
`FS100513,货道3,,,,,0,0,0
`FS100513,货道4,统一好料道[仙草凉茶](CAN310ml),INTR791011678,饮料,4,4,16,16
`FS100513,货道5,小野[芒果汁](CAN245ml),INTR457012418,饮料,3,3,20,20
`FS100513,货道6,爱朵拉拿铁咖啡(CAN310ml),INTR459011637,饮料,4,4,20,20
`FS100513,货道7,统一阿萨姆[奶茶原味](PET500ml),INTR230011689,饮料,4.5,4.5,20,20
`FS100513,货道8,统一阿萨姆[奶茶原味](PET500ml),INTR230011689,饮料,4.5,4.5,18,18
`FS100513,货道9,统一茉莉蜜茶(PET500ml),INTR815013715,饮料,3,3,18,18
`FS100513,货道10,统一冰红茶(CAN310ml),INTR115011662,饮料,2.5,2.5,20,20
`FS100513,货道11,统一鲜橙多(CAN310ml),INTR767011663,饮料,3,3,19,19
`FS100513,货道13,美年达[橙味](CAN330ml),INTR052013120,饮料,3,2.5,17,17
`FS100513,货道14,,,,,0,0,0
`FS100513,货道15,可口可乐纯悦水(PET500ml),INTR123011690,饮料,2,2,15,15
`FS100513,货道16,,,,,0,0,0
`FS100513,货道17,可口可乐纯悦水(PET500ml),INTR123011690,饮料,2,2,9,9
`FS100513,货道19,焕神[热带水果风味]饮料(PET460ml),INTR583011691,饮料,5,5,18,18
`FS100513,货道21,海之言[柠檬](PET500ml),INTR039011682,饮料,4,4,15,15
`FS100513,货道23,统一冰红茶[柠檬](PET500ml),INTR894011688,饮料,3,3,15,15
`FS100513,货道24,统一冰绿茶[青梅绿茶](PET500ml),INTR469011681,饮料,3,3,16,16
`FS100513,货道25,统一冰红茶[柠檬](PET500ml),INTR894011688,饮料,3,3,18,18
`FS100513,货道26,统一鲜橙多(PET450ml),INTR910011664,饮料,3.5,3.5,17,17
`FS100513,货道27,统一鲜橙多(PET450ml),INTR910011664,饮料,3.5,3.5,17,17
`FS100513,货道28,水趣多乳酸菌风味(PET500ml),INTR912012422,饮料,5,5,19,19
`FS100513,货道29,统一轻啵苏打水[柠檬味](PET500ml),INTR773011687,饮料,3.5,3.5,20,20
`FS100513,货道30,可口可乐纯悦水(PET500ml),INTR123011690,饮料,2,2,17,17
`FS100513,货道31,小茗同学[溜溜哒茶](PET480ml),INTR973011692,饮料,5,5,20,20
`FS100513,货道32,统一茶裏王[无糖台式乌龙茶](PET420ml),INTR904011685,饮料,5,5,19,19
`FS100513,货道33,统一双萃[柠檬茶](PET500ml),INTR466012427,饮料,3,3,13,13
`FS100513,货道34,ALKAQUA[饮用天然矿泉水](PET570ml),INTR997009154,矿泉水,4,4,19,19
`FS100740,货道1,统一冰绿茶[青梅绿茶](CAN310ml),INTG116100075,饮料,2.5,2.5,99829,99829
`FS100740,货道2,统一蜜桃多(CAN310ml),INTR765012351,饮料,3,3,9851,9851
`FS100740,货道3,统一鲜橙多(CAN310ml),INTR767011663,饮料,3,3,9908,9908
`FS100740,货道4,统一冰红茶(CAN310ml),INTR115011662,饮料,2.5,2.5,99832,99832
`FS100740,货道5,米源冰晶葡萄(CAN310ml),INTR290012105,饮料,2.5,2.5,99850,99850
`FS100740,货道6,统一果汁[金桔柠檬](CAN310ml),1.56473E+17,开门柜,3,3,99999,99999
`FS100740,货道7,统一阿萨姆[奶茶原味](PET500ml),INTR230011689,饮料,4.5,4.5,99849,99849
`FS100740,货道8,统一轻啵苏打水[柠檬味](PET500ml),INTR773011687,饮料,3.5,3.5,9943,9943
`FS100740,货道9,统一鲜橙多(PET450ml),INTR910011664,饮料,3.5,4,99738,99738
`FS100740,货道10,统一双萃[鸭屎香风味柠檬茶](PET500ml),INTR950013739,饮料,3,3,9598,9598
`FS100740,货道11,小茗同学[溜溜哒茶](PET480ml),INTR973011692,饮料,5,5,99931,99931
`FS100740,货道13,百事可乐(PET500ml),INTR859012793,饮料,3.5,3.5,99524,99524
`FS100740,货道14,,,,,,0,0
`FS100740,货道15,怡宝[纯净水](PET555ml),INTR128012109,矿泉水,2,2,98833,98833
`FS100740,货道16,,,,,,0,0
`FS100740,货道17,统一双萃[鸭屎香风味柠檬茶](PET500ml),INTR950013739,饮料,3,3,9999,9999
`FS100740,货道19,小茗同学[青柠红茶](PET480ml),INTR297011693,饮料,5,5,99971,99971
`FS100740,货道21,雅哈[冰咖啡](PET450ml),INTR470011686,饮料,5.5,5.5,99973,99973
`FS100740,货道23,统一绿茶[茉莉](PET500ml),INTR577011683,饮料,3,3,99732,99732
`FS100740,货道24,统一冰红茶[柠檬](PET500ml),INTR894011688,饮料,3,3,99479,99479
`FS100740,货道25,饮养四季[金桔柠檬](PET500ml),INTR372011680,饮料,3.5,4,99768,99768
`FS100740,货道26,统一奶茶[煎茶奶绿](PET450ml),INTR753012421,饮料,4.5,4.5,99925,99925
`FS100740,货道27,怡宝[纯净水](PET555ml),INTR128012109,矿泉水,2,2,99510,99510
`FS100740,货道28,ALKAQUA[饮用天然矿泉水](PET570ml),INTR997009154,矿泉水,4,4,99976,99976
`FS100740,货道29,怡宝[纯净水](PET555ml),INTR128012109,矿泉水,2,2,99522,99522
`FS100740,货道30,怡宝[纯净水](PET555ml),INTR128012109,矿泉水,2,2,99685,99685
`FS100740,货道31,统一冰绿茶[青梅绿茶](PET500ml),INTR469011681,饮料,3,3,99357,99357
`FS100740,货道32,统一饮养四季[冰糖雪梨](PET500ml),INTR56004726,饮料,3.5,4,99911,99911
`FS100740,货道33,海之言[柠檬](PET500ml),INTR039011682,饮料,4,4,99720,99720
`FS100740,货道34,A-Ha[柠檬]气泡水果饮料(PET500ml),INTR578012419,饮料,3,4,99958,99958
`FS101049,货道1,宏宝莱碳酸饮料汽水荔枝味(CAN330ml),INTR992013247,饮料,3,2.5,9975,9975
`FS101049,货道2,爱朵拉拿铁咖啡(CAN310ml),INTR459011637,饮料,4,4,9980,9980
`FS101049,货道3,统一鲜橙多(CAN310ml),INTR767011663,饮料,3,3,9999,9999
`FS101049,货道4,宏宝莱碳酸饮料汽水荔枝味(CAN330ml),INTR992013247,饮料,3,2.5,9986,9986
`FS101049,货道5,统一好料道[仙草凉茶](CAN310ml),INTR791011678,饮料,4,4,9989,9989
`FS101049,货道6,爱朵拉拿铁咖啡(CAN310ml),INTR459011637,饮料,4,4,9981,9981
`FS101049,货道7,统一阿萨姆[奶茶原味](PET500ml),INTR230011689,饮料,4.5,4.5,9969,9969
`FS101049,货道8,统一阿萨姆[奶茶原味](PET500ml),INTR230011689,饮料,4.5,4.5,9970,9970
`FS101049,货道9,焕神[热带水果风味]饮料(PET460ml),INTR583011691,饮料,5,5,9974,9974
`FS101049,货道10,小茗同学[青柠红茶](PET480ml),INTR297011693,饮料,5,5,9989,9989
`FS101049,货道11,格泉饮用天然水(PET500ml),INTR252012401,矿泉水,2,2,9992,9992
`FS101049,货道13,可口可乐[自购版](PET500ml),INTR724012203,饮料,3.5,3.5,9978,9978
`FS101049,货道14,,,,,,0,0
`FS101049,货道15,,,,,,0,0
`FS101049,货道16,,,,,,0,0
`FS101049,货道17,海之言[柠檬](PET500ml),INTR039011682,饮料,4,4,9984,9984
`FS101049,货道19,雅哈[冰咖啡](PET450ml),INTR470011686,饮料,5.5,5.5,9996,9996
`FS101049,货道21,统一鲜橙多(PET450ml),INTR910011664,饮料,3.5,3.5,9979,9979
`FS101049,货道23,统一轻啵苏打水[桃花味](PET500ml),INTR876012423,饮料,3.5,3.5,9982,9982
`FS101049,货道24,饮养四季[金桔柠檬](PET500ml),INTR372011680,饮料,3.5,3.5,9999,9999
`FS101049,货道25,统一饮养四季[冰糖雪梨](PET500ml),INTR56004726,饮料,3.5,3.5,9969,9969
`FS101049,货道26,焕神[热带水果风味]饮料(PET460ml),INTR583011691,饮料,5,5,9986,9986
`FS101049,货道27,小茗同学[冰橘绿茶](PET480ml),INTR001012220,饮料,5,5,9988,9988
`FS101049,货道28,统一鲜橙多(PET450ml),INTR910011664,饮料,3.5,3.5,9990,9990
`FS101049,货道29,统一冰红茶[柠檬](PET500ml),INTR894011688,饮料,3,3,9975,9975
`FS101049,货道30,统一冰红茶[柠檬](PET500ml),INTR894011688,饮料,3,3,9968,9968
`FS101049,货道31,统一冰绿茶[青梅绿茶](PET500ml),INTR469011681,饮料,3,3,9975,9975
`FS101049,货道32,统一冰绿茶[青梅绿茶](PET500ml),INTR469011681,饮料,3,3,9999,9999
`FS101049,货道33,小茗同学[青柠红茶](PET480ml),INTR297011693,饮料,5,5,9984,9984
`FS101049,货道34,小茗同学[溜溜哒茶](PET480ml),INTR973011692,饮料,5,5,9982,9982
`FS101044,货道1,宏宝莱碳酸饮料汽水荔枝味(CAN330ml),INTR992013247,饮料,3,2.5,9969,9969
`FS101044,货道2,统一鲜橙多(CAN310ml),INTR767011663,饮料,3,3,9984,9984
`FS101044,货道3,爱朵拉拿铁咖啡(CAN310ml),INTR459011637,饮料,4,4,9963,9963
`FS101044,货道4,宏宝莱碳酸饮料汽水荔枝味(CAN330ml),INTR992013247,饮料,3,2.5,9963,9963
`FS101044,货道5,统一好料道[仙草凉茶](CAN310ml),INTR791011678,饮料,4,4,9980,9980
`FS101044,货道6,爱朵拉拿铁咖啡(CAN310ml),INTR459011637,饮料,4,4,9981,9981
`FS101044,货道7,统一轻啵苏打水[桃花味](PET500ml),INTR876012423,饮料,3.5,3.5,9968,9968
`FS101044,货道8,统一阿萨姆[奶茶原味](PET500ml),INTR230011689,饮料,4.5,4.5,9942,9942
`FS101044,货道9,统一阿萨姆[奶茶原味](PET500ml),INTR230011689,饮料,4.5,4.5,9971,9971
`FS101044,货道10,海之言[柠檬](PET500ml),INTR039011682,饮料,4,4,9963,9963
`FS101044,货道11,格泉饮用天然水(PET500ml),INTR252012401,矿泉水,2,2,9992,9992
`FS101044,货道13,可口可乐[自购版](PET500ml),INTR724012203,饮料,3.5,3.5,9949,9949
`FS101044,货道14,,,,,,0,0
`FS101044,货道15,,,,,,0,0
`FS101044,货道16,,,,,,0,0
`FS101044,货道17,焕神[热带水果风味]饮料(PET460ml),INTR583011691,饮料,5,5,9958,9958
`FS101044,货道19,雅哈[冰咖啡](PET450ml),INTR470011686,饮料,5.5,5.5,9967,9967
`FS101044,货道21,海之言[柠檬](PET500ml),INTR039011682,饮料,4,4,9970,9970
`FS101044,货道23,统一鲜橙多(PET450ml),INTR910011664,饮料,3.5,3.5,9938,9938
`FS101044,货道24,饮养四季[金桔柠檬](PET500ml),INTR372011680,饮料,3.5,3.5,9958,9958
`FS101044,货道25,统一饮养四季[冰糖雪梨](PET500ml),INTR56004726,饮料,3.5,3.5,9952,9952
`FS101044,货道26,饮养四季[金桔柠檬](PET500ml),INTR372011680,饮料,3.5,3.5,9962,9962
`FS101044,货道27,小茗同学[冰橘绿茶](PET480ml),INTR001012220,饮料,5,5,9964,9964
`FS101044,货道28,焕神[热带水果风味]饮料(PET460ml),INTR583011691,饮料,5,5,9973,9973
`FS101044,货道29,统一冰红茶[柠檬](PET500ml),INTR894011688,饮料,3,3,9961,9961
`FS101044,货道30,统一冰红茶[柠檬](PET500ml),INTR894011688,饮料,3,3,9926,9926
`FS101044,货道31,统一冰绿茶[青梅绿茶](PET500ml),INTR469011681,饮料,3,3,9951,9951
`FS101044,货道32,统一冰绿茶[青梅绿茶](PET500ml),INTR469011681,饮料,3,3,9973,9973
`FS101044,货道33,小茗同学[青柠红茶](PET480ml),INTR297011693,饮料,5,5,9957,9957
`FS101044,货道34,小茗同学[溜溜哒茶](PET480ml),INTR973011692,饮料,5,5,9967,9967
`FS100137,货道1,爱朵拉拿铁咖啡(CAN310ml),INTR459011637,饮料,4,4,24,24
`FS100137,货道2,统一鲜橙多(CAN310ml),INTR767011663,饮料,3,3,20,20
`FS100137,货道3,统一果汁[金桔柠檬](CAN310ml),1.56473E+17,开门柜,3,3,20,20
`FS100137,货道4,统一冰红茶(CAN310ml),INTR115011662,饮料,2.5,2.5,18,18
`FS100137,货道5,统一冰绿茶[青梅绿茶](CAN310ml),INTG116100075,饮料,2.5,2.5,16,16
`FS100137,货道6,统一好料道[仙草凉茶](CAN310ml),INTR791011678,饮料,4,4,11,11
`FS100137,货道7,统一阿萨姆[奶茶原味](PET500ml),INTR230011689,饮料,4.5,4.5,19,19
`FS100137,货道8,统一阿萨姆[奶茶原味](PET500ml),INTR230011689,饮料,4.5,4.5,18,18
`FS100137,货道9,雅哈[冰咖啡](PET450ml),INTR470011686,饮料,5.5,5.5,12,12
`FS100137,货道10,统一阿萨姆[奶茶原味](PET500ml),INTR230011689,饮料,4.5,4.5,14,14
`FS100137,货道11,统一阿萨姆[奶茶原味](PET500ml),INTR230011689,饮料,4.5,4.5,13,13
`FS100137,货道13,可口可乐[自购版](PET500ml),INTR724012203,饮料,3.5,3.5,11,11
`FS100137,货道14,,,,,,0,0
`FS100137,货道15,可口可乐[自购版](PET500ml),INTR724012203,饮料,3.5,3.5,14,14
`FS100137,货道16,,,,,,0,0
`FS100137,货道17,可口可乐[自购版](PET500ml),INTR724012203,饮料,3.5,3.5,12,12
`FS100137,货道19,可口可乐[自购版](PET500ml),INTR724012203,饮料,3.5,3.5,4,4
`FS100137,货道21,可口可乐[自购版](PET500ml),INTR724012203,饮料,3.5,3.5,10,10
`FS100137,货道23,焕神[热带水果风味]饮料(PET460ml),INTR583011691,饮料,5,5,17,17
`FS100137,货道24,统一冰绿茶[青梅绿茶](PET500ml),INTR469011681,饮料,3,3,19,19
`FS100137,货道25,海之言[柠檬](PET500ml),INTR039011682,饮料,4,4,13,13
`FS100137,货道26,统一饮养四季[冰糖雪梨](PET500ml),INTR56004726,饮料,3.5,3.5,15,15
`FS100137,货道27,小茗同学[青柠红茶](PET480ml),INTR297011693,饮料,5,5,15,15
`FS100137,货道28,饮养四季[金桔柠檬](PET500ml),INTR372011680,饮料,3.5,3.5,10,10
`FS100137,货道29,统一冰红茶[柠檬](PET500ml),INTR894011688,饮料,3,3,18,18
`FS100137,货道30,统一冰绿茶[青梅绿茶](PET500ml),INTR469011681,饮料,3,3,18,18
`FS100137,货道31,格泉饮用天然水(PET500ml),INTR252012401,矿泉水,2,2,11,11
`FS100137,货道32,体质能量(PET580ml),INTR468012175,饮料,4,4,6,6
`FS100137,货道33,统一鲜橙多(PET450ml),INTR910011664,饮料,3.5,3.5,15,15
`FS100137,货道34,海之言[柠檬](PET500ml),INTR039011682,饮料,4,4,13,13
`FS100866,货道1,统一冰绿茶[青梅绿茶](CAN310ml),INTG116100075,饮料,2.5,2.5,19,19
`FS100866,货道2,统一好料道[仙草凉茶](CAN310ml),INTR791011678,饮料,4,4,19,19
`FS100866,货道3,统一冰红茶(CAN310ml),INTR115011662,饮料,2.5,2.5,19,19
`FS100866,货道4,统一鲜橙多(CAN310ml),INTR767011663,饮料,3,3,18,18
`FS100866,货道5,统一果汁[金桔柠檬](CAN310ml),1.56473E+17,开门柜,3,3,30,30
`FS100866,货道6,雪碧[自购版](CAN330ml),INTR685011636,饮料,3,2.5,23,23
`FS100866,货道7,统一阿萨姆[奶茶原味](PET500ml),INTR230011689,饮料,4.5,4.5,5,5
`FS100866,货道8,统一阿萨姆[奶茶原味](PET500ml),INTR230011689,饮料,4.5,4.5,10,10
`FS100866,货道9,雅哈[冰咖啡](PET450ml),INTR470011686,饮料,5.5,5.5,12,12
`FS100866,货道10,统一阿萨姆[奶茶原味](PET500ml),INTR230011689,饮料,4.5,4.5,3,3
`FS100866,货道11,统一阿萨姆[白桃观音](PET450ml),INTR609013401,饮料,4.5,4.5,7,7
`FS100866,货道13,可口可乐[自购版](PET500ml),INTR724012203,饮料,3.5,3.5,12,12
`FS100866,货道14,,,,,,0,0
`FS100866,货道15,可口可乐[自购版](PET500ml),INTR724012203,饮料,3.5,3.5,6,6
`FS100866,货道16,,,,,,0,0
`FS100866,货道17,可口可乐[自购版](PET500ml),INTR724012203,饮料,3.5,3.5,5,5
`FS100866,货道19,可口可乐[自购版](PET500ml),INTR724012203,饮料,3.5,3.5,7,7
`FS100866,货道21,可口可乐[自购版](PET500ml),INTR724012203,饮料,3.5,3.5,3,3
`FS100866,货道23,焕神[热带水果风味]饮料(PET460ml),INTR583011691,饮料,5,5,24,24
`FS100866,货道24,统一冰绿茶[青梅绿茶](PET500ml),INTR469011681,饮料,3,3,5,5
`FS100866,货道25,饮养四季[金桔柠檬](PET500ml),INTR372011680,饮料,3.5,3.5,5,5
`FS100866,货道26,统一冰红茶[柠檬](PET500ml),INTR894011688,饮料,3,3,5,5
`FS100866,货道27,海之言[桃桃百香果](PET500ml),INTR950012403,饮料,4,4,5,5
`FS100866,货道28,小茗同学[青柠红茶](PET480ml),INTR297011693,饮料,5,5,7,7
`FS100866,货道29,统一鲜橙多(PET450ml),INTR910011664,饮料,3.5,3.5,5,5
`FS100866,货道30,雅哈[冰咖啡](PET450ml),INTR470011686,饮料,5.5,5.5,14,14
`FS100866,货道31,体质能量(PET580ml),INTR468012175,饮料,4,4,11,11
`FS100866,货道32,格泉饮用天然水(PET500ml),INTR252012401,矿泉水,2,2,13,13
`FS100866,货道33,海之言[柠檬](PET500ml),INTR039011682,饮料,4,4,5,5
`FS100866,货道34,海之言[柠檬](PET500ml),INTR039011682,饮料,4,4,5,5
`FS100183,货道1,统一冰绿茶[青梅绿茶](CAN310ml),INTG116100075,饮料,2.5,3.5,99998,99998
`FS100183,货道2,统一好料道[仙草凉茶](CAN310ml),INTR791011678,饮料,4,5,99994,99994
`FS100183,货道3,统一鲜橙多(CAN310ml),INTR767011663,饮料,3,4,99982,99982
`FS100183,货道4,统一冰红茶(CAN310ml),INTR115011662,饮料,2.5,3.5,99999,99999
`FS100183,货道5,小野[芒果汁](CAN245ml),INTR457012418,饮料,3,4,99985,99985
`FS100183,货道6,统一果汁[金桔柠檬](CAN310ml),1.56473E+17,开门柜,3,4,99983,99983
`FS100183,货道7,百事可乐(PET600ml),INTR065012794,饮料,3.5,4,99913,99913
`FS100183,货道8,农夫山泉力量帝维他命水(PET500ml),INTR911012108,饮料,5,6,99930,99930
`FS100183,货道9,农夫山泉力量帝维他命水(PET500ml),INTR911012108,饮料,5,6,99926,99926
`FS100183,货道10,海之言[柠檬](PET500ml),INTR039011682,饮料,4,5,99941,99941
`FS100183,货道11,海之言[柠檬](PET500ml),INTR039011682,饮料,4,5,99949,99949
`FS100183,货道12,,,,,,0,0
`FS100183,货道13,统一绿茶[茉莉](PET500ml),INTR577011683,饮料,3,4,99927,99927
`FS100183,货道14,,,,,,0,0
`FS100183,货道15,统一绿茶[茉莉](PET500ml),INTR577011683,饮料,3,4,99932,99932
`FS100183,货道16,,,,,,0,0
`FS100183,货道17,ALKAQUA[饮用天然矿泉水](PET570ml),INTR997009154,矿泉水,4,5,99947,99947
`FS100183,货道18,,,,,,0,0
`FS100183,货道19,ALKAQUA[饮用天然矿泉水](PET570ml),INTR997009154,矿泉水,4,5,99950,99950
`FS100183,货道20,,,,,,0,0
`FS100183,货道21,海之言[柠檬](PET500ml),INTR039011682,饮料,4,5,99991,99991
`FS100183,货道22,,,,,,0,0
`FS100183,货道23,农夫山泉(PET550ml),INTR993012106,矿泉水,2,3,99864,99864
`FS100183,货道24,农夫山泉(PET550ml),INTR993012106,矿泉水,2,3,99870,99870
`FS100183,货道25,统一鲜橙多(PET450ml),INTR910011664,饮料,3.5,4.5,99939,99939
`FS100183,货道26,统一冰红茶[柠檬](PET500ml),INTR894011688,饮料,3,4,99946,99946
`FS100183,货道27,A-Ha[柠檬]气泡水果饮料(PET500ml),INTR578012419,饮料,3,5,99971,99971
`FS100183,货道28,A-Ha[苹果]气泡水果饮料(PET500ml),INTR255012430,饮料,3,5,99975,99975
`FS100183,货道29,统一阿萨姆[奶茶原味](PET500ml),INTR230011689,饮料,4.5,5.5,99933,99933
`FS100183,货道30,统一冰绿茶[青梅绿茶](PET500ml),INTR469011681,饮料,3,4.5,99925,99925
`FS100183,货道31,饮养四季[金桔柠檬](PET500ml),INTR372011680,饮料,3.5,4.5,99955,99955
`FS100183,货道32,焕神[热带水果风味]饮料(PET460ml),INTR583011691,饮料,5,6,99984,99984
`FS100183,货道33,格泉饮用天然水(PET500ml),INTR252012401,矿泉水,2,3,99921,99921
`FS100183,货道34,统一轻啵苏打水[柠檬味](PET500ml),INTR773011687,饮料,3.5,4.5,99958,99958
`FS101436,货道1,统一冰绿茶[青梅绿茶](CAN310ml),INTG116100075,饮料,2.5,3.5,99991,99991
`FS101436,货道2,统一好料道[仙草凉茶](CAN310ml),INTR791011678,饮料,4,5,99984,99984
`FS101436,货道3,统一鲜橙多(CAN310ml),INTR767011663,饮料,3,4,99988,99988
`FS101436,货道4,统一冰红茶(CAN310ml),INTR115011662,饮料,2.5,3.5,99984,99984
`FS101436,货道5,小野[芒果汁](CAN245ml),INTR457012418,饮料,3,4,99986,99986
`FS101436,货道6,统一果汁[金桔柠檬](CAN310ml),1.56473E+17,开门柜,3,3.5,99986,99986
`FS101436,货道7,百事可乐(PET600ml),INTR065012794,饮料,3.5,4,99881,99881
`FS101436,货道8,农夫山泉力量帝维他命水(PET500ml),INTR911012108,饮料,5,6,99925,99925
`FS101436,货道9,农夫山泉力量帝维他命水(PET500ml),INTR911012108,饮料,5,6,99920,99920
`FS101436,货道10,海之言[柠檬](PET500ml),INTR039011682,饮料,4,5,99941,99941
`FS101436,货道11,海之言[柠檬](PET500ml),INTR039011682,饮料,4,5,99941,99941
`FS101436,货道12,,,,,,0,0
`FS101436,货道13,统一绿茶[茉莉](PET500ml),INTR577011683,饮料,3,4,99919,99919
`FS101436,货道14,,,,,,0,0
`FS101436,货道15,统一绿茶[茉莉](PET500ml),INTR577011683,饮料,3,4,99918,99918
`FS101436,货道16,,,,,,0,0
`FS101436,货道17,ALKAQUA[饮用天然矿泉水](PET570ml),INTR997009154,矿泉水,4,5,99954,99954
`FS101436,货道18,,,,,,0,0
`FS101436,货道19,ALKAQUA[饮用天然矿泉水](PET570ml),INTR997009154,矿泉水,4,5,99958,99958
`FS101436,货道20,,,,,,0,0
`FS101436,货道21,海之言[柠檬](PET500ml),INTR039011682,饮料,4,5,99941,99941
`FS101436,货道22,,,,,,0,0
`FS101436,货道23,农夫山泉(PET550ml),INTR993012106,矿泉水,2,3,99842,99842
`FS101436,货道24,农夫山泉(PET550ml),INTR993012106,矿泉水,2,3,99852,99852
`FS101436,货道25,统一鲜橙多(PET450ml),INTR910011664,饮料,3.5,4.5,99904,99904
`FS101436,货道26,统一冰红茶[柠檬](PET500ml),INTR894011688,饮料,3,4,99919,99919
`FS101436,货道27,A-Ha[柠檬]气泡水果饮料(PET500ml),INTR578012419,饮料,3,5,99973,99973
`FS101436,货道28,A-Ha[苹果]气泡水果饮料(PET500ml),INTR255012430,饮料,3,5,99978,99978
`FS101436,货道29,统一阿萨姆[奶茶原味](PET500ml),INTR230011689,饮料,4.5,5.5,99933,99933
`FS101436,货道30,统一冰绿茶[青梅绿茶](PET500ml),INTR469011681,饮料,3,4.5,99898,99898
`FS101436,货道31,饮养四季[金桔柠檬](PET500ml),INTR372011680,饮料,3.5,4.5,99964,99964
`FS101436,货道32,焕神[热带水果风味]饮料(PET460ml),INTR583011691,饮料,5,6,99987,99987
`FS101436,货道33,格泉饮用天然水(PET500ml),INTR252012401,矿泉水,2,3,99908,99908
`FS101436,货道34,统一轻啵苏打水[柠檬味](PET500ml),INTR773011687,饮料,3.5,4.5,99962,99962
`FS100972,货道1,宏宝莱碳酸饮料汽水荔枝味(CAN330ml),INTR992013247,饮料,3,2.5,9988,9988
`FS100972,货道2,雪碧[自购版](CAN330ml),INTR685011636,饮料,3,3,9985,9985
`FS100972,货道3,可口可乐[自购版](CAN330ml),INTR121011635,饮料,3,3,9991,9991
`FS100972,货道4,宏宝莱碳酸饮料汽水荔枝味(CAN330ml),INTR992013247,饮料,3,3,9993,9993
`FS100972,货道5,可口可乐[自购版](CAN330ml),INTR121011635,饮料,3,3,9995,9995
`FS100972,货道6,,,,,,0,0
`FS100972,货道7,雪碧[自购版](PET500ml),INTR175012204,饮料,3.5,3.5,9985,9985
`FS100972,货道8,可口可乐[自购版](PET500ml),INTR724012203,饮料,3.5,3.5,9993,9993
`FS100972,货道9,体质能量(PET580ml),INTR468012175,饮料,4,4,9997,9997
`FS100972,货道10,统一冰绿茶[青梅绿茶](PET500ml),INTR469011681,饮料,3,3,9999,9999
`FS100972,货道11,海之言[柠檬](PET500ml),INTR039011682,饮料,4,4,9999,9999
`FS100972,货道13,美年达橙味500ml,114732,开门柜,5,3,9999,9999
`FS100972,货道14,,,,,,0,0
`FS100972,货道15,统一冰红茶[柠檬](PET500ml),INTR894011688,饮料,3,3,9999,9999
`FS100972,货道16,,,,,,0,0
`FS100972,货道17,雅哈[冰咖啡](PET450ml),INTR470011686,饮料,5.5,5.5,9989,9989
`FS100972,货道19,统一绿茶[茉莉](PET500ml),INTR577011683,饮料,3,3,9999,9999
`FS100972,货道21,统一阿萨姆[奶茶原味](PET500ml),INTR230011689,饮料,4.5,4.5,9999,9999
`FS100972,货道23,小茗同学[溜溜哒茶](PET480ml),INTR973011692,饮料,5,5,9997,9997
`FS100972,货道24,统一阿萨姆[奶茶原味](PET500ml),INTR230011689,饮料,4.5,4.5,9988,9988
`FS100972,货道25,统一饮养四季[冰糖雪梨](PET500ml),INTR56004726,饮料,3.5,3.5,9987,9987
`FS100972,货道26,统一鲜橙多(PET450ml),INTR910011664,饮料,3.5,3.5,9997,9997
`FS100972,货道27,统一轻啵苏打水[桃花味](PET500ml),INTR876012423,饮料,3.5,3.5,9999,9999
`FS100972,货道28,雅哈[冰咖啡](PET450ml),INTR470011686,饮料,5.5,5.5,9999,9999
`FS100972,货道29,统一轻啵苏打水[桃花味](PET500ml),INTR876012423,饮料,3.5,3.5,9999,9999
`FS100972,货道30,焕神[热带水果风味]饮料(PET460ml),INTR583011691,饮料,5,5,9990,9990
`FS100972,货道31,统一绿茶[茉莉](PET500ml),INTR577011683,饮料,3,3,9998,9998
`FS100972,货道32,统一蜜桃多(PET450ml),INTR769012352,饮料,3.5,3.5,9999,9999
`FS100972,货道33,饮养四季[金桔柠檬](PET500ml),INTR372011680,饮料,3.5,3.5,9999,9999
`FS100972,货道34,饮养四季[金桔柠檬](PET500ml),INTR372011680,饮料,3.5,3.5,9999,9999
`FS100204,货道1,统一果汁[金桔柠檬](CAN310ml),1.56473E+17,开门柜,3,2.5,29,29
`FS100204,货道2,统一果汁[金桔柠檬](CAN310ml),1.56473E+17,开门柜,3,2.5,28,28
`FS100204,货道3,统一冰绿茶[青梅绿茶](CAN310ml),INTG116100075,饮料,2.5,2.5,28,28
`FS100204,货道4,统一冰绿茶[青梅绿茶](CAN310ml),INTG116100075,饮料,2.5,2.5,29,29
`FS100204,货道5,可口可乐[自购版](CAN330ml),INTR121011635,饮料,3,2.5,16,16
`FS100204,货道6,可口可乐[自购版](CAN330ml),INTR121011635,饮料,3,2.5,14,14
`FS100204,货道7,统一冰红茶[柠檬](PET500ml),INTR894011688,饮料,3,3,26,26
`FS100204,货道8,统一鲜橙多(PET450ml),INTR910011664,饮料,3.5,3.5,28,28
`FS100204,货道9,雅哈[冰咖啡](PET450ml),INTR470011686,饮料,5.5,5.5,29,29
`FS100204,货道10,统一阿萨姆[奶茶原味](PET500ml),INTR230011689,饮料,4.5,4.5,30,30
`FS100204,货道11,统一阿萨姆[奶茶原味](PET500ml),INTR230011689,饮料,4.5,4.5,27,27
`FS100204,货道13,体质能量(PET580ml),INTR468012175,饮料,4,4,29,29
`FS100204,货道14,,,,,,0,0
`FS100204,货道15,百事可乐(PET500ml),INTR859012793,饮料,3.5,3,23,23
`FS100204,货道16,,,,,,0,0
`FS100204,货道17,百事可乐(PET500ml),INTR859012793,饮料,3.5,3,18,18
`FS100204,货道19,小茗同学[冰橘绿茶](PET480ml),INTR001012220,饮料,5,5,28,28
`FS100204,货道21,饮养四季[金桔柠檬](PET500ml),INTR372011680,饮料,3.5,3.5,27,27
`FS100204,货道23,娃哈哈AD钙(PET450ml),INTR722013399,饮料,5,5,28,28
`FS100204,货道24,小茗同学[冰橘绿茶](PET480ml),INTR001012220,饮料,5,5,30,30
`FS100204,货道25,海之言[柠檬](PET500ml),INTR039011682,饮料,4,4,26,26
`FS100204,货道26,海之言[柠檬](PET500ml),INTR039011682,饮料,4,4,25,25
`FS100204,货道27,焕神[热带水果风味]饮料(PET460ml),INTR583011691,饮料,5,5,29,29
`FS100204,货道28,焕神[热带水果风味]饮料(PET460ml),INTR583011691,饮料,5,5,27,27
`FS100204,货道29,格泉饮用天然水(PET500ml),INTR252012401,矿泉水,2,2,20,20
`FS100204,货道30,统一冰红茶[柠檬](PET500ml),INTR894011688,饮料,3,3,30,30
`FS100204,货道31,统一冰绿茶[青梅绿茶](PET500ml),INTR469011681,饮料,3,3,29,29
`FS100204,货道32,统一冰绿茶[青梅绿茶](PET500ml),INTR469011681,饮料,3,3,25,25
`FS100204,货道33,统一鲜橙多(PET450ml),INTR910011664,饮料,3.5,3.5,28,28
`FS100204,货道34,统一鲜橙多(PET450ml),INTR910011664,饮料,3.5,3.5,30,30
`FS100650,货道1,统一好料道[仙草凉茶](CAN310ml),INTR791011678,饮料,4,4,9990,9990
`FS100650,货道2,宏宝莱碳酸饮料汽水荔枝味(CAN330ml),INTR992013247,饮料,3,2.5,99965,99965
`FS100650,货道3,宏宝莱碳酸饮料汽水荔枝味(CAN330ml),INTR992013247,饮料,3,2.5,9983,9983
`FS100650,货道4,可口可乐[自购版](CAN330ml),INTR121011635,饮料,3,3,9988,9988
`FS100650,货道5,可口可乐[自购版](CAN330ml),INTR121011635,饮料,3,3,9998,9998
`FS100650,货道6,雪碧[自购版](CAN330ml),INTR685011636,饮料,3,3,9992,9992
`FS100650,货道7,可口可乐[自购版](PET500ml),INTR724012203,饮料,3.5,3.5,9947,9947
`FS100650,货道8,雪碧[自购版](PET500ml),INTR175012204,饮料,3.5,3.5,9925,9925
`FS100650,货道9,统一饮养四季[冰糖雪梨](PET500ml),INTR56004726,饮料,3.5,3.5,9967,9967
`FS100650,货道10,焕神[热带水果风味]饮料(PET460ml),INTR583011691,饮料,5,5,9968,9968
`FS100650,货道11,海之言[蓝莓](PET500ml),INTR526012420,饮料,4,4,9968,9968
`FS100650,货道13,美年达橙味500ml,114732,开门柜,5,3,9978,9978
`FS100650,货道14,,,,,,0,0
`FS100650,货道15,海之言[柠檬](PET500ml),INTR039011682,饮料,4,4,9999,9999
`FS100650,货道16,,,,,,0,0
`FS100650,货道17,,,,,,0,0
`FS100650,货道19,娃哈哈营养快线(PET500ml),INTR409012898,饮料,5,5,9938,9938
`FS100650,货道21,统一饮养四季[冰糖雪梨](PET500ml),INTR56004726,饮料,3.5,3.5,9999,9999
`FS100650,货道23,统一鲜橙多(PET450ml),INTR910011664,饮料,3.5,3.5,9972,9972
`FS100650,货道24,统一阿萨姆[奶茶原味](PET500ml),INTR230011689,饮料,4.5,4.5,9939,9939
`FS100650,货道25,统一冰红茶[柠檬](PET500ml),INTR894011688,饮料,3,3,9960,9960
`FS100650,货道26,统一冰绿茶[青梅绿茶](PET500ml),INTR469011681,饮料,3,3,9961,9961
`FS100650,货道27,雅哈[冰咖啡](PET450ml),INTR470011686,饮料,5.5,5.5,9936,9936
`FS100650,货道28,统一茶裏王[无糖台式乌龙茶](PET420ml),INTR904011685,饮料,5,5,9999,9999
`FS100650,货道29,,,,,,0,0
`FS100650,货道30,小茗同学[溜溜哒茶](PET480ml),INTR973011692,饮料,5,5,9962,9962
`FS100650,货道31,统一绿茶[茉莉](PET500ml),INTR577011683,饮料,3,3,9981,9981
`FS100650,货道32,统一轻啵苏打水[桃花味](PET500ml),INTR876012423,饮料,3.5,3.5,9997,9997
`FS100650,货道33,统一轻啵苏打水[桃花味](PET500ml),INTR876012423,饮料,3.5,3.5,9998,9998
`FS100650,货道34,饮养四季[金桔柠檬](PET500ml),INTR372011680,饮料,3.5,3.5,9969,9969
`FS100073,货道1,宏宝莱碳酸饮料汽水荔枝味(CAN330ml),INTR992013247,饮料,3,3,9973,9973
`FS100073,货道2,雪碧[自购版](CAN330ml),INTR685011636,饮料,3,3,9993,9993
`FS100073,货道3,小野[芒果汁](CAN245ml),INTR457012418,饮料,3,3,9986,9986
`FS100073,货道4,可口可乐[自购版](CAN330ml),INTR121011635,饮料,3,3,9991,9991
`FS100073,货道5,可口可乐[自购版](CAN330ml),INTR121011635,饮料,3,3,9991,9991
`FS100073,货道6,统一好料道[仙草凉茶](CAN310ml),INTR791011678,饮料,4,4,9990,9990
`FS100073,货道7,可口可乐[自购版](PET500ml),INTR724012203,饮料,3.5,3.5,9880,9880
`FS100073,货道8,雪碧[自购版](PET500ml),INTR175012204,饮料,3.5,3.5,9936,9936
`FS100073,货道9,娃哈哈营养快线(PET500ml),INTR409012898,饮料,5,5,9924,9924
`FS100073,货道10,体质能量(PET580ml),INTR468012175,饮料,4,4,9908,9908
`FS100073,货道11,统一茶裏王[无糖台式乌龙茶](PET420ml),INTR904011685,饮料,5,5,9974,9974
`FS100073,货道13,美年达橙味500ml,114732,开门柜,5,3,9926,9926
`FS100073,货道14,,,,,,0,0
`FS100073,货道15,小茗同学[冰橘绿茶](PET480ml),INTR001012220,饮料,5,5,9999,9999
`FS100073,货道16,,,,,,0,0
`FS100073,货道17,海之言[柠檬](PET500ml),INTR039011682,饮料,4,4,9932,9932
`FS100073,货道19,焕神[热带水果风味]饮料(PET460ml),INTR583011691,饮料,5,5,9969,9969
`FS100073,货道21,焕神[热带水果风味]饮料(PET460ml),INTR583011691,饮料,5,5,9968,9968
`FS100073,货道23,海之言[蓝莓](PET500ml),INTR526012420,饮料,4,4,9977,9977
`FS100073,货道24,统一蜜桃多(PET450ml),INTR769012352,饮料,3.5,3.5,9978,9978
`FS100073,货道25,统一冰红茶[柠檬](PET500ml),INTR894011688,饮料,3,3,9962,9962
`FS100073,货道26,统一冰绿茶[青梅绿茶](PET500ml),INTR469011681,饮料,3,3,9939,9939
`FS100073,货道27,统一绿茶[茉莉](PET500ml),INTR577011683,饮料,3,3,9986,9986
`FS100073,货道28,小茗同学[溜溜哒茶](PET480ml),INTR973011692,饮料,5,5,9959,9959
`FS100073,货道29,统一阿萨姆[奶茶原味](PET500ml),INTR230011689,饮料,4.5,4.5,9917,9917
`FS100073,货道30,统一轻啵苏打水[桃花味](PET500ml),INTR876012423,饮料,3.5,3.5,9973,9973
`FS100073,货道31,统一饮养四季[冰糖雪梨](PET500ml),INTR56004726,饮料,3.5,3.5,9970,9970
`FS100073,货道32,统一鲜橙多(PET450ml),INTR910011664,饮料,3.5,3.5,9976,9976
`FS100073,货道33,雅哈[冰咖啡](PET450ml),INTR470011686,饮料,5.5,5.5,9970,9970
`FS100073,货道34,饮养四季[金桔柠檬](PET500ml),INTR372011680,饮料,3.5,3.5,9960,9960
`FS100374,货道1,爱朵拉拿铁咖啡(CAN310ml),INTR459011637,饮料,4,4,19,19
`FS100374,货道2,,,,,,0,0
`FS100374,货道3,统一冰绿茶[青梅绿茶](CAN310ml),INTG116100075,饮料,2.5,2.5,15,15
`FS100374,货道4,统一[鲜橙多](TP250ml),INTR663012447,饮料,2,2,14,14
`FS100374,货道5,统一蜜桃多(CAN310ml),INTR765012351,饮料,3,3,9,9
`FS100374,货道6,统一蜜桃多(CAN310ml),INTR765012351,饮料,3,3,10,10
`FS100374,货道7,农夫山泉(PET550ml),INTR993012106,矿泉水,2,2,18,18
`FS100374,货道8,农夫山泉(PET550ml),INTR993012106,矿泉水,2,2,16,16
`FS100374,货道9,统一阿萨姆[奶茶原味](PET500ml),INTR230011689,饮料,4.5,4,17,17
`FS100374,货道10,统一阿萨姆[奶茶原味](PET500ml),INTR230011689,饮料,4.5,4,13,13
`FS100374,货道11,统一茉莉蜜茶(PET500ml),INTR815013715,饮料,3,3,9,9
`FS100374,货道13,农夫山泉(PET550ml),INTR993012106,矿泉水,2,2,20,20
`FS100374,货道14,,,,,,0,0
`FS100374,货道15,农夫山泉(PET550ml),INTR993012106,矿泉水,2,2,16,16
`FS100374,货道16,,,,,,0,0
`FS100374,货道17,统一鲜橙多(PET450ml),INTR910011664,饮料,3.5,3.5,12,12
`FS100374,货道19,统一饮养四季[冰糖雪梨](PET500ml),INTR56004726,饮料,3.5,3.5,11,11
`FS100374,货道21,统一茶裏王[无糖台式乌龙茶](PET420ml),INTR904011685,饮料,5,5,12,12
`FS100374,货道23,可口可乐[自购版](CAN330ml),INTR121011635,饮料,3,3,21,21
`FS100374,货道24,可口可乐[自购版](CAN330ml),INTR121011635,饮料,3,3,18,18
`FS100374,货道25,统一冰红茶[柠檬](PET500ml),INTR894011688,饮料,3,3,16,16
`FS100374,货道26,统一冰红茶[柠檬](PET500ml),INTR894011688,饮料,3,3,15,15
`FS100374,货道27,饮养四季[金桔柠檬](PET500ml),INTR372011680,饮料,3.5,3.5,11,11
`FS100374,货道28,小茗同学[青柠红茶](PET480ml),INTR297011693,饮料,5,5,12,12
`FS100374,货道29,统一冰绿茶[青梅绿茶](PET500ml),INTR469011681,饮料,3,3,23,23
`FS100374,货道30,焕神[热带水果风味]饮料(PET460ml),INTR583011691,饮料,5,5,19,19
`FS100374,货道31,统一绿茶[茉莉](PET500ml),INTR577011683,饮料,3,3,18,18
`FS100374,货道32,统一绿茶[茉莉](PET500ml),INTR577011683,饮料,3,3,11,11
`FS100374,货道33,统一冰绿茶[青梅绿茶](PET500ml),INTR469011681,饮料,3,3,13,13
`FS100374,货道34,海之言[柠檬](PET500ml),INTR039011682,饮料,4,4,11,11
`FS100109,货道1,,,,,3,0,0
`FS100109,货道2,宏宝莱碳酸饮料汽水荔枝味(CAN330ml),INTR992013247,饮料,3,2.5,20,20
`FS100109,货道3,统一好料道[仙草凉茶](CAN310ml),INTR791011678,饮料,4,4,21,21
`FS100109,货道4,爱朵拉拿铁咖啡(CAN310ml),INTR459011637,饮料,4,4,22,22
`FS100109,货道5,可口可乐[自购版](CAN330ml),INTR121011635,饮料,3,3,20,20
`FS100109,货道6,可口可乐[自购版](CAN330ml),INTR121011635,饮料,3,3,20,20
`FS100109,货道7,可口可乐(PET500ml),INTR310011684,饮料,3.5,3,0,0
`FS100109,货道8,雪碧(PET500ml),INTR274011679,饮料,3.5,3,18,18
`FS100109,货道9,体质能量(PET580ml),INTR468012175,饮料,4,4,0,0
`FS100109,货道10,小茗同学[溜溜哒茶](PET480ml),INTR973011692,饮料,5,5,12,12
`FS100109,货道11,统一冰绿茶[青梅绿茶](PET500ml),INTR469011681,饮料,3,3,20,20
`FS100109,货道13,美年达橙味500ml,114732,开门柜,5,3,18,18
`FS100109,货道14,,,,,,0,0
`FS100109,货道15,统一好料道[仙草凉茶](CAN310ml),INTR791011678,饮料,4,4,22,22
`FS100109,货道16,,,,,,0,0
`FS100109,货道17,饮养四季[金桔柠檬](PET500ml),INTR372011680,饮料,3.5,3.5,9,9
`FS100109,货道19,饮养四季[金桔柠檬](PET500ml),INTR372011680,饮料,3.5,3.5,15,15
`FS100109,货道21,统一阿萨姆[奶茶原味](PET500ml),INTR230011689,饮料,4.5,4.5,14,14
`FS100109,货道23,统一轻啵苏打水[桃花味](PET500ml),INTR876012423,饮料,3.5,3.5,18,18
`FS100109,货道24,统一鲜橙多(PET450ml),INTR910011664,饮料,3.5,3.5,14,14
`FS100109,货道25,统一冰红茶[柠檬](PET500ml),INTR894011688,饮料,3,3,10,10
`FS100109,货道26,统一阿萨姆[奶茶原味](PET500ml),INTR230011689,饮料,4.5,4.5,13,13
`FS100109,货道27,统一饮养四季[冰糖雪梨](PET500ml),INTR56004726,饮料,3.5,3.5,11,11
`FS100109,货道28,雅哈[冰咖啡](PET450ml),INTR470011686,饮料,5.5,5.5,15,15
`FS100109,货道29,焕神[热带水果风味]饮料(PET460ml),INTR583011691,饮料,5,5,0,0
`FS100109,货道30,小茗同学[溜溜哒茶](PET480ml),INTR973011692,饮料,5,5,16,16
`FS100109,货道31,海之言[柠檬](PET500ml),INTR039011682,饮料,4,4,0,0
`FS100109,货道32,雅哈[冰咖啡](PET450ml),INTR470011686,饮料,5.5,5.5,22,22
`FS100109,货道33,统一蜜桃多(PET450ml),INTR769012352,饮料,3.5,3.5,13,13
`FS100109,货道34,统一绿茶[茉莉](PET500ml),INTR577011683,饮料,3,3,15,15
`FS100466,货道1,爱朵拉拿铁咖啡(CAN310ml),INTR459011637,饮料,4,4,21,21
`FS100466,货道2,统一鲜橙多(CAN310ml),INTR767011663,饮料,3,3,16,16
`FS100466,货道3,统一冰绿茶[青梅绿茶](CAN310ml),INTG116100075,饮料,2.5,2.5,13,13
`FS100466,货道4,统一鲜橙多(CAN310ml),INTR767011663,饮料,3,3,13,13
`FS100466,货道5,统一蜜桃多(CAN310ml),INTR765012351,饮料,3,3,11,11
`FS100466,货道6,统一蜜桃多(CAN310ml),INTR765012351,饮料,3,3,5,5
`FS100466,货道7,农夫山泉(PET550ml),INTR993012106,矿泉水,2,2,12,12
`FS100466,货道8,农夫山泉(PET550ml),INTR993012106,矿泉水,2,2,9,9
`FS100466,货道9,统一阿萨姆[奶茶原味](PET500ml),INTR230011689,饮料,4.5,4,17,17
`FS100466,货道10,统一阿萨姆[奶茶原味](PET500ml),INTR230011689,饮料,4.5,4,10,10
`FS100466,货道11,统一茉莉蜜茶(PET500ml),INTR815013715,饮料,3,3,7,7
`FS100466,货道13,农夫山泉(PET550ml),INTR993012106,矿泉水,2,2,18,18
`FS100466,货道14,,,,,2,1,1
`FS100466,货道15,农夫山泉(PET550ml),INTR993012106,矿泉水,2,2,16,16
`FS100466,货道16,,,,,3,5,5
`FS100466,货道17,统一鲜橙多(PET450ml),INTR910011664,饮料,3.5,3.5,10,10
`FS100466,货道19,统一饮养四季[冰糖雪梨](PET500ml),INTR56004726,饮料,3.5,3,13,13
`FS100466,货道21,统一茶裏王[无糖台式乌龙茶](PET420ml),INTR904011685,饮料,5,5,11,11
`FS100466,货道23,可口可乐[自购版](CAN330ml),INTR121011635,饮料,3,3,18,18
`FS100466,货道24,可口可乐[自购版](CAN330ml),INTR121011635,饮料,3,3,17,17
`FS100466,货道25,统一冰红茶[柠檬](PET500ml),INTR894011688,饮料,3,3,15,15
`FS100466,货道26,统一冰红茶[柠檬](PET500ml),INTR894011688,饮料,3,3,12,12
`FS100466,货道27,饮养四季[金桔柠檬](PET500ml),INTR372011680,饮料,3.5,3.5,8,8
`FS100466,货道28,小茗同学[青柠红茶](PET480ml),INTR297011693,饮料,5,5,11,11
`FS100466,货道29,统一冰绿茶[青梅绿茶](PET500ml),INTR469011681,饮料,3,3,13,13
`FS100466,货道30,焕神[热带水果风味]饮料(PET460ml),INTR583011691,饮料,5,5,17,17
`FS100466,货道31,统一绿茶[茉莉](PET500ml),INTR577011683,饮料,3,3,10,10
`FS100466,货道32,统一绿茶[茉莉](PET500ml),INTR577011683,饮料,3,3,11,11
`FS100466,货道33,统一冰绿茶[青梅绿茶](PET500ml),INTR469011681,饮料,3,3,9,9
`FS100466,货道34,海之言[柠檬](PET500ml),INTR039011682,饮料,4,4,9,9
`FS100563,货道1,统一冰红茶(CAN310ml),INTR115011662,饮料,2.5,2.5,19,19
`FS100563,货道2,可口可乐[自购版](CAN330ml),INTR121011635,饮料,3,3,11,11
`FS100563,货道3,百事可乐(CAN330ml),INTR785012174,饮料,2.5,2.5,9,9
`FS100563,货道4,怡宝火咖[香浓味](PET180ml),INTR738013851,饮料,6,3,2,2
`FS100563,货道5,统一鲜橙多(CAN310ml),INTR767011663,饮料,3,3,8,8
`FS100563,货道6,可口可乐[自购版](CAN330ml),INTR121011635,饮料,3,3,3,3
`FS100563,货道7,农夫山泉力量帝维他命水(PET500ml),INTR911012108,饮料,5,5,9,9
`FS100563,货道8,百事可乐(PET600ml),INTR065012794,饮料,3.5,3.5,17,17
`FS100563,货道9,统一茶裏王[无糖台式乌龙茶](PET420ml),INTR904011685,饮料,5,5,13,13
`FS100563,货道10,焕神[热带水果风味]饮料(PET460ml),INTR583011691,饮料,5,5,12,12
`FS100563,货道11,统一鲜橙多(PET450ml),INTR910011664,饮料,3.5,3.5,7,7
`FS100563,货道12,,,,,,0,0
`FS100563,货道13,统一阿萨姆[奶茶原味](PET500ml),INTR230011689,饮料,4.5,5,8,8
`FS100563,货道14,统一阿萨姆[奶茶原味](PET500ml),INTR230011689,饮料,4.5,5,9,9
`FS100563,货道15,统一冰绿茶[青梅绿茶](PET500ml),INTR469011681,饮料,3,3,12,12
`FS100563,货道16,统一冰绿茶[青梅绿茶](PET500ml),INTR469011681,饮料,3,3,17,17
`FS100563,货道17,海之言[柠檬](PET500ml),INTR039011682,饮料,4,4,15,15
`FS100563,货道18,,,,,,0,0
`FS100563,货道19,海之言[柠檬](PET500ml),INTR039011682,饮料,4,4,6,6
`FS100563,货道20,,,,,,0,0
`FS100563,货道21,饮养四季[金桔柠檬](PET500ml),INTR372011680,饮料,3.5,3.5,9,9
`FS100563,货道22,,,,,,0,0
`FS100563,货道23,统一绿茶[茉莉](PET500ml),INTR577011683,饮料,3,3,20,20
`FS100563,货道24,统一绿茶[茉莉](PET500ml),INTR577011683,饮料,3,3,15,15
`FS100563,货道25,苏感无汽苏打水饮品(PET490ml),INTR379012875,矿泉水,4,4,13,13
`FS100563,货道26,三得利乌龙茶[无糖](PET500ml),INTR907013377,饮料,5,4,12,12
`FS100563,货道27,雅哈[冰咖啡](PET450ml),INTR470011686,饮料,5.5,5.5,6,6
`FS100563,货道28,雅哈[冰咖啡](PET450ml),INTR470011686,饮料,5.5,5.5,7,7
`FS100563,货道29,统一冰红茶[柠檬](PET500ml),INTR894011688,饮料,3,3,19,19
`FS100563,货道30,统一冰红茶[柠檬](PET500ml),INTR894011688,饮料,3,3,18,18
`FS100563,货道31,小茗同学[青柠红茶](PET480ml),INTR297011693,饮料,5,5,16,16
`FS100563,货道32,小茗同学[青柠红茶](PET480ml),INTR297011693,饮料,5,5,13,13
`FS100563,货道33,饮养四季[金桔柠檬](PET500ml),INTR372011680,饮料,3.5,3.5,10,10
`FS100563,货道34,统一茉莉蜜茶(PET500ml),INTR815013715,饮料,3,3.5,7,7
`FS100038,货道1,,,,,,0,0
`FS100038,货道2,百事可乐(CAN330ml),INTR785012174,饮料,2.5,2.5,99998,99998
`FS100038,货道3,,,,,,0,0
`FS100038,货道4,,,,,,0,0
`FS100038,货道5,,,,,,0,0
`FS100038,货道6,,,,,,0,0
`FS100038,货道7,百事可乐(PET600ml),INTR065012794,饮料,3.5,3,99952,99952
`FS100038,货道8,百事可乐(PET600ml),INTR065012794,饮料,3.5,3,99961,99961
`FS100038,货道9,百事可乐(PET500ml),INTR859012793,饮料,3.5,3,99987,99987
`FS100038,货道10,统一冰绿茶[青梅绿茶](PET500ml),INTR469011681,饮料,3,3,99991,99991
`FS100038,货道11,饮养四季[金桔柠檬](PET500ml),INTR372011680,饮料,3.5,3,99995,99995
`FS100038,货道14,,,,,,0,0
`FS100038,货道15,统一绿茶[茉莉](PET500ml),INTR577011683,饮料,3,3,99970,99970
`FS100038,货道16,,,,,,0,0
`FS100038,货道17,统一冰红茶[柠檬](PET500ml),INTR894011688,饮料,3,3,99988,99988
`FS100038,货道19,海之言[柠檬](PET500ml),INTR039011682,饮料,4,5,99987,99987
`FS100038,货道21,海之言[柠檬](PET500ml),INTR039011682,饮料,4,5,99989,99989
`FS100038,货道23,统一茉莉蜜茶(PET500ml),INTR815013715,饮料,3,3,0,0
`FS100038,货道24,统一茉莉蜜茶(PET500ml),INTR815013715,饮料,3,3,99982,99982
`FS100038,货道25,小茗同学[青柠红茶](PET480ml),INTR297011693,饮料,5,5,99991,99991
`FS100038,货道26,小茗同学[青柠红茶](PET480ml),INTR297011693,饮料,5,5,99990,99990
`FS100038,货道27,饮养四季[金桔柠檬](PET500ml),INTR372011680,饮料,3.5,3,99997,99997
`FS100038,货道28,饮养四季[金桔柠檬](PET500ml),INTR372011680,饮料,3.5,3,99994,99994
`FS100038,货道29,统一双萃[鸭屎香风味柠檬茶](PET500ml),INTR950013739,饮料,3,3,99992,99992
`FS100038,货道30,统一双萃[鸭屎香风味柠檬茶](PET500ml),INTR950013739,饮料,3,3,99990,99990
`FS100038,货道31,雅哈[冰咖啡](PET450ml),INTR470011686,饮料,5.5,5,99999,99999
`FS100038,货道32,雅哈[冰咖啡](PET450ml),INTR470011686,饮料,5.5,5,99996,99996
`FS100038,货道33,统一阿萨姆[奶茶原味](PET500ml),INTR230011689,饮料,4.5,4.5,99994,99994
`FS100038,货道34,统一阿萨姆[奶茶原味](PET500ml),INTR230011689,饮料,4.5,4.5,99992,99992
`FS100024,货道1,,,,,2.5,99999,99999
`FS100024,货道2,,,,,,0,0
`FS100024,货道3,百事可乐(CAN330ml),INTR785012174,饮料,2.5,2.5,99999,99999
`FS100024,货道4,,,,,,0,0
`FS100024,货道5,,,,,,0,0
`FS100024,货道6,,,,,,0,0
`FS100024,货道7,百事可乐(PET600ml),INTR065012794,饮料,3.5,3,99987,99987
`FS100024,货道8,百事可乐(PET600ml),INTR065012794,饮料,3.5,3,99982,99982
`FS100024,货道9,农夫山泉(PET550ml),INTR993012106,矿泉水,2,2,99978,99978
`FS100024,货道10,农夫山泉(PET550ml),INTR993012106,矿泉水,2,2,99980,99980
`FS100024,货道11,农夫山泉(PET550ml),INTR993012106,矿泉水,2,2,99989,99989
`FS100024,货道14,,,,,,0,0
`FS100024,货道15,统一绿茶[茉莉](PET500ml),INTR577011683,饮料,3,3,0,0
`FS100024,货道16,,,,,,0,0
`FS100024,货道17,统一绿茶[茉莉](PET500ml),INTR577011683,饮料,3,3,99985,99985
`FS100024,货道19,统一绿茶[茉莉](PET500ml),INTR577011683,饮料,3,3,99987,99987
`FS100024,货道21,焕神[热带水果风味]饮料(PET460ml),INTR583011691,饮料,5,5,99996,99996
`FS100024,货道23,统一冰红茶[柠檬](PET500ml),INTR894011688,饮料,3,3,99988,99988
`FS100024,货道24,统一冰红茶[柠檬](PET500ml),INTR894011688,饮料,3,3,99982,99982
`FS100024,货道25,统一冰红茶[柠檬](PET500ml),INTR894011688,饮料,3,3,99994,99994
`FS100024,货道26,统一冰红茶[柠檬](PET500ml),INTR894011688,饮料,3,3,99998,99998
`FS100024,货道27,统一冰红茶[柠檬](PET500ml),INTR894011688,饮料,3,3,99997,99997
`FS100024,货道28,统一冰红茶[柠檬](PET500ml),INTR894011688,饮料,3,3,99996,99996
`FS100024,货道29,统一冰绿茶[青梅绿茶](PET500ml),INTR469011681,饮料,3,3,99984,99984
`FS100024,货道30,统一冰绿茶[青梅绿茶](PET500ml),INTR469011681,饮料,3,3,99990,99990
`FS100024,货道31,统一冰绿茶[青梅绿茶](PET500ml),INTR469011681,饮料,3,3,99995,99995
`FS100024,货道32,统一绿茶[茉莉](PET500ml),INTR577011683,饮料,3,3,99990,99990
`FS100024,货道33,统一绿茶[茉莉](PET500ml),INTR577011683,饮料,3,3,99994,99994
`FS100024,货道34,统一冰绿茶[青梅绿茶](PET500ml),INTR469011681,饮料,3,3,99994,99994
`FS100405,货道1,爱朵拉拿铁咖啡(CAN310ml),INTR459011637,饮料,4,4,20,20
`FS100405,货道2,爱朵拉拿铁咖啡(CAN310ml),INTR459011637,饮料,4,4,18,18
`FS100405,货道3,爱朵拉拿铁咖啡(CAN310ml),INTR459011637,饮料,4,4,16,16
`FS100405,货道4,米源冰晶葡萄(CAN310ml),INTR290012105,饮料,2.5,2.5,14,14
`FS100405,货道5,米源冰晶葡萄(CAN310ml),INTR290012105,饮料,2.5,2.5,12,12
`FS100405,货道6,米源冰晶葡萄(CAN310ml),INTR290012105,饮料,2.5,2.5,9,9
`FS100405,货道7,统一阿萨姆[奶茶原味](PET500ml),INTR230011689,饮料,4.5,4.5,19,19
`FS100405,货道8,统一阿萨姆[奶茶原味](PET500ml),INTR230011689,饮料,4.5,4.5,17,17
`FS100405,货道9,统一鲜橙多(PET450ml),INTR910011664,饮料,3.5,3.5,13,13
`FS100405,货道10,统一饮养四季[冰糖雪梨](PET500ml),INTR56004726,饮料,3.5,3.5,14,14
`FS100405,货道11,雅哈[冰咖啡](PET450ml),INTR470011686,饮料,5.5,5.5,12,12
`FS100405,货道13,可口可乐[自购版](PET500ml),INTR724012203,饮料,3.5,3.5,19,19
`FS100405,货道14,,,,,,0,0
`FS100405,货道15,雪碧[自购版](PET500ml),INTR175012204,饮料,3.5,3.5,18,18
`FS100405,货道16,,,,,,0,0
`FS100405,货道17,饮养四季[金桔柠檬](PET500ml),INTR372011680,饮料,3.5,3.5,15,15
`FS100405,货道19,海之言[柠檬](PET500ml),INTR039011682,饮料,4,4,11,11
`FS100405,货道21,统一轻啵苏打水[柠檬味](PET500ml),INTR773011687,饮料,3.5,3.5,11,11
`FS100405,货道23,统一绿茶[茉莉](PET500ml),INTR577011683,饮料,3,3,20,20
`FS100405,货道24,统一绿茶[茉莉](PET500ml),INTR577011683,饮料,3,3,18,18
`FS100405,货道25,统一冰红茶[柠檬](PET500ml),INTR894011688,饮料,3,3,16,16
`FS100405,货道26,统一冰红茶[柠檬](PET500ml),INTR894011688,饮料,3,3,12,12
`FS100405,货道27,焕神[热带水果风味]饮料(PET460ml),INTR583011691,饮料,5,5,12,12
`FS100405,货道28,焕神[热带水果风味]饮料(PET460ml),INTR583011691,饮料,5,5,10,10
`FS100405,货道29,怡宝[纯净水](PET555ml),INTR128012109,矿泉水,2,2,16,16
`FS100405,货道30,怡宝[纯净水](PET555ml),INTR128012109,矿泉水,2,2,16,16
`FS100405,货道31,小茗同学[溜溜哒茶](PET480ml),INTR973011692,饮料,5,5,16,16
`FS100405,货道32,统一冰绿茶[青梅绿茶](PET500ml),INTR469011681,饮料,3,3,14,14
`FS100405,货道33,统一冰绿茶[青梅绿茶](PET500ml),INTR469011681,饮料,3,3,12,12
`FS100405,货道34,A-Ha[苹果]气泡水果饮料(PET500ml),INTR255012430,饮料,3,5,10,10
`FS100811,货道1,统一冰红茶(CAN310ml),INTR115011662,饮料,2.5,2.5,21,21
`FS100811,货道2,统一冰红茶(CAN310ml),INTR115011662,饮料,2.5,2.5,19,19
`FS100811,货道3,统一鲜橙多(CAN310ml),INTR767011663,饮料,3,3,18,18
`FS100811,货道4,统一鲜橙多(CAN310ml),INTR767011663,饮料,3,3,16,16
`FS100811,货道5,优好滋荔枝爽310ml,INTR860012104,饮料,2.5,3,12,12
`FS100811,货道6,统一好料道[仙草凉茶](CAN310ml),INTR791011678,饮料,4,4,12,12
`FS100811,货道7,统一阿萨姆[奶茶原味](PET500ml),INTR230011689,饮料,4.5,4.5,22,22
`FS100811,货道8,统一阿萨姆[奶茶原味](PET500ml),INTR230011689,饮料,4.5,4.5,20,20
`FS100811,货道9,统一饮养四季[冰糖雪梨](PET500ml),INTR56004726,饮料,3.5,3.5,18,18
`FS100811,货道10,新湖源奶饮品[黄桃味](PET521ml),INTR054012792,饮料,5,5,15,15
`FS100811,货道11,今麦郎茉莉蜜茶(PET500ml),INTR701012110,饮料,4,3,12,12
`FS100811,货道13,统一冰红茶[柠檬](PET500ml),INTR894011688,饮料,3,3,16,16
`FS100811,货道14,,,,,,0,0
`FS100811,货道15,统一冰红茶[柠檬](PET500ml),INTR894011688,饮料,3,3,11,11
`FS100811,货道16,,,,,,0,0
`FS100811,货道17,统一轻啵苏打水[原味](PET500ml),INTR452012400,饮料,3.5,3.5,18,18
`FS100811,货道19,海之言[柠檬](PET500ml),INTR039011682,饮料,4,4,16,16
`FS100811,货道21,海之言[柠檬](PET500ml),INTR039011682,饮料,4,4,14,14
`FS100811,货道23,农夫山泉(PET550ml),INTR993012106,矿泉水,2,2,20,20
`FS100811,货道24,农夫山泉(PET550ml),INTR993012106,矿泉水,2,2,14,14
`FS100811,货道25,水趣多乳酸菌风味(PET500ml),INTR912012422,饮料,5,5,18,18
`FS100811,货道26,小茗同学[溜溜哒茶](PET480ml),INTR973011692,饮料,5,5,16,16
`FS100811,货道27,统一冰绿茶[青梅绿茶](PET500ml),INTR469011681,饮料,3,3,8,8
`FS100811,货道28,统一冰绿茶[青梅绿茶](PET500ml),INTR469011681,饮料,3,3,6,6
`FS100811,货道29,今麦郎芒顿小镇西瓜水(PET500ml),INTR688012196,饮料,3,3,21,21
`FS100811,货道30,格泉饮用天然水(PET500ml),INTR252012401,矿泉水,2,2,20,20
`FS100811,货道31,统一绿茶[茉莉](PET500ml),INTR577011683,饮料,3,3,18,18
`FS100811,货道32,统一绿茶[茉莉](PET500ml),INTR577011683,饮料,3,3,16,16
`FS100811,货道33,饮养四季[金桔柠檬](PET500ml),INTR372011680,饮料,3.5,3.5,11,11
`FS100811,货道34,小茗同学[青柠红茶](PET480ml),INTR297011693,饮料,5,5,11,11
`FS100396,货道1,爱朵拉拿铁咖啡(CAN310ml),INTR459011637,饮料,4,4,20,20
`FS100396,货道2,爱朵拉拿铁咖啡(CAN310ml),INTR459011637,饮料,4,4,17,17
`FS100396,货道3,爱朵拉拿铁咖啡(CAN310ml),INTR459011637,饮料,4,4,16,16
`FS100396,货道4,米源冰晶葡萄(CAN310ml),INTR290012105,饮料,2.5,2.5,14,14
`FS100396,货道5,米源冰晶葡萄(CAN310ml),INTR290012105,饮料,2.5,2.5,12,12
`FS100396,货道6,米源冰晶葡萄(CAN310ml),INTR290012105,饮料,2.5,2.5,9,9
`FS100396,货道7,统一阿萨姆[奶茶原味](PET500ml),INTR230011689,饮料,4.5,4.5,18,18
`FS100396,货道8,统一阿萨姆[奶茶原味](PET500ml),INTR230011689,饮料,4.5,4.5,17,17
`FS100396,货道9,统一鲜橙多(PET450ml),INTR910011664,饮料,3.5,3.5,16,16
`FS100396,货道10,统一饮养四季[冰糖雪梨](PET500ml),INTR56004726,饮料,3.5,3.5,13,13
`FS100396,货道11,雅哈[冰咖啡](PET450ml),INTR470011686,饮料,5.5,5.5,12,12
`FS100396,货道13,可口可乐[自购版](PET500ml),INTR724012203,饮料,3.5,3.5,20,20
`FS100396,货道14,,,,,,0,0
`FS100396,货道15,雪碧[自购版](PET500ml),INTR175012204,饮料,3.5,3.5,16,16
`FS100396,货道16,,,,,,0,0
`FS100396,货道17,饮养四季[金桔柠檬](PET500ml),INTR372011680,饮料,3.5,3.5,16,16
`FS100396,货道19,海之言[柠檬](PET500ml),INTR039011682,饮料,4,4,14,14
`FS100396,货道21,统一轻啵苏打水[柠檬味](PET500ml),INTR773011687,饮料,3.5,3.5,12,12
`FS100396,货道23,统一绿茶[茉莉](PET500ml),INTR577011683,饮料,3,3,19,19
`FS100396,货道24,统一绿茶[茉莉](PET500ml),INTR577011683,饮料,3,3,16,16
`FS100396,货道25,统一冰红茶[柠檬](PET500ml),INTR894011688,饮料,3,3,15,15
`FS100396,货道26,统一冰红茶[柠檬](PET500ml),INTR894011688,饮料,3,3,13,13
`FS100396,货道27,焕神[热带水果风味]饮料(PET460ml),INTR583011691,饮料,5,5,12,12
`FS100396,货道28,焕神[热带水果风味]饮料(PET460ml),INTR583011691,饮料,5,5,9,9
`FS100396,货道29,怡宝[纯净水](PET555ml),INTR128012109,矿泉水,2,2,18,18
`FS100396,货道30,怡宝[纯净水](PET555ml),INTR128012109,矿泉水,2,2,17,17
`FS100396,货道31,小茗同学[溜溜哒茶](PET480ml),INTR973011692,饮料,5,5,15,15
`FS100396,货道32,统一冰绿茶[青梅绿茶](PET500ml),INTR469011681,饮料,3,3,14,14
`FS100396,货道33,统一冰绿茶[青梅绿茶](PET500ml),INTR469011681,饮料,3,3,10,10
`FS100396,货道34,A-Ha[苹果]气泡水果饮料(PET500ml),INTR255012430,饮料,3,5,10,10
`FS100803,货道1,统一冰红茶(CAN310ml),INTR115011662,饮料,2.5,2.5,22,22
`FS100803,货道2,统一冰红茶(CAN310ml),INTR115011662,饮料,2.5,2.5,20,20
`FS100803,货道3,统一鲜橙多(CAN310ml),INTR767011663,饮料,3,3,18,18
`FS100803,货道4,统一鲜橙多(CAN310ml),INTR767011663,饮料,3,3,16,16
`FS100803,货道5,优好滋荔枝爽310ml,INTR860012104,饮料,2.5,3,14,14
`FS100803,货道6,统一好料道[仙草凉茶](CAN310ml),INTR791011678,饮料,4,4,12,12
`FS100803,货道7,统一阿萨姆[奶茶原味](PET500ml),INTR230011689,饮料,4.5,4.5,22,22
`FS100803,货道8,统一阿萨姆[奶茶原味](PET500ml),INTR230011689,饮料,4.5,4.5,20,20
`FS100803,货道9,统一饮养四季[冰糖雪梨](PET500ml),INTR56004726,饮料,3.5,3.5,18,18
`FS100803,货道10,新湖源奶饮品[黄桃味](PET521ml),INTR054012792,饮料,5,5,16,16
`FS100803,货道11,今麦郎茉莉蜜茶(PET500ml),INTR701012110,饮料,4,4,14,14
`FS100803,货道13,统一冰红茶[柠檬](PET500ml),INTR894011688,饮料,3,3,22,22
`FS100803,货道14,,,,,,0,0
`FS100803,货道15,统一冰红茶[柠檬](PET500ml),INTR894011688,饮料,3,3,20,20
`FS100803,货道16,,,,,,0,0
`FS100803,货道17,统一轻啵苏打水[柠檬味](PET500ml),INTR773011687,饮料,3.5,3.5,18,18
`FS100803,货道19,海之言[柠檬](PET500ml),INTR039011682,饮料,4,4,16,16
`FS100803,货道21,海之言[柠檬](PET500ml),INTR039011682,饮料,4,4,14,14
`FS100803,货道23,农夫山泉(PET550ml),INTR993012106,矿泉水,2,2,22,22
`FS100803,货道24,农夫山泉(PET550ml),INTR993012106,矿泉水,2,2,20,20
`FS100803,货道25,水趣多乳酸菌风味(PET500ml),INTR912012422,饮料,5,5,18,18
`FS100803,货道26,小茗同学[溜溜哒茶](PET480ml),INTR973011692,饮料,5,5,16,16
`FS100803,货道27,统一冰绿茶[青梅绿茶](PET500ml),INTR469011681,饮料,3,3,14,14
`FS100803,货道28,格泉饮用天然水(PET500ml),INTR252012401,矿泉水,2,2,12,12
`FS100803,货道29,今麦郎芒顿小镇西瓜水(PET500ml),INTR688012196,饮料,3,3,22,22
`FS100803,货道30,统一冰红茶[柠檬](PET500ml),INTR894011688,饮料,3,3,20,20
`FS100803,货道31,统一绿茶[茉莉](PET500ml),INTR577011683,饮料,3,3,17,17
`FS100803,货道32,统一绿茶[茉莉](PET500ml),INTR577011683,饮料,3,3,16,16
`FS100803,货道33,饮养四季[金桔柠檬](PET500ml),INTR372011680,饮料,3.5,3.5,14,14
`FS100803,货道34,小茗同学[青柠红茶](PET480ml),INTR297011693,饮料,5,5,12,12
`FS100771,货道1,加多宝(CAN310ml),INTR244013856,饮料,4,4,966,966
`FS100771,货道2,统一蜜桃多(CAN310ml),INTR765012351,饮料,3,3,997,997
`FS100771,货道3,统一好料道[仙草凉茶](CAN310ml),INTR791011678,饮料,4,4,961,961
`FS100771,货道4,米源冰晶葡萄(CAN310ml),INTR290012105,饮料,2.5,2.5,971,971
`FS100771,货道5,米源冰晶葡萄(CAN310ml),INTR290012105,饮料,2.5,2.5,972,972
`FS100771,货道6,统一鲜橙多(CAN310ml),INTR767011663,饮料,3,3,964,964
`FS100771,货道7,统一冰红茶[柠檬](PET500ml),INTR894011688,饮料,3,3,951,951
`FS100771,货道8,统一冰红茶[柠檬](PET500ml),INTR894011688,饮料,3,3,951,951
`FS100771,货道9,统一绿茶[茉莉](PET500ml),INTR577011683,饮料,3,3,964,964
`FS100771,货道10,,,,,,0,0
`FS100771,货道11,海之言[柠檬](PET500ml),INTR039011682,饮料,4,4,979,979
`FS100771,货道13,可口可乐[自购版](PET500ml),INTR724012203,饮料,3.5,3,957,957
`FS100771,货道14,,,,,2,999,999
`FS100771,货道15,今麦郎芒顿小镇西瓜水(PET500ml),INTR688012196,饮料,3,2,900,900
`FS100771,货道16,,,,,2,999,999
`FS100771,货道17,统一鲜橙多(PET450ml),INTR910011664,饮料,3.5,3,937,937
`FS100771,货道19,统一阿萨姆[白桃观音](PET450ml),INTR609013401,饮料,4.5,4,945,945
`FS100771,货道21,统一阿萨姆[奶茶原味](PET500ml),INTR230011689,饮料,4.5,4,959,959
`FS100771,货道23,统一双萃[鸭屎香风味柠檬茶](PET500ml),INTR950013739,饮料,3,3,899,899
`FS100771,货道24,小茗同学[溜溜哒茶](PET480ml),INTR973011692,饮料,5,5,964,964
`FS100771,货道25,统一阿萨姆[奶茶原味](PET500ml),INTR230011689,饮料,4.5,5,970,970
`FS100771,货道26,怡宝[纯净水](PET555ml),INTR128012109,矿泉水,2,2,948,948
`FS100771,货道27,统一果漾酸梅汤(PET500ml),INTR978013979,饮料,3,3,967,967
`FS100771,货道28,怡宝[纯净水](PET555ml),INTR128012109,矿泉水,2,2,964,964
`FS100771,货道29,今麦郎芒顿小镇柠檬水(PET500ml),INTR322012790,饮料,2.5,2,912,912
`FS100771,货道30,饮养四季[金桔柠檬](PET500ml),INTR372011680,饮料,3.5,3,959,959
`FS100771,货道31,统一饮养四季[冰糖雪梨](PET500ml),INTR56004726,饮料,3.5,3,966,966
`FS100771,货道32,统一阿萨姆[奶茶原味](PET500ml),INTR230011689,饮料,4.5,5,980,980
`FS100771,货道33,饮养四季[金桔柠檬](PET500ml),INTR372011680,饮料,3.5,3,953,953
`FS100771,货道34,海之言[柠檬](PET500ml),INTR039011682,饮料,4,4,979,979
`FS101386,货道1,统一冰红茶(CAN310ml),INTR115011662,饮料,2.5,2.5,18,18
`FS101386,货道2,统一冰红茶(CAN310ml),INTR115011662,饮料,2.5,2.5,18,18
`FS101386,货道3,统一鲜橙多(CAN310ml),INTR767011663,饮料,3,3,109,109
`FS101386,货道4,统一鲜橙多(CAN310ml),INTR767011663,饮料,3,3,15,15
`FS101386,货道5,,,,,3,14,14
`FS101386,货道6,统一好料道[仙草凉茶](CAN310ml),INTR791011678,饮料,4,4,12,12
`FS101386,货道7,统一阿萨姆[奶茶原味](PET500ml),INTR230011689,饮料,4.5,4.5,21,21
`FS101386,货道8,统一阿萨姆[奶茶原味](PET500ml),INTR230011689,饮料,4.5,4.5,19,19
`FS101386,货道9,统一饮养四季[冰糖雪梨](PET500ml),INTR56004726,饮料,3.5,3.5,18,18
`FS101386,货道10,农夫山泉(PET550ml),INTR993012106,矿泉水,2,2,15,15
`FS101386,货道11,今麦郎茉莉蜜茶(PET500ml),INTR701012110,饮料,4,3,14,14
`FS101386,货道13,统一冰红茶[柠檬](PET500ml),INTR894011688,饮料,3,3,21,21
`FS101386,货道14,,,,,,0,0
`FS101386,货道15,统一冰红茶[柠檬](PET500ml),INTR894011688,饮料,3,3,18,18
`FS101386,货道16,,,,,,0,0
`FS101386,货道17,统一轻啵苏打水[原味](PET500ml),INTR452012400,饮料,3.5,3.5,18,18
`FS101386,货道19,海之言[柠檬](PET500ml),INTR039011682,饮料,4,4,16,16
`FS101386,货道21,,,,,4,14,14
`FS101386,货道23,农夫山泉(PET550ml),INTR993012106,矿泉水,2,2,21,21
`FS101386,货道24,农夫山泉(PET550ml),INTR993012106,矿泉水,2,2,20,20
`FS101386,货道25,水趣多乳酸菌风味(PET500ml),INTR912012422,饮料,5,5,18,18
`FS101386,货道26,小茗同学[溜溜哒茶](PET480ml),INTR973011692,饮料,5,5,16,16
`FS101386,货道27,统一冰绿茶[青梅绿茶](PET500ml),INTR469011681,饮料,3,3,14,14
`FS101386,货道28,格泉饮用天然水(PET500ml),INTR252012401,矿泉水,2,2,12,12
`FS101386,货道29,今麦郎芒顿小镇西瓜水(PET500ml),INTR688012196,饮料,3,3,22,22
`FS101386,货道30,统一冰红茶[柠檬](PET500ml),INTR894011688,饮料,3,3,20,20
`FS101386,货道31,统一绿茶[茉莉](PET500ml),INTR577011683,饮料,3,3,18,18
`FS101386,货道32,统一绿茶[茉莉](PET500ml),INTR577011683,饮料,3,3,15,15
`FS101386,货道33,饮养四季[金桔柠檬](PET500ml),INTR372011680,饮料,3.5,3.5,14,14
`FS101386,货道34,小茗同学[青柠红茶](PET480ml),INTR297011693,饮料,5,5,12,12
`FS100709,货道1,统一蜜桃多(CAN310ml),INTR765012351,饮料,3,3,99988,99988
`FS100709,货道2,统一蜜桃多(CAN310ml),INTR765012351,饮料,3,3,99987,99987
`FS100709,货道3,统一冰红茶(CAN310ml),INTR115011662,饮料,2.5,3,99988,99988
`FS100709,货道4,统一冰红茶(CAN310ml),INTR115011662,饮料,2.5,3,99977,99977
`FS100709,货道5,统一鲜橙多(CAN310ml),INTR767011663,饮料,3,3,99998,99998
`FS100709,货道6,统一鲜橙多(CAN310ml),INTR767011663,饮料,3,3,99994,99994
`FS100709,货道7,统一鲜橙多(PET450ml),INTR910011664,饮料,3.5,4,99964,99964
`FS100709,货道8,,,,,,0,0
`FS100709,货道9,海之言[柠檬](PET500ml),INTR039011682,饮料,4,4,99939,99939
`FS100709,货道10,,,,,,0,0
`FS100709,货道11,,,,,,0,0
`FS100709,货道13,统一阿萨姆[奶茶原味](PET500ml),INTR230011689,饮料,4.5,4,99948,99948
`FS100709,货道14,,,,,,0,0
`FS100709,货道15,统一阿萨姆[奶茶原味](PET500ml),INTR230011689,饮料,4.5,4,99986,99986
`FS100709,货道16,,,,,,0,0
`FS100709,货道17,统一阿萨姆[奶茶原味](PET500ml),INTR230011689,饮料,4.5,4,99965,99965
`FS100709,货道19,,,,,,0,0
`FS100709,货道21,,,,,,0,0
`FS100709,货道23,统一阿萨姆[奶茶原味](PET500ml),INTR230011689,饮料,4.5,4,99976,99976
`FS100709,货道24,,,,,,0,0
`FS100709,货道25,小茗同学[溜溜哒茶](PET480ml),INTR973011692,饮料,5,5,99985,99985
`FS100709,货道26,小茗同学[青柠红茶](PET480ml),INTR297011693,饮料,5,5,99986,99986
`FS100709,货道27,,,,,,0,0
`FS100709,货道28,,,,,,0,0
`FS100709,货道29,,,,,,0,0
`FS100709,货道30,,,,,,0,0
`FS100709,货道31,,,,,,0,0
`FS100709,货道32,,,,,,0,0
`FS100709,货道33,,,,,,0,0
`FS100709,货道34,,,,,,0,0
`FS100317,货道1,统一冰红茶(CAN310ml),INTR115011662,饮料,2.5,2.5,22,22
`FS100317,货道2,统一冰红茶(CAN310ml),INTR115011662,饮料,2.5,2.5,19,19
`FS100317,货道3,统一鲜橙多(CAN310ml),INTR767011663,饮料,3,3,18,18
`FS100317,货道4,统一鲜橙多(CAN310ml),INTR767011663,饮料,3,3,16,16
`FS100317,货道5,优好滋荔枝爽310ml,INTR860012104,饮料,2.5,3,14,14
`FS100317,货道6,统一好料道[仙草凉茶](CAN310ml),INTR791011678,饮料,4,4,12,12
`FS100317,货道7,统一阿萨姆[奶茶原味](PET500ml),INTR230011689,饮料,4.5,4.5,22,22
`FS100317,货道8,统一阿萨姆[奶茶原味](PET500ml),INTR230011689,饮料,4.5,4.5,19,19
`FS100317,货道9,统一饮养四季[冰糖雪梨](PET500ml),INTR56004726,饮料,3.5,3.5,18,18
`FS100317,货道10,新湖源奶饮品[黄桃味](PET521ml),INTR054012792,饮料,5,5,16,16
`FS100317,货道11,今麦郎茉莉蜜茶(PET500ml),INTR701012110,饮料,4,3,14,14
`FS100317,货道13,统一冰红茶[柠檬](PET500ml),INTR894011688,饮料,3,3,22,22
`FS100317,货道14,,,,,,0,0
`FS100317,货道15,统一冰红茶[柠檬](PET500ml),INTR894011688,饮料,3,3,20,20
`FS100317,货道16,,,,,,0,0
`FS100317,货道17,统一轻啵苏打水[原味](PET500ml),INTR452012400,饮料,3.5,3.5,18,18
`FS100317,货道19,海之言[柠檬](PET500ml),INTR039011682,饮料,4,4,16,16
`FS100317,货道21,海之言[柠檬](PET500ml),INTR039011682,饮料,4,4,14,14
`FS100317,货道23,农夫山泉(PET550ml),INTR993012106,矿泉水,2,2,22,22
`FS100317,货道24,农夫山泉(PET550ml),INTR993012106,矿泉水,2,2,20,20
`FS100317,货道25,水趣多乳酸菌风味(PET500ml),INTR912012422,饮料,5,5,18,18
`FS100317,货道26,小茗同学[溜溜哒茶](PET480ml),INTR973011692,饮料,5,5,15,15
`FS100317,货道27,统一冰绿茶[青梅绿茶](PET500ml),INTR469011681,饮料,3,3,13,13
`FS100317,货道28,格泉饮用天然水(PET500ml),INTR252012401,矿泉水,2,2,12,12
`FS100317,货道29,今麦郎芒顿小镇西瓜水(PET500ml),INTR688012196,饮料,3,3,21,21
`FS100317,货道30,统一冰红茶[柠檬](PET500ml),INTR894011688,饮料,3,3,20,20
`FS100317,货道31,统一绿茶[茉莉](PET500ml),INTR577011683,饮料,3,3,18,18
`FS100317,货道32,统一绿茶[茉莉](PET500ml),INTR577011683,饮料,3,3,16,16
`FS100317,货道33,饮养四季[金桔柠檬](PET500ml),INTR372011680,饮料,3.5,3.5,11,11
`FS100317,货道34,小茗同学[青柠红茶](PET480ml),INTR297011693,饮料,5,5,12,12
`FS101387,货道1,统一冰红茶(CAN310ml),INTR115011662,饮料,2.5,2.5,22,22
`FS101387,货道2,统一冰红茶(CAN310ml),INTR115011662,饮料,2.5,2.5,17,17
`FS101387,货道3,统一鲜橙多(CAN310ml),INTR767011663,饮料,3,3,17,17
`FS101387,货道4,统一鲜橙多(CAN310ml),INTR767011663,饮料,3,3,15,15
`FS101387,货道5,优好滋荔枝爽310ml,INTR860012104,饮料,2.5,3,10,10
`FS101387,货道6,统一好料道[仙草凉茶](CAN310ml),INTR791011678,饮料,4,4,12,12
`FS101387,货道7,统一阿萨姆[奶茶原味](PET500ml),INTR230011689,饮料,4.5,4.5,21,21
`FS101387,货道8,统一阿萨姆[奶茶原味](PET500ml),INTR230011689,饮料,4.5,4.5,20,20
`FS101387,货道9,统一饮养四季[冰糖雪梨](PET500ml),INTR56004726,饮料,3.5,3.5,18,18
`FS101387,货道10,新湖源奶饮品[黄桃味](PET521ml),INTR054012792,饮料,5,5,16,16
`FS101387,货道11,今麦郎茉莉蜜茶(PET500ml),INTR701012110,饮料,4,3,14,14
`FS101387,货道13,统一冰红茶[柠檬](PET500ml),INTR894011688,饮料,3,3,17,17
`FS101387,货道14,,,,,,0,0
`FS101387,货道15,统一冰红茶[柠檬](PET500ml),INTR894011688,饮料,3,3,12,12
`FS101387,货道16,,,,,,0,0
`FS101387,货道17,统一轻啵苏打水[原味](PET500ml),INTR452012400,饮料,3.5,3.5,18,18
`FS101387,货道19,海之言[柠檬](PET500ml),INTR039011682,饮料,4,4,16,16
`FS101387,货道21,海之言[桃桃百香果](PET500ml),INTR950012403,饮料,4,4,13,13
`FS101387,货道23,农夫山泉(PET550ml),INTR993012106,矿泉水,2,2,21,21
`FS101387,货道24,农夫山泉(PET550ml),INTR993012106,矿泉水,2,2,10,10
`FS101387,货道25,水趣多乳酸菌风味(PET500ml),INTR912012422,饮料,5,5,17,17
`FS101387,货道26,小茗同学[青柠红茶](PET480ml),INTR297011693,饮料,5,5,16,16
`FS101387,货道27,统一冰绿茶[青梅绿茶](PET500ml),INTR469011681,饮料,3,3,3,3
`FS101387,货道28,格泉饮用天然水(PET500ml),INTR252012401,矿泉水,2,2,12,12
`FS101387,货道29,今麦郎芒顿小镇西瓜水(PET500ml),INTR688012196,饮料,3,3,17,17
`FS101387,货道30,统一冰红茶[柠檬](PET500ml),INTR894011688,饮料,3,3,20,20
`FS101387,货道31,统一绿茶[茉莉](PET500ml),INTR577011683,饮料,3,3,18,18
`FS101387,货道32,统一绿茶[茉莉](PET500ml),INTR577011683,饮料,3,3,16,16
`FS101387,货道33,饮养四季[金桔柠檬](PET500ml),INTR372011680,饮料,3.5,3.5,14,14
`FS101387,货道34,小茗同学[溜溜哒茶](PET480ml),INTR973011692,饮料,5,5,12,12
`FS100710,货道1,统一蜜桃多(CAN310ml),INTR765012351,饮料,3,3,0,0
`FS100710,货道2,统一蜜桃多(CAN310ml),INTR765012351,饮料,3,3,99998,99998
`FS100710,货道3,统一冰红茶(CAN310ml),INTR115011662,饮料,2.5,2.5,99999,99999
`FS100710,货道4,统一冰红茶(CAN310ml),INTR115011662,饮料,2.5,2.5,99998,99998
`FS100710,货道5,统一鲜橙多(CAN310ml),INTR767011663,饮料,3,3,99998,99998
`FS100710,货道6,统一鲜橙多(CAN310ml),INTR767011663,饮料,3,3,99999,99999
`FS100710,货道7,统一鲜橙多(PET450ml),INTR910011664,饮料,3.5,4,99998,99998
`FS100710,货道8,,,,,,0,0
`FS100710,货道9,海之言[柠檬](PET500ml),INTR039011682,饮料,4,4,99997,99997
`FS100710,货道10,,,,,,0,0
`FS100710,货道11,,,,,,0,0
`FS100710,货道13,,,,,,0,0
`FS100710,货道14,统一阿萨姆[奶茶原味](PET500ml),INTR230011689,饮料,4.5,4,99999,99999
`FS100710,货道15,,,,,,0,0
`FS100710,货道16,,,,,,0,0
`FS100710,货道17,统一阿萨姆[奶茶原味](PET500ml),INTR230011689,饮料,4.5,4,99992,99992
`FS100710,货道19,,,,,,0,0
`FS100710,货道21,,,,,,0,0
`FS100710,货道23,,,,,,0,0
`FS100710,货道24,,,,,,0,0
`FS100710,货道25,小茗同学[溜溜哒茶](PET480ml),INTR973011692,饮料,5,5,99997,99997
`FS100710,货道26,小茗同学[青柠红茶](PET480ml),INTR297011693,饮料,5,5,99997,99997
`FS100710,货道27,,,,,,0,0
`FS100710,货道28,娃哈哈[钻面水](PET550ml),INTR055012170,矿泉水,2,2,99997,99997
`FS100710,货道29,,,,,,0,0
`FS100710,货道30,,,,,,0,0
`FS100710,货道31,,,,,,0,0
`FS100710,货道32,,,,,,0,0
`FS100710,货道33,,,,,,0,0
`FS100710,货道34,,,,,,0,0
`FS100805,货道1,优好滋荔枝爽310ml,INTR860012104,饮料,2.5,3,22,22
`FS100805,货道2,统一冰红茶(CAN310ml),INTR115011662,饮料,2.5,2.5,20,20
`FS100805,货道3,统一鲜橙多(CAN310ml),INTR767011663,饮料,3,3,18,18
`FS100805,货道4,统一鲜橙多(CAN310ml),INTR767011663,饮料,3,3,16,16
`FS100805,货道5,统一冰红茶(CAN310ml),INTR115011662,饮料,2.5,2.5,14,14
`FS100805,货道6,统一好料道[仙草凉茶](CAN310ml),INTR791011678,饮料,4,4,12,12
`FS100805,货道7,统一阿萨姆[奶茶原味](PET500ml),INTR230011689,饮料,4.5,4.5,22,22
`FS100805,货道8,统一阿萨姆[奶茶原味](PET500ml),INTR230011689,饮料,4.5,4.5,20,20
`FS100805,货道9,今麦郎茉莉蜜茶(PET500ml),INTR701012110,饮料,4,3,18,18
`FS100805,货道10,新湖源奶饮品[黄桃味](PET521ml),INTR054012792,饮料,5,5,16,16
`FS100805,货道11,格泉饮用天然水(PET500ml),INTR252012401,矿泉水,2,2,14,14
`FS100805,货道13,统一冰红茶[柠檬](PET500ml),INTR894011688,饮料,3,3,22,22
`FS100805,货道14,,,,,,0,0
`FS100805,货道15,统一冰红茶[柠檬](PET500ml),INTR894011688,饮料,3,3,20,20
`FS100805,货道16,,,,,,0,0
`FS100805,货道17,统一轻啵苏打水[原味](PET500ml),INTR452012400,饮料,3.5,3.5,0,0
`FS100805,货道19,海之言[柠檬](PET500ml),INTR039011682,饮料,4,4,16,16
`FS100805,货道21,海之言[柠檬](PET500ml),INTR039011682,饮料,4,4,14,14
`FS100805,货道23,农夫山泉(PET550ml),INTR993012106,矿泉水,2,2,22,22
`FS100805,货道24,农夫山泉(PET550ml),INTR993012106,矿泉水,2,2,20,20
`FS100805,货道25,水趣多乳酸菌风味(PET500ml),INTR912012422,饮料,5,5,18,18
`FS100805,货道26,小茗同学[青柠红茶](PET480ml),INTR297011693,饮料,5,5,16,16
`FS100805,货道27,统一冰绿茶[青梅绿茶](PET500ml),INTR469011681,饮料,3,3,14,14
`FS100805,货道28,统一饮养四季[冰糖雪梨](PET500ml),INTR56004726,饮料,3.5,3.5,12,12
`FS100805,货道29,今麦郎芒顿小镇西瓜水(PET500ml),INTR688012196,饮料,3,3,22,22
`FS100805,货道30,统一冰红茶[柠檬](PET500ml),INTR894011688,饮料,3,3,20,20
`FS100805,货道31,统一绿茶[茉莉](PET500ml),INTR577011683,饮料,3,3,18,18
`FS100805,货道32,统一绿茶[茉莉](PET500ml),INTR577011683,饮料,3,3,16,16
`FS100805,货道33,饮养四季[金桔柠檬](PET500ml),INTR372011680,饮料,3.5,3.5,14,14
`FS100805,货道34,小茗同学[溜溜哒茶](PET480ml),INTR973011692,饮料,5,5,12,12
`FS100300,货道1,统一冰红茶(CAN310ml),INTR115011662,饮料,2.5,3,99992,99992
`FS100300,货道2,统一冰红茶(CAN310ml),INTR115011662,饮料,2.5,3,99990,99990
`FS100300,货道3,雪碧[自购版](CAN330ml),INTR685011636,饮料,3,4,99996,99996
`FS100300,货道4,雪碧[自购版](CAN330ml),INTR685011636,饮料,3,4,99996,99996
`FS100300,货道5,统一鲜橙多(CAN310ml),INTR767011663,饮料,3,4,99995,99995
`FS100300,货道6,统一鲜橙多(CAN310ml),INTR767011663,饮料,3,4,99998,99998
`FS100300,货道7,ALKAQUA[饮用天然矿泉水](PET570ml),INTR997009154,矿泉水,4,6,99998,99998
`FS100300,货道8,ALKAQUA[饮用天然矿泉水](PET570ml),INTR997009154,矿泉水,4,6,99998,99998
`FS100300,货道9,ALKAQUA[饮用天然矿泉水](PET570ml),INTR997009154,矿泉水,4,6,99999,99999
`FS100300,货道10,ALKAQUA[饮用天然矿泉水](PET570ml),INTR997009154,矿泉水,4,6,99998,99998
`FS100300,货道11,ALKAQUA[饮用天然矿泉水](PET570ml),INTR997009154,矿泉水,4,6,99997,99997
`FS100300,货道13,怡宝[纯净水](PET555ml),INTR128012109,矿泉水,2,3,99997,99997
`FS100300,货道14,,,,,,0,0
`FS100300,货道15,怡宝[纯净水](PET555ml),INTR128012109,矿泉水,2,3,99996,99996
`FS100300,货道16,,,,,,0,0
`FS100300,货道17,怡宝[纯净水](PET555ml),INTR128012109,矿泉水,2,3,99997,99997
`FS100300,货道19,怡宝[纯净水](PET555ml),INTR128012109,矿泉水,2,3,99988,99988
`FS100300,货道21,怡宝[纯净水](PET555ml),INTR128012109,矿泉水,2,3,99994,99994
`FS100300,货道23,统一冰红茶[柠檬](PET500ml),INTR894011688,饮料,3,4,99987,99987
`FS100300,货道24,统一冰红茶[柠檬](PET500ml),INTR894011688,饮料,3,4,99989,99989
`FS100300,货道25,统一冰红茶[柠檬](PET500ml),INTR894011688,饮料,3,4,99995,99995
`FS100300,货道26,统一绿茶[茉莉](PET500ml),INTR577011683,饮料,3,4,99994,99994
`FS100300,货道27,统一绿茶[茉莉](PET500ml),INTR577011683,饮料,3,4,99997,99997
`FS100300,货道28,统一绿茶[茉莉](PET500ml),INTR577011683,饮料,3,4,99998,99998
`FS100300,货道29,娃哈哈葡萄汁(PET500ml),INTR106013579,饮料,3,3.5,99990,99990
`FS100300,货道30,娃哈哈葡萄汁(PET500ml),INTR106013579,饮料,3,3.5,99992,99992
`FS100300,货道31,娃哈哈葡萄汁(PET500ml),INTR106013579,饮料,3,3.5,99993,99993
`FS100300,货道32,焕神[热带水果风味]饮料(PET460ml),INTR583011691,饮料,5,6,99997,99997
`FS100300,货道33,焕神[热带水果风味]饮料(PET460ml),INTR583011691,饮料,5,6,99999,99999
`FS100300,货道34,焕神[热带水果风味]饮料(PET460ml),INTR583011691,饮料,5,6,99996,99996
`FS100696,货道1,统一冰红茶(CAN310ml),INTR115011662,饮料,2.5,2.5,22,22
`FS100696,货道2,统一冰红茶(CAN310ml),INTR115011662,饮料,2.5,2.5,20,20
`FS100696,货道3,统一鲜橙多(CAN310ml),INTR767011663,饮料,3,3,18,18
`FS100696,货道4,统一鲜橙多(CAN310ml),INTR767011663,饮料,3,3,16,16
`FS100696,货道5,优好滋荔枝爽310ml,INTR860012104,饮料,2.5,2.5,14,14
`FS100696,货道6,统一好料道[仙草凉茶](CAN310ml),INTR791011678,饮料,4,4,12,12
`FS100696,货道7,统一阿萨姆[奶茶原味](PET500ml),INTR230011689,饮料,4.5,4.5,22,22
`FS100696,货道8,统一阿萨姆[奶茶原味](PET500ml),INTR230011689,饮料,4.5,4.5,20,20
`FS100696,货道9,统一饮养四季[冰糖雪梨](PET500ml),INTR56004726,饮料,3.5,3.5,18,18
`FS100696,货道10,新湖源奶饮品[黄桃味](PET521ml),INTR054012792,饮料,5,5,16,16
`FS100696,货道11,今麦郎茉莉蜜茶(PET500ml),INTR701012110,饮料,4,3,14,14
`FS100696,货道13,统一冰红茶[柠檬](PET500ml),INTR894011688,饮料,3,3,22,22
`FS100696,货道14,,,,,,0,0
`FS100696,货道15,统一冰红茶[柠檬](PET500ml),INTR894011688,饮料,3,3,19,19
`FS100696,货道16,,,,,,0,0
`FS100696,货道17,统一轻啵苏打水[原味](PET500ml),INTR452012400,饮料,3.5,3.5,18,18
`FS100696,货道19,海之言[柠檬](PET500ml),INTR039011682,饮料,4,4,16,16
`FS100696,货道21,海之言[柠檬](PET500ml),INTR039011682,饮料,4,4,14,14
`FS100696,货道23,农夫山泉(PET550ml),INTR993012106,矿泉水,2,2,22,22
`FS100696,货道24,农夫山泉(PET550ml),INTR993012106,矿泉水,2,2,20,20
`FS100696,货道25,水趣多乳酸菌风味(PET500ml),INTR912012422,饮料,5,5,18,18
`FS100696,货道26,小茗同学[青柠红茶](PET480ml),INTR297011693,饮料,5,5,16,16
`FS100696,货道27,统一冰绿茶[青梅绿茶](PET500ml),INTR469011681,饮料,3,3,14,14
`FS100696,货道28,统一冰绿茶[青梅绿茶](PET500ml),INTR469011681,饮料,3,3,12,12
`FS100696,货道29,今麦郎芒顿小镇西瓜水(PET500ml),INTR688012196,饮料,3,3,22,22
`FS100696,货道30,统一冰红茶[柠檬](PET500ml),INTR894011688,饮料,3,3,20,20
`FS100696,货道31,统一绿茶[茉莉](PET500ml),INTR577011683,饮料,3,3,18,18
`FS100696,货道32,统一绿茶[茉莉](PET500ml),INTR577011683,饮料,3,3,16,16
`FS100696,货道33,饮养四季[金桔柠檬](PET500ml),INTR372011680,饮料,3.5,3.5,14,14
`FS100696,货道34,小茗同学[溜溜哒茶](PET480ml),INTR973011692,饮料,5,5,12,12
`FS101351,货道1,百事可乐(CAN330ml),INTR785012174,饮料,2.5,2.5,28,28
`FS101351,货道2,统一蜜桃多(CAN310ml),INTR765012351,饮料,3,3,28,28
`FS101351,货道3,统一好料道[仙草凉茶](CAN310ml),INTR791011678,饮料,4,4,30,30
`FS101351,货道4,统一冰红茶(CAN310ml),INTR115011662,饮料,2.5,2.5,30,30
`FS101351,货道5,统一鲜橙多(CAN310ml),INTR767011663,饮料,3,3,30,30
`FS101351,货道6,爱朵拉拿铁咖啡(CAN310ml),INTR459011637,饮料,4,4,29,29
`FS101351,货道7,统一阿萨姆[奶茶原味](PET500ml),INTR230011689,饮料,4.5,4,29,29
`FS101351,货道8,统一阿萨姆[奶茶原味](PET500ml),INTR230011689,饮料,4.5,4,24,24
`FS101351,货道9,雅哈[冰咖啡](PET450ml),INTR470011686,饮料,5.5,5,23,23
`FS101351,货道10,统一阿萨姆[奶茶原味](PET500ml),INTR230011689,饮料,4.5,4,27,27
`FS101351,货道11,统一阿萨姆[奶茶原味](PET500ml),INTR230011689,饮料,4.5,4,24,24
`FS101351,货道13,可口可乐[自购版](PET500ml),INTR724012203,饮料,3.5,3.5,26,26
`FS101351,货道14,,,,,,0,0
`FS101351,货道15,可口可乐[自购版](PET500ml),INTR724012203,饮料,3.5,3.5,26,26
`FS101351,货道16,,,,,,0,0
`FS101351,货道17,海之言[柠檬](PET500ml),INTR039011682,饮料,4,4,26,26
`FS101351,货道19,格泉饮用天然水(PET500ml),INTR252012401,矿泉水,2,2,21,21
`FS101351,货道21,统一饮养四季[冰糖雪梨](PET500ml),INTR56004726,饮料,3.5,3.5,29,29
`FS101351,货道23,统一冰红茶[柠檬](PET500ml),INTR894011688,饮料,3,3,23,23
`FS101351,货道24,李子园果蔬酸奶(PET280ml),INTR644012893,饮料,5.5,5,28,28
`FS101351,货道25,统一冰绿茶[青梅绿茶](PET500ml),INTR469011681,饮料,3,3,26,26
`FS101351,货道26,统一冰绿茶[青梅绿茶](PET500ml),INTR469011681,饮料,3,3,21,21
`FS101351,货道27,小茗同学[溜溜哒茶](PET480ml),INTR973011692,饮料,5,5,30,30
`FS101351,货道28,统一鲜橙多(PET450ml),INTR910011664,饮料,3.5,3.5,30,30
`FS101351,货道29,焕神[热带水果风味]饮料(PET460ml),INTR583011691,饮料,5,5,24,24
`FS101351,货道30,体质能量(PET580ml),INTR468012175,饮料,4,4,30,30
`FS101351,货道31,台福[高钙花生牛奶](CAN365ml),INTR531012172,饮料,3.5,4,22,22
`FS101351,货道32,饮养四季[金桔柠檬](PET500ml),INTR372011680,饮料,3.5,3.5,29,29
`FS101351,货道33,海之言[柠檬](PET500ml),INTR039011682,饮料,4,4,27,27
`FS101351,货道34,佳得乐蓝莓味(PET600ml),INTR575013578,饮料,5,5,28,28
`FS101407,货道1,百事可乐(CAN330ml),INTR785012174,饮料,2.5,2.5,26,26
`FS101407,货道2,小野[芒果汁](CAN245ml),INTR457012418,饮料,3,3,30,30
`FS101407,货道3,统一好料道[仙草凉茶](CAN310ml),INTR791011678,饮料,4,4,30,30
`FS101407,货道4,统一冰红茶(CAN310ml),INTR115011662,饮料,2.5,2.5,29,29
`FS101407,货道5,统一鲜橙多(CAN310ml),INTR767011663,饮料,3,3,30,30
`FS101407,货道6,爱朵拉拿铁咖啡(CAN310ml),INTR459011637,饮料,4,4,28,28
`FS101407,货道7,统一阿萨姆[奶茶原味](PET500ml),INTR230011689,饮料,4.5,4,29,29
`FS101407,货道8,统一阿萨姆[奶茶原味](PET500ml),INTR230011689,饮料,4.5,4,30,30
`FS101407,货道9,雅哈[冰咖啡](PET450ml),INTR470011686,饮料,5.5,5.5,28,28
`FS101407,货道10,统一阿萨姆[奶茶原味](PET500ml),INTR230011689,饮料,4.5,4,30,30
`FS101407,货道11,统一阿萨姆[奶茶原味](PET500ml),INTR230011689,饮料,4.5,4,29,29
`FS101407,货道13,可口可乐[自购版](PET500ml),INTR724012203,饮料,3.5,3.5,25,25
`FS101407,货道14,,,,,,0,0
`FS101407,货道15,可口可乐[自购版](PET500ml),INTR724012203,饮料,3.5,3.5,29,29
`FS101407,货道16,,,,,,0,0
`FS101407,货道17,统一饮养四季[冰糖雪梨](PET500ml),INTR56004726,饮料,3.5,3.5,28,28
`FS101407,货道19,格泉饮用天然水(PET500ml),INTR252012401,矿泉水,2,2,27,27
`FS101407,货道21,统一冰绿茶[青梅绿茶](PET500ml),INTR469011681,饮料,3,3,30,30
`FS101407,货道23,统一冰红茶[柠檬](PET500ml),INTR894011688,饮料,3,3,28,28
`FS101407,货道24,海之言[蓝莓](PET500ml),INTR526012420,饮料,4,4,30,30
`FS101407,货道25,李子园果蔬酸奶(PET280ml),INTR644012893,饮料,5.5,5,30,30
`FS101407,货道26,统一冰绿茶[青梅绿茶](PET500ml),INTR469011681,饮料,3,3,29,29
`FS101407,货道27,体质能量(PET580ml),INTR468012175,饮料,4,4,29,29
`FS101407,货道28,统一鲜橙多(PET450ml),INTR910011664,饮料,3.5,3.5,28,28
`FS101407,货道29,焕神[热带水果风味]饮料(PET460ml),INTR583011691,饮料,5,5,27,27
`FS101407,货道30,统一轻啵苏打水[桃花味](PET500ml),INTR876012423,饮料,3.5,3.5,30,30
`FS101407,货道31,台福[高钙花生牛奶](CAN365ml),INTR531012172,饮料,3.5,4,29,29
`FS101407,货道32,饮养四季[金桔柠檬](PET500ml),INTR372011680,饮料,3.5,3.5,29,29
`FS101407,货道33,海之言[柠檬](PET500ml),INTR039011682,饮料,4,4,30,30
`FS101407,货道34,佳得乐蓝莓味(PET600ml),INTR575013578,饮料,5,5,29,29
`FS101352,货道1,百事可乐(CAN330ml),INTR785012174,饮料,2.5,2.5,30,30
`FS101352,货道2,小野[芒果汁](CAN245ml),INTR457012418,饮料,3,3,30,30
`FS101352,货道3,统一好料道[仙草凉茶](CAN310ml),INTR791011678,饮料,4,4,29,29
`FS101352,货道4,统一冰红茶(CAN310ml),INTR115011662,饮料,2.5,2.5,30,30
`FS101352,货道5,统一鲜橙多(CAN310ml),INTR767011663,饮料,3,3,29,29
`FS101352,货道6,爱朵拉拿铁咖啡(CAN310ml),INTR459011637,饮料,4,4,30,30
`FS101352,货道7,统一阿萨姆[奶茶原味](PET500ml),INTR230011689,饮料,4.5,4,27,27
`FS101352,货道8,统一阿萨姆[奶茶原味](PET500ml),INTR230011689,饮料,4.5,4,28,28
`FS101352,货道9,雅哈[冰咖啡](PET450ml),INTR470011686,饮料,5.5,5,28,28
`FS101352,货道10,统一阿萨姆[奶茶原味](PET500ml),INTR230011689,饮料,4.5,4,28,28
`FS101352,货道11,统一阿萨姆[奶茶原味](PET500ml),INTR230011689,饮料,4.5,4,29,29
`FS101352,货道13,可口可乐[自购版](PET500ml),INTR724012203,饮料,3.5,3.5,30,30
`FS101352,货道14,,,,,,0,0
`FS101352,货道15,可口可乐[自购版](PET500ml),INTR724012203,饮料,3.5,3.5,30,30
`FS101352,货道16,,,,,,0,0
`FS101352,货道17,李子园果蔬酸奶(PET280ml),INTR644012893,饮料,5.5,5,29,29
`FS101352,货道19,格泉饮用天然水(PET500ml),INTR252012401,矿泉水,2,2,26,26
`FS101352,货道21,统一冰绿茶[青梅绿茶](PET500ml),INTR469011681,饮料,3,3,30,30
`FS101352,货道23,统一冰绿茶[青梅绿茶](PET500ml),INTR469011681,饮料,3,3,30,30
`FS101352,货道24,今麦郎芒顿小镇蜜桃水(PET500ml),INTR133012193,饮料,2.5,2,30,30
`FS101352,货道25,统一冰红茶[柠檬](PET500ml),INTR894011688,饮料,3,3,29,29
`FS101352,货道26,统一蜜桃多(PET450ml),INTR769012352,饮料,3.5,3.5,30,30
`FS101352,货道27,体质能量(PET580ml),INTR468012175,饮料,4,4,30,30
`FS101352,货道28,统一鲜橙多(PET450ml),INTR910011664,饮料,3.5,3.5,30,30
`FS101352,货道29,焕神[热带水果风味]饮料(PET460ml),INTR583011691,饮料,5,5,27,27
`FS101352,货道30,统一轻啵苏打水[桃花味](PET500ml),INTR876012423,饮料,3.5,3.5,30,30
`FS101352,货道31,台福[高钙花生牛奶](CAN365ml),INTR531012172,饮料,3.5,4,25,25
`FS101352,货道32,饮养四季[金桔柠檬](PET500ml),INTR372011680,饮料,3.5,3.5,27,27
`FS101352,货道33,海之言[柠檬](PET500ml),INTR039011682,饮料,4,4,27,27
`FS101352,货道34,统一饮养四季[冰糖雪梨](PET500ml),INTR56004726,饮料,3.5,3.5,30,30
`FS101409,货道1,百事可乐(CAN330ml),INTR785012174,饮料,2.5,2.5,29,29
`FS101409,货道2,小野[芒果汁](CAN245ml),INTR457012418,饮料,3,3,30,30
`FS101409,货道3,统一好料道[仙草凉茶](CAN310ml),INTR791011678,饮料,4,4,29,29
`FS101409,货道4,统一冰红茶(CAN310ml),INTR115011662,饮料,2.5,2.5,30,30
`FS101409,货道5,统一鲜橙多(CAN310ml),INTR767011663,饮料,3,3,30,30
`FS101409,货道6,爱朵拉拿铁咖啡(CAN310ml),INTR459011637,饮料,4,4,29,29
`FS101409,货道7,统一阿萨姆[奶茶原味](PET500ml),INTR230011689,饮料,4.5,4,30,30
`FS101409,货道8,统一阿萨姆[奶茶原味](PET500ml),INTR230011689,饮料,4.5,4,30,30
`FS101409,货道9,统一阿萨姆[奶茶原味](PET500ml),INTR230011689,饮料,4.5,4,30,30
`FS101409,货道10,统一阿萨姆[奶茶原味](PET500ml),INTR230011689,饮料,4.5,4,30,30
`FS101409,货道11,统一阿萨姆[奶茶原味](PET500ml),INTR230011689,饮料,4.5,4,27,27
`FS101409,货道13,可口可乐[自购版](PET500ml),INTR724012203,饮料,3.5,3.5,30,30
`FS101409,货道14,,,,,,0,0
`FS101409,货道15,可口可乐[自购版](PET500ml),INTR724012203,饮料,3.5,3.5,27,27
`FS101409,货道16,,,,,,0,0
`FS101409,货道17,统一阿萨姆[奶茶原味](PET500ml),INTR230011689,饮料,4.5,4,30,30
`FS101409,货道19,格泉饮用天然水(PET500ml),INTR252012401,矿泉水,2,2,30,30
`FS101409,货道21,雅哈[冰咖啡](PET450ml),INTR470011686,饮料,5.5,5,30,30
`FS101409,货道23,统一冰红茶[柠檬](PET500ml),INTR894011688,饮料,3,3,30,30
`FS101409,货道24,今麦郎芒顿小镇蜜桃水(PET500ml),INTR133012193,饮料,2.5,2,30,30
`FS101409,货道25,统一冰绿茶[青梅绿茶](PET500ml),INTR469011681,饮料,3,3,30,30
`FS101409,货道26,统一冰绿茶[青梅绿茶](PET500ml),INTR469011681,饮料,3,3,30,30
`FS101409,货道27,小茗同学[溜溜哒茶](PET480ml),INTR973011692,饮料,5,5,30,30
`FS101409,货道28,统一鲜橙多(PET450ml),INTR910011664,饮料,3.5,3.5,30,30
`FS101409,货道29,焕神[热带水果风味]饮料(PET460ml),INTR583011691,饮料,5,5,30,30
`FS101409,货道30,体质能量(PET580ml),INTR468012175,饮料,4,4,30,30
`FS101409,货道31,台福[高钙花生牛奶](CAN365ml),INTR531012172,饮料,3.5,3.5,29,29
`FS101409,货道32,饮养四季[金桔柠檬](PET500ml),INTR372011680,饮料,3.5,3.5,30,30
`FS101409,货道33,海之言[柠檬](PET500ml),INTR039011682,饮料,4,4,30,30
`FS101409,货道34,统一饮养四季[冰糖雪梨](PET500ml),INTR56004726,饮料,3.5,3.5,30,30
`FS100643,货道1,三得利利趣拿铁(CAN310ml),INTR861012877,饮料,4,3.5,23,23
`FS100643,货道2,统一冰绿茶[青梅绿茶](CAN310ml),INTG116100075,饮料,2.5,2.5,29,29
`FS100643,货道3,统一冰绿茶[青梅绿茶](CAN310ml),INTG116100075,饮料,2.5,2.5,29,29
`FS100643,货道4,统一果汁[金桔柠檬](CAN310ml),1.56473E+17,开门柜,3,2.5,28,28
`FS100643,货道5,统一鲜橙多(CAN310ml),INTR767011663,饮料,3,2.5,30,30
`FS100643,货道6,统一冰红茶(CAN310ml),INTR115011662,饮料,2.5,2.5,28,28
`FS100643,货道7,统一阿萨姆[奶茶原味](PET500ml),INTR230011689,饮料,4.5,4,30,30
`FS100643,货道8,统一阿萨姆[奶茶原味](PET500ml),INTR230011689,饮料,4.5,4,28,28
`FS100643,货道9,雅哈[冰咖啡](PET450ml),INTR470011686,饮料,5.5,5,28,28
`FS100643,货道10,统一阿萨姆[奶茶原味](PET500ml),INTR230011689,饮料,4.5,4,30,30
`FS100643,货道11,统一阿萨姆[奶茶原味](PET500ml),INTR230011689,饮料,4.5,4,30,30
`FS100643,货道13,小茗同学[溜溜哒茶](PET480ml),INTR973011692,饮料,5,5,22,22
`FS100643,货道14,,,,,,0,0
`FS100643,货道15,焕神[热带水果风味]饮料(PET460ml),INTR583011691,饮料,5,5,30,30
`FS100643,货道16,,,,,,0,0
`FS100643,货道17,焕神[热带水果风味]饮料(PET460ml),INTR583011691,饮料,5,5,27,27
`FS100643,货道19,统一鲜橙多(PET450ml),INTR910011664,饮料,3.5,3,28,28
`FS100643,货道21,,,,,,0,0
`FS100643,货道23,达利园乐虎(PET350ml),INTR889012197,饮料,5,4,26,26
`FS100643,货道24,焕神[热带水果风味]饮料(PET460ml),INTR583011691,饮料,5,5,29,29
`FS100643,货道25,统一冰红茶[柠檬](PET500ml),INTR894011688,饮料,3,3,27,27
`FS100643,货道26,海之言[柠檬](PET500ml),INTR039011682,饮料,4,4,27,27
`FS100643,货道27,海之言[柠檬](PET500ml),INTR039011682,饮料,4,4,23,23
`FS100643,货道28,统一冰绿茶[青梅绿茶](PET500ml),INTR469011681,饮料,3,3,27,27
`FS100643,货道29,达利园乐虎(PET350ml),INTR889012197,饮料,5,4,23,23
`FS100643,货道30,海之言[柠檬](PET500ml),INTR039011682,饮料,4,4,26,26
`FS100643,货道31,海之言[柠檬](PET500ml),INTR039011682,饮料,4,4,27,27
`FS100643,货道32,统一鲜橙多(PET450ml),INTR910011664,饮料,3.5,3,20,20
`FS100643,货道33,统一鲜橙多(PET450ml),INTR910011664,饮料,3.5,3,27,27
`FS100643,货道34,海之言[柠檬](PET500ml),INTR039011682,饮料,4,4,29,29
`FS100994,货道1,三得利利趣拿铁(CAN310ml),INTR861012877,饮料,4,3.5,27,27
`FS100994,货道2,统一鲜橙多(CAN310ml),INTR767011663,饮料,3,2.5,30,30
`FS100994,货道3,统一鲜橙多(CAN310ml),INTR767011663,饮料,3,2.5,29,29
`FS100994,货道4,旺旺牛奶(CAN245ml),INTR783012872,饮料,6,5,28,28
`FS100994,货道5,统一冰红茶(CAN310ml),INTR115011662,饮料,2.5,2.5,29,29
`FS100994,货道6,统一果汁[金桔柠檬](CAN310ml),1.56473E+17,开门柜,3,2.5,30,30
`FS100994,货道7,统一阿萨姆[奶茶原味](PET500ml),INTR230011689,饮料,4.5,4,30,30
`FS100994,货道8,统一阿萨姆[奶茶原味](PET500ml),INTR230011689,饮料,4.5,4,30,30
`FS100994,货道9,雅哈[冰咖啡](PET450ml),INTR470011686,饮料,5.5,5,29,29
`FS100994,货道10,统一阿萨姆[奶茶原味](PET500ml),INTR230011689,饮料,4.5,4,30,30
`FS100994,货道11,统一阿萨姆[奶茶原味](PET500ml),INTR230011689,饮料,4.5,4,29,29
`FS100994,货道13,百事可乐(PET500ml),INTR859012793,饮料,3.5,2.5,21,21
`FS100994,货道14,,,,,,0,0
`FS100994,货道15,,,,,,0,0
`FS100994,货道16,,,,,,0,0
`FS100994,货道17,饮养四季[金桔柠檬](PET500ml),INTR372011680,饮料,3.5,3,28,28
`FS100994,货道19,海之言[柠檬](PET500ml),INTR039011682,饮料,4,4,24,24
`FS100994,货道21,海之言[柠檬](PET500ml),INTR039011682,饮料,4,4,27,27
`FS100994,货道23,体质能量(PET580ml),INTR468012175,饮料,4,4,26,26
`FS100994,货道24,统一冰红茶[柠檬](PET500ml),INTR894011688,饮料,3,3,29,29
`FS100994,货道25,统一冰红茶[柠檬](PET500ml),INTR894011688,饮料,3,3,30,30
`FS100994,货道26,饮养四季[金桔柠檬](PET500ml),INTR372011680,饮料,3.5,3,30,30
`FS100994,货道27,焕神[热带水果风味]饮料(PET460ml),INTR583011691,饮料,5,5,26,26
`FS100994,货道28,海之言[柠檬](PET500ml),INTR039011682,饮料,4,4,28,28
`FS100994,货道29,达利园乐虎(PET350ml),INTR889012197,饮料,5,4,19,19
`FS100994,货道30,统一鲜橙多(PET450ml),INTR910011664,饮料,3.5,3,29,29
`FS100994,货道31,统一鲜橙多(PET450ml),INTR910011664,饮料,3.5,3,28,28
`FS100994,货道32,统一冰绿茶[青梅绿茶](PET500ml),INTR469011681,饮料,3,3,28,28
`FS100994,货道33,小茗同学[青柠红茶](PET480ml),INTR297011693,饮料,5,5,30,30
`FS100994,货道34,统一冰绿茶[青梅绿茶](PET500ml),INTR469011681,饮料,3,3,27,27
`FS101356,货道1,统一鲜橙多(CAN310ml),INTR767011663,饮料,3,2.5,27,27
`FS101356,货道2,统一冰绿茶[青梅绿茶](CAN310ml),INTG116100075,饮料,2.5,2.5,30,30
`FS101356,货道3,统一冰绿茶[青梅绿茶](CAN310ml),INTG116100075,饮料,2.5,2.5,29,29
`FS101356,货道4,统一果汁[金桔柠檬](CAN310ml),1.56473E+17,开门柜,3,2.5,30,30
`FS101356,货道5,爱朵拉拿铁咖啡(CAN310ml),INTR459011637,饮料,4,4,27,27
`FS101356,货道6,爱朵拉拿铁咖啡(CAN310ml),INTR459011637,饮料,4,4,30,30
`FS101356,货道7,统一阿萨姆[奶茶原味](PET500ml),INTR230011689,饮料,4.5,4,30,30
`FS101356,货道8,统一阿萨姆[奶茶原味](PET500ml),INTR230011689,饮料,4.5,4,29,29
`FS101356,货道9,统一阿萨姆[奶茶原味](PET500ml),INTR230011689,饮料,4.5,4,30,30
`FS101356,货道10,统一阿萨姆[奶茶原味](PET500ml),INTR230011689,饮料,4.5,4,30,30
`FS101356,货道11,统一阿萨姆[奶茶原味](PET500ml),INTR230011689,饮料,4.5,4,30,30
`FS101356,货道13,百事可乐(PET500ml),INTR859012793,饮料,3.5,2.5,28,28
`FS101356,货道14,,,,,,0,0
`FS101356,货道15,饮养四季[金桔柠檬](PET500ml),INTR372011680,饮料,3.5,3,30,30
`FS101356,货道16,,,,,,0,0
`FS101356,货道17,统一冰红茶[柠檬](PET500ml),INTR894011688,饮料,3,3,29,29
`FS101356,货道19,焕神[热带水果风味]饮料(PET460ml),INTR583011691,饮料,5,5,29,29
`FS101356,货道21,焕神[热带水果风味]饮料(PET460ml),INTR583011691,饮料,5,5,30,30
`FS101356,货道23,雅哈[冰咖啡](PET450ml),INTR470011686,饮料,5.5,5,29,29
`FS101356,货道24,统一饮养四季[冰糖雪梨](PET500ml),INTR56004726,饮料,3.5,3.5,30,30
`FS101356,货道25,小茗同学[青柠红茶](PET480ml),INTR297011693,饮料,5,5,30,30
`FS101356,货道26,统一鲜橙多(PET450ml),INTR910011664,饮料,3.5,3,30,30
`FS101356,货道27,统一鲜橙多(PET450ml),INTR910011664,饮料,3.5,3,30,30
`FS101356,货道28,统一鲜橙多(PET450ml),INTR910011664,饮料,3.5,3,30,30
`FS101356,货道29,海之言[柠檬](PET500ml),INTR039011682,饮料,4,4,30,30
`FS101356,货道30,统一冰绿茶[青梅绿茶](PET500ml),INTR469011681,饮料,3,3,30,30
`FS101356,货道31,海之言[柠檬](PET500ml),INTR039011682,饮料,4,4,29,29
`FS101356,货道32,焕神[热带水果风味]饮料(PET460ml),INTR583011691,饮料,5,5,29,29
`FS101356,货道33,海之言[柠檬](PET500ml),INTR039011682,饮料,4,4,28,28
`FS101356,货道34,海之言[柠檬](PET500ml),INTR039011682,饮料,4,4,30,30
`FS100078,货道1,统一冰红茶(CAN310ml),INTR115011662,饮料,2.5,2.5,99999,99999
`FS100078,货道2,统一冰红茶(CAN310ml),INTR115011662,饮料,2.5,2.5,99999,99999
`FS100078,货道3,统一冰红茶(CAN310ml),INTR115011662,饮料,2.5,2.5,99998,99998
`FS100078,货道4,雪碧[自购版](CAN330ml),INTR685011636,饮料,3,2.5,99999,99999
`FS100078,货道5,雪碧[自购版](CAN330ml),INTR685011636,饮料,3,2.5,99999,99999
`FS100078,货道6,雪碧[自购版](CAN330ml),INTR685011636,饮料,3,2.5,99999,99999
`FS100078,货道7,娃哈哈葡萄汁(PET500ml),INTR106013579,饮料,3,3.5,99983,99983
`FS100078,货道8,娃哈哈葡萄汁(PET500ml),INTR106013579,饮料,3,3.5,99992,99992
`FS100078,货道9,统一绿茶[茉莉](PET500ml),INTR577011683,饮料,3,3,99998,99998
`FS100078,货道10,统一绿茶[茉莉](PET500ml),INTR577011683,饮料,3,3,99999,99999
`FS100078,货道11,统一绿茶[茉莉](PET500ml),INTR577011683,饮料,3,3,99999,99999
`FS100078,货道13,可口可乐[自购版](PET500ml),INTR724012203,饮料,3.5,3.5,99981,99981
`FS100078,货道14,,,,,,0,0
`FS100078,货道15,可口可乐[自购版](PET500ml),INTR724012203,饮料,3.5,3.5,99979,99979
`FS100078,货道16,,,,,,0,0
`FS100078,货道17,可口可乐[自购版](PET500ml),INTR724012203,饮料,3.5,3.5,99978,99978
`FS100078,货道19,统一鲜橙多(PET450ml),INTR910011664,饮料,3.5,3.5,99994,99994
`FS100078,货道21,统一鲜橙多(PET450ml),INTR910011664,饮料,3.5,3.5,99984,99984
`FS100078,货道23,统一绿茶[茉莉](PET500ml),INTR577011683,饮料,3,3,99999,99999
`FS100078,货道24,统一冰红茶[柠檬](PET500ml),INTR894011688,饮料,3,3,99996,99996
`FS100078,货道25,统一冰红茶[柠檬](PET500ml),INTR894011688,饮料,3,3,99996,99996
`FS100078,货道26,统一冰红茶[柠檬](PET500ml),INTR894011688,饮料,3,3,99998,99998
`FS100078,货道27,统一冰红茶[柠檬](PET500ml),INTR894011688,饮料,3,3,99998,99998
`FS100078,货道28,统一冰红茶[柠檬](PET500ml),INTR894011688,饮料,3,3,99997,99997
`FS100078,货道29,焕神[热带水果风味]饮料(PET460ml),INTR583011691,饮料,5,5,99997,99997
`FS100078,货道30,焕神[热带水果风味]饮料(PET460ml),INTR583011691,饮料,5,5,99998,99998
`FS100078,货道31,小茗同学[青柠红茶](PET480ml),INTR297011693,饮料,5,5,99993,99993
`FS100078,货道32,怡宝[纯净水](PET555ml),INTR128012109,矿泉水,2,2,99981,99981
`FS100078,货道33,怡宝[纯净水](PET555ml),INTR128012109,矿泉水,2,2,99985,99985
`FS100078,货道34,怡宝[纯净水](PET555ml),INTR128012109,矿泉水,2,2,99988,99988
`FS100944,货道1,统一果汁[金桔柠檬](CAN310ml),1.56473E+17,开门柜,3,2.5,24,24
`FS100944,货道2,统一冰红茶(CAN310ml),INTR115011662,饮料,2.5,2.5,24,24
`FS100944,货道3,统一好料道[仙草凉茶](CAN310ml),INTR791011678,饮料,4,4,28,28
`FS100944,货道4,统一鲜橙多(CAN310ml),INTR767011663,饮料,3,2.5,25,25
`FS100944,货道5,统一冰绿茶[青梅绿茶](CAN310ml),INTG116100075,饮料,2.5,2.5,19,19
`FS100944,货道6,三得利利趣拿铁(CAN310ml),INTR861012877,饮料,4,3.5,27,27
`FS100944,货道7,统一阿萨姆[奶茶原味](PET500ml),INTR230011689,饮料,4.5,4,28,28
`FS100944,货道8,统一阿萨姆[奶茶原味](PET500ml),INTR230011689,饮料,4.5,4,26,26
`FS100944,货道9,雅哈[冰咖啡](PET450ml),INTR470011686,饮料,5.5,5,19,19
`FS100944,货道10,雅哈[冰咖啡](PET450ml),INTR470011686,饮料,5.5,5,27,27
`FS100944,货道11,统一阿萨姆[奶茶原味](PET500ml),INTR230011689,饮料,4.5,4,29,29
`FS100944,货道13,统一冰绿茶[青梅绿茶](PET500ml),INTR469011681,饮料,3,3,24,24
`FS100944,货道14,,,,,3,30,30
`FS100944,货道15,统一绿茶[茉莉](PET500ml),INTR577011683,饮料,3,3,20,20
`FS100944,货道16,,,,,,0,0
`FS100944,货道17,统一阿萨姆[奶茶原味](PET500ml),INTR230011689,饮料,4.5,4,29,29
`FS100944,货道19,格泉饮用天然水(PET500ml),INTR252012401,矿泉水,2,2,24,24
`FS100944,货道21,统一饮养四季[冰糖雪梨](PET500ml),INTR56004726,饮料,3.5,3.5,25,25
`FS100944,货道23,达利园乐虎(PET350ml),INTR889012197,饮料,5,4,19,19
`FS100944,货道24,统一轻啵苏打水[桃花味](PET500ml),INTR876012423,饮料,3.5,3.5,29,29
`FS100944,货道25,焕神[热带水果风味]饮料(PET460ml),INTR583011691,饮料,5,5,23,23
`FS100944,货道26,统一冰红茶[柠檬](PET500ml),INTR894011688,饮料,3,3,24,24
`FS100944,货道27,饮养四季[金桔柠檬](PET500ml),INTR372011680,饮料,3.5,3,19,19
`FS100944,货道28,统一鲜橙多(PET450ml),INTR910011664,饮料,3.5,3,26,26
`FS100944,货道29,达利园乐虎(PET350ml),INTR889012197,饮料,5,4,11,11
`FS100944,货道30,海之言[柠檬](PET500ml),INTR039011682,饮料,4,4,14,14
`FS100944,货道31,统一鲜橙多(PET450ml),INTR910011664,饮料,3.5,3,24,24
`FS100944,货道32,统一鲜橙多(PET450ml),INTR910011664,饮料,3.5,3,27,27
`FS100944,货道33,统一鲜橙多(PET450ml),INTR910011664,饮料,3.5,3,24,24
`FS100944,货道34,海之言[柠檬](PET500ml),INTR039011682,饮料,4,4,23,23
`FS100928,货道1,统一冰绿茶[青梅绿茶](CAN310ml),INTG116100075,饮料,2.5,2.5,19,19
`FS100928,货道2,统一冰红茶(CAN310ml),INTR115011662,饮料,2.5,2.5,23,23
`FS100928,货道3,统一好料道[仙草凉茶](CAN310ml),INTR791011678,饮料,4,4,28,28
`FS100928,货道4,小野[芒果汁](CAN245ml),INTR457012418,饮料,3,3,27,27
`FS100928,货道5,统一冰绿茶[青梅绿茶](CAN310ml),INTG116100075,饮料,2.5,2.5,19,19
`FS100928,货道6,爱朵拉拿铁咖啡(CAN310ml),INTR459011637,饮料,4,4,25,25
`FS100928,货道7,统一阿萨姆[奶茶原味](PET500ml),INTR230011689,饮料,4.5,4,28,28
`FS100928,货道8,统一阿萨姆[奶茶原味](PET500ml),INTR230011689,饮料,4.5,4,28,28
`FS100928,货道9,雅哈[冰咖啡](PET450ml),INTR470011686,饮料,5.5,5,0,0
`FS100928,货道10,雅哈[冰咖啡](PET450ml),INTR470011686,饮料,5.5,5,22,22
`FS100928,货道11,统一阿萨姆[奶茶原味](PET500ml),INTR230011689,饮料,4.5,4,24,24
`FS100928,货道13,统一冰绿茶[青梅绿茶](PET500ml),INTR469011681,饮料,3,3,19,19
`FS100928,货道14,,,,,,0,0
`FS100928,货道15,统一绿茶[茉莉](PET500ml),INTR577011683,饮料,3,3,24,24
`FS100928,货道16,,,,,,0,0
`FS100928,货道17,统一阿萨姆[奶茶原味](PET500ml),INTR230011689,饮料,4.5,4,23,23
`FS100928,货道19,格泉饮用天然水(PET500ml),INTR252012401,矿泉水,2,2,27,27
`FS100928,货道21,娃哈哈AD钙(PET450ml),INTR722013399,饮料,5,4,21,21
`FS100928,货道23,达利园乐虎(PET350ml),INTR889012197,饮料,5,4,12,12
`FS100928,货道24,统一冰绿茶[青梅绿茶](PET500ml),INTR469011681,饮料,3,3,22,22
`FS100928,货道25,统一冰红茶[柠檬](PET500ml),INTR894011688,饮料,3,3,15,15
`FS100928,货道26,焕神[热带水果风味]饮料(PET460ml),INTR583011691,饮料,5,5,30,30
`FS100928,货道27,饮养四季[金桔柠檬](PET500ml),INTR372011680,饮料,3.5,3,23,23
`FS100928,货道28,统一轻啵苏打水[桃花味](PET500ml),INTR876012423,饮料,3.5,3.5,21,21
`FS100928,货道29,达利园乐虎(PET350ml),INTR889012197,饮料,5,4,11,11
`FS100928,货道30,统一饮养四季[冰糖雪梨](PET500ml),INTR56004726,饮料,3.5,3.5,21,21
`FS100928,货道31,海之言[柠檬](PET500ml),INTR039011682,饮料,4,4,22,22
`FS100928,货道32,统一鲜橙多(PET450ml),INTR910011664,饮料,3.5,3,23,23
`FS100928,货道33,统一鲜橙多(PET450ml),INTR910011664,饮料,3.5,3,20,20
`FS100928,货道34,海之言[柠檬](PET500ml),INTR039011682,饮料,4,4,21,21
`FS100617,货道1,百事可乐(CAN330ml),INTR785012174,饮料,2.5,2,29,29
`FS100617,货道2,统一鲜橙多(CAN310ml),INTR767011663,饮料,3,2.5,30,30
`FS100617,货道3,统一果汁[金桔柠檬](CAN310ml),1.56473E+17,开门柜,3,2.5,30,30
`FS100617,货道4,统一冰绿茶[青梅绿茶](CAN310ml),INTG116100075,饮料,2.5,2.5,30,30
`FS100617,货道5,统一好料道[仙草凉茶](CAN310ml),INTR791011678,饮料,4,4,30,30
`FS100617,货道6,,,,,,0,0
`FS100617,货道7,统一冰绿茶[青梅绿茶](PET500ml),INTR469011681,饮料,3,3,30,30
`FS100617,货道8,百事可乐(PET500ml),INTR859012793,饮料,3.5,2.5,28,28
`FS100617,货道9,雅哈[冰咖啡](PET450ml),INTR470011686,饮料,5.5,5,29,29
`FS100617,货道10,统一阿萨姆[奶茶原味](PET500ml),INTR230011689,饮料,4.5,4,30,30
`FS100617,货道11,统一阿萨姆[奶茶原味](PET500ml),INTR230011689,饮料,4.5,4,30,30
`FS100617,货道13,今麦郎芒顿小镇蜜桃水(PET500ml),INTR133012193,饮料,2.5,2,29,29
`FS100617,货道14,,,,,5,30,30
`FS100617,货道15,焕神[热带水果风味]饮料(PET460ml),INTR583011691,饮料,5,5,29,29
`FS100617,货道16,,,,,,0,0
`FS100617,货道17,焕神[热带水果风味]饮料(PET460ml),INTR583011691,饮料,5,5,30,30
`FS100617,货道19,,,,,,0,0
`FS100617,货道21,格泉饮用天然水(PET500ml),INTR252012401,矿泉水,2,2,27,27
`FS100617,货道23,,,,,,0,0
`FS100617,货道24,统一冰绿茶[青梅绿茶](PET500ml),INTR469011681,饮料,3,3,29,29
`FS100617,货道25,统一冰绿茶[青梅绿茶](PET500ml),INTR469011681,饮料,3,3,30,30
`FS100617,货道26,统一冰红茶[柠檬](PET500ml),INTR894011688,饮料,3,3,30,30
`FS100617,货道27,统一冰绿茶[青梅绿茶](PET500ml),INTR469011681,饮料,3,3,30,30
`FS100617,货道28,海之言[柠檬](PET500ml),INTR039011682,饮料,4,4,25,25
`FS100617,货道29,达利园乐虎(PET350ml),INTR889012197,饮料,5,4,28,28
`FS100617,货道30,饮养四季[金桔柠檬](PET500ml),INTR372011680,饮料,3.5,3,30,30
`FS100617,货道31,海之言[柠檬](PET500ml),INTR039011682,饮料,4,4,29,29
`FS100617,货道32,统一饮养四季[冰糖雪梨](PET500ml),INTR56004726,饮料,3.5,3.5,30,30
`FS100617,货道33,统一鲜橙多(PET450ml),INTR910011664,饮料,3.5,3,30,30
`FS100617,货道34,海之言[柠檬](PET500ml),INTR039011682,饮料,4,4,30,30
`FS100213,货道1,统一冰红茶(CAN310ml),INTR115011662,饮料,2.5,2.5,28,28
`FS100213,货道2,统一冰红茶(CAN310ml),INTR115011662,饮料,2.5,2.5,30,30
`FS100213,货道3,统一果汁[金桔柠檬](CAN310ml),1.56473E+17,开门柜,3,2.5,30,30
`FS100213,货道4,统一鲜橙多(CAN310ml),INTR767011663,饮料,3,2.5,30,30
`FS100213,货道5,统一鲜橙多(CAN310ml),INTR767011663,饮料,3,2.5,30,30
`FS100213,货道6,统一鲜橙多(CAN310ml),INTR767011663,饮料,3,2.5,30,30
`FS100213,货道7,百事可乐(PET500ml),INTR859012793,饮料,3.5,2.5,26,26
`FS100213,货道8,百事可乐(PET500ml),INTR859012793,饮料,3.5,2.5,29,29
`FS100213,货道9,雅哈[冰咖啡](PET450ml),INTR470011686,饮料,5.5,5,30,30
`FS100213,货道10,统一阿萨姆[奶茶原味](PET500ml),INTR230011689,饮料,4.5,4,29,29
`FS100213,货道11,统一阿萨姆[奶茶原味](PET500ml),INTR230011689,饮料,4.5,4,30,30
`FS100213,货道13,焕神[热带水果风味]饮料(PET460ml),INTR583011691,饮料,5,5,27,27
`FS100213,货道14,,,,,,0,0
`FS100213,货道15,统一饮养四季[冰糖雪梨](PET500ml),INTR56004726,饮料,3.5,3.5,29,29
`FS100213,货道16,,,,,,0,0
`FS100213,货道17,雅哈[冰咖啡](PET450ml),INTR470011686,饮料,5.5,5,30,30
`FS100213,货道19,统一鲜橙多(PET450ml),INTR910011664,饮料,3.5,3,30,30
`FS100213,货道21,格泉饮用天然水(PET500ml),INTR252012401,矿泉水,2,2,30,30
`FS100213,货道23,统一冰红茶[柠檬](PET500ml),INTR894011688,饮料,3,3,30,30
`FS100213,货道24,统一冰红茶[柠檬](PET500ml),INTR894011688,饮料,3,3,29,29
`FS100213,货道25,统一冰绿茶[青梅绿茶](PET500ml),INTR469011681,饮料,3,3,29,29
`FS100213,货道26,小茗同学[溜溜哒茶](PET480ml),INTR973011692,饮料,5,5,29,29
`FS100213,货道27,小茗同学[溜溜哒茶](PET480ml),INTR973011692,饮料,5,5,29,29
`FS100213,货道28,小茗同学[溜溜哒茶](PET480ml),INTR973011692,饮料,5,5,29,29
`FS100213,货道29,达利园乐虎(PET350ml),INTR889012197,饮料,5,4,22,22
`FS100213,货道30,饮养四季[金桔柠檬](PET500ml),INTR372011680,饮料,3.5,3,27,27
`FS100213,货道31,海之言[蓝莓](PET500ml),INTR526012420,饮料,4,4,25,25
`FS100213,货道32,统一轻啵苏打水[桃花味](PET500ml),INTR876012423,饮料,3.5,3.5,30,30
`FS100213,货道33,统一鲜橙多(PET450ml),INTR910011664,饮料,3.5,3,28,28
`FS100213,货道34,海之言[蓝莓](PET500ml),INTR526012420,饮料,4,4,27,27
`FS100065,货道1,小野[芒果汁](CAN245ml),INTR457012418,饮料,3,3,99995,99995
`FS100065,货道2,统一好料道[仙草凉茶](CAN310ml),INTR791011678,饮料,4,4,99996,99996
`FS100065,货道3,加多宝(CAN310ml),INTR244013856,饮料,4,2.5,99950,99950
`FS100065,货道4,米源冰晶葡萄(CAN310ml),INTR290012105,饮料,2.5,2.5,99991,99991
`FS100065,货道5,米源冰晶葡萄(CAN310ml),INTR290012105,饮料,2.5,2.5,99991,99991
`FS100065,货道6,统一冰红茶(CAN310ml),INTR115011662,饮料,2.5,2.5,99996,99996
`FS100065,货道7,今麦郎凉白开熟水(PET500ml),INTR865013744,饮料,2,2,99968,99968
`FS100065,货道8,今麦郎凉白开熟水(PET500ml),INTR865013744,饮料,2,2,99963,99963
`FS100065,货道9,统一绿茶[茉莉](PET500ml),INTR577011683,饮料,3,3,99965,99965
`FS100065,货道10,雅哈[冰咖啡](PET450ml),INTR470011686,饮料,5.5,5.5,99996,99996
`FS100065,货道11,统一轻啵苏打水[柠檬味](PET500ml),INTR773011687,饮料,3.5,3.5,99985,99985
`FS100065,货道13,今麦郎凉白开熟水(PET500ml),INTR865013744,饮料,2,2,99986,99986
`FS100065,货道14,,,,,,0,0
`FS100065,货道15,统一绿茶[茉莉](PET500ml),INTR577011683,饮料,3,3,99987,99987
`FS100065,货道16,,,,,,0,0
`FS100065,货道17,统一绿茶[茉莉](PET500ml),INTR577011683,饮料,3,3,99979,99979
`FS100065,货道19,饮养四季[金桔柠檬](PET500ml),INTR372011680,饮料,3.5,3.5,99999,99999
`FS100065,货道21,统一冰绿茶[青梅绿茶](PET500ml),INTR469011681,饮料,3,3,99999,99999
`FS100065,货道23,今麦郎凉白开熟水(PET500ml),INTR865013744,饮料,2,2,99978,99978
`FS100065,货道24,统一冰红茶[柠檬](PET500ml),INTR894011688,饮料,3,3,99993,99993
`FS100065,货道25,统一冰红茶[柠檬](PET500ml),INTR894011688,饮料,3,3,99992,99992
`FS100065,货道26,统一阿萨姆[奶茶原味](PET500ml),INTR230011689,饮料,4.5,4.5,99990,99990
`FS100065,货道27,统一鲜橙多(PET450ml),INTR910011664,饮料,3.5,3.5,99989,99989
`FS100065,货道28,小茗同学[青柠红茶](PET480ml),INTR297011693,饮料,5,5,99996,99996
`FS100065,货道29,今麦郎凉白开熟水(PET500ml),INTR865013744,饮料,2,2,99974,99974
`FS100065,货道30,统一冰红茶[柠檬](PET500ml),INTR894011688,饮料,3,3,99988,99988
`FS100065,货道31,统一冰红茶[柠檬](PET500ml),INTR894011688,饮料,3,3,99988,99988
`FS100065,货道32,统一阿萨姆[奶茶原味](PET500ml),INTR230011689,饮料,4.5,4.5,99991,99991
`FS100065,货道33,统一鲜橙多(PET450ml),INTR910011664,饮料,3.5,3.5,99994,99994
`FS100065,货道34,统一冰绿茶[青梅绿茶](PET500ml),INTR469011681,饮料,3,3,99997,99997
