设备编号,货道名称,商品名称,商品编号,分类,参考价格,实际价格,可售库存,合计库存
`DFS100009,货道1,,,,,1.2,0,0
`DFS100009,货道2,,,,,0,0,0
`DFS100009,货道3,ALKAQUA[饮用天然矿泉水](PET570ml),INTR997009154,矿泉水,4,1.01,5,5
`DFS100009,货道4,乐源小青柠复合果汁饮料,INTR119010827,饮料,5,1.01,6,6
`DFS100009,货道5,,,,,0,0,0
`DFS100009,货道6,,,,,0,0,0
`DFS100009,货道7,,,,,0,0,0
`DFS100009,货道8,,,,,0,0,0
`DFS100009,货道9,,,,,0,0,0
`DFS100009,货道10,,,,,0,0,0
`DFS100009,货道11,,,,,0,0,0
`LA22A208001,货道1,,,,,0,0,0
`LA22A208001,货道2,,,,,0,0,0
`LA22A208001,货道3,,,,,0,0,0
`LA22A208001,货道4,,,,,0,0,0
`LA22A208001,货道5,,,,,0,0,0
`LA22A208001,货道6,,,,,0,0,0
`LA22A208001,货道7,,,,,0,0,0
`LA22A208001,货道8,,,,,0,0,0
`LA22A208001,货道9,,,,,0,0,0
`LA22A208001,货道10,,,,,0,0,0
`LA22A208001,货道11,,,,,0,0,0
`LA22A208001,货道12,,,,,0,0,0
`LA22A208001,货道13,,,,,0,0,0
`LA22A208001,货道14,,,,,0,0,0
`LA22A208001,货道15,,,,,0,0,0
`LA22A208001,货道16,,,,,0,0,0
`LA22A208001,货道17,,,,,0,0,0
`LA22A208001,货道18,,,,,0,0,0
`LA22A208001,货道19,,,,,0,0,0
`LA22A208001,货道20,,,,,0,0,0
`LA22A208001,货道21,,,,,0,0,0
`LA22A208001,货道22,乐源小青柠复合果汁饮料,INTR119010827,饮料,5,3,16,16
`LA22A208001,货道23,ALKAQUA[饮用天然矿泉水](PET570ml),INTR997009154,矿泉水,4,4,8,8
`LA22A208001,货道1001,ALKAQUA[饮用天然矿泉水](PET570ml),INTR997009154,矿泉水,4,1.2,0,0
`LA22A208001,货道1002,,,,,0,0,0
`LA22A208001,货道1003,,,,,0,0,0
`LA22A208001,货道1004,,,,,0,0,0
`LA22A208001,货道1005,,,,,0,0,0
`LA22A208001,货道1006,,,,,0,0,0
`LA22A208001,货道1007,,,,,0,0,0
`LA22A208001,货道1008,,,,,0,0,0
`LA22A208001,货道1009,,,,,0,0,0
`LA22A208001,货道1010,,,,,0,0,0
`LA22A208001,货道1011,,,,,0,0,0
`LA22A208001,货道1012,,,,,0,0,0
`LA22A208001,货道1013,,,,,0,0,0
`LA22A208001,货道1014,,,,,0,0,0
`LA22A208001,货道1015,,,,,0,0,0
`LA22A208001,货道1016,,,,,0,0,0
`LA22A208001,货道1017,,,,,0,0,0
`LA22A208001,货道1018,,,,,0,0,0
`LA22A208001,货道1019,,,,,0,0,0
`LA22A208001,货道1020,,,,,0,0,0
`LA22A208001,货道1021,,,,,0,0,0
`LA22A208001,货道1022,,,,,0,0,0
`LA22A208001,货道1023,,,,,0,0,0
`LA22A208001,货道1024,,,,,0,0,0
`LA22A208001,货道1025,,,,,0,0,0
`LA22A208001,货道1026,,,,,0,0,0
`LA22A208001,货道1027,,,,,0,0,0
`LA22A208001,货道1028,,,,,0,0,0
`LA22A208001,货道1029,,,,,0,0,0
`LA22A208001,货道1030,,,,,0,0,0
`LA22A209001,货道1,,,,,0,0,0
`LA22A209001,货道2,,,,,0,0,0
`LA22A209001,货道3,,,,,0,0,0
`LA22A209001,货道4,,,,,0,0,0
`LA22A209001,货道5,,,,,0,0,0
`LA22A209001,货道6,,,,,0,0,0
`LA22A209001,货道7,,,,,0,0,0
`LA22A209001,货道8,,,,,0,0,0
`LA22A209001,货道11,,,,,0,0,0
`LA22A209001,货道12,,,,,0,0,0
`LA22A209001,货道13,,,,,0,0,0
`LA22A209001,货道14,,,,,0,0,0
`LA22A209001,货道15,,,,,0,0,0
`LA22A209001,货道16,,,,,0,0,0
`LA22A209001,货道17,,,,,0,0,0
`LA22A209001,货道18,,,,,0,0,0
`LA22A209001,货道21,,,,,0,0,0
`LA22A209001,货道22,,,,,0,0,0
`LA22A209001,货道23,,,,,0,0,0
`LA22A209001,货道24,,,,,0,0,0
`LA22A209001,货道25,,,,,0,0,0
`LA22A209001,货道26,,,,,0,0,0
`LA22A209001,货道27,,,,,0,0,0
`LA22A209001,货道28,,,,,0,0,0
`LA22A209001,货道31,,,,,0,0,0
`LA22A209001,货道32,,,,,0,0,0
`LA22A209001,货道33,,,,,0,0,0
`LA22A209001,货道34,,,,,0,0,0
`LA22A209001,货道35,,,,,0,0,0
`LA22A209001,货道36,,,,,0,0,0
`LA22A209001,货道37,,,,,0,0,0
`LA22A209001,货道38,,,,,0,0,0
`LA22A209001,货道41,,,,,0,0,0
`LA22A209001,货道42,,,,,0,0,0
`LA22A209001,货道43,,,,,0,0,0
`LA22A209001,货道44,,,,,0,0,0
`LA22A209001,货道45,,,,,0,0,0
`LA22A209001,货道46,,,,,0,0,0
`LA22A209001,货道47,,,,,0,0,0
`LA22A209001,货道48,,,,,0,0,0
`LA22A209001,货道51,ALKAQUA[饮用天然矿泉水](PET570ml),INTR997009154,矿泉水,4,0.01,0,0
`LA22A209001,货道52,,,,,0,0,0
`LA22A209001,货道53,,,,,0,0,0
`LA22A209001,货道54,,,,,0,0,0
`LA22A209001,货道55,,,,,0,0,0
`LA22A209001,货道56,,,,,0,0,0
`LA22A209001,货道57,,,,,0,0,0
`LA22A209001,货道58,,,,,0,0,0
`LA22A209001,货道1001,,,,,0,0,0
`LA22A209001,货道1002,,,,,0,0,0
`LA22A209001,货道1003,,,,,0,0,0
`LA22A209001,货道1004,,,,,0,0,0
`LA22A209001,货道1005,,,,,0,0,0
`LA22A209001,货道1006,,,,,0,0,0
`LA22A209001,货道1007,,,,,0,0,0
`LA22A209001,货道1008,,,,,0,0,0
`LA22A209001,货道1009,,,,,0,0,0
`LA22A209001,货道1010,,,,,0,0,0
`LA22A209001,货道1011,,,,,0,0,0
`LA22A209001,货道1012,,,,,0,0,0
`LA22A209001,货道1013,,,,,0,0,0
`LA22A209001,货道1014,,,,,0,0,0
`LA22A209001,货道1015,,,,,0,0,0
`LA22A209001,货道1016,,,,,0,0,0
`LA22A209001,货道1017,,,,,0,0,0
`LA22A209001,货道1018,,,,,0,0,0
`LA22A209001,货道1019,,,,,0,0,0
`LA22A209001,货道1020,,,,,0,0,0
`LA22A209001,货道1021,,,,,0,0,0
`LA22A209001,货道1022,,,,,0,0,0
`LA22A209001,货道1023,,,,,0,0,0
`LA22A209001,货道1024,,,,,0,0,0
`LA22A209001,货道1025,,,,,0,0,0
`LA22A209001,货道1026,,,,,0,0,0
`LA22A209001,货道1027,,,,,0,0,0
`LA22A209001,货道1028,,,,,0,0,0
`LA22A209001,货道1029,,,,,0,0,0
`LA22A209001,货道1030,,,,,0,0,0
`FS101298,货道1,统一果汁[金桔柠檬](CAN310ml),1.56473E+17,开门柜,3,2.5,12,12
`FS101298,货道2,统一果汁[金桔柠檬](CAN310ml),1.56473E+17,开门柜,3,2.5,13,13
`FS101298,货道3,统一冰绿茶[青梅绿茶](CAN310ml),INTG116100075,饮料,2.5,2.5,5,5
`FS101298,货道4,统一果汁[金桔柠檬](CAN310ml),1.56473E+17,开门柜,3,2.5,13,13
`FS101298,货道5,统一冰绿茶[青梅绿茶](CAN310ml),INTG116100075,饮料,2.5,2.5,6,6
`FS101298,货道6,统一好料道[仙草凉茶](CAN310ml),INTR791011678,饮料,4,4,9,9
`FS101298,货道7,雪碧(PET500ml),INTR274011679,饮料,3.5,3.5,0,0
`FS101298,货道8,统一冰绿茶[青梅绿茶](PET500ml),INTR469011681,饮料,3,3,2,2
`FS101298,货道9,统一绿茶[茉莉](PET500ml),INTR577011683,饮料,3,3,4,4
`FS101298,货道10,海之言[柠檬](PET500ml),INTR039011682,饮料,4,4,3,3
`FS101298,货道11,海之言[柠檬](PET500ml),INTR039011682,饮料,4,4,3,3
`FS101298,货道13,可口可乐(PET500ml),INTR310011684,饮料,3.5,3.5,0,0
`FS101298,货道15,可口可乐(PET500ml),INTR310011684,饮料,3.5,3.5,2,2
`FS101298,货道17,可口可乐(PET500ml),INTR310011684,饮料,3.5,3.5,3,3
`FS101298,货道19,统一鲜橙多(PET450ml),INTR910011664,饮料,3.5,3.5,2,2
`FS101298,货道21,雅哈[冰咖啡](PET450ml),INTR470011686,饮料,5.5,5.5,6,6
`FS101298,货道23,统一轻啵苏打水[柠檬味](PET500ml),INTR773011687,饮料,3.5,3.5,5,5
`FS101298,货道24,统一冰红茶[柠檬](PET500ml),INTR894011688,饮料,3,3,2,2
`FS101298,货道25,统一冰红茶[柠檬](PET500ml),INTR894011688,饮料,3,3,2,2
`FS101298,货道26,统一阿萨姆[奶茶原味](PET500ml),INTR230011689,饮料,4.5,4.5,11,11
`FS101298,货道27,统一蜜桃多(PET450ml),INTR769012352,饮料,3.5,3.5,0,0
`FS101298,货道28,饮养四季[金桔柠檬](PET500ml),INTR372011680,饮料,3.5,3,2,2
`FS101298,货道29,可口可乐纯悦水(PET500ml),INTR123011690,饮料,2,2,2,2
`FS101298,货道30,焕神[热带水果风味]饮料(PET460ml),INTR583011691,饮料,5,5,2,2
`FS101298,货道31,焕神[热带水果风味]饮料(PET460ml),INTR583011691,饮料,5,5,3,3
`FS101298,货道32,小茗同学[青柠红茶](PET480ml),INTR297011693,饮料,5,5,8,8
`FS101298,货道33,小茗同学[溜溜哒茶](PET480ml),INTR973011692,饮料,5,5,10,10
`FS101298,货道34,雅哈[冰咖啡](PET450ml),INTR470011686,饮料,5.5,5.5,7,7
`FS101290,货道1,统一果汁[金桔柠檬](CAN310ml),1.56473E+17,开门柜,3,2.5,99997,99997
`FS101290,货道2,统一冰绿茶[青梅绿茶](CAN310ml),INTG116100075,饮料,2.5,2.5,99999,99999
`FS101290,货道3,统一鲜橙多(CAN310ml),INTR767011663,饮料,3,3,99999,99999
`FS101290,货道4,爱朵拉拿铁咖啡(CAN310ml),INTR459011637,饮料,4,4,99999,99999
`FS101290,货道5,统一好料道[仙草凉茶](CAN310ml),INTR791011678,饮料,4,4,99999,99999
`FS101290,货道6,统一好料道[仙草凉茶](CAN310ml),INTR791011678,饮料,4,4,99999,99999
`FS101290,货道7,雪碧(PET500ml),INTR274011679,饮料,3.5,3.5,99999,99999
`FS101290,货道8,饮养四季[金桔柠檬](PET500ml),INTR372011680,饮料,3.5,3,99999,99999
`FS101290,货道9,统一冰绿茶[青梅绿茶](PET500ml),INTR469011681,饮料,3,3,99987,99987
`FS101290,货道10,海之言[柠檬](PET500ml),INTR039011682,饮料,4,4,99988,99988
`FS101290,货道11,海之言[柠檬](PET500ml),INTR039011682,饮料,4,4,99989,99989
`FS101290,货道13,可口可乐(PET500ml),INTR310011684,饮料,3.5,3.5,99979,99979
`FS101290,货道15,可口可乐(PET500ml),INTR310011684,饮料,3.5,3.5,99983,99983
`FS101290,货道17,可口可乐(PET500ml),INTR310011684,饮料,3.5,3.5,99985,99985
`FS101290,货道19,雅哈[冰咖啡](PET450ml),INTR470011686,饮料,5.5,5.5,99992,99992
`FS101290,货道21,雅哈[冰咖啡](PET450ml),INTR470011686,饮料,5.5,5.5,99991,99991
`FS101290,货道23,统一轻啵苏打水[柠檬味](PET500ml),INTR773011687,饮料,3.5,3.5,99987,99987
`FS101290,货道24,统一冰红茶[柠檬](PET500ml),INTR894011688,饮料,3,3,99982,99982
`FS101290,货道25,统一冰红茶[柠檬](PET500ml),INTR894011688,饮料,3,3,99984,99984
`FS101290,货道26,统一阿萨姆[奶茶原味](PET500ml),INTR230011689,饮料,4.5,4.5,99991,99991
`FS101290,货道27,统一绿茶[茉莉](PET500ml),INTR577011683,饮料,3,3,99988,99988
`FS101290,货道28,统一绿茶[茉莉](PET500ml),INTR577011683,饮料,3,3,99990,99990
`FS101290,货道29,可口可乐纯悦水(PET500ml),INTR123011690,饮料,2,2,99984,99984
`FS101290,货道30,焕神[热带水果风味]饮料(PET460ml),INTR583011691,饮料,5,5,99991,99991
`FS101290,货道31,焕神[热带水果风味]饮料(PET460ml),INTR583011691,饮料,5,5,99984,99984
`FS101290,货道32,统一鲜橙多(PET450ml),INTR910011664,饮料,3.5,3.5,99997,99997
`FS101290,货道33,小茗同学[青柠红茶](PET480ml),INTR297011693,饮料,5,5,99996,99996
`FS101290,货道34,小茗同学[溜溜哒茶](PET480ml),INTR973011692,饮料,5,5,99995,99995
`FS101408,货道1,达利园八宝粥[桂圆莲子](360g),INTR332012858,食品,3.5,3.5,962,962
`FS101408,货道2,爱朵拉拿铁咖啡(CAN310ml),INTR459011637,饮料,4,4,996,996
`FS101408,货道3,可口可乐[自购版](CAN330ml),INTR121011635,饮料,3,2.5,924,924
`FS101408,货道4,统一奶茶[麦香](CAN310ml),106623,开门柜,5,4,995,995
`FS101408,货道5,米源冰晶葡萄(CAN310ml),INTR290012105,饮料,2.5,2.5,962,962
`FS101408,货道6,ASSAM阿萨姆小奶茶[小巧](PET360ml),INTR275012402,饮料,6.5,6.5,997,997
`FS101408,货道7,元气森林苏打气泡水[荔枝味](PET480ml),INTR976013213,饮料,4,5,959,959
`FS101408,货道8,娃哈哈AD钙(PET450ml),INTR263012498,饮料,4.5,4.5,951,951
`FS101408,货道9,今麦郎茉莉蜜茶(PET500ml),INTR701012110,饮料,4,3,885,885
`FS101408,货道10,统一阿萨姆[奶茶原味](PET500ml),INTR230011689,饮料,4.5,4,953,953
`FS101408,货道11,统一阿萨姆[奶茶原味](PET500ml),INTR230011689,饮料,4.5,4,970,970
`FS101408,货道13,可口可乐[自购版](PET500ml),INTR724012203,饮料,3.5,3,849,849
`FS101408,货道15,可口可乐[自购版](PET500ml),INTR724012203,饮料,3.5,3,824,824
`FS101408,货道17,雪碧[自购版](PET500ml),INTR175012204,饮料,3.5,3,938,938
`FS101408,货道19,雪碧[自购版](PET500ml),INTR175012204,饮料,3.5,3,868,868
`FS101408,货道21,统一轻啵苏打水[柠檬味](PET500ml),INTR773011687,饮料,3.5,3.5,977,977
`FS101408,货道23,农夫山泉(PET550ml),INTR993012106,矿泉水,2,2,800,800
`FS101408,货道24,统一鲜橙多(PET450ml),INTR910011664,饮料,3.5,3.5,903,903
`FS101408,货道25,娃哈哈营养快线(PET500ml),INTR409012898,饮料,5,4.5,949,949
`FS101408,货道26,统一冰绿茶[青梅绿茶](PET500ml),INTR469011681,饮料,3,3,913,913
`FS101408,货道27,饮养四季[金桔柠檬](PET500ml),INTR372011680,饮料,3.5,3,935,935
`FS101408,货道28,饮养四季[金桔柠檬](PET500ml),INTR372011680,饮料,3.5,3,974,974
`FS101408,货道29,怡宝[纯净水](PET555ml),INTR128012109,矿泉水,2,2,799,799
`FS101408,货道30,统一冰红茶[柠檬](PET500ml),INTR894011688,饮料,3,3,905,905
`FS101408,货道31,统一绿茶[茉莉](PET500ml),INTR577011683,饮料,3,3,893,893
`FS101408,货道32,小茗同学[溜溜哒茶](PET480ml),INTR973011692,饮料,5,5,969,969
`FS101408,货道33,海之言[柠檬](PET500ml),INTR039011682,饮料,4,4,918,918
`FS101408,货道34,海之言[柠檬](PET500ml),INTR039011682,饮料,4,4,933,933
`FS101005,货道1,小野[芒果汁](CAN245ml),INTR457012418,饮料,3,3,93,93
`FS101005,货道2,,,,,0,0,0
`FS101005,货道3,,,,,0,0,0
`FS101005,货道4,统一鲜橙多(CAN310ml),INTR767011663,饮料,3,3,966,966
`FS101005,货道5,统一好料道[仙草凉茶](CAN310ml),INTR791011678,饮料,4,4,993,993
`FS101005,货道6,统一好料道[仙草凉茶](CAN310ml),INTR791011678,饮料,4,4,993,993
`FS101005,货道7,统一饮养四季[冰糖雪梨](PET500ml),INTR56004726,饮料,3.5,3.5,967,967
`FS101005,货道8,饮养四季[金桔柠檬](PET500ml),INTR372011680,饮料,3.5,3.5,951,951
`FS101005,货道9,统一冰绿茶[青梅绿茶](PET500ml),INTR469011681,饮料,3,3,934,934
`FS101005,货道10,,,,,0,0,0
`FS101005,货道11,,,,,0,0,0
`FS101005,货道13,ALKAQUA[饮用天然矿泉水](PET570ml),INTR997009154,矿泉水,4,4,925,925
`FS101005,货道15,焕神[热带水果风味]饮料(PET460ml),INTR583011691,饮料,5,5,970,970
`FS101005,货道17,统一鲜橙多(PET450ml),INTR910011664,饮料,3.5,3.5,960,960
`FS101005,货道19,海之言[柠檬](PET500ml),INTR039011682,饮料,4,4,35,35
`FS101005,货道21,,,,,0,0,0
`FS101005,货道23,统一绿茶[茉莉](PET500ml),INTR577011683,饮料,3,3,973,973
`FS101005,货道24,统一绿茶[茉莉](PET500ml),INTR577011683,饮料,3,3,982,982
`FS101005,货道25,统一冰红茶[柠檬](PET500ml),INTR894011688,饮料,3,3,922,922
`FS101005,货道26,,,,,0,0,0
`FS101005,货道27,海之言[柠檬](PET500ml),INTR039011682,饮料,4,4,973,973
`FS101005,货道28,统一轻啵苏打水[柠檬味](PET500ml),INTR773011687,饮料,3.5,3.5,0,0
`FS101005,货道29,统一轻啵苏打水[柠檬味](PET500ml),INTR773011687,饮料,3.5,3.5,987,987
`FS101005,货道30,统一茶裏王[无糖台式乌龙茶](PET420ml),INTR904011685,饮料,5,5,961,961
`FS101005,货道31,统一茶裏王[无糖日式绿茶](PET420ml),INTR185012092,饮料,5,5,970,970
`FS101005,货道32,统一阿萨姆[奶茶原味](PET500ml),INTR230011689,饮料,4.5,4.5,0,0
`FS101005,货道33,统一老坛[酸菜酱菜](270g),INTR334013108,饮料,12,7,6,6
`FS101005,货道34,小茗同学[青柠红茶](PET480ml),INTR297011693,饮料,5,5,981,981
`FS101403,货道1,达利园八宝粥[桂圆莲子](360g),INTR332012858,食品,3.5,3.5,990,990
`FS101403,货道2,爱朵拉拿铁咖啡(CAN310ml),INTR459011637,饮料,4,4,996,996
`FS101403,货道3,可口可乐[自购版](CAN330ml),INTR121011635,饮料,3,2.5,921,921
`FS101403,货道4,统一奶茶[麦香](CAN310ml),106623,开门柜,5,4,999,999
`FS101403,货道5,米源冰晶葡萄(CAN310ml),INTR290012105,饮料,2.5,2.5,972,972
`FS101403,货道6,ASSAM阿萨姆小奶茶[小巧](PET360ml),INTR275012402,饮料,6.5,6.5,999,999
`FS101403,货道7,元气森林苏打气泡水[荔枝味](PET480ml),INTR976013213,饮料,4,5,974,974
`FS101403,货道8,娃哈哈AD钙(PET450ml),INTR263012498,饮料,4.5,4.5,966,966
`FS101403,货道9,今麦郎茉莉蜜茶(PET500ml),INTR701012110,饮料,4,3,932,932
`FS101403,货道10,统一阿萨姆[奶茶原味](PET500ml),INTR230011689,饮料,4.5,4,994,994
`FS101403,货道11,统一阿萨姆[奶茶原味](PET500ml),INTR230011689,饮料,4.5,4,982,982
`FS101403,货道13,可口可乐[自购版](PET500ml),INTR724012203,饮料,3.5,3,927,927
`FS101403,货道15,可口可乐[自购版](PET500ml),INTR724012203,饮料,3.5,3,884,884
`FS101403,货道17,雪碧[自购版](PET500ml),INTR175012204,饮料,3.5,3,978,978
`FS101403,货道19,雪碧[自购版](PET500ml),INTR175012204,饮料,3.5,3,947,947
`FS101403,货道21,统一轻啵苏打水[柠檬味](PET500ml),INTR773011687,饮料,3.5,3.5,975,975
`FS101403,货道23,农夫山泉(PET550ml),INTR993012106,矿泉水,2,2,846,846
`FS101403,货道24,统一鲜橙多(PET450ml),INTR910011664,饮料,3.5,3.5,914,914
`FS101403,货道25,娃哈哈营养快线(PET500ml),INTR409012898,饮料,5,4.5,973,973
`FS101403,货道26,统一冰绿茶[青梅绿茶](PET500ml),INTR469011681,饮料,3,3,946,946
`FS101403,货道27,饮养四季[金桔柠檬](PET500ml),INTR372011680,饮料,3.5,3,976,976
`FS101403,货道28,饮养四季[金桔柠檬](PET500ml),INTR372011680,饮料,3.5,3,978,978
`FS101403,货道29,怡宝[纯净水](PET555ml),INTR128012109,矿泉水,2,2,851,851
`FS101403,货道30,统一冰红茶[柠檬](PET500ml),INTR894011688,饮料,3,3,957,957
`FS101403,货道31,统一绿茶[茉莉](PET500ml),INTR577011683,饮料,3,3,928,928
`FS101403,货道32,小茗同学[溜溜哒茶](PET480ml),INTR973011692,饮料,5,5,993,993
`FS101403,货道33,海之言[柠檬](PET500ml),INTR039011682,饮料,4,4,941,941
`FS101403,货道34,海之言[柠檬](PET500ml),INTR039011682,饮料,4,4,949,949
`FS100926,货道1,达利园八宝粥[桂圆莲子](360g),INTR332012858,食品,3.5,3.5,978,978
`FS100926,货道2,爱朵拉拿铁咖啡(CAN310ml),INTR459011637,饮料,4,4,998,998
`FS100926,货道3,可口可乐[自购版](CAN330ml),INTR121011635,饮料,3,2.5,985,985
`FS100926,货道4,统一奶茶[麦香](CAN310ml),106623,开门柜,5,4,999,999
`FS100926,货道5,米源冰晶葡萄(CAN310ml),INTR290012105,饮料,2.5,2.5,988,988
`FS100926,货道6,ASSAM阿萨姆小奶茶[小巧](PET360ml),INTR275012402,饮料,6.5,6.5,998,998
`FS100926,货道7,营养快线香草冰淇淋味(PET450ml),INTR356012839,饮料,5,4.5,985,985
`FS100926,货道8,娃哈哈AD钙(PET450ml),INTR263012498,饮料,4.5,4.5,985,985
`FS100926,货道9,盼盼生榨椰汁(PET500ml),INTR359012461,饮料,1,5,990,990
`FS100926,货道10,统一阿萨姆[奶茶原味](PET500ml),INTR230011689,饮料,4.5,4,983,983
`FS100926,货道11,统一阿萨姆[奶茶原味](PET500ml),INTR230011689,饮料,4.5,4,984,984
`FS100926,货道13,可口可乐[自购版](PET500ml),INTR724012203,饮料,3.5,3,978,978
`FS100926,货道15,可口可乐[自购版](PET500ml),INTR724012203,饮料,3.5,3,959,959
`FS100926,货道17,雪碧[自购版](PET500ml),INTR175012204,饮料,3.5,3,988,988
`FS100926,货道19,雪碧[自购版](PET500ml),INTR175012204,饮料,3.5,3,979,979
`FS100926,货道21,统一轻啵苏打水[柠檬味](PET500ml),INTR773011687,饮料,3.5,3.5,998,998
`FS100926,货道23,农夫山泉(PET550ml),INTR993012106,矿泉水,2,2,939,939
`FS100926,货道24,统一鲜橙多(PET450ml),INTR910011664,饮料,3.5,3.5,972,972
`FS100926,货道25,元气森林苏打气泡水[荔枝味](PET480ml),INTR976013213,饮料,4,5,988,988
`FS100926,货道26,统一冰绿茶[青梅绿茶](PET500ml),INTR469011681,饮料,3,3,961,961
`FS100926,货道27,饮养四季[金桔柠檬](PET500ml),INTR372011680,饮料,3.5,3,988,988
`FS100926,货道28,饮养四季[金桔柠檬](PET500ml),INTR372011680,饮料,3.5,3,989,989
`FS100926,货道29,怡宝[纯净水](PET555ml),INTR128012109,矿泉水,2,2,956,956
`FS100926,货道30,统一冰红茶[柠檬](PET500ml),INTR894011688,饮料,3,3,979,979
`FS100926,货道31,统一绿茶[茉莉](PET500ml),INTR577011683,饮料,3,3,990,990
`FS100926,货道32,小茗同学[溜溜哒茶](PET480ml),INTR973011692,饮料,5,5,997,997
`FS100926,货道33,海之言[柠檬](PET500ml),INTR039011682,饮料,4,4,985,985
`FS100926,货道34,海之言[柠檬](PET500ml),INTR039011682,饮料,4,4,982,982
`FS100452,货道1,达利园八宝粥[桂圆莲子](360g),INTR332012858,食品,3.5,3.5,984,984
`FS100452,货道2,爱朵拉拿铁咖啡(CAN310ml),INTR459011637,饮料,4,4,990,990
`FS100452,货道3,可口可乐[自购版](CAN330ml),INTR121011635,饮料,3,2.5,977,977
`FS100452,货道4,统一奶茶[麦香](CAN310ml),106623,开门柜,5,4,998,998
`FS100452,货道5,米源冰晶葡萄(CAN310ml),INTR290012105,饮料,2.5,2.5,986,986
`FS100452,货道6,ASSAM阿萨姆小奶茶[小巧](PET360ml),INTR275012402,饮料,6.5,6.5,999,999
`FS100452,货道7,营养快线香草冰淇淋味(PET450ml),INTR356012839,饮料,5,4.5,993,993
`FS100452,货道8,娃哈哈AD钙(PET450ml),INTR263012498,饮料,4.5,4.5,991,991
`FS100452,货道9,今麦郎茉莉蜜茶(PET500ml),INTR701012110,饮料,4,3,961,961
`FS100452,货道10,统一阿萨姆[奶茶原味](PET500ml),INTR230011689,饮料,4.5,4,989,989
`FS100452,货道11,统一阿萨姆[奶茶原味](PET500ml),INTR230011689,饮料,4.5,4,985,985
`FS100452,货道13,可口可乐[自购版](PET500ml),INTR724012203,饮料,3.5,3,977,977
`FS100452,货道15,可口可乐[自购版](PET500ml),INTR724012203,饮料,3.5,3,954,954
`FS100452,货道17,雪碧[自购版](PET500ml),INTR175012204,饮料,3.5,3,981,981
`FS100452,货道19,雪碧[自购版](PET500ml),INTR175012204,饮料,3.5,3,974,974
`FS100452,货道21,统一轻啵苏打水[柠檬味](PET500ml),INTR773011687,饮料,3.5,3.5,995,995
`FS100452,货道23,农夫山泉(PET550ml),INTR993012106,矿泉水,2,2,925,925
`FS100452,货道24,统一鲜橙多(PET450ml),INTR910011664,饮料,3.5,3.5,983,983
`FS100452,货道25,元气森林苏打气泡水[荔枝味](PET480ml),INTR976013213,饮料,4,5,975,975
`FS100452,货道26,统一冰绿茶[青梅绿茶](PET500ml),INTR469011681,饮料,3,3,959,959
`FS100452,货道27,饮养四季[金桔柠檬](PET500ml),INTR372011680,饮料,3.5,3,980,980
`FS100452,货道28,饮养四季[金桔柠檬](PET500ml),INTR372011680,饮料,3.5,3,985,985
`FS100452,货道29,怡宝[纯净水](PET555ml),INTR128012109,矿泉水,2,2,919,919
`FS100452,货道30,统一冰红茶[柠檬](PET500ml),INTR894011688,饮料,3,3,967,967
`FS100452,货道31,统一绿茶[茉莉](PET500ml),INTR577011683,饮料,3,3,967,967
`FS100452,货道32,小茗同学[溜溜哒茶](PET480ml),INTR973011692,饮料,5,5,991,991
`FS100452,货道33,海之言[柠檬](PET500ml),INTR039011682,饮料,4,4,982,982
`FS100452,货道34,海之言[柠檬](PET500ml),INTR039011682,饮料,4,4,983,983
`FS100453,货道1,达利园八宝粥[桂圆莲子](360g),INTR332012858,食品,3.5,3.5,976,976
`FS100453,货道2,爱朵拉拿铁咖啡(CAN310ml),INTR459011637,饮料,4,4,999,999
`FS100453,货道3,可口可乐[自购版](CAN330ml),INTR121011635,饮料,3,2.5,991,991
`FS100453,货道4,统一奶茶[麦香](CAN310ml),106623,开门柜,5,4,998,998
`FS100453,货道5,米源冰晶葡萄(CAN310ml),INTR290012105,饮料,2.5,2.5,986,986
`FS100453,货道6,ASSAM阿萨姆小奶茶[小巧](PET360ml),INTR275012402,饮料,6.5,6.5,999,999
`FS100453,货道7,营养快线香草冰淇淋味(PET450ml),INTR356012839,饮料,5,4.5,987,987
`FS100453,货道8,娃哈哈AD钙(PET450ml),INTR263012498,饮料,4.5,4.5,992,992
`FS100453,货道9,盼盼生榨椰汁(PET500ml),INTR359012461,饮料,1,5,990,990
`FS100453,货道10,统一阿萨姆[奶茶原味](PET500ml),INTR230011689,饮料,4.5,4,983,983
`FS100453,货道11,统一阿萨姆[奶茶原味](PET500ml),INTR230011689,饮料,4.5,4,993,993
`FS100453,货道13,可口可乐[自购版](PET500ml),INTR724012203,饮料,3.5,3,987,987
`FS100453,货道15,可口可乐[自购版](PET500ml),INTR724012203,饮料,3.5,3,958,958
`FS100453,货道17,雪碧[自购版](PET500ml),INTR175012204,饮料,3.5,3,995,995
`FS100453,货道19,雪碧[自购版](PET500ml),INTR175012204,饮料,3.5,3,968,968
`FS100453,货道21,统一轻啵苏打水[柠檬味](PET500ml),INTR773011687,饮料,3.5,3.5,996,996
`FS100453,货道23,农夫山泉(PET550ml),INTR993012106,矿泉水,2,2,930,930
`FS100453,货道24,统一鲜橙多(PET450ml),INTR910011664,饮料,3.5,3.5,976,976
`FS100453,货道25,元气森林苏打气泡水[荔枝味](PET480ml),INTR976013213,饮料,4,5,990,990
`FS100453,货道26,统一冰绿茶[青梅绿茶](PET500ml),INTR469011681,饮料,3,3,965,965
`FS100453,货道27,饮养四季[金桔柠檬](PET500ml),INTR372011680,饮料,3.5,3,987,987
`FS100453,货道28,饮养四季[金桔柠檬](PET500ml),INTR372011680,饮料,3.5,3,977,977
`FS100453,货道29,怡宝[纯净水](PET555ml),INTR128012109,矿泉水,2,2,932,932
`FS100453,货道30,统一冰红茶[柠檬](PET500ml),INTR894011688,饮料,3,3,981,981
`FS100453,货道31,统一绿茶[茉莉](PET500ml),INTR577011683,饮料,3,3,962,962
`FS100453,货道32,小茗同学[溜溜哒茶](PET480ml),INTR973011692,饮料,5,5,997,997
`FS100453,货道33,海之言[柠檬](PET500ml),INTR039011682,饮料,4,4,985,985
`FS100453,货道34,海之言[柠檬](PET500ml),INTR039011682,饮料,4,4,982,982
`FS100274,货道1,达利园八宝粥[桂圆莲子](360g),INTR332012858,食品,3.5,3.5,996,996
`FS100274,货道2,爱朵拉拿铁咖啡(CAN310ml),INTR459011637,饮料,4,4,998,998
`FS100274,货道3,可口可乐[自购版](CAN330ml),INTR121011635,饮料,3,2.5,970,970
`FS100274,货道4,统一奶茶[麦香](CAN310ml),106623,开门柜,5,4,996,996
`FS100274,货道5,米源冰晶葡萄(CAN310ml),INTR290012105,饮料,2.5,2.5,984,984
`FS100274,货道6,ASSAM阿萨姆小奶茶[小巧](PET360ml),INTR275012402,饮料,6.5,6.5,999,999
`FS100274,货道7,营养快线香草冰淇淋味(PET450ml),INTR356012839,饮料,5,4.5,968,968
`FS100274,货道8,娃哈哈AD钙(PET450ml),INTR263012498,饮料,4.5,4.5,981,981
`FS100274,货道9,盼盼生榨椰汁(PET500ml),INTR359012461,饮料,1,5,987,987
`FS100274,货道10,统一阿萨姆[奶茶原味](PET500ml),INTR230011689,饮料,4.5,4,988,988
`FS100274,货道11,统一阿萨姆[奶茶原味](PET500ml),INTR230011689,饮料,4.5,4,979,979
`FS100274,货道13,可口可乐[自购版](PET500ml),INTR724012203,饮料,3.5,3,931,931
`FS100274,货道15,可口可乐[自购版](PET500ml),INTR724012203,饮料,3.5,3,895,895
`FS100274,货道17,雪碧[自购版](PET500ml),INTR175012204,饮料,3.5,3,966,966
`FS100274,货道19,雪碧[自购版](PET500ml),INTR175012204,饮料,3.5,3,960,960
`FS100274,货道21,统一轻啵苏打水[柠檬味](PET500ml),INTR773011687,饮料,3.5,3.5,993,993
`FS100274,货道23,农夫山泉(PET550ml),INTR993012106,矿泉水,2,2,930,930
`FS100274,货道24,统一鲜橙多(PET450ml),INTR910011664,饮料,3.5,3.5,941,941
`FS100274,货道25,元气森林苏打气泡水[荔枝味](PET480ml),INTR976013213,饮料,4,5,982,982
`FS100274,货道26,统一冰绿茶[青梅绿茶](PET500ml),INTR469011681,饮料,3,3,972,972
`FS100274,货道27,饮养四季[金桔柠檬](PET500ml),INTR372011680,饮料,3.5,3,980,980
`FS100274,货道28,饮养四季[金桔柠檬](PET500ml),INTR372011680,饮料,3.5,3,979,979
`FS100274,货道29,怡宝[纯净水](PET555ml),INTR128012109,矿泉水,2,2,937,937
`FS100274,货道30,小茗同学[溜溜哒茶](PET480ml),INTR973011692,饮料,5,5,984,984
`FS100274,货道31,统一绿茶[茉莉](PET500ml),INTR577011683,饮料,3,3,931,931
`FS100274,货道32,统一冰红茶[柠檬](PET500ml),INTR894011688,饮料,3,3,957,957
`FS100274,货道33,海之言[柠檬](PET500ml),INTR039011682,饮料,4,4,941,941
`FS100274,货道34,海之言[柠檬](PET500ml),INTR039011682,饮料,4,4,959,959
`FS101406,货道1,达利园八宝粥[桂圆莲子](360g),INTR332012858,食品,3.5,3.5,978,978
`FS101406,货道2,爱朵拉拿铁咖啡(CAN310ml),INTR459011637,饮料,4,4,999,999
`FS101406,货道3,可口可乐[自购版](CAN330ml),INTR121011635,饮料,3,2.5,926,926
`FS101406,货道4,统一奶茶[麦香](CAN310ml),106623,开门柜,5,4,998,998
`FS101406,货道5,米源冰晶葡萄(CAN310ml),INTR290012105,饮料,2.5,2.5,970,970
`FS101406,货道6,ASSAM阿萨姆小奶茶[小巧](PET360ml),INTR275012402,饮料,6.5,6.5,999,999
`FS101406,货道7,元气森林苏打气泡水[荔枝味](PET480ml),INTR976013213,饮料,4,5,966,966
`FS101406,货道8,娃哈哈AD钙(PET450ml),INTR263012498,饮料,4.5,4.5,979,979
`FS101406,货道9,今麦郎茉莉蜜茶(PET500ml),INTR701012110,饮料,4,3,922,922
`FS101406,货道10,统一阿萨姆[奶茶原味](PET500ml),INTR230011689,饮料,4.5,4,980,980
`FS101406,货道11,统一阿萨姆[奶茶原味](PET500ml),INTR230011689,饮料,4.5,4,964,964
`FS101406,货道13,可口可乐[自购版](PET500ml),INTR724012203,饮料,3.5,3,918,918
`FS101406,货道15,可口可乐[自购版](PET500ml),INTR724012203,饮料,3.5,3,837,837
`FS101406,货道17,雪碧[自购版](PET500ml),INTR175012204,饮料,3.5,3,971,971
`FS101406,货道19,雪碧[自购版](PET500ml),INTR175012204,饮料,3.5,3,921,921
`FS101406,货道21,统一轻啵苏打水[柠檬味](PET500ml),INTR773011687,饮料,3.5,3.5,986,986
`FS101406,货道23,农夫山泉(PET550ml),INTR993012106,矿泉水,2,2,815,815
`FS101406,货道24,统一鲜橙多(PET450ml),INTR910011664,饮料,3.5,3.5,960,960
`FS101406,货道25,娃哈哈营养快线(PET500ml),INTR409012898,饮料,5,4.5,965,965
`FS101406,货道26,统一冰绿茶[青梅绿茶](PET500ml),INTR469011681,饮料,3,3,950,950
`FS101406,货道27,饮养四季[金桔柠檬](PET500ml),INTR372011680,饮料,3.5,3,952,952
`FS101406,货道28,饮养四季[金桔柠檬](PET500ml),INTR372011680,饮料,3.5,3,978,978
`FS101406,货道29,怡宝[纯净水](PET555ml),INTR128012109,矿泉水,2,2,827,827
`FS101406,货道30,统一冰红茶[柠檬](PET500ml),INTR894011688,饮料,3,3,920,920
`FS101406,货道31,统一绿茶[茉莉](PET500ml),INTR577011683,饮料,3,3,925,925
`FS101406,货道32,小茗同学[溜溜哒茶](PET480ml),INTR973011692,饮料,5,5,992,992
`FS101406,货道33,海之言[柠檬](PET500ml),INTR039011682,饮料,4,4,941,941
`FS101406,货道34,海之言[柠檬](PET500ml),INTR039011682,饮料,4,4,961,961
`FS101404,货道1,达利园八宝粥[桂圆莲子](360g),INTR332012858,食品,3.5,3.5,931,931
`FS101404,货道2,爱朵拉拿铁咖啡(CAN310ml),INTR459011637,饮料,4,4,996,996
`FS101404,货道3,可口可乐[自购版](CAN330ml),INTR121011635,饮料,3,2.5,901,901
`FS101404,货道4,统一奶茶[麦香](CAN310ml),106623,开门柜,5,4,995,995
`FS101404,货道5,米源冰晶葡萄(CAN310ml),INTR290012105,饮料,2.5,2.5,955,955
`FS101404,货道6,ASSAM阿萨姆小奶茶[小巧](PET360ml),INTR275012402,饮料,6.5,6.5,997,997
`FS101404,货道7,元气森林苏打气泡水[荔枝味](PET480ml),INTR976013213,饮料,4,5,915,915
`FS101404,货道8,娃哈哈AD钙(PET450ml),INTR263012498,饮料,4.5,4.5,917,917
`FS101404,货道9,盼盼生榨椰汁(PET500ml),INTR359012461,饮料,1,5,983,983
`FS101404,货道10,统一阿萨姆[奶茶原味](PET500ml),INTR230011689,饮料,4.5,4,962,962
`FS101404,货道11,统一阿萨姆[奶茶原味](PET500ml),INTR230011689,饮料,4.5,4,946,946
`FS101404,货道13,可口可乐[自购版](PET500ml),INTR724012203,饮料,3.5,3,840,840
`FS101404,货道15,可口可乐[自购版](PET500ml),INTR724012203,饮料,3.5,3,737,737
`FS101404,货道17,雪碧[自购版](PET500ml),INTR175012204,饮料,3.5,3,976,976
`FS101404,货道19,雪碧[自购版](PET500ml),INTR175012204,饮料,3.5,3,858,858
`FS101404,货道21,统一轻啵苏打水[柠檬味](PET500ml),INTR773011687,饮料,3.5,3.5,958,958
`FS101404,货道23,农夫山泉(PET550ml),INTR993012106,矿泉水,2,2,681,681
`FS101404,货道24,统一鲜橙多(PET450ml),INTR910011664,饮料,3.5,3.5,874,874
`FS101404,货道25,娃哈哈营养快线(PET500ml),INTR409012898,饮料,5,4.5,953,953
`FS101404,货道26,统一冰绿茶[青梅绿茶](PET500ml),INTR469011681,饮料,3,3,897,897
`FS101404,货道27,饮养四季[金桔柠檬](PET500ml),INTR372011680,饮料,3.5,3,890,890
`FS101404,货道28,饮养四季[金桔柠檬](PET500ml),INTR372011680,饮料,3.5,3,949,949
`FS101404,货道29,怡宝[纯净水](PET555ml),INTR128012109,矿泉水,2,2,713,713
`FS101404,货道30,统一冰红茶[柠檬](PET500ml),INTR894011688,饮料,3,3,842,842
`FS101404,货道31,统一绿茶[茉莉](PET500ml),INTR577011683,饮料,3,3,848,848
`FS101404,货道32,小茗同学[溜溜哒茶](PET480ml),INTR973011692,饮料,5,5,977,977
`FS101404,货道33,海之言[柠檬](PET500ml),INTR039011682,饮料,4,4,878,878
`FS101404,货道34,海之言[柠檬](PET500ml),INTR039011682,饮料,4,4,890,890
`FS101401,货道1,达利园八宝粥[桂圆莲子](360g),INTR332012858,食品,3.5,3.5,960,960
`FS101401,货道2,爱朵拉拿铁咖啡(CAN310ml),INTR459011637,饮料,4,4,992,992
`FS101401,货道3,可口可乐[自购版](CAN330ml),INTR121011635,饮料,3,2.5,884,884
`FS101401,货道4,统一奶茶[麦香](CAN310ml),106623,开门柜,5,4,994,994
`FS101401,货道5,米源冰晶葡萄(CAN310ml),INTR290012105,饮料,2.5,2.5,960,960
`FS101401,货道6,ASSAM阿萨姆小奶茶[小巧](PET360ml),INTR275012402,饮料,6.5,6.5,996,996
`FS101401,货道7,元气森林苏打气泡水[荔枝味](PET480ml),INTR976013213,饮料,4,5,941,941
`FS101401,货道8,娃哈哈AD钙(PET450ml),INTR263012498,饮料,4.5,4.5,970,970
`FS101401,货道9,今麦郎茉莉蜜茶(PET500ml),INTR701012110,饮料,4,3,918,918
`FS101401,货道10,统一阿萨姆[奶茶原味](PET500ml),INTR230011689,饮料,4.5,4,973,973
`FS101401,货道11,统一阿萨姆[奶茶原味](PET500ml),INTR230011689,饮料,4.5,4,972,972
`FS101401,货道13,可口可乐[自购版](PET500ml),INTR724012203,饮料,3.5,3,885,885
`FS101401,货道15,可口可乐[自购版](PET500ml),INTR724012203,饮料,3.5,3,820,820
`FS101401,货道17,雪碧[自购版](PET500ml),INTR175012204,饮料,3.5,3,973,973
`FS101401,货道19,雪碧[自购版](PET500ml),INTR175012204,饮料,3.5,3,880,880
`FS101401,货道21,统一轻啵苏打水[柠檬味](PET500ml),INTR773011687,饮料,3.5,3.5,986,986
`FS101401,货道23,农夫山泉(PET550ml),INTR993012106,矿泉水,2,2,787,787
`FS101401,货道24,统一鲜橙多(PET450ml),INTR910011664,饮料,3.5,3.5,932,932
`FS101401,货道25,娃哈哈营养快线(PET500ml),INTR409012898,饮料,5,4.5,949,949
`FS101401,货道26,统一冰绿茶[青梅绿茶](PET500ml),INTR469011681,饮料,3,3,944,944
`FS101401,货道27,饮养四季[金桔柠檬](PET500ml),INTR372011680,饮料,3.5,3,958,958
`FS101401,货道28,饮养四季[金桔柠檬](PET500ml),INTR372011680,饮料,3.5,3,974,974
`FS101401,货道29,怡宝[纯净水](PET555ml),INTR128012109,矿泉水,2,2,803,803
`FS101401,货道30,统一冰红茶[柠檬](PET500ml),INTR894011688,饮料,3,3,903,903
`FS101401,货道31,统一绿茶[茉莉](PET500ml),INTR577011683,饮料,3,3,913,913
`FS101401,货道32,小茗同学[溜溜哒茶](PET480ml),INTR973011692,饮料,5,5,988,988
`FS101401,货道33,海之言[柠檬](PET500ml),INTR039011682,饮料,4,4,929,929
`FS101401,货道34,海之言[柠檬](PET500ml),INTR039011682,饮料,4,4,925,925
`FS101402,货道1,达利园八宝粥[桂圆莲子](360g),INTR332012858,食品,3.5,3.5,961,961
`FS101402,货道2,爱朵拉拿铁咖啡(CAN310ml),INTR459011637,饮料,4,4,998,998
`FS101402,货道3,可口可乐[自购版](CAN330ml),INTR121011635,饮料,3,2.5,965,965
`FS101402,货道4,统一奶茶[麦香](CAN310ml),106623,开门柜,5,4,998,998
`FS101402,货道5,米源冰晶葡萄(CAN310ml),INTR290012105,饮料,2.5,2.5,971,971
`FS101402,货道6,ASSAM阿萨姆小奶茶[小巧](PET360ml),INTR275012402,饮料,6.5,6.5,999,999
`FS101402,货道7,营养快线香草冰淇淋味(PET450ml),INTR356012839,饮料,5,4.5,971,971
`FS101402,货道8,娃哈哈AD钙(PET450ml),INTR263012498,饮料,4.5,4.5,980,980
`FS101402,货道9,盼盼生榨椰汁(PET500ml),INTR359012461,饮料,1,5,994,994
`FS101402,货道10,统一阿萨姆[奶茶原味](PET500ml),INTR230011689,饮料,4.5,4,992,992
`FS101402,货道11,统一阿萨姆[奶茶原味](PET500ml),INTR230011689,饮料,4.5,4,979,979
`FS101402,货道13,可口可乐[自购版](PET500ml),INTR724012203,饮料,3.5,3,952,952
`FS101402,货道15,可口可乐[自购版](PET500ml),INTR724012203,饮料,3.5,3,906,906
`FS101402,货道17,雪碧[自购版](PET500ml),INTR175012204,饮料,3.5,3,966,966
`FS101402,货道19,雪碧[自购版](PET500ml),INTR175012204,饮料,3.5,3,948,948
`FS101402,货道21,统一轻啵苏打水[柠檬味](PET500ml),INTR773011687,饮料,3.5,3.5,976,976
`FS101402,货道23,农夫山泉(PET550ml),INTR993012106,矿泉水,2,2,880,880
`FS101402,货道24,统一鲜橙多(PET450ml),INTR910011664,饮料,3.5,3.5,933,933
`FS101402,货道25,元气森林苏打气泡水[荔枝味](PET480ml),INTR976013213,饮料,4,5,981,981
`FS101402,货道26,统一冰绿茶[青梅绿茶](PET500ml),INTR469011681,饮料,3,3,957,957
`FS101402,货道27,饮养四季[金桔柠檬](PET500ml),INTR372011680,饮料,3.5,3,962,962
`FS101402,货道28,饮养四季[金桔柠檬](PET500ml),INTR372011680,饮料,3.5,3,994,994
`FS101402,货道29,怡宝[纯净水](PET555ml),INTR128012109,矿泉水,2,2,881,881
`FS101402,货道30,统一冰红茶[柠檬](PET500ml),INTR894011688,饮料,3,3,947,947
`FS101402,货道31,统一绿茶[茉莉](PET500ml),INTR577011683,饮料,3,3,946,946
`FS101402,货道32,小茗同学[溜溜哒茶](PET480ml),INTR973011692,饮料,5,5,993,993
`FS101402,货道33,海之言[柠檬](PET500ml),INTR039011682,饮料,4,4,945,945
`FS101402,货道34,海之言[柠檬](PET500ml),INTR039011682,饮料,4,4,961,961
`FS101273,货道1,达利园八宝粥[桂圆莲子](360g),INTR332012858,食品,3.5,3.5,988,988
`FS101273,货道2,爱朵拉拿铁咖啡(CAN310ml),INTR459011637,饮料,4,4,999,999
`FS101273,货道3,可口可乐[自购版](CAN330ml),INTR121011635,饮料,3,2.5,987,987
`FS101273,货道4,统一奶茶[麦香](CAN310ml),106623,开门柜,5,4,998,998
`FS101273,货道5,米源冰晶葡萄(CAN310ml),INTR290012105,饮料,2.5,2.5,987,987
`FS101273,货道6,ASSAM阿萨姆小奶茶[小巧](PET360ml),INTR275012402,饮料,6.5,6.5,996,996
`FS101273,货道7,营养快线香草冰淇淋味(PET450ml),INTR356012839,饮料,5,4.5,992,992
`FS101273,货道8,娃哈哈AD钙(PET450ml),INTR263012498,饮料,4.5,4.5,993,993
`FS101273,货道9,盼盼生榨椰汁(PET500ml),INTR359012461,饮料,1,5,992,992
`FS101273,货道10,统一阿萨姆[奶茶原味](PET500ml),INTR230011689,饮料,4.5,4,991,991
`FS101273,货道11,统一阿萨姆[奶茶原味](PET500ml),INTR230011689,饮料,4.5,4,989,989
`FS101273,货道13,可口可乐[自购版](PET500ml),INTR724012203,饮料,3.5,3,993,993
`FS101273,货道15,可口可乐[自购版](PET500ml),INTR724012203,饮料,3.5,3,956,956
`FS101273,货道17,雪碧[自购版](PET500ml),INTR175012204,饮料,3.5,3,993,993
`FS101273,货道19,雪碧[自购版](PET500ml),INTR175012204,饮料,3.5,3,981,981
`FS101273,货道21,统一轻啵苏打水[柠檬味](PET500ml),INTR773011687,饮料,3.5,3.5,996,996
`FS101273,货道23,农夫山泉(PET550ml),INTR993012106,矿泉水,2,2,947,947
`FS101273,货道24,统一鲜橙多(PET450ml),INTR910011664,饮料,3.5,3.5,981,981
`FS101273,货道25,元气森林苏打气泡水[荔枝味](PET480ml),INTR976013213,饮料,4,5,990,990
`FS101273,货道26,统一冰绿茶[青梅绿茶](PET500ml),INTR469011681,饮料,3,3,975,975
`FS101273,货道27,饮养四季[金桔柠檬](PET500ml),INTR372011680,饮料,3.5,3,990,990
`FS101273,货道28,饮养四季[金桔柠檬](PET500ml),INTR372011680,饮料,3.5,3,994,994
`FS101273,货道29,怡宝[纯净水](PET555ml),INTR128012109,矿泉水,2,2,971,971
`FS101273,货道30,统一冰红茶[柠檬](PET500ml),INTR894011688,饮料,3,3,988,988
`FS101273,货道31,统一绿茶[茉莉](PET500ml),INTR577011683,饮料,3,3,984,984
`FS101273,货道32,小茗同学[溜溜哒茶](PET480ml),INTR973011692,饮料,5,5,997,997
`FS101273,货道33,海之言[柠檬](PET500ml),INTR039011682,饮料,4,4,994,994
`FS101273,货道34,海之言[柠檬](PET500ml),INTR039011682,饮料,4,4,994,994
`FS100930,货道1,达利园八宝粥[桂圆莲子](360g),INTR332012858,食品,3.5,3.5,999,999
`FS100930,货道2,爱朵拉拿铁咖啡(CAN310ml),INTR459011637,饮料,4,4,999,999
`FS100930,货道3,可口可乐[自购版](CAN330ml),INTR121011635,饮料,3,2.5,994,994
`FS100930,货道4,统一奶茶[麦香](CAN310ml),106623,开门柜,5,4,998,998
`FS100930,货道5,米源冰晶葡萄(CAN310ml),INTR290012105,饮料,2.5,2.5,998,998
`FS100930,货道6,ASSAM阿萨姆小奶茶[小巧](PET360ml),INTR275012402,饮料,6.5,6.5,999,999
`FS100930,货道7,营养快线香草冰淇淋味(PET450ml),INTR356012839,饮料,5,4.5,999,999
`FS100930,货道8,娃哈哈AD钙(PET450ml),INTR263012498,饮料,4.5,4.5,998,998
`FS100930,货道9,今麦郎茉莉蜜茶(PET500ml),INTR701012110,饮料,4,3,996,996
`FS100930,货道10,统一阿萨姆[奶茶原味](PET500ml),INTR230011689,饮料,4.5,4,999,999
`FS100930,货道11,统一阿萨姆[奶茶原味](PET500ml),INTR230011689,饮料,4.5,4,999,999
`FS100930,货道13,可口可乐[自购版](PET500ml),INTR724012203,饮料,3.5,3,998,998
`FS100930,货道15,可口可乐[自购版](PET500ml),INTR724012203,饮料,3.5,3,996,996
`FS100930,货道17,雪碧[自购版](PET500ml),INTR175012204,饮料,3.5,3,994,994
`FS100930,货道19,雪碧[自购版](PET500ml),INTR175012204,饮料,3.5,3,994,994
`FS100930,货道21,统一轻啵苏打水[柠檬味](PET500ml),INTR773011687,饮料,3.5,3.5,998,998
`FS100930,货道23,农夫山泉(PET550ml),INTR993012106,矿泉水,2,2,987,987
`FS100930,货道24,统一鲜橙多(PET450ml),INTR910011664,饮料,3.5,3.5,997,997
`FS100930,货道25,元气森林苏打气泡水[荔枝味](PET480ml),INTR976013213,饮料,4,5,999,999
`FS100930,货道26,统一冰绿茶[青梅绿茶](PET500ml),INTR469011681,饮料,3,3,989,989
`FS100930,货道27,饮养四季[金桔柠檬](PET500ml),INTR372011680,饮料,3.5,3,999,999
`FS100930,货道28,饮养四季[金桔柠檬](PET500ml),INTR372011680,饮料,3.5,3,996,996
`FS100930,货道29,怡宝[纯净水](PET555ml),INTR128012109,矿泉水,2,2,985,985
`FS100930,货道30,统一冰红茶[柠檬](PET500ml),INTR894011688,饮料,3,3,997,997
`FS100930,货道31,统一绿茶[茉莉](PET500ml),INTR577011683,饮料,3,3,996,996
`FS100930,货道32,小茗同学[溜溜哒茶](PET480ml),INTR973011692,饮料,5,5,999,999
`FS100930,货道33,海之言[柠檬](PET500ml),INTR039011682,饮料,4,4,991,991
`FS100930,货道34,海之言[柠檬](PET500ml),INTR039011682,饮料,4,4,990,990
`FS100933,货道1,达利园八宝粥[桂圆莲子](360g),INTR332012858,食品,3.5,3.5,966,966
`FS100933,货道2,爱朵拉拿铁咖啡(CAN310ml),INTR459011637,饮料,4,4,998,998
`FS100933,货道3,可口可乐[自购版](CAN330ml),INTR121011635,饮料,3,2.5,967,967
`FS100933,货道4,统一奶茶[麦香](CAN310ml),106623,开门柜,5,4,999,999
`FS100933,货道5,米源冰晶葡萄(CAN310ml),INTR290012105,饮料,2.5,2.5,971,971
`FS100933,货道6,ASSAM阿萨姆小奶茶[小巧](PET360ml),INTR275012402,饮料,6.5,6.5,999,999
`FS100933,货道7,营养快线香草冰淇淋味(PET450ml),INTR356012839,饮料,5,4.5,984,984
`FS100933,货道8,娃哈哈AD钙(PET450ml),INTR263012498,饮料,4.5,4.5,984,984
`FS100933,货道9,今麦郎茉莉蜜茶(PET500ml),INTR701012110,饮料,4,3,951,951
`FS100933,货道10,统一阿萨姆[奶茶原味](PET500ml),INTR230011689,饮料,4.5,4,991,991
`FS100933,货道11,统一阿萨姆[奶茶原味](PET500ml),INTR230011689,饮料,4.5,4,984,984
`FS100933,货道13,可口可乐[自购版](PET500ml),INTR724012203,饮料,3.5,3,974,974
`FS100933,货道15,可口可乐[自购版](PET500ml),INTR724012203,饮料,3.5,3,946,946
`FS100933,货道17,雪碧[自购版](PET500ml),INTR175012204,饮料,3.5,3,984,984
`FS100933,货道19,雪碧[自购版](PET500ml),INTR175012204,饮料,3.5,3,965,965
`FS100933,货道21,统一轻啵苏打水[柠檬味](PET500ml),INTR773011687,饮料,3.5,3.5,997,997
`FS100933,货道23,农夫山泉(PET550ml),INTR993012106,矿泉水,2,2,925,925
`FS100933,货道24,统一鲜橙多(PET450ml),INTR910011664,饮料,3.5,3.5,974,974
`FS100933,货道25,元气森林苏打气泡水[荔枝味](PET480ml),INTR976013213,饮料,4,5,988,988
`FS100933,货道26,统一冰绿茶[青梅绿茶](PET500ml),INTR469011681,饮料,3,3,948,948
`FS100933,货道27,饮养四季[金桔柠檬](PET500ml),INTR372011680,饮料,3.5,3,970,970
`FS100933,货道28,饮养四季[金桔柠檬](PET500ml),INTR372011680,饮料,3.5,3,984,984
`FS100933,货道29,怡宝[纯净水](PET555ml),INTR128012109,矿泉水,2,2,922,922
`FS100933,货道30,统一冰红茶[柠檬](PET500ml),INTR894011688,饮料,3,3,967,967
`FS100933,货道31,统一绿茶[茉莉](PET500ml),INTR577011683,饮料,3,3,956,956
`FS100933,货道32,小茗同学[溜溜哒茶](PET480ml),INTR973011692,饮料,5,5,987,987
`FS100933,货道33,海之言[柠檬](PET500ml),INTR039011682,饮料,4,4,985,985
`FS100933,货道34,海之言[柠檬](PET500ml),INTR039011682,饮料,4,4,990,990
`FS101415,货道1,达利园八宝粥[桂圆莲子](360g),INTR332012858,食品,3.5,3.5,958,958
`FS101415,货道2,爱朵拉拿铁咖啡(CAN310ml),INTR459011637,饮料,4,4,997,997
`FS101415,货道3,可口可乐[自购版](CAN330ml),INTR121011635,饮料,3,2.5,920,920
`FS101415,货道4,统一奶茶[麦香](CAN310ml),106623,开门柜,5,4,994,994
`FS101415,货道5,米源冰晶葡萄(CAN310ml),INTR290012105,饮料,2.5,2.5,953,953
`FS101415,货道6,ASSAM阿萨姆小奶茶[小巧](PET360ml),INTR275012402,饮料,6.5,6.5,997,997
`FS101415,货道7,元气森林苏打气泡水[荔枝味](PET480ml),INTR976013213,饮料,4,5,957,957
`FS101415,货道8,娃哈哈AD钙(PET450ml),INTR263012498,饮料,4.5,4.5,952,952
`FS101415,货道9,今麦郎茉莉蜜茶(PET500ml),INTR701012110,饮料,4,3,892,892
`FS101415,货道10,统一阿萨姆[奶茶原味](PET500ml),INTR230011689,饮料,4.5,4,982,982
`FS101415,货道11,统一阿萨姆[奶茶原味](PET500ml),INTR230011689,饮料,4.5,4,957,957
`FS101415,货道13,可口可乐[自购版](PET500ml),INTR724012203,饮料,3.5,3,895,895
`FS101415,货道15,可口可乐[自购版](PET500ml),INTR724012203,饮料,3.5,3,811,811
`FS101415,货道17,雪碧[自购版](PET500ml),INTR175012204,饮料,3.5,3,967,967
`FS101415,货道19,雪碧[自购版](PET500ml),INTR175012204,饮料,3.5,3,877,877
`FS101415,货道21,统一轻啵苏打水[柠檬味](PET500ml),INTR773011687,饮料,3.5,3.5,973,973
`FS101415,货道23,农夫山泉(PET550ml),INTR993012106,矿泉水,2,2,803,803
`FS101415,货道24,统一鲜橙多(PET450ml),INTR910011664,饮料,3.5,3.5,907,907
`FS101415,货道25,娃哈哈营养快线(PET500ml),INTR409012898,饮料,5,4.5,962,962
`FS101415,货道26,统一冰绿茶[青梅绿茶](PET500ml),INTR469011681,饮料,3,3,912,912
`FS101415,货道27,饮养四季[金桔柠檬](PET500ml),INTR372011680,饮料,3.5,3,936,936
`FS101415,货道28,饮养四季[金桔柠檬](PET500ml),INTR372011680,饮料,3.5,3,963,963
`FS101415,货道29,怡宝[纯净水](PET555ml),INTR128012109,矿泉水,2,2,791,791
`FS101415,货道30,统一冰红茶[柠檬](PET500ml),INTR894011688,饮料,3,3,893,893
`FS101415,货道31,统一绿茶[茉莉](PET500ml),INTR577011683,饮料,3,3,908,908
`FS101415,货道32,小茗同学[溜溜哒茶](PET480ml),INTR973011692,饮料,5,5,972,972
`FS101415,货道33,海之言[柠檬](PET500ml),INTR039011682,饮料,4,4,896,896
`FS101415,货道34,海之言[柠檬](PET500ml),INTR039011682,饮料,4,4,920,920
`FS100757,货道1,台福[高钙花生牛奶](CAN365ml),INTR531012172,饮料,3.5,3.5,20,20
`FS100757,货道2,统一果汁[金桔柠檬](CAN310ml),1.56473E+17,开门柜,3,2.5,18,18
`FS100757,货道3,王老吉凉茶(CAN310ml),INTR472012173,饮料,3.5,3.5,13,13
`FS100757,货道4,统一鲜橙多(CAN310ml),INTR767011663,饮料,3,2.5,13,13
`FS100757,货道5,统一蜜桃多(CAN310ml),INTR765012351,饮料,3,2.5,10,10
`FS100757,货道6,可口可乐[自购版](CAN330ml),INTR121011635,饮料,3,2.5,7,7
`FS100757,货道7,娃哈哈[钻面水](PET550ml),INTR055012170,矿泉水,2,2,17,17
`FS100757,货道8,百香公举[百香果](PET480ml),INTR017012171,饮料,4,4,18,18
`FS100757,货道9,统一冰红茶[柠檬](PET500ml),INTR894011688,饮料,3,3,14,14
`FS100757,货道10,统一冰红茶[柠檬](PET500ml),INTR894011688,饮料,3,3,11,11
`FS100757,货道11,统一冰红茶[柠檬](PET500ml),INTR894011688,饮料,3,3,6,6
`FS100757,货道13,娃哈哈[钻面水](PET550ml),INTR055012170,矿泉水,2,2,14,14
`FS100757,货道15,可口可乐[自购版](PET500ml),INTR724012203,饮料,3.5,3,14,14
`FS100757,货道17,饮养四季[金桔柠檬](PET500ml),INTR372011680,饮料,3.5,3,13,13
`FS100757,货道19,饮养四季[金桔柠檬](PET500ml),INTR372011680,饮料,3.5,3,11,11
`FS100757,货道21,统一双萃[柠檬茶](PET500ml),INTR466012427,饮料,3,3,8,8
`FS100757,货道23,今麦郎芒顿小镇西瓜水(PET500ml),INTR688012196,饮料,3,2.5,19,19
`FS100757,货道24,统一鲜橙多(PET450ml),INTR910011664,饮料,3.5,3.5,17,17
`FS100757,货道25,统一绿茶[茉莉](PET500ml),INTR577011683,饮料,3,3,15,15
`FS100757,货道26,统一绿茶[茉莉](PET500ml),INTR577011683,饮料,3,3,12,12
`FS100757,货道27,焕神[热带水果风味]饮料(PET460ml),INTR583011691,饮料,5,5,0,0
`FS100757,货道28,统一饮养四季[冰糖雪梨](PET500ml),INTR56004726,饮料,3.5,3,10,10
`FS100757,货道29,今麦郎茉莉蜜茶(PET500ml),INTR701012110,饮料,4,3,22,22
`FS100757,货道30,统一阿萨姆[奶茶原味](PET500ml),INTR230011689,饮料,4.5,4,0,0
`FS100757,货道31,海之言[柠檬](PET500ml),INTR039011682,饮料,4,4,11,11
`FS100757,货道32,海之言[柠檬](PET500ml),INTR039011682,饮料,4,4,12,12
`FS100757,货道33,统一阿萨姆[奶茶原味](PET500ml),INTR230011689,饮料,4.5,4,0,0
`FS100757,货道34,统一阿萨姆[奶茶原味](PET500ml),INTR230011689,饮料,4.5,4,0,0
`FS100875,货道1,台福[高钙花生牛奶](CAN365ml),INTR531012172,饮料,3.5,3.5,993,993
`FS100875,货道2,统一好料道[仙草凉茶](CAN310ml),INTR791011678,饮料,4,4,995,995
`FS100875,货道3,百事可乐(CAN330ml),INTR785012174,饮料,2.5,2.5,986,986
`FS100875,货道4,统一鲜橙多(CAN310ml),INTR767011663,饮料,3,3,999,999
`FS100875,货道5,米源冰晶葡萄(CAN310ml),INTR290012105,饮料,2.5,2.5,996,996
`FS100875,货道6,米源冰晶葡萄(CAN310ml),INTR290012105,饮料,2.5,2.5,990,990
`FS100875,货道7,可口可乐[自购版](PET500ml),INTR724012203,饮料,3.5,3.5,990,990
`FS100875,货道8,可口可乐[自购版](PET500ml),INTR724012203,饮料,3.5,3.5,997,997
`FS100875,货道9,统一鲜橙多(PET450ml),INTR910011664,饮料,3.5,3.5,999,999
`FS100875,货道10,今麦郎芒顿小镇蜜桃水(PET500ml),INTR133012193,饮料,2.5,3,996,996
`FS100875,货道11,今麦郎芒顿小镇蜜桃水(PET500ml),INTR133012193,饮料,2.5,3,992,992
`FS100875,货道13,统一阿萨姆[奶茶原味](PET500ml),INTR230011689,饮料,4.5,4.5,997,997
`FS100875,货道15,统一阿萨姆[奶茶原味](PET500ml),INTR230011689,饮料,4.5,4.5,991,991
`FS100875,货道17,达利园乐虎(PET350ml),INTR889012197,饮料,5,6,997,997
`FS100875,货道19,小茗同学[溜溜哒茶](PET480ml),INTR973011692,饮料,5,5,996,996
`FS100875,货道21,小茗同学[青柠红茶](PET480ml),INTR297011693,饮料,5,5,999,999
`FS100875,货道23,统一绿茶[茉莉](PET500ml),INTR577011683,饮料,3,3,999,999
`FS100875,货道24,统一绿茶[茉莉](PET500ml),INTR577011683,饮料,3,3,997,997
`FS100875,货道25,饮养四季[金桔柠檬](PET500ml),INTR372011680,饮料,3.5,3.5,997,997
`FS100875,货道26,统一冰红茶[柠檬](PET500ml),INTR894011688,饮料,3,3,995,995
`FS100875,货道27,统一冰红茶[柠檬](PET500ml),INTR894011688,饮料,3,3,997,997
`FS100875,货道28,统一冰红茶[柠檬](PET500ml),INTR894011688,饮料,3,3,995,995
`FS100875,货道29,焕神[热带水果风味]饮料(PET460ml),INTR583011691,饮料,5,5,986,986
`FS100875,货道30,格泉饮用天然水(PET500ml),INTR252012401,矿泉水,2,2,996,996
`FS100875,货道31,青云泉天然泉水(PET555ml),INTR762012199,矿泉水,2,2,997,997
`FS100875,货道32,海之言[柠檬](PET500ml),INTR039011682,饮料,4,4,991,991
`FS100875,货道33,海之言[柠檬](PET500ml),INTR039011682,饮料,4,4,998,998
`FS100875,货道34,海之言[柠檬](PET500ml),INTR039011682,饮料,4,4,994,994
`FS100906,货道1,统一好料道[仙草凉茶](CAN310ml),INTR791011678,饮料,4,4,977,977
`FS100906,货道2,台福[高钙花生牛奶](CAN365ml),INTR531012172,饮料,3.5,3.5,993,993
`FS100906,货道3,百事可乐(CAN330ml),INTR785012174,饮料,2.5,2.5,982,982
`FS100906,货道4,统一鲜橙多(CAN310ml),INTR767011663,饮料,3,3,987,987
`FS100906,货道5,统一冰绿茶[青梅绿茶](CAN310ml),INTG116100075,饮料,2.5,2.5,999,999
`FS100906,货道6,统一冰绿茶[青梅绿茶](CAN310ml),INTG116100075,饮料,2.5,2.5,999,999
`FS100906,货道7,雪碧(PET500ml),INTR274011679,饮料,3.5,3.5,965,965
`FS100906,货道8,雪碧(PET500ml),INTR274011679,饮料,3.5,3.5,968,968
`FS100906,货道9,统一鲜橙多(PET450ml),INTR910011664,饮料,3.5,3.5,982,982
`FS100906,货道10,小茗同学[青柠红茶](PET480ml),INTR297011693,饮料,5,5,993,993
`FS100906,货道11,小茗同学[溜溜哒茶](PET480ml),INTR973011692,饮料,5,5,993,993
`FS100906,货道13,统一阿萨姆[奶茶原味](PET500ml),INTR230011689,饮料,4.5,4.5,971,971
`FS100906,货道15,统一阿萨姆[奶茶原味](PET500ml),INTR230011689,饮料,4.5,4.5,974,974
`FS100906,货道17,达利园乐虎(PET350ml),INTR889012197,饮料,5,6,988,988
`FS100906,货道19,今麦郎芒顿小镇蜜桃水(PET500ml),INTR133012193,饮料,2.5,3,995,995
`FS100906,货道21,今麦郎芒顿小镇蜜桃水(PET500ml),INTR133012193,饮料,2.5,3,992,992
`FS100906,货道23,统一绿茶[茉莉](PET500ml),INTR577011683,饮料,3,3,988,988
`FS100906,货道24,统一绿茶[茉莉](PET500ml),INTR577011683,饮料,3,3,973,973
`FS100906,货道25,饮养四季[金桔柠檬](PET500ml),INTR372011680,饮料,3.5,3.5,984,984
`FS100906,货道26,统一冰红茶[柠檬](PET500ml),INTR894011688,饮料,3,3,981,981
`FS100906,货道27,统一冰红茶[柠檬](PET500ml),INTR894011688,饮料,3,3,988,988
`FS100906,货道28,统一冰红茶[柠檬](PET500ml),INTR894011688,饮料,3,3,983,983
`FS100906,货道29,焕神[热带水果风味]饮料(PET460ml),INTR583011691,饮料,5,5,980,980
`FS100906,货道30,农夫山泉(PET550ml),INTR993012106,矿泉水,2,2,981,981
`FS100906,货道31,百香公举[百香果](PET480ml),INTR017012171,饮料,4,5,998,998
`FS100906,货道32,海之言[柠檬](PET500ml),INTR039011682,饮料,4,4,985,985
`FS100906,货道33,海之言[柠檬](PET500ml),INTR039011682,饮料,4,4,984,984
`FS100906,货道34,海之言[柠檬](PET500ml),INTR039011682,饮料,4,4,987,987
`FS100867,货道1,统一好料道[仙草凉茶](CAN310ml),INTR791011678,饮料,4,4,981,981
`FS100867,货道2,百事可乐(CAN330ml),INTR785012174,饮料,2.5,2.5,978,978
`FS100867,货道3,统一鲜橙多(CAN310ml),INTR767011663,饮料,3,3,985,985
`FS100867,货道4,统一鲜橙多(CAN310ml),INTR767011663,饮料,3,3,988,988
`FS100867,货道5,米源冰晶葡萄(CAN310ml),INTR290012105,饮料,2.5,2.5,987,987
`FS100867,货道6,米源冰晶葡萄(CAN310ml),INTR290012105,饮料,2.5,2.5,990,990
`FS100867,货道7,雪碧[自购版](PET500ml),INTR175012204,饮料,3.5,3.5,989,989
`FS100867,货道8,可口可乐[自购版](PET500ml),INTR724012203,饮料,3.5,3.5,981,981
`FS100867,货道9,统一鲜橙多(PET450ml),INTR910011664,饮料,3.5,3.5,984,984
`FS100867,货道10,今麦郎芒顿小镇蜜桃水(PET500ml),INTR133012193,饮料,2.5,3,986,986
`FS100867,货道11,今麦郎芒顿小镇蜜桃水(PET500ml),INTR133012193,饮料,2.5,3,993,993
`FS100867,货道13,统一阿萨姆[奶茶原味](PET500ml),INTR230011689,饮料,4.5,4.5,981,981
`FS100867,货道15,统一阿萨姆[奶茶原味](PET500ml),INTR230011689,饮料,4.5,4.5,973,973
`FS100867,货道17,王老吉无糖凉茶植物饮料(PET500ml),INTR543012200,饮料,5,5,995,995
`FS100867,货道19,小茗同学[青柠红茶](PET480ml),INTR297011693,饮料,5,5,993,993
`FS100867,货道21,小茗同学[溜溜哒茶](PET480ml),INTR973011692,饮料,5,5,996,996
`FS100867,货道23,统一绿茶[茉莉](PET500ml),INTR577011683,饮料,3,3,983,983
`FS100867,货道24,统一绿茶[茉莉](PET500ml),INTR577011683,饮料,3,3,968,968
`FS100867,货道25,饮养四季[金桔柠檬](PET500ml),INTR372011680,饮料,3.5,3.5,996,996
`FS100867,货道26,统一冰红茶[柠檬](PET500ml),INTR894011688,饮料,3,3,984,984
`FS100867,货道27,统一冰红茶[柠檬](PET500ml),INTR894011688,饮料,3,3,979,979
`FS100867,货道28,统一冰红茶[柠檬](PET500ml),INTR894011688,饮料,3,3,984,984
`FS100867,货道29,焕神[热带水果风味]饮料(PET460ml),INTR583011691,饮料,5,5,985,985
`FS100867,货道30,格泉饮用天然水(PET500ml),INTR252012401,矿泉水,2,2,997,997
`FS100867,货道31,达利园乐虎(PET350ml),INTR889012197,饮料,5,6,993,993
`FS100867,货道32,海之言[柠檬](PET500ml),INTR039011682,饮料,4,4,984,984
`FS100867,货道33,海之言[柠檬](PET500ml),INTR039011682,饮料,4,4,991,991
`FS100867,货道34,海之言[柠檬](PET500ml),INTR039011682,饮料,4,4,994,994
`FS100758,货道1,统一好料道[仙草凉茶](CAN310ml),INTR791011678,饮料,4,4,18,18
`FS100758,货道2,统一好料道[仙草凉茶](CAN310ml),INTR791011678,饮料,4,4,12,12
`FS100758,货道3,统一蜜桃多(CAN310ml),INTR765012351,饮料,3,2.5,12,12
`FS100758,货道4,统一鲜橙多(CAN310ml),INTR767011663,饮料,3,3,12,12
`FS100758,货道5,统一鲜橙多(CAN310ml),INTR767011663,饮料,3,2.5,10,10
`FS100758,货道6,统一鲜橙多(CAN310ml),INTR767011663,饮料,3,2.5,8,8
`FS100758,货道7,娃哈哈[钻面水](PET550ml),INTR055012170,矿泉水,2,2,0,0
`FS100758,货道8,百香公举[百香果](PET480ml),INTR017012171,饮料,4,4,2,2
`FS100758,货道9,统一冰红茶[柠檬](PET500ml),INTR894011688,饮料,3,3,8,8
`FS100758,货道10,统一冰红茶[柠檬](PET500ml),INTR894011688,饮料,3,3,7,7
`FS100758,货道11,统一冰红茶[柠檬](PET500ml),INTR894011688,饮料,3,3,1,1
`FS100758,货道13,乐虎维生素功能饮料(CAN250ml),INTR995012194,饮料,5.5,5.5,4,4
`FS100758,货道14,王老吉凉茶(CAN310ml),INTR472012173,饮料,3.5,3.5,13,13
`FS100758,货道15,百事可乐(CAN330ml),INTR785012174,饮料,2.5,2.5,1,1
`FS100758,货道16,粤喵喵生榨椰汁(CAN315ml),INTR618013709,饮料,0,3.5,15,15
`FS100758,货道17,小茗同学[冰橘绿茶](PET480ml),INTR001012220,饮料,5,5,11,11
`FS100758,货道19,小茗同学[溜溜哒茶](PET480ml),INTR973011692,饮料,5,5,10,10
`FS100758,货道21,可口可乐(PET500ml),INTR310011684,饮料,3.5,3.5,1,1
`FS100758,货道23,统一饮养四季[冰糖雪梨](PET500ml),INTR56004726,饮料,3.5,3,15,15
`FS100758,货道24,统一鲜橙多(PET450ml),INTR910011664,饮料,3.5,3.5,14,14
`FS100758,货道25,统一绿茶[茉莉](PET500ml),INTR577011683,饮料,3,3,6,6
`FS100758,货道26,统一绿茶[茉莉](PET500ml),INTR577011683,饮料,3,3,5,5
`FS100758,货道27,饮养四季[金桔柠檬](PET500ml),INTR372011680,饮料,3.5,3,10,10
`FS100758,货道28,饮养四季[金桔柠檬](PET500ml),INTR372011680,饮料,3.5,3,8,8
`FS100758,货道29,今麦郎茉莉蜜茶(PET500ml),INTR701012110,饮料,4,4,0,0
`FS100758,货道30,统一阿萨姆[奶茶原味](PET500ml),INTR230011689,饮料,4.5,4,17,17
`FS100758,货道31,统一阿萨姆[奶茶原味](PET500ml),INTR230011689,饮料,4.5,4,1,1
`FS100758,货道32,焕神[热带水果风味]饮料(PET460ml),INTR583011691,饮料,5,5,1,1
`FS100758,货道33,海之言[柠檬](PET500ml),INTR039011682,饮料,4,4,6,6
`FS100758,货道34,海之言[柠檬](PET500ml),INTR039011682,饮料,4,4,4,4
`FS100711,货道1,统一好料道[仙草凉茶](CAN310ml),INTR791011678,饮料,4,4,19,19
`FS100711,货道2,统一好料道[仙草凉茶](CAN310ml),INTR791011678,饮料,4,4,11,11
`FS100711,货道3,统一蜜桃多(CAN310ml),INTR765012351,饮料,3,2.5,11,11
`FS100711,货道4,统一鲜橙多(CAN310ml),INTR767011663,饮料,3,2.5,11,11
`FS100711,货道5,统一鲜橙多(CAN310ml),INTR767011663,饮料,3,2.5,12,12
`FS100711,货道6,统一鲜橙多(CAN310ml),INTR767011663,饮料,3,2.5,6,6
`FS100711,货道7,农夫山泉(PET550ml),INTR993012106,矿泉水,2,2,2,2
`FS100711,货道8,百香公举[百香果](PET480ml),INTR017012171,饮料,4,4,0,0
`FS100711,货道9,统一冰红茶[柠檬](PET500ml),INTR894011688,饮料,3,3,6,6
`FS100711,货道10,统一冰红茶[柠檬](PET500ml),INTR894011688,饮料,3,3,11,11
`FS100711,货道11,统一冰红茶[柠檬](PET500ml),INTR894011688,饮料,3,3,6,6
`FS100711,货道13,台福[高钙花生牛奶](CAN365ml),INTR531012172,饮料,3.5,3.5,2,2
`FS100711,货道14,王老吉凉茶(CAN310ml),INTR472012173,饮料,3.5,3.5,19,19
`FS100711,货道15,百事可乐(CAN330ml),INTR785012174,饮料,2.5,2.5,17,17
`FS100711,货道16,百事可乐(CAN330ml),INTR785012174,饮料,2.5,2.5,13,13
`FS100711,货道17,可口可乐(PET500ml),INTR310011684,饮料,3.5,3.5,0,0
`FS100711,货道19,小茗同学[溜溜哒茶](PET480ml),INTR973011692,饮料,5,5,12,12
`FS100711,货道21,可口可乐(PET500ml),INTR310011684,饮料,3.5,3.5,1,1
`FS100711,货道23,统一饮养四季[冰糖雪梨](PET500ml),INTR56004726,饮料,3.5,3,13,13
`FS100711,货道24,统一鲜橙多(PET450ml),INTR910011664,饮料,3.5,3.5,16,16
`FS100711,货道25,统一绿茶[茉莉](PET500ml),INTR577011683,饮料,3,3,11,11
`FS100711,货道26,统一绿茶[茉莉](PET500ml),INTR577011683,饮料,3,3,9,9
`FS100711,货道27,饮养四季[金桔柠檬](PET500ml),INTR372011680,饮料,3.5,3,10,10
`FS100711,货道28,饮养四季[金桔柠檬](PET500ml),INTR372011680,饮料,3.5,3,7,7
`FS100711,货道29,今麦郎茉莉蜜茶(PET500ml),INTR701012110,饮料,4,3,13,13
`FS100711,货道30,统一阿萨姆[奶茶原味](PET500ml),INTR230011689,饮料,4.5,4,7,7
`FS100711,货道31,统一阿萨姆[奶茶原味](PET500ml),INTR230011689,饮料,4.5,4,25,25
`FS100711,货道32,海之言[柠檬](PET500ml),INTR039011682,饮料,4,4,6,6
`FS100711,货道33,海之言[柠檬](PET500ml),INTR039011682,饮料,4,4,11,11
`FS100711,货道34,海之言[柠檬](PET500ml),INTR039011682,饮料,4,4,5,5
`FS101394,货道1,王老吉凉茶(CAN310ml),INTR472012173,饮料,3.5,3.5,20,20
`FS101394,货道2,乐虎维生素功能饮料(CAN250ml),INTR995012194,饮料,5.5,5.5,16,16
`FS101394,货道3,统一蜜桃多(CAN310ml),INTR765012351,饮料,3,2.5,16,16
`FS101394,货道4,统一好料道[仙草凉茶](CAN310ml),INTR791011678,饮料,4,4,12,12
`FS101394,货道5,统一鲜橙多(CAN310ml),INTR767011663,饮料,3,2.5,12,12
`FS101394,货道6,统一鲜橙多(CAN310ml),INTR767011663,饮料,3,2.5,9,9
`FS101394,货道7,农夫山泉(PET550ml),INTR993012106,矿泉水,2,2,18,18
`FS101394,货道8,统一鲜橙多(PET450ml),INTR910011664,饮料,3.5,3.5,18,18
`FS101394,货道9,统一冰红茶[柠檬](PET500ml),INTR894011688,饮料,3,3,13,13
`FS101394,货道10,统一冰红茶[柠檬](PET500ml),INTR894011688,饮料,3,3,11,11
`FS101394,货道11,统一冰红茶[柠檬](PET500ml),INTR894011688,饮料,3,3,4,4
`FS101394,货道13,饮养四季[金桔柠檬](PET500ml),INTR372011680,饮料,3.5,3,17,17
`FS101394,货道15,统一饮养四季[冰糖雪梨](PET500ml),INTR56004726,饮料,3.5,3.5,17,17
`FS101394,货道17,统一绿茶[茉莉](PET500ml),INTR577011683,饮料,3,3,13,13
`FS101394,货道19,统一绿茶[茉莉](PET500ml),INTR577011683,饮料,3,3,13,13
`FS101394,货道21,统一绿茶[茉莉](PET500ml),INTR577011683,饮料,3,3,9,9
`FS101394,货道23,雅哈[冰咖啡](PET450ml),INTR470011686,饮料,5.5,5,19,19
`FS101394,货道24,统一阿萨姆[奶茶原味](PET500ml),INTR230011689,饮料,4.5,4,15,15
`FS101394,货道25,小茗同学[溜溜哒茶](PET480ml),INTR973011692,饮料,5,5,16,16
`FS101394,货道26,统一阿萨姆[奶茶原味](PET500ml),INTR230011689,饮料,4.5,4,2,2
`FS101394,货道27,饮养四季[金桔柠檬](PET500ml),INTR372011680,饮料,3.5,3,5,5
`FS101394,货道28,统一冰绿茶[青梅绿茶](PET500ml),INTR469011681,饮料,3,3,4,4
`FS101394,货道29,统一阿萨姆[奶茶原味](PET500ml),INTR230011689,饮料,4.5,4,7,7
`FS101394,货道30,焕神[热带水果风味]饮料(PET460ml),INTR583011691,饮料,5,5,0,0
`FS101394,货道31,海之言[柠檬](PET500ml),INTR039011682,饮料,4,4,12,12
`FS101394,货道32,海之言[柠檬](PET500ml),INTR039011682,饮料,4,4,0,0
`FS101394,货道33,统一阿萨姆[奶茶原味](PET500ml),INTR230011689,饮料,4.5,4,3,3
`FS101394,货道34,统一阿萨姆[奶茶原味](PET500ml),INTR230011689,饮料,4.5,4,4,4
`FS100285,货道1,可口可乐[自购版](CAN330ml),INTR121011635,饮料,3,3,19,19
`FS100285,货道2,雪碧[自购版](CAN330ml),INTR685011636,饮料,3,3,16,16
`FS100285,货道3,统一冰红茶(CAN310ml),INTR115011662,饮料,2.5,2.5,15,15
`FS100285,货道4,统一冰红茶(CAN310ml),INTR115011662,饮料,2.5,2.5,14,14
`FS100285,货道5,统一鲜橙多(CAN310ml),INTR767011663,饮料,3,3,10,10
`FS100285,货道6,统一奶茶[麦香](CAN310ml),106623,开门柜,5,4,10,10
`FS100285,货道7,统一阿萨姆[奶茶原味](PET500ml),INTR230011689,饮料,4.5,4.5,19,19
`FS100285,货道8,统一阿萨姆[奶茶原味](PET500ml),INTR230011689,饮料,4.5,4.5,18,18
`FS100285,货道9,统一鲜橙多(PET450ml),INTR910011664,饮料,3.5,3.5,15,15
`FS100285,货道10,雅哈[冰咖啡](PET450ml),INTR470011686,饮料,5.5,5.5,14,14
`FS100285,货道11,A-Ha[苹果]气泡水果饮料(PET500ml),INTR255012430,饮料,3,5,12,12
`FS100285,货道13,百事可乐(PET600ml),INTR065012794,饮料,3.5,3.5,20,20
`FS100285,货道15,可口可乐[自购版](PET500ml),INTR724012203,饮料,3.5,3.5,18,18
`FS100285,货道17,小茗同学[溜溜哒茶](PET480ml),INTR973011692,饮料,5,5,16,16
`FS100285,货道19,饮养四季[金桔柠檬](PET500ml),INTR372011680,饮料,3.5,3.5,14,14
`FS100285,货道21,饮养四季[金桔柠檬](PET500ml),INTR372011680,饮料,3.5,3.5,11,11
`FS100285,货道23,外星人电解质水[荔枝海盐味](PET500ml),INTR744013215,饮料,4,6,18,18
`FS100285,货道24,农夫茶π蜜桃乌龙茶(PET500ml),INTR930012870,饮料,5,5,15,15
`FS100285,货道25,绝对元气[柠檬冰茶](PET450ml),INTR157013657,饮料,3,4,9998,9998
`FS100285,货道26,统一冰红茶[柠檬](PET500ml),INTR894011688,饮料,3,3,10,10
`FS100285,货道27,统一冰绿茶[青梅绿茶](PET500ml),INTR469011681,饮料,3,3,12,12
`FS100285,货道28,统一绿茶[茉莉](PET500ml),INTR577011683,饮料,3,3,6,6
`FS100285,货道29,农夫山泉(PET550ml),INTR993012106,矿泉水,2,2,16,16
`FS100285,货道30,今麦郎芒顿小镇柠檬水(PET500ml),INTR322012790,饮料,2.5,3,17,17
`FS100285,货道31,海之言[柠檬](PET500ml),INTR039011682,饮料,4,4,11,11
`FS100285,货道32,统一冰红茶[柠檬](PET500ml),INTR894011688,饮料,3,3,13,13
`FS100285,货道33,统一冰绿茶[青梅绿茶](PET500ml),INTR469011681,饮料,3,3,10,10
`FS100285,货道34,焕神[热带水果风味]饮料(PET460ml),INTR583011691,饮料,5,5,10,10
`FS100646,货道1,可口可乐[自购版](CAN330ml),INTR121011635,饮料,3,2.5,18,18
`FS100646,货道2,可口可乐[自购版](CAN330ml),INTR121011635,饮料,3,2.5,16,16
`FS100646,货道3,统一蜜桃多(CAN310ml),INTR765012351,饮料,3,2.5,10,10
`FS100646,货道4,统一蜜桃多(CAN310ml),INTR765012351,饮料,3,2.5,12,12
`FS100646,货道5,雪碧[自购版](CAN330ml),INTR685011636,饮料,3,2.5,9,9
`FS100646,货道6,雪碧[自购版](CAN330ml),INTR685011636,饮料,3,2.5,9,9
`FS100646,货道7,怡宝[纯净水](PET555ml),INTR128012109,矿泉水,2,2,20,20
`FS100646,货道8,怡宝[纯净水](PET555ml),INTR128012109,矿泉水,2,2,16,16
`FS100646,货道9,雅哈[冰咖啡](PET450ml),INTR470011686,饮料,5.5,5.5,14,14
`FS100646,货道10,统一轻啵苏打水[柠檬味](PET500ml),INTR773011687,饮料,3.5,3.5,9,9
`FS100646,货道11,统一轻啵苏打水[柠檬味](PET500ml),INTR773011687,饮料,3.5,3.5,9,9
`FS100646,货道13,统一阿萨姆[奶茶原味](PET500ml),INTR230011689,饮料,4.5,4.5,19,19
`FS100646,货道15,统一阿萨姆[奶茶原味](PET500ml),INTR230011689,饮料,4.5,4.5,16,16
`FS100646,货道17,米源冰晶葡萄(CAN310ml),INTR290012105,饮料,2.5,2.5,13,13
`FS100646,货道18,米源冰晶葡萄(CAN310ml),INTR290012105,饮料,2.5,2.5,9,9
`FS100646,货道19,王老吉凉茶(CAN310ml),INTR472012173,饮料,3.5,4,7,7
`FS100646,货道20,王老吉凉茶(CAN310ml),INTR472012173,饮料,3.5,4,4,4
`FS100646,货道21,统一好料道[仙草凉茶](CAN310ml),INTR791011678,饮料,4,4,9,9
`FS100646,货道22,爱朵拉拿铁咖啡(CAN310ml),INTR459011637,饮料,4,4,6,6
`FS100646,货道23,统一绿茶[茉莉](PET500ml),INTR577011683,饮料,3,3,19,19
`FS100646,货道24,饮养四季[金桔柠檬](PET500ml),INTR372011680,饮料,3.5,3.5,15,15
`FS100646,货道25,统一饮养四季[冰糖雪梨](PET500ml),INTR56004726,饮料,3.5,3.5,13,13
`FS100646,货道26,小茗同学[青柠红茶](PET480ml),INTR297011693,饮料,5,5,10,10
`FS100646,货道27,统一冰红茶[柠檬](PET500ml),INTR894011688,饮料,3,3,8,8
`FS100646,货道28,统一冰红茶[柠檬](PET500ml),INTR894011688,饮料,3,3,7,7
`FS100646,货道29,焕神[热带水果风味]饮料(PET460ml),INTR583011691,饮料,5,5,11,11
`FS100646,货道30,统一冰绿茶[青梅绿茶](PET500ml),INTR469011681,饮料,3,3,11,11
`FS100646,货道31,统一鲜橙多(PET450ml),INTR910011664,饮料,3.5,3.5,9,9
`FS100646,货道32,统一鲜橙多(PET450ml),INTR910011664,饮料,3.5,3.5,9,9
`FS100646,货道33,海之言[柠檬](PET500ml),INTR039011682,饮料,4,4,11,11
`FS100646,货道34,海之言[柠檬](PET500ml),INTR039011682,饮料,4,4,9,9
`FS100764,货道1,可口可乐[自购版](CAN330ml),INTR121011635,饮料,3,2.5,15,15
`FS100764,货道2,可口可乐[自购版](CAN330ml),INTR121011635,饮料,3,2.5,5,5
`FS100764,货道3,统一蜜桃多(CAN310ml),INTR765012351,饮料,3,2.5,9,9
`FS100764,货道4,统一蜜桃多(CAN310ml),INTR765012351,饮料,3,2.5,11,11
`FS100764,货道5,雪碧[自购版](CAN330ml),INTR685011636,饮料,3,2.5,8,8
`FS100764,货道6,雪碧[自购版](CAN330ml),INTR685011636,饮料,3,2.5,7,7
`FS100764,货道7,怡宝[纯净水](PET555ml),INTR128012109,矿泉水,2,2,15,15
`FS100764,货道8,怡宝[纯净水](PET555ml),INTR128012109,矿泉水,2,2,6,6
`FS100764,货道9,雅哈[冰咖啡](PET450ml),INTR470011686,饮料,5.5,5.5,12,12
`FS100764,货道10,统一轻啵苏打水[柠檬味](PET500ml),INTR773011687,饮料,3.5,3.5,11,11
`FS100764,货道11,统一轻啵苏打水[柠檬味](PET500ml),INTR773011687,饮料,3.5,3.5,10,10
`FS100764,货道13,统一阿萨姆[奶茶原味](PET500ml),INTR230011689,饮料,4.5,4.5,5,5
`FS100764,货道15,统一阿萨姆[奶茶原味](PET500ml),INTR230011689,饮料,4.5,4.5,2,2
`FS100764,货道17,米源冰晶葡萄(CAN310ml),INTR290012105,饮料,2.5,2.5,9,9
`FS100764,货道18,米源冰晶葡萄(CAN310ml),INTR290012105,饮料,2.5,2.5,13,13
`FS100764,货道19,王老吉凉茶(CAN310ml),INTR472012173,饮料,3.5,4,12,12
`FS100764,货道20,王老吉凉茶(CAN310ml),INTR472012173,饮料,3.5,4,12,12
`FS100764,货道21,统一好料道[仙草凉茶](CAN310ml),INTR791011678,饮料,4,4,6,6
`FS100764,货道22,爱朵拉拿铁咖啡(CAN310ml),INTR459011637,饮料,4,4,9,9
`FS100764,货道23,统一绿茶[茉莉](PET500ml),INTR577011683,饮料,3,3,7,7
`FS100764,货道24,饮养四季[金桔柠檬](PET500ml),INTR372011680,饮料,3.5,3.5,14,14
`FS100764,货道25,统一饮养四季[冰糖雪梨](PET500ml),INTR56004726,饮料,3.5,3.5,11,11
`FS100764,货道26,小茗同学[青柠红茶](PET480ml),INTR297011693,饮料,5,5,12,12
`FS100764,货道27,统一冰红茶[柠檬](PET500ml),INTR894011688,饮料,3,3,2,2
`FS100764,货道28,统一冰红茶[柠檬](PET500ml),INTR894011688,饮料,3,3,4,4
`FS100764,货道29,焕神[热带水果风味]饮料(PET460ml),INTR583011691,饮料,5,5,12,12
`FS100764,货道30,统一冰绿茶[青梅绿茶](PET500ml),INTR469011681,饮料,3,3,10,10
`FS100764,货道31,统一鲜橙多(PET450ml),INTR910011664,饮料,3.5,3.5,10,10
`FS100764,货道32,统一鲜橙多(PET450ml),INTR910011664,饮料,3.5,3.5,13,13
`FS100764,货道33,海之言[柠檬](PET500ml),INTR039011682,饮料,4,4,4,4
`FS100764,货道34,海之言[柠檬](PET500ml),INTR039011682,饮料,4,4,3,3
`FS101413,货道1,可口可乐[自购版](CAN330ml),INTR121011635,饮料,3,2.5,0,0
`FS101413,货道2,可口可乐[自购版](CAN330ml),INTR121011635,饮料,3,2.5,0,0
`FS101413,货道3,统一蜜桃多(CAN310ml),INTR765012351,饮料,3,2.5,0,0
`FS101413,货道4,统一蜜桃多(CAN310ml),INTR765012351,饮料,3,2.5,0,0
`FS101413,货道5,雪碧[自购版](CAN330ml),INTR685011636,饮料,3,2.5,0,0
`FS101413,货道6,雪碧[自购版](CAN330ml),INTR685011636,饮料,3,2.5,0,0
`FS101413,货道7,怡宝[纯净水](PET555ml),INTR128012109,矿泉水,2,2,0,0
`FS101413,货道8,怡宝[纯净水](PET555ml),INTR128012109,矿泉水,2,2,0,0
`FS101413,货道9,雅哈[冰咖啡](PET450ml),INTR470011686,饮料,5.5,5.5,3,3
`FS101413,货道10,统一轻啵苏打水[柠檬味](PET500ml),INTR773011687,饮料,3.5,3.5,12,12
`FS101413,货道11,统一轻啵苏打水[柠檬味](PET500ml),INTR773011687,饮料,3.5,3.5,10,10
`FS101413,货道13,统一阿萨姆[奶茶原味](PET500ml),INTR230011689,饮料,4.5,4.5,2,2
`FS101413,货道14,,,,,4.5,0,0
`FS101413,货道15,统一阿萨姆[奶茶原味](PET500ml),INTR230011689,饮料,4.5,4.5,0,0
`FS101413,货道16,,,,,2.5,0,0
`FS101413,货道17,,,,,2.5,0,0
`FS101413,货道18,统一鲜橙多(CAN310ml),INTR767011663,饮料,3,2.5,0,0
`FS101413,货道19,,,,,4,0,0
`FS101413,货道20,王老吉凉茶(CAN310ml),INTR472012173,饮料,3.5,4,1,1
`FS101413,货道21,统一好料道[仙草凉茶](CAN310ml),INTR791011678,饮料,4,4,0,0
`FS101413,货道22,爱朵拉拿铁咖啡(CAN310ml),INTR459011637,饮料,4,4,0,0
`FS101413,货道23,统一绿茶[茉莉](PET500ml),INTR577011683,饮料,3,3,2,2
`FS101413,货道24,饮养四季[金桔柠檬](PET500ml),INTR372011680,饮料,3.5,3.5,10,10
`FS101413,货道25,统一饮养四季[冰糖雪梨](PET500ml),INTR56004726,饮料,3.5,3.5,14,14
`FS101413,货道26,小茗同学[青柠红茶](PET480ml),INTR297011693,饮料,5,5,6,6
`FS101413,货道27,统一冰红茶[柠檬](PET500ml),INTR894011688,饮料,3,3,8,8
`FS101413,货道28,统一冰红茶[柠檬](PET500ml),INTR894011688,饮料,3,3,7,7
`FS101413,货道29,焕神[热带水果风味]饮料(PET460ml),INTR583011691,饮料,5,5,12,12
`FS101413,货道30,统一冰绿茶[青梅绿茶](PET500ml),INTR469011681,饮料,3,3,9,9
`FS101413,货道31,统一鲜橙多(PET450ml),INTR910011664,饮料,3.5,3.5,2,2
`FS101413,货道32,统一鲜橙多(PET450ml),INTR910011664,饮料,3.5,3.5,0,0
`FS101413,货道33,海之言[柠檬](PET500ml),INTR039011682,饮料,4,4,3,3
`FS101413,货道34,海之言[柠檬](PET500ml),INTR039011682,饮料,4,4,3,3
`FS100795,货道1,可口可乐[自购版](CAN330ml),INTR121011635,饮料,3,2.5,14,14
`FS100795,货道2,可口可乐[自购版](CAN330ml),INTR121011635,饮料,3,2.5,6,6
`FS100795,货道3,统一蜜桃多(CAN310ml),INTR765012351,饮料,3,2.5,9,9
`FS100795,货道4,统一蜜桃多(CAN310ml),INTR765012351,饮料,3,2.5,1,1
`FS100795,货道5,雪碧[自购版](CAN330ml),INTR685011636,饮料,3,2.5,9,9
`FS100795,货道6,雪碧[自购版](CAN330ml),INTR685011636,饮料,3,2.5,4,4
`FS100795,货道7,怡宝[纯净水](PET555ml),INTR128012109,矿泉水,2,2,1,1
`FS100795,货道8,怡宝[纯净水](PET555ml),INTR128012109,矿泉水,2,2,3,3
`FS100795,货道9,雅哈[冰咖啡](PET450ml),INTR470011686,饮料,5.5,5.5,0,0
`FS100795,货道10,统一轻啵苏打水[柠檬味](PET500ml),INTR773011687,饮料,3.5,3.5,12,12
`FS100795,货道11,统一轻啵苏打水[柠檬味](PET500ml),INTR773011687,饮料,3.5,3.5,9,9
`FS100795,货道13,统一阿萨姆[奶茶原味](PET500ml),INTR230011689,饮料,4.5,4.5,8,8
`FS100795,货道14,,,,,4.5,0,0
`FS100795,货道15,统一阿萨姆[奶茶原味](PET500ml),INTR230011689,饮料,4.5,4.5,10,10
`FS100795,货道16,,,,,2.5,99999,99999
`FS100795,货道17,统一鲜橙多(CAN310ml),INTR767011663,饮料,3,2.5,13,13
`FS100795,货道18,统一鲜橙多(CAN310ml),INTR767011663,饮料,3,2.5,11,11
`FS100795,货道19,王老吉凉茶(CAN310ml),INTR472012173,饮料,3.5,4,9,9
`FS100795,货道20,王老吉凉茶(CAN310ml),INTR472012173,饮料,3.5,4,11,11
`FS100795,货道21,统一好料道[仙草凉茶](CAN310ml),INTR791011678,饮料,4,4,4,4
`FS100795,货道22,爱朵拉拿铁咖啡(CAN310ml),INTR459011637,饮料,4,4,10,10
`FS100795,货道23,统一绿茶[茉莉](PET500ml),INTR577011683,饮料,3,3,12,12
`FS100795,货道24,饮养四季[金桔柠檬](PET500ml),INTR372011680,饮料,3.5,3.5,11,11
`FS100795,货道25,统一饮养四季[冰糖雪梨](PET500ml),INTR56004726,饮料,3.5,3.5,11,11
`FS100795,货道26,小茗同学[青柠红茶](PET480ml),INTR297011693,饮料,5,5,9,9
`FS100795,货道27,统一冰红茶[柠檬](PET500ml),INTR894011688,饮料,3,3,3,3
`FS100795,货道28,统一冰红茶[柠檬](PET500ml),INTR894011688,饮料,3,3,6,6
`FS100795,货道29,焕神[热带水果风味]饮料(PET460ml),INTR583011691,饮料,5,5,13,13
`FS100795,货道30,统一冰绿茶[青梅绿茶](PET500ml),INTR469011681,饮料,3,3,16,16
`FS100795,货道31,统一鲜橙多(PET450ml),INTR910011664,饮料,3.5,3.5,12,12
`FS100795,货道32,统一鲜橙多(PET450ml),INTR910011664,饮料,3.5,3.5,6,6
`FS100795,货道33,海之言[柠檬](PET500ml),INTR039011682,饮料,4,4,1,1
`FS100795,货道34,海之言[柠檬](PET500ml),INTR039011682,饮料,4,4,0,0
`FS100642,货道1,可口可乐[自购版](CAN330ml),INTR121011635,饮料,3,2.5,16,16
`FS100642,货道2,可口可乐[自购版](CAN330ml),INTR121011635,饮料,3,2.5,10,10
`FS100642,货道3,统一蜜桃多(CAN310ml),INTR765012351,饮料,3,2.5,11,11
`FS100642,货道4,统一蜜桃多(CAN310ml),INTR765012351,饮料,3,2.5,13,13
`FS100642,货道5,雪碧[自购版](CAN330ml),INTR685011636,饮料,3,2.5,9,9
`FS100642,货道6,雪碧[自购版](CAN330ml),INTR685011636,饮料,3,2.5,0,0
`FS100642,货道7,怡宝[纯净水](PET555ml),INTR128012109,矿泉水,2,2,16,16
`FS100642,货道8,怡宝[纯净水](PET555ml),INTR128012109,矿泉水,2,2,14,14
`FS100642,货道9,雅哈[冰咖啡](PET450ml),INTR470011686,饮料,5.5,5.5,11,11
`FS100642,货道10,,,,,5,14,14
`FS100642,货道11,,,,,3.5,10,10
`FS100642,货道13,统一阿萨姆[奶茶原味](PET500ml),INTR230011689,饮料,4.5,4.5,10,10
`FS100642,货道14,,,,,,0,0
`FS100642,货道15,统一阿萨姆[奶茶原味](PET500ml),INTR230011689,饮料,4.5,4.5,13,13
`FS100642,货道16,,,,,,0,0
`FS100642,货道17,统一鲜橙多(CAN310ml),INTR767011663,饮料,3,2.5,11,11
`FS100642,货道18,统一鲜橙多(CAN310ml),INTR767011663,饮料,3,2.5,10,10
`FS100642,货道19,王老吉凉茶(CAN310ml),INTR472012173,饮料,3.5,4,8,8
`FS100642,货道20,王老吉凉茶(CAN310ml),INTR472012173,饮料,3.5,4,2,2
`FS100642,货道21,统一好料道[仙草凉茶](CAN310ml),INTR791011678,饮料,4,4,9,9
`FS100642,货道22,爱朵拉拿铁咖啡(CAN310ml),INTR459011637,饮料,4,4,10,10
`FS100642,货道23,统一绿茶[茉莉](PET500ml),INTR577011683,饮料,3,3,19,19
`FS100642,货道24,饮养四季[金桔柠檬](PET500ml),INTR372011680,饮料,3.5,3.5,16,16
`FS100642,货道25,统一饮养四季[冰糖雪梨](PET500ml),INTR56004726,饮料,3.5,3.5,13,13
`FS100642,货道26,小茗同学[青柠红茶](PET480ml),INTR297011693,饮料,5,5,11,11
`FS100642,货道27,统一冰红茶[柠檬](PET500ml),INTR894011688,饮料,3,3,10,10
`FS100642,货道28,统一冰红茶[柠檬](PET500ml),INTR894011688,饮料,3,3,6,6
`FS100642,货道29,焕神[热带水果风味]饮料(PET460ml),INTR583011691,饮料,5,5,14,14
`FS100642,货道30,统一冰绿茶[青梅绿茶](PET500ml),INTR469011681,饮料,3,3,11,11
`FS100642,货道31,统一鲜橙多(PET450ml),INTR910011664,饮料,3.5,3.5,16,16
`FS100642,货道32,统一鲜橙多(PET450ml),INTR910011664,饮料,3.5,3.5,13,13
`FS100642,货道33,海之言[柠檬](PET500ml),INTR039011682,饮料,4,4,9,9
`FS100642,货道34,海之言[柠檬](PET500ml),INTR039011682,饮料,4,4,7,7
`FS100638,货道1,可口可乐[自购版](CAN330ml),INTR121011635,饮料,3,2.5,3,3
`FS100638,货道2,可口可乐[自购版](CAN330ml),INTR121011635,饮料,3,2.5,0,0
`FS100638,货道3,统一蜜桃多(CAN310ml),INTR765012351,饮料,3,2.5,0,0
`FS100638,货道4,统一蜜桃多(CAN310ml),INTR765012351,饮料,3,2.5,0,0
`FS100638,货道5,雪碧[自购版](CAN330ml),INTR685011636,饮料,3,2.5,2,2
`FS100638,货道6,雪碧[自购版](CAN330ml),INTR685011636,饮料,3,2.5,0,0
`FS100638,货道7,怡宝[纯净水](PET555ml),INTR128012109,矿泉水,2,2,0,0
`FS100638,货道8,怡宝[纯净水](PET555ml),INTR128012109,矿泉水,2,2,0,0
`FS100638,货道9,雅哈[冰咖啡](PET450ml),INTR470011686,饮料,5.5,5.5,0,0
`FS100638,货道10,,,,,5,14,14
`FS100638,货道11,统一轻啵苏打水[柠檬味](PET500ml),INTR773011687,饮料,3.5,3.5,7,7
`FS100638,货道13,统一阿萨姆[奶茶原味](PET500ml),INTR230011689,饮料,4.5,4.5,3,3
`FS100638,货道14,,,,,,0,0
`FS100638,货道15,统一阿萨姆[奶茶原味](PET500ml),INTR230011689,饮料,4.5,4.5,0,0
`FS100638,货道16,,,,,,0,0
`FS100638,货道17,米源冰晶葡萄(CAN310ml),INTR290012105,饮料,2.5,2.5,8,8
`FS100638,货道18,米源冰晶葡萄(CAN310ml),INTR290012105,饮料,2.5,2.5,7,7
`FS100638,货道19,王老吉凉茶(CAN310ml),INTR472012173,饮料,3.5,4,7,7
`FS100638,货道20,王老吉凉茶(CAN310ml),INTR472012173,饮料,3.5,4,8,8
`FS100638,货道21,统一好料道[仙草凉茶](CAN310ml),INTR791011678,饮料,4,4,6,6
`FS100638,货道22,爱朵拉拿铁咖啡(CAN310ml),INTR459011637,饮料,4,4,0,0
`FS100638,货道23,统一绿茶[茉莉](PET500ml),INTR577011683,饮料,3,3,1,1
`FS100638,货道24,饮养四季[金桔柠檬](PET500ml),INTR372011680,饮料,3.5,3.5,1,1
`FS100638,货道25,统一饮养四季[冰糖雪梨](PET500ml),INTR56004726,饮料,3.5,3.5,0,0
`FS100638,货道26,小茗同学[青柠红茶](PET480ml),INTR297011693,饮料,5,5,7,7
`FS100638,货道27,统一冰红茶[柠檬](PET500ml),INTR894011688,饮料,3,3,5,5
`FS100638,货道28,统一冰红茶[柠檬](PET500ml),INTR894011688,饮料,3,3,4,4
`FS100638,货道29,焕神[热带水果风味]饮料(PET460ml),INTR583011691,饮料,5,5,6,6
`FS100638,货道30,统一冰绿茶[青梅绿茶](PET500ml),INTR469011681,饮料,3,3,178,178
`FS100638,货道31,统一鲜橙多(PET450ml),INTR910011664,饮料,3.5,3.5,0,0
`FS100638,货道32,统一鲜橙多(PET450ml),INTR910011664,饮料,3.5,3.5,0,0
`FS100638,货道33,海之言[柠檬](PET500ml),INTR039011682,饮料,4,4,0,0
`FS100638,货道34,海之言[柠檬](PET500ml),INTR039011682,饮料,4,4,0,0
`FS100637,货道1,可口可乐[自购版](CAN330ml),INTR121011635,饮料,3,2.5,13,13
`FS100637,货道2,可口可乐[自购版](CAN330ml),INTR121011635,饮料,3,2.5,13,13
`FS100637,货道3,统一蜜桃多(CAN310ml),INTR765012351,饮料,3,2.5,15,15
`FS100637,货道4,统一蜜桃多(CAN310ml),INTR765012351,饮料,3,2.5,12,12
`FS100637,货道5,雪碧[自购版](CAN330ml),INTR685011636,饮料,3,2.5,10,10
`FS100637,货道6,雪碧[自购版](CAN330ml),INTR685011636,饮料,3,2.5,7,7
`FS100637,货道7,怡宝[纯净水](PET555ml),INTR128012109,矿泉水,2,2,19,19
`FS100637,货道8,怡宝[纯净水](PET555ml),INTR128012109,矿泉水,2,2,17,17
`FS100637,货道9,雅哈[冰咖啡](PET450ml),INTR470011686,饮料,5.5,5.5,14,14
`FS100637,货道10,,,,,5,13,13
`FS100637,货道11,统一轻啵苏打水[柠檬味](PET500ml),INTR773011687,饮料,3.5,3.5,10,10
`FS100637,货道13,统一阿萨姆[奶茶原味](PET500ml),INTR230011689,饮料,4.5,4.5,18,18
`FS100637,货道14,,,,,,0,0
`FS100637,货道15,统一阿萨姆[奶茶原味](PET500ml),INTR230011689,饮料,4.5,4.5,16,16
`FS100637,货道16,,,,,,0,0
`FS100637,货道17,米源冰晶葡萄(CAN310ml),INTR290012105,饮料,2.5,2.5,12,12
`FS100637,货道18,米源冰晶葡萄(CAN310ml),INTR290012105,饮料,2.5,2.5,13,13
`FS100637,货道19,王老吉凉茶(CAN310ml),INTR472012173,饮料,3.5,4,11,11
`FS100637,货道20,王老吉凉茶(CAN310ml),INTR472012173,饮料,3.5,4,11,11
`FS100637,货道21,统一好料道[仙草凉茶](CAN310ml),INTR791011678,饮料,4,4,8,8
`FS100637,货道22,爱朵拉拿铁咖啡(CAN310ml),INTR459011637,饮料,4,4,10,10
`FS100637,货道23,统一绿茶[茉莉](PET500ml),INTR577011683,饮料,3,3,17,17
`FS100637,货道24,饮养四季[金桔柠檬](PET500ml),INTR372011680,饮料,3.5,3.5,17,17
`FS100637,货道25,统一饮养四季[冰糖雪梨](PET500ml),INTR56004726,饮料,3.5,3.5,15,15
`FS100637,货道26,小茗同学[青柠红茶](PET480ml),INTR297011693,饮料,5,5,12,12
`FS100637,货道27,统一冰红茶[柠檬](PET500ml),INTR894011688,饮料,3,3,10,10
`FS100637,货道28,统一冰红茶[柠檬](PET500ml),INTR894011688,饮料,3,3,8,8
`FS100637,货道29,焕神[热带水果风味]饮料(PET460ml),INTR583011691,饮料,5,5,18,18
`FS100637,货道30,统一冰绿茶[青梅绿茶](PET500ml),INTR469011681,饮料,3,3,17,17
`FS100637,货道31,统一鲜橙多(PET450ml),INTR910011664,饮料,3.5,3.5,16,16
`FS100637,货道32,统一鲜橙多(PET450ml),INTR910011664,饮料,3.5,3.5,13,13
`FS100637,货道33,海之言[柠檬](PET500ml),INTR039011682,饮料,4,4,11,11
`FS100637,货道34,海之言[柠檬](PET500ml),INTR039011682,饮料,4,4,8,8
`FS100645,货道1,可口可乐[自购版](CAN330ml),INTR121011635,饮料,3,2.5,16,16
`FS100645,货道2,可口可乐[自购版](CAN330ml),INTR121011635,饮料,3,2.5,5,5
`FS100645,货道3,统一蜜桃多(CAN310ml),INTR765012351,饮料,3,2.5,8,8
`FS100645,货道4,统一蜜桃多(CAN310ml),INTR765012351,饮料,3,2.5,5,5
`FS100645,货道5,雪碧[自购版](CAN330ml),INTR685011636,饮料,3,2.5,7,7
`FS100645,货道6,雪碧[自购版](CAN330ml),INTR685011636,饮料,3,2.5,7,7
`FS100645,货道7,怡宝[纯净水](PET555ml),INTR128012109,矿泉水,2,2,16,16
`FS100645,货道8,怡宝[纯净水](PET555ml),INTR128012109,矿泉水,2,2,13,13
`FS100645,货道9,雅哈[冰咖啡](PET450ml),INTR470011686,饮料,5.5,5.5,12,12
`FS100645,货道10,,,,,3.5,11,11
`FS100645,货道11,统一轻啵苏打水[柠檬味](PET500ml),INTR773011687,饮料,3.5,3.5,9,9
`FS100645,货道13,统一阿萨姆[奶茶原味](PET500ml),INTR230011689,饮料,4.5,4.5,6,6
`FS100645,货道14,,,,,,0,0
`FS100645,货道15,统一阿萨姆[奶茶原味](PET500ml),INTR230011689,饮料,4.5,4.5,0,0
`FS100645,货道16,,,,,,0,0
`FS100645,货道17,,,,,2.5,0,0
`FS100645,货道18,,,,,2.5,0,0
`FS100645,货道19,王老吉凉茶(CAN310ml),INTR472012173,饮料,3.5,4,9,9
`FS100645,货道20,王老吉凉茶(CAN310ml),INTR472012173,饮料,3.5,4,6,6
`FS100645,货道21,统一好料道[仙草凉茶](CAN310ml),INTR791011678,饮料,4,4,7,7
`FS100645,货道22,爱朵拉拿铁咖啡(CAN310ml),INTR459011637,饮料,4,4,10,10
`FS100645,货道23,统一绿茶[茉莉](PET500ml),INTR577011683,饮料,3,3,11,11
`FS100645,货道24,饮养四季[金桔柠檬](PET500ml),INTR372011680,饮料,3.5,3.5,9,9
`FS100645,货道25,统一饮养四季[冰糖雪梨](PET500ml),INTR56004726,饮料,3.5,3.5,15,15
`FS100645,货道26,小茗同学[青柠红茶](PET480ml),INTR297011693,饮料,5,5,11,11
`FS100645,货道27,统一冰红茶[柠檬](PET500ml),INTR894011688,饮料,3,3,10,10
`FS100645,货道28,统一冰红茶[柠檬](PET500ml),INTR894011688,饮料,3,3,0,0
`FS100645,货道29,焕神[热带水果风味]饮料(PET460ml),INTR583011691,饮料,5,5,16,16
`FS100645,货道30,统一冰绿茶[青梅绿茶](PET500ml),INTR469011681,饮料,3,3,8,8
`FS100645,货道31,统一鲜橙多(PET450ml),INTR910011664,饮料,3.5,3.5,10,10
`FS100645,货道32,统一鲜橙多(PET450ml),INTR910011664,饮料,3.5,3.5,6,6
`FS100645,货道33,海之言[柠檬](PET500ml),INTR039011682,饮料,4,4,8,8
`FS100645,货道34,海之言[柠檬](PET500ml),INTR039011682,饮料,4,4,3,3
`FS100622,货道1,可口可乐[自购版](CAN330ml),INTR121011635,饮料,3,2.5,5,5
`FS100622,货道2,可口可乐[自购版](CAN330ml),INTR121011635,饮料,3,2.5,0,0
`FS100622,货道3,统一蜜桃多(CAN310ml),INTR765012351,饮料,3,2.5,10,10
`FS100622,货道4,统一蜜桃多(CAN310ml),INTR765012351,饮料,3,2.5,8,8
`FS100622,货道5,雪碧[自购版](CAN330ml),INTR685011636,饮料,3,25,10,10
`FS100622,货道6,雪碧[自购版](CAN330ml),INTR685011636,饮料,3,2.5,4,4
`FS100622,货道7,怡宝[纯净水](PET555ml),INTR128012109,矿泉水,2,2,12,12
`FS100622,货道8,怡宝[纯净水](PET555ml),INTR128012109,矿泉水,2,2,8,8
`FS100622,货道9,雅哈[冰咖啡](PET450ml),INTR470011686,饮料,5.5,5.5,6,6
`FS100622,货道10,统一轻啵苏打水[柠檬味](PET500ml),INTR773011687,饮料,3.5,3.5,11,11
`FS100622,货道11,统一轻啵苏打水[柠檬味](PET500ml),INTR773011687,饮料,3.5,3.5,10,10
`FS100622,货道13,统一阿萨姆[奶茶原味](PET500ml),INTR230011689,饮料,4.5,4.5,14,14
`FS100622,货道14,,,,,,0,0
`FS100622,货道15,统一阿萨姆[奶茶原味](PET500ml),INTR230011689,饮料,4.5,4.5,14,14
`FS100622,货道16,,,,,,0,0
`FS100622,货道17,米源冰晶葡萄(CAN310ml),INTR290012105,饮料,2.5,2.5,7,7
`FS100622,货道18,米源冰晶葡萄(CAN310ml),INTR290012105,饮料,2.5,2.5,5,5
`FS100622,货道19,王老吉凉茶(CAN310ml),INTR472012173,饮料,3.5,4,11,11
`FS100622,货道20,王老吉凉茶(CAN310ml),INTR472012173,饮料,3.5,4,12,12
`FS100622,货道21,统一好料道[仙草凉茶](CAN310ml),INTR791011678,饮料,4,4,8,8
`FS100622,货道22,爱朵拉拿铁咖啡(CAN310ml),INTR459011637,饮料,4,4,8,8
`FS100622,货道23,统一绿茶[茉莉](PET500ml),INTR577011683,饮料,3,3,14,14
`FS100622,货道24,饮养四季[金桔柠檬](PET500ml),INTR372011680,饮料,3.5,3.5,5,5
`FS100622,货道25,统一饮养四季[冰糖雪梨](PET500ml),INTR56004726,饮料,3.5,3.5,14,14
`FS100622,货道26,小茗同学[青柠红茶](PET480ml),INTR297011693,饮料,5,5,13,13
`FS100622,货道27,统一冰红茶[柠檬](PET500ml),INTR894011688,饮料,3,3,8,8
`FS100622,货道28,统一冰红茶[柠檬](PET500ml),INTR894011688,饮料,3,3,6,6
`FS100622,货道29,焕神[热带水果风味]饮料(PET460ml),INTR583011691,饮料,5,5,16,16
`FS100622,货道30,统一冰绿茶[青梅绿茶](PET500ml),INTR469011681,饮料,3,3,17,17
`FS100622,货道31,统一鲜橙多(PET450ml),INTR910011664,饮料,3.5,3.5,8,8
`FS100622,货道32,统一鲜橙多(PET450ml),INTR910011664,饮料,3.5,3.5,9,9
`FS100622,货道33,海之言[柠檬](PET500ml),INTR039011682,饮料,4,4,7,7
`FS100622,货道34,海之言[柠檬](PET500ml),INTR039011682,饮料,4,4,3,3
`FS100521,货道1,可口可乐[自购版](CAN330ml),INTR121011635,饮料,3,2.5,15,15
`FS100521,货道2,可口可乐[自购版](CAN330ml),INTR121011635,饮料,3,2.5,14,14
`FS100521,货道3,统一蜜桃多(CAN310ml),INTR765012351,饮料,3,2.5,4,4
`FS100521,货道4,统一蜜桃多(CAN310ml),INTR765012351,饮料,3,2.5,11,11
`FS100521,货道5,雪碧[自购版](CAN330ml),INTR685011636,饮料,3,2.5,10,10
`FS100521,货道6,雪碧[自购版](CAN330ml),INTR685011636,饮料,3,2.5,8,8
`FS100521,货道7,怡宝[纯净水](PET555ml),INTR128012109,矿泉水,2,2,7,7
`FS100521,货道8,怡宝[纯净水](PET555ml),INTR128012109,矿泉水,2,2,4,4
`FS100521,货道9,雅哈[冰咖啡](PET450ml),INTR470011686,饮料,5.5,5.5,12,12
`FS100521,货道10,统一茶裏王[无糖台式乌龙茶](PET420ml),INTR904011685,饮料,5,5,14,14
`FS100521,货道11,统一轻啵苏打水[柠檬味](PET500ml),INTR773011687,饮料,3.5,3.5,7,7
`FS100521,货道13,统一阿萨姆[奶茶原味](PET500ml),INTR230011689,饮料,4.5,4.5,17,17
`FS100521,货道14,,,,,,0,0
`FS100521,货道15,统一阿萨姆[奶茶原味](PET500ml),INTR230011689,饮料,4.5,4.5,15,15
`FS100521,货道16,,,,,,0,0
`FS100521,货道17,米源冰晶葡萄(CAN310ml),INTR290012105,饮料,2.5,2.5,13,13
`FS100521,货道18,米源冰晶葡萄(CAN310ml),INTR290012105,饮料,2.5,2.5,12,12
`FS100521,货道19,王老吉凉茶(CAN310ml),INTR472012173,饮料,3.5,4,9,9
`FS100521,货道20,王老吉凉茶(CAN310ml),INTR472012173,饮料,3.5,4,12,12
`FS100521,货道21,统一好料道[仙草凉茶](CAN310ml),INTR791011678,饮料,4,4,9,9
`FS100521,货道22,统一好料道[仙草凉茶](CAN310ml),INTR791011678,饮料,4,4,9,9
`FS100521,货道23,统一绿茶[茉莉](PET500ml),INTR577011683,饮料,3,3,17,17
`FS100521,货道24,饮养四季[金桔柠檬](PET500ml),INTR372011680,饮料,3.5,3.5,14,14
`FS100521,货道25,统一饮养四季[冰糖雪梨](PET500ml),INTR56004726,饮料,3.5,3.5,12,12
`FS100521,货道26,小茗同学[青柠红茶](PET480ml),INTR297011693,饮料,5,5,9,9
`FS100521,货道27,统一冰红茶[柠檬](PET500ml),INTR894011688,饮料,3,3,10,10
`FS100521,货道28,统一冰红茶[柠檬](PET500ml),INTR894011688,饮料,3,3,1,1
`FS100521,货道29,焕神[热带水果风味]饮料(PET460ml),INTR583011691,饮料,5,5,19,19
`FS100521,货道30,统一冰绿茶[青梅绿茶](PET500ml),INTR469011681,饮料,3,3,12,12
`FS100521,货道31,统一鲜橙多(PET450ml),INTR910011664,饮料,3.5,3.5,11,11
`FS100521,货道32,统一鲜橙多(PET450ml),INTR910011664,饮料,3.5,3.5,11,11
`FS100521,货道33,海之言[柠檬](PET500ml),INTR039011682,饮料,4,4,6,6
`FS100521,货道34,海之言[柠檬](PET500ml),INTR039011682,饮料,4,4,7,7
`FS101414,货道1,可口可乐[自购版](CAN330ml),INTR121011635,饮料,3,2.5,0,0
`FS101414,货道2,可口可乐[自购版](CAN330ml),INTR121011635,饮料,3,2.5,0,0
`FS101414,货道3,统一蜜桃多(CAN310ml),INTR765012351,饮料,3,2.5,0,0
`FS101414,货道4,统一蜜桃多(CAN310ml),INTR765012351,饮料,3,2.5,0,0
`FS101414,货道5,雪碧[自购版](CAN330ml),INTR685011636,饮料,3,2.5,0,0
`FS101414,货道6,雪碧[自购版](CAN330ml),INTR685011636,饮料,3,2.5,0,0
`FS101414,货道7,怡宝[纯净水](PET555ml),INTR128012109,矿泉水,2,2,0,0
`FS101414,货道8,怡宝[纯净水](PET555ml),INTR128012109,矿泉水,2,2,3,3
`FS101414,货道9,雅哈[冰咖啡](PET450ml),INTR470011686,饮料,5.5,5.5,5,5
`FS101414,货道10,统一茶裏王[无糖台式乌龙茶](PET420ml),INTR904011685,饮料,5,5,5,5
`FS101414,货道11,统一轻啵苏打水[柠檬味](PET500ml),INTR773011687,饮料,3.5,3.5,5,5
`FS101414,货道13,统一阿萨姆[奶茶原味](PET500ml),INTR230011689,饮料,4.5,4.5,9,9
`FS101414,货道14,,,,,4.5,0,0
`FS101414,货道15,统一阿萨姆[奶茶原味](PET500ml),INTR230011689,饮料,4.5,4.5,1,1
`FS101414,货道16,,,,,5,0,0
`FS101414,货道17,统一鲜橙多(CAN310ml),INTR767011663,饮料,3,2.5,2,2
`FS101414,货道18,统一鲜橙多(CAN310ml),INTR767011663,饮料,3,2.5,2,2
`FS101414,货道19,王老吉凉茶(CAN310ml),INTR472012173,饮料,3.5,4,9,9
`FS101414,货道20,王老吉凉茶(CAN310ml),INTR472012173,饮料,3.5,4,4,4
`FS101414,货道21,统一好料道[仙草凉茶](CAN310ml),INTR791011678,饮料,4,4,6,6
`FS101414,货道22,爱朵拉拿铁咖啡(CAN310ml),INTR459011637,饮料,4,4,2,2
`FS101414,货道23,统一绿茶[茉莉](PET500ml),INTR577011683,饮料,3,3,5,5
`FS101414,货道24,饮养四季[金桔柠檬](PET500ml),INTR372011680,饮料,3.5,3.5,11,11
`FS101414,货道25,统一饮养四季[冰糖雪梨](PET500ml),INTR56004726,饮料,3.5,3.5,9,9
`FS101414,货道26,小茗同学[青柠红茶](PET480ml),INTR297011693,饮料,5,5,11,11
`FS101414,货道27,统一冰红茶[柠檬](PET500ml),INTR894011688,饮料,3,3,3,3
`FS101414,货道28,统一冰红茶[柠檬](PET500ml),INTR894011688,饮料,3,3,4,4
`FS101414,货道29,焕神[热带水果风味]饮料(PET460ml),INTR583011691,饮料,5,5,6,6
`FS101414,货道30,统一冰绿茶[青梅绿茶](PET500ml),INTR469011681,饮料,3,3,13,13
`FS101414,货道31,统一鲜橙多(PET450ml),INTR910011664,饮料,3.5,3.5,7,7
`FS101414,货道32,统一鲜橙多(PET450ml),INTR910011664,饮料,3.5,3.5,6,6
`FS101414,货道33,海之言[柠檬](PET500ml),INTR039011682,饮料,4,4,12,12
`FS101414,货道34,海之言[柠檬](PET500ml),INTR039011682,饮料,4,4,2,2
`FS100941,货道1,统一好料道[仙草凉茶](CAN310ml),INTR791011678,饮料,4,4,99993,99993
`FS100941,货道2,统一好料道[仙草凉茶](CAN310ml),INTR791011678,饮料,4,4,99996,99996
`FS100941,货道3,统一好料道[仙草凉茶](CAN310ml),INTR791011678,饮料,4,4,99994,99994
`FS100941,货道4,统一好料道[仙草凉茶](CAN310ml),INTR791011678,饮料,4,4,99998,99998
`FS100941,货道5,统一好料道[仙草凉茶](CAN310ml),INTR791011678,饮料,4,4,99995,99995
`FS100941,货道6,统一好料道[仙草凉茶](CAN310ml),INTR791011678,饮料,4,4,99993,99993
`FS100941,货道7,统一阿萨姆[奶茶原味](PET500ml),INTR230011689,饮料,4.5,4.5,99963,99963
`FS100941,货道8,统一阿萨姆[奶茶原味](PET500ml),INTR230011689,饮料,4.5,4.5,99965,99965
`FS100941,货道9,统一冰红茶[柠檬](PET500ml),INTR894011688,饮料,3,3,99957,99957
`FS100941,货道10,统一冰红茶[柠檬](PET500ml),INTR894011688,饮料,3,3,99947,99947
`FS100941,货道11,统一冰绿茶[青梅绿茶](PET500ml),INTR469011681,饮料,3,3,99956,99956
`FS100941,货道13,统一冰绿茶[青梅绿茶](PET500ml),INTR469011681,饮料,3,3,99987,99987
`FS100941,货道14,,,,,,0,0
`FS100941,货道16,,,,,,0,0
`FS100941,货道17,小茗同学[青柠红茶](PET480ml),INTR297011693,饮料,5,5,99965,99965
`FS100941,货道19,百事可乐(PET600ml),INTR065012794,饮料,3.5,3,99950,99950
`FS100941,货道21,百事可乐(PET600ml),INTR065012794,饮料,3.5,3,99960,99960
`FS100941,货道23,焕神[热带水果风味]饮料(PET460ml),INTR583011691,饮料,5,5,99992,99992
`FS100941,货道24,饮养四季[金桔柠檬](PET500ml),INTR372011680,饮料,3.5,3.5,99969,99969
`FS100941,货道25,饮养四季[金桔柠檬](PET500ml),INTR372011680,饮料,3.5,3.5,99974,99974
`FS100941,货道26,统一轻啵苏打水[柠檬味](PET500ml),INTR773011687,饮料,3.5,3.5,99980,99980
`FS100941,货道27,统一轻啵苏打水[柠檬味](PET500ml),INTR773011687,饮料,3.5,3.5,99975,99975
`FS100941,货道28,统一饮养四季[冰糖雪梨](PET500ml),INTR56004726,饮料,3.5,3.5,99962,99962
`FS100941,货道29,统一绿茶[茉莉](PET500ml),INTR577011683,饮料,3,3,99964,99964
`FS100941,货道30,统一绿茶[茉莉](PET500ml),INTR577011683,饮料,3,3,99981,99981
`FS100941,货道31,怡宝[纯净水](PET555ml),INTR128012109,矿泉水,2,2,99939,99939
`FS100941,货道32,怡宝[纯净水](PET555ml),INTR128012109,矿泉水,2,2,99948,99948
`FS100941,货道33,怡宝[纯净水](PET555ml),INTR128012109,矿泉水,2,2,99947,99947
`FS100941,货道34,怡宝[纯净水](PET555ml),INTR128012109,矿泉水,2,2,99963,99963
`FS100911,货道1,米源冰晶葡萄(CAN310ml),INTR290012105,饮料,2.5,2.5,99998,99998
`FS100911,货道2,米源冰晶葡萄(CAN310ml),INTR290012105,饮料,2.5,2.5,99998,99998
`FS100911,货道3,米源冰晶葡萄(CAN310ml),INTR290012105,饮料,2.5,2.5,99998,99998
`FS100911,货道4,米源冰晶葡萄(CAN310ml),INTR290012105,饮料,2.5,2.5,99999,99999
`FS100911,货道5,米源冰晶葡萄(CAN310ml),INTR290012105,饮料,2.5,2.5,99999,99999
`FS100911,货道6,米源冰晶葡萄(CAN310ml),INTR290012105,饮料,2.5,2.5,99999,99999
`FS100911,货道7,焕神[热带水果风味]饮料(PET460ml),INTR583011691,饮料,5,5,99994,99994
`FS100911,货道8,统一阿萨姆[奶茶原味](PET500ml),INTR230011689,饮料,4.5,4.5,99978,99978
`FS100911,货道9,海之言[柠檬](PET500ml),INTR039011682,饮料,4,4,99983,99983
`FS100911,货道10,饮养四季[金桔柠檬](PET500ml),INTR372011680,饮料,3.5,3.5,99985,99985
`FS100911,货道11,统一轻啵苏打水[柠檬味](PET500ml),INTR773011687,饮料,3.5,3.5,99995,99995
`FS100911,货道13,统一冰绿茶[青梅绿茶](PET500ml),INTR469011681,饮料,3,3,99973,99973
`FS100911,货道14,,,,,,0,0
`FS100911,货道15,统一阿萨姆[奶茶原味](PET500ml),INTR230011689,饮料,4.5,4.5,99983,99983
`FS100911,货道16,,,,,,0,0
`FS100911,货道17,海之言[柠檬](PET500ml),INTR039011682,饮料,4,4,99965,99965
`FS100911,货道19,百事可乐(PET500ml),INTR859012793,饮料,3.5,3,99984,99984
`FS100911,货道21,百事可乐(PET600ml),INTR065012794,饮料,3.5,3,99961,99961
`FS100911,货道23,统一轻啵苏打水[柠檬味](PET500ml),INTR773011687,饮料,3.5,3.5,99994,99994
`FS100911,货道24,统一轻啵苏打水[柠檬味](PET500ml),INTR773011687,饮料,3.5,3.5,99991,99991
`FS100911,货道25,统一饮养四季[冰糖雪梨](PET500ml),INTR56004726,饮料,3.5,3.5,99975,99975
`FS100911,货道26,统一冰绿茶[青梅绿茶](PET500ml),INTR469011681,饮料,3,3,99977,99977
`FS100911,货道27,统一鲜橙多(PET450ml),INTR910011664,饮料,3.5,3.5,99976,99976
`FS100911,货道28,统一鲜橙多(PET450ml),INTR910011664,饮料,3.5,3.5,99977,99977
`FS100911,货道29,小茗同学[青柠红茶](PET480ml),INTR297011693,饮料,5,5,99976,99976
`FS100911,货道30,统一鲜橙多(PET450ml),INTR910011664,饮料,3.5,3.5,99986,99986
`FS100911,货道31,怡宝[纯净水](PET555ml),INTR128012109,矿泉水,2,2,99975,99975
`FS100911,货道32,怡宝[纯净水](PET555ml),INTR128012109,矿泉水,2,2,99978,99978
`FS100911,货道33,怡宝[纯净水](PET555ml),INTR128012109,矿泉水,2,2,99980,99980
`FS100911,货道34,怡宝[纯净水](PET555ml),INTR128012109,矿泉水,2,2,99981,99981
`FS100889,货道1,统一冰红茶(CAN310ml),INTR115011662,饮料,2.5,2.5,99993,99993
`FS100889,货道2,统一冰红茶(CAN310ml),INTR115011662,饮料,2.5,2.5,99991,99991
`FS100889,货道3,统一好料道[仙草凉茶](CAN310ml),INTR791011678,饮料,4,4,99995,99995
`FS100889,货道4,统一好料道[仙草凉茶](CAN310ml),INTR791011678,饮料,4,4,99996,99996
`FS100889,货道5,统一好料道[仙草凉茶](CAN310ml),INTR791011678,饮料,4,4,99997,99997
`FS100889,货道6,统一好料道[仙草凉茶](CAN310ml),INTR791011678,饮料,4,4,99996,99996
`FS100889,货道7,统一冰红茶[柠檬](PET500ml),INTR894011688,饮料,3,3,99888,99888
`FS100889,货道8,海之言[柠檬](PET500ml),INTR039011682,饮料,4,4,99921,99921
`FS100889,货道9,统一绿茶[茉莉](PET500ml),INTR577011683,饮料,3,3,99930,99930
`FS100889,货道10,统一绿茶[茉莉](PET500ml),INTR577011683,饮料,3,3,99958,99958
`FS100889,货道11,农夫山泉力量帝维他命水(PET500ml),INTR911012108,饮料,5,5,99937,99937
`FS100889,货道13,统一阿萨姆[奶茶原味](PET500ml),INTR230011689,饮料,4.5,4.5,99976,99976
`FS100889,货道14,,,,,,0,0
`FS100889,货道15,统一阿萨姆[奶茶原味](PET500ml),INTR230011689,饮料,4.5,4.5,99968,99968
`FS100889,货道16,,,,,,0,0
`FS100889,货道17,小茗同学[青柠红茶](PET480ml),INTR297011693,饮料,5,5,99967,99967
`FS100889,货道19,可口可乐(PET500ml),INTR310011684,饮料,3.5,3,99972,99972
`FS100889,货道21,可口可乐(PET500ml),INTR310011684,饮料,3.5,3,99974,99974
`FS100889,货道23,统一冰绿茶[青梅绿茶](PET500ml),INTR469011681,饮料,3,3,99952,99952
`FS100889,货道24,饮养四季[金桔柠檬](PET500ml),INTR372011680,饮料,3.5,3.5,99969,99969
`FS100889,货道25,统一鲜橙多(PET450ml),INTR910011664,饮料,3.5,3.5,99947,99947
`FS100889,货道26,统一鲜橙多(PET450ml),INTR910011664,饮料,3.5,3.5,99965,99965
`FS100889,货道27,统一饮养四季[冰糖雪梨](PET500ml),INTR56004726,饮料,3.5,3.5,99964,99964
`FS100889,货道28,统一轻啵苏打水[柠檬味](PET500ml),INTR773011687,饮料,3.5,3.5,99965,99965
`FS100889,货道29,焕神[热带水果风味]饮料(PET460ml),INTR583011691,饮料,5,5,99990,99990
`FS100889,货道30,统一冰红茶[柠檬](PET500ml),INTR894011688,饮料,3,3,99954,99954
`FS100889,货道31,海之言[柠檬](PET500ml),INTR039011682,饮料,4,4,99969,99969
`FS100889,货道32,农夫山泉(PET550ml),INTR993012106,矿泉水,2,2,99958,99958
`FS100889,货道33,农夫山泉(PET550ml),INTR993012106,矿泉水,2,2,99965,99965
`FS100889,货道34,农夫山泉(PET550ml),INTR993012106,矿泉水,2,2,99971,99971
`FS100167,货道1,,,,,,0,0
`FS100167,货道2,统一冰红茶(CAN310ml),INTR115011662,饮料,2.5,2.5,99991,99991
`FS100167,货道3,统一冰绿茶[青梅绿茶](CAN310ml),INTG116100075,饮料,2.5,2.5,99999,99999
`FS100167,货道4,统一冰绿茶[青梅绿茶](CAN310ml),INTG116100075,饮料,2.5,2.5,99998,99998
`FS100167,货道5,统一冰红茶(CAN310ml),INTR115011662,饮料,2.5,2.5,99997,99997
`FS100167,货道6,统一鲜橙多(CAN310ml),INTR767011663,饮料,3,3,99998,99998
`FS100167,货道7,统一阿萨姆[奶茶原味](PET500ml),INTR230011689,饮料,4.5,4.5,99999,99999
`FS100167,货道8,统一阿萨姆[奶茶原味](PET500ml),INTR230011689,饮料,4.5,4.5,99998,99998
`FS100167,货道9,统一绿茶[茉莉](PET500ml),INTR577011683,饮料,3,3,99998,99998
`FS100167,货道10,统一绿茶[茉莉](PET500ml),INTR577011683,饮料,3,3,99999,99999
`FS100167,货道11,统一绿茶[茉莉](PET500ml),INTR577011683,饮料,3,3,99999,99999
`FS100167,货道12,,,,,,0,0
`FS100167,货道13,统一阿萨姆[奶茶原味](PET500ml),INTR230011689,饮料,4.5,4.5,99999,99999
`FS100167,货道14,,,,,,0,0
`FS100167,货道15,小茗同学[溜溜哒茶](PET480ml),INTR973011692,饮料,5,5,99999,99999
`FS100167,货道16,,,,,,0,0
`FS100167,货道17,小茗同学[溜溜哒茶](PET480ml),INTR973011692,饮料,5,5,99999,99999
`FS100167,货道18,,,,,,0,0
`FS100167,货道19,百岁山矿泉水(PET570ml),INTR168013121,矿泉水,3,3,99999,99999
`FS100167,货道20,,,,,,0,0
`FS100167,货道21,百岁山矿泉水(PET570ml),INTR168013121,矿泉水,3,3,99999,99999
`FS100167,货道22,,,,,,0,0
`FS100167,货道23,统一鲜橙多(PET450ml),INTR910011664,饮料,3.5,3.5,99998,99998
`FS100167,货道24,统一鲜橙多(PET450ml),INTR910011664,饮料,3.5,3.5,99999,99999
`FS100167,货道25,统一冰红茶[柠檬](PET500ml),INTR894011688,饮料,3,3,99997,99997
`FS100167,货道26,统一冰红茶[柠檬](PET500ml),INTR894011688,饮料,3,3,99999,99999
`FS100167,货道27,统一绿茶[茉莉](PET500ml),INTR577011683,饮料,3,3,99999,99999
`FS100167,货道28,统一绿茶[茉莉](PET500ml),INTR577011683,饮料,3,3,99999,99999
`FS100167,货道29,焕神[热带水果风味]饮料(PET460ml),INTR583011691,饮料,5,5,99999,99999
`FS100167,货道30,焕神[热带水果风味]饮料(PET460ml),INTR583011691,饮料,5,5,99999,99999
`FS100167,货道31,王老吉无糖凉茶植物饮料(PET500ml),INTR543012200,饮料,5,5,99998,99998
`FS100167,货道32,王老吉无糖凉茶植物饮料(PET500ml),INTR543012200,饮料,5,5,99999,99999
`FS100167,货道33,小茗同学[冰橘绿茶](PET480ml),INTR001012220,饮料,5,5,99998,99998
`FS100167,货道34,小茗同学[冰橘绿茶](PET480ml),INTR001012220,饮料,5,5,99999,99999
`FS101421,货道1,统一鲜橙多(CAN310ml),INTR767011663,饮料,3,3,99973,99973
`FS101421,货道2,统一鲜橙多(CAN310ml),INTR767011663,饮料,3,3,99954,99954
`FS101421,货道3,银鹭八宝粥[桂圆莲子](CAN360g),INTR760012867,食品,3.5,4,99739,99739
`FS101421,货道4,小野[芒果汁](CAN245ml),INTR457012418,饮料,3,3,99973,99973
`FS101421,货道5,统一冰红茶(CAN310ml),INTR115011662,饮料,2.5,2.5,99901,99901
`FS101421,货道6,爱朵拉拿铁咖啡(CAN310ml),INTR459011637,饮料,4,4,99948,99948
`FS101421,货道7,统一绿茶[茉莉](PET500ml),INTR577011683,饮料,3,3,99649,99649
`FS101421,货道8,统一冰绿茶[青梅绿茶](PET500ml),INTR469011681,饮料,3,3,99615,99615
`FS101421,货道9,农夫茶π蜜桃乌龙茶(PET500ml),INTR930012870,饮料,5,5,99755,99755
`FS101421,货道10,怡宝[纯净水](PET555ml),INTR128012109,矿泉水,2,2,99647,99647
`FS101421,货道11,统一饮养四季[冰糖雪梨](PET500ml),INTR56004726,饮料,3.5,3.5,99936,99936
`FS101421,货道13,佳得乐蓝莓味(PET600ml),INTR575013578,饮料,5,4,99641,99641
`FS101421,货道15,统一冰红茶[柠檬](PET500ml),INTR894011688,饮料,3,3,99772,99772
`FS101421,货道17,统一冰红茶[柠檬](PET500ml),INTR894011688,饮料,3,3,99697,99697
`FS101421,货道19,统一冰红茶[柠檬](PET500ml),INTR894011688,饮料,3,3,99736,99736
`FS101421,货道21,饮养四季[金桔柠檬](PET500ml),INTR372011680,饮料,3.5,3.5,99896,99896
`FS101421,货道23,统一阿萨姆[奶茶原味](PET500ml),INTR230011689,饮料,4.5,4,99856,99856
`FS101421,货道24,统一奶茶[煎茶奶绿](PET450ml),INTR753012421,饮料,4.5,4,99912,99912
`FS101421,货道25,统一阿萨姆[岩盐芝士](PET450ml),INTR635012426,饮料,4.5,4,99843,99843
`FS101421,货道26,统一阿萨姆[奶茶原味](PET500ml),INTR230011689,饮料,4.5,4,99766,99766
`FS101421,货道27,雅哈[冰咖啡](PET450ml),INTR470011686,饮料,5.5,5.5,99847,99847
`FS101421,货道28,统一鲜橙多(PET450ml),INTR910011664,饮料,3.5,3.5,99880,99880
`FS101421,货道29,统一鲜橙多(PET450ml),INTR910011664,饮料,3.5,3.5,99838,99838
`FS101421,货道30,农夫山泉力量帝维他命水(PET500ml),INTR911012108,饮料,5,5,99928,99928
`FS101421,货道31,小茗同学[溜溜哒茶](PET480ml),INTR973011692,饮料,5,5,99942,99942
`FS101421,货道32,纯果乐果缤纷[蜜桃樱桃味](PET450ml),INTR711013122,饮料,4,4,99920,99920
`FS101421,货道33,海之言[柠檬](PET500ml),INTR039011682,饮料,4,4,99888,99888
`FS101421,货道34,焕神[热带水果风味]饮料(PET460ml),INTR583011691,饮料,5,5,99937,99937
`FS101437,货道1,统一鲜橙多(CAN310ml),INTR767011663,饮料,3,3,99995,99995
`FS101437,货道2,统一鲜橙多(CAN310ml),INTR767011663,饮料,3,3,99987,99987
`FS101437,货道3,银鹭八宝粥[桂圆莲子](CAN360g),INTR760012867,食品,3.5,4,99775,99775
`FS101437,货道4,小野[芒果汁](CAN245ml),INTR457012418,饮料,3,3,99946,99946
`FS101437,货道5,统一冰红茶(CAN310ml),INTR115011662,饮料,2.5,2.5,99892,99892
`FS101437,货道6,爱朵拉拿铁咖啡(CAN310ml),INTR459011637,饮料,4,4,99952,99952
`FS101437,货道7,统一绿茶[茉莉](PET500ml),INTR577011683,饮料,3,3,99693,99693
`FS101437,货道8,统一冰绿茶[青梅绿茶](PET500ml),INTR469011681,饮料,3,3,99653,99653
`FS101437,货道9,农夫茶π蜜桃乌龙茶(PET500ml),INTR930012870,饮料,5,5,99810,99810
`FS101437,货道10,怡宝[纯净水](PET555ml),INTR128012109,矿泉水,2,2,99784,99784
`FS101437,货道11,统一饮养四季[冰糖雪梨](PET500ml),INTR56004726,饮料,3.5,3.5,99937,99937
`FS101437,货道13,佳得乐蓝莓味(PET600ml),INTR575013578,饮料,5,4,99717,99717
`FS101437,货道15,统一冰红茶[柠檬](PET500ml),INTR894011688,饮料,3,3,99793,99793
`FS101437,货道17,统一冰红茶[柠檬](PET500ml),INTR894011688,饮料,3,3,99713,99713
`FS101437,货道19,统一冰红茶[柠檬](PET500ml),INTR894011688,饮料,3,3,99754,99754
`FS101437,货道21,饮养四季[金桔柠檬](PET500ml),INTR372011680,饮料,3.5,3.5,99897,99897
`FS101437,货道23,统一阿萨姆[奶茶原味](PET500ml),INTR230011689,饮料,4.5,4,99827,99827
`FS101437,货道24,统一奶茶[煎茶奶绿](PET450ml),INTR753012421,饮料,4.5,4,99905,99905
`FS101437,货道25,统一阿萨姆[岩盐芝士](PET450ml),INTR635012426,饮料,4.5,4,99846,99846
`FS101437,货道26,统一阿萨姆[奶茶原味](PET500ml),INTR230011689,饮料,4.5,4,99779,99779
`FS101437,货道27,雅哈[冰咖啡](PET450ml),INTR470011686,饮料,5.5,5.5,99896,99896
`FS101437,货道28,统一鲜橙多(PET450ml),INTR910011664,饮料,3.5,3.5,99881,99881
`FS101437,货道29,统一鲜橙多(PET450ml),INTR910011664,饮料,3.5,3.5,99841,99841
`FS101437,货道30,农夫山泉力量帝维他命水(PET500ml),INTR911012108,饮料,5,5,99916,99916
`FS101437,货道31,小茗同学[溜溜哒茶](PET480ml),INTR973011692,饮料,5,5,99934,99934
`FS101437,货道32,纯果乐果缤纷[蜜桃樱桃味](PET450ml),INTR711013122,饮料,4,4,99946,99946
`FS101437,货道33,海之言[柠檬](PET500ml),INTR039011682,饮料,4,4,99908,99908
`FS101437,货道34,焕神[热带水果风味]饮料(PET460ml),INTR583011691,饮料,5,5,99952,99952
`FS100891,货道1,王老吉凉茶(CAN310ml),INTR472012173,饮料,3.5,3.5,99988,99988
`FS100891,货道2,统一奶茶[麦香](CAN310ml),106623,开门柜,5,4,99999,99999
`FS100891,货道3,统一鲜橙多(CAN310ml),INTR767011663,饮料,3,3,9966,9966
`FS100891,货道4,娃哈哈桂圆莲子八宝粥(CAN360ml),INTR218012884,食品,4,4,99965,99965
`FS100891,货道5,统一奶茶[麦香](CAN310ml),106623,开门柜,5,4,99999,99999
`FS100891,货道6,怡宝火咖[意式倍醇](CAN280ml),INTR284012885,饮料,4,4,9974,9974
`FS100891,货道7,统一阿萨姆[奶茶原味](PET500ml),INTR230011689,饮料,4.5,4.5,99999,99999
`FS100891,货道8,统一阿萨姆[奶茶原味](PET500ml),INTR230011689,饮料,4.5,4.5,99884,99884
`FS100891,货道9,统一阿萨姆[奶茶原味](PET500ml),INTR230011689,饮料,4.5,4.5,99920,99920
`FS100891,货道10,统一阿萨姆[奶茶原味](PET500ml),INTR230011689,饮料,4.5,4.5,99896,99896
`FS100891,货道11,统一阿萨姆[奶茶原味](PET500ml),INTR230011689,饮料,4.5,4.5,99915,99915
`FS100891,货道13,小茗同学[溜溜哒茶](PET480ml),INTR973011692,饮料,5,5,99920,99920
`FS100891,货道15,可口可乐[自购版](PET500ml),INTR724012203,饮料,3.5,3.5,99849,99849
`FS100891,货道17,雅哈[冰咖啡](PET450ml),INTR470011686,饮料,5.5,5.5,99899,99899
`FS100891,货道19,小茗同学[溜溜哒茶](PET480ml),INTR973011692,饮料,5,5,99977,99977
`FS100891,货道21,小茗同学[溜溜哒茶](PET480ml),INTR973011692,饮料,5,5,99982,99982
`FS100891,货道23,统一冰红茶[柠檬](PET500ml),INTR894011688,饮料,3,3,99891,99891
`FS100891,货道24,焕神[热带水果风味]饮料(PET460ml),INTR583011691,饮料,5,5,99920,99920
`FS100891,货道25,海之言[柠檬](PET500ml),INTR039011682,饮料,4,4,99941,99941
`FS100891,货道26,小茗同学[溜溜哒茶](PET480ml),INTR973011692,饮料,5,5,99964,99964
`FS100891,货道27,农夫山泉(PET550ml),INTR993012106,矿泉水,2,2,99931,99931
`FS100891,货道28,农夫山泉(PET550ml),INTR993012106,矿泉水,2,2,99938,99938
`FS100891,货道29,海之言[柠檬](PET500ml),INTR039011682,饮料,4,4,99954,99954
`FS100891,货道30,海之言[柠檬](PET500ml),INTR039011682,饮料,4,4,99978,99978
`FS100891,货道31,焕神[热带水果风味]饮料(PET460ml),INTR583011691,饮料,5,5,99906,99906
`FS100891,货道32,统一绿茶[茉莉](PET500ml),INTR577011683,饮料,3,3,99906,99906
`FS100891,货道33,统一绿茶[茉莉](PET500ml),INTR577011683,饮料,3,3,99981,99981
`FS100891,货道34,农夫山泉(PET550ml),INTR993012106,矿泉水,2,2,99939,99939
`FS100863,货道1,统一鲜橙多(CAN310ml),INTR767011663,饮料,3,3,99923,99923
`FS100863,货道2,怡宝火咖[意式倍醇](CAN280ml),INTR284012885,饮料,4,4,99959,99959
`FS100863,货道3,红牛金罐(CAN250ml),INTR442012892,饮料,6,6.5,99918,99918
`FS100863,货道4,红牛金罐(CAN250ml),INTR442012892,饮料,6,6.5,99927,99927
`FS100863,货道5,可口可乐[自购版](CAN330ml),INTR121011635,饮料,3,3,99992,99992
`FS100863,货道6,统一鲜橙多(CAN310ml),INTR767011663,饮料,3,3,99968,99968
`FS100863,货道7,雅哈[冰咖啡](PET450ml),INTR470011686,饮料,5.5,5.5,99892,99892
`FS100863,货道8,统一阿萨姆[奶茶原味](PET500ml),INTR230011689,饮料,4.5,4.5,99870,99870
`FS100863,货道9,统一阿萨姆[奶茶原味](PET500ml),INTR230011689,饮料,4.5,4.5,99889,99889
`FS100863,货道10,统一阿萨姆[奶茶原味](PET500ml),INTR230011689,饮料,4.5,4.5,99911,99911
`FS100863,货道11,统一阿萨姆[奶茶原味](PET500ml),INTR230011689,饮料,4.5,4.5,99923,99923
`FS100863,货道13,雅哈[冰咖啡](PET450ml),INTR470011686,饮料,5.5,5.5,99901,99901
`FS100863,货道14,,,,,,0,0
`FS100863,货道15,营养快线香草冰淇淋味(PET450ml),INTR356012839,饮料,5,5,99908,99908
`FS100863,货道16,,,,,,0,0
`FS100863,货道17,营养快线香草冰淇淋味(PET450ml),INTR356012839,饮料,5,5,99911,99911
`FS100863,货道19,可口可乐[自购版](PET500ml),INTR724012203,饮料,3.5,3.5,99875,99875
`FS100863,货道21,可口可乐[自购版](PET500ml),INTR724012203,饮料,3.5,3.5,99902,99902
`FS100863,货道23,焕神[热带水果风味]饮料(PET460ml),INTR583011691,饮料,5,5,99864,99864
`FS100863,货道24,统一绿茶[茉莉](PET500ml),INTR577011683,饮料,3,3,99855,99855
`FS100863,货道25,统一绿茶[茉莉](PET500ml),INTR577011683,饮料,3,3,99854,99854
`FS100863,货道26,统一鲜橙多(PET450ml),INTR910011664,饮料,3.5,3.5,99888,99888
`FS100863,货道27,统一鲜橙多(PET450ml),INTR910011664,饮料,3.5,3.5,99960,99960
`FS100863,货道28,统一鲜橙多(PET450ml),INTR910011664,饮料,3.5,3.5,99926,99926
`FS100863,货道29,焕神[热带水果风味]饮料(PET460ml),INTR583011691,饮料,5,5,99878,99878
`FS100863,货道30,海之言[柠檬](PET500ml),INTR039011682,饮料,4,4,99924,99924
`FS100863,货道31,海之言[柠檬](PET500ml),INTR039011682,饮料,4,4,99929,99929
`FS100863,货道32,小茗同学[溜溜哒茶](PET480ml),INTR973011692,饮料,5,5,99917,99917
`FS100863,货道33,小茗同学[溜溜哒茶](PET480ml),INTR973011692,饮料,5,5,99927,99927
`FS100863,货道34,小茗同学[溜溜哒茶](PET480ml),INTR973011692,饮料,5,5,99942,99942
`FS100470,货道1,统一鲜橙多(CAN310ml),INTR767011663,饮料,3,3,99817,99817
`FS100470,货道2,统一鲜橙多(CAN310ml),INTR767011663,饮料,3,3,99803,99803
`FS100470,货道3,红牛金罐(CAN250ml),INTR442012892,饮料,6,6,99793,99793
`FS100470,货道4,李子园果蔬酸奶(PET280ml),INTR644012893,饮料,5.5,5,99906,99906
`FS100470,货道5,娃哈哈桂圆莲子八宝粥(CAN360ml),INTR218012884,食品,4,4,99918,99918
`FS100470,货道6,娃哈哈桂圆莲子八宝粥(CAN360ml),INTR218012884,食品,4,4,99898,99898
`FS100470,货道7,焕神[热带水果风味]饮料(PET460ml),INTR583011691,饮料,5,5,99981,99981
`FS100470,货道8,雅哈[冰咖啡](PET450ml),INTR470011686,饮料,5.5,5.5,99655,99655
`FS100470,货道9,营养快线香草冰淇淋味(PET450ml),INTR356012839,饮料,5,5,99651,99651
`FS100470,货道10,达利园乐虎(PET350ml),INTR889012197,饮料,5,5.5,99712,99712
`FS100470,货道11,雅哈[冰咖啡](PET450ml),INTR470011686,饮料,5.5,5.5,99831,99831
`FS100470,货道13,统一阿萨姆[奶茶原味](PET500ml),INTR230011689,饮料,4.5,4.5,99631,99631
`FS100470,货道15,统一阿萨姆[奶茶原味](PET500ml),INTR230011689,饮料,4.5,4.5,99705,99705
`FS100470,货道17,统一阿萨姆[奶茶原味](PET500ml),INTR230011689,饮料,4.5,4.5,99718,99718
`FS100470,货道19,统一阿萨姆[奶茶原味](PET500ml),INTR230011689,饮料,4.5,4.5,99760,99760
`FS100470,货道21,统一阿萨姆[奶茶原味](PET500ml),INTR230011689,饮料,4.5,4.5,99737,99737
`FS100470,货道23,焕神[热带水果风味]饮料(PET460ml),INTR583011691,饮料,5,5,99649,99649
`FS100470,货道24,统一绿茶[茉莉](PET500ml),INTR577011683,饮料,3,3,99402,99402
`FS100470,货道25,统一绿茶[茉莉](PET500ml),INTR577011683,饮料,3,3,99488,99488
`FS100470,货道26,统一鲜橙多(PET450ml),INTR910011664,饮料,3.5,3.5,99652,99652
`FS100470,货道27,统一鲜橙多(PET450ml),INTR910011664,饮料,3.5,3.5,99623,99623
`FS100470,货道28,统一鲜橙多(PET450ml),INTR910011664,饮料,3.5,3.5,99695,99695
`FS100470,货道29,焕神[热带水果风味]饮料(PET460ml),INTR583011691,饮料,5,5,99573,99573
`FS100470,货道30,海之言[柠檬](PET500ml),INTR039011682,饮料,4,4,99623,99623
`FS100470,货道31,海之言[柠檬](PET500ml),INTR039011682,饮料,4,4,99507,99507
`FS100470,货道32,小茗同学[溜溜哒茶](PET480ml),INTR973011692,饮料,5,5,99800,99800
`FS100470,货道33,小茗同学[溜溜哒茶](PET480ml),INTR973011692,饮料,5,5,99893,99893
`FS100470,货道34,小茗同学[溜溜哒茶](PET480ml),INTR973011692,饮料,5,5,99860,99860
`FS100897,货道1,怡宝火咖[意式倍醇](CAN280ml),INTR284012885,饮料,4,4,99843,99843
`FS100897,货道2,怡宝火咖[意式倍醇](CAN280ml),INTR284012885,饮料,4,4,99999,99999
`FS100897,货道3,统一鲜橙多(CAN310ml),INTR767011663,饮料,3,3,99875,99875
`FS100897,货道4,统一鲜橙多(CAN310ml),INTR767011663,饮料,3,3,99899,99899
`FS100897,货道5,娃哈哈桂圆莲子八宝粥(CAN360ml),INTR218012884,食品,4,4,99931,99931
`FS100897,货道6,娃哈哈桂圆莲子八宝粥(CAN360ml),INTR218012884,食品,4,4,99939,99939
`FS100897,货道7,统一阿萨姆[奶茶原味](PET500ml),INTR230011689,饮料,4.5,4.5,99530,99530
`FS100897,货道8,统一鲜橙多(PET450ml),INTR910011664,饮料,3.5,3.5,99829,99829
`FS100897,货道9,统一阿萨姆[奶茶原味](PET500ml),INTR230011689,饮料,4.5,4.5,99999,99999
`FS100897,货道10,统一鲜橙多(PET450ml),INTR910011664,饮料,3.5,3.5,99885,99885
`FS100897,货道11,统一阿萨姆[奶茶原味](PET500ml),INTR230011689,饮料,4.5,4.5,99716,99716
`FS100897,货道13,可口可乐[自购版](PET500ml),INTR724012203,饮料,3.5,3.5,99561,99561
`FS100897,货道14,,,,,3.5,0,0
`FS100897,货道15,可口可乐[自购版](PET500ml),INTR724012203,饮料,3.5,3.5,99557,99557
`FS100897,货道16,,,,,,0,0
`FS100897,货道17,雅哈[冰咖啡](PET450ml),INTR470011686,饮料,5.5,5.5,99568,99568
`FS100897,货道19,海之言[柠檬](PET500ml),INTR039011682,饮料,4,4,99781,99781
`FS100897,货道21,海之言[柠檬](PET500ml),INTR039011682,饮料,4,4,99812,99812
`FS100897,货道23,统一冰红茶[柠檬](PET500ml),INTR894011688,饮料,3,3,99653,99653
`FS100897,货道24,统一绿茶[茉莉](PET500ml),INTR577011683,饮料,3,3,99730,99730
`FS100897,货道25,焕神[热带水果风味]饮料(PET460ml),INTR583011691,饮料,5,5,99588,99588
`FS100897,货道26,焕神[热带水果风味]饮料(PET460ml),INTR583011691,饮料,5,5,99629,99629
`FS100897,货道27,小茗同学[溜溜哒茶](PET480ml),INTR973011692,饮料,5,5,99864,99864
`FS100897,货道28,小茗同学[溜溜哒茶](PET480ml),INTR973011692,饮料,5,5,99888,99888
`FS100897,货道29,小茗同学[溜溜哒茶](PET480ml),INTR973011692,饮料,5,5,99812,99812
`FS100897,货道30,农夫山泉(PET550ml),INTR993012106,矿泉水,2,2,99827,99827
`FS100897,货道31,小茗同学[溜溜哒茶](PET480ml),INTR973011692,饮料,5,5,99826,99826
`FS100897,货道32,统一绿茶[茉莉](PET500ml),INTR577011683,饮料,3,3,99775,99775
`FS100897,货道33,百岁山矿泉水(PET570ml),INTR168013121,矿泉水,3,3,99937,99937
`FS100897,货道34,海之言[柠檬](PET500ml),INTR039011682,饮料,4,4,99871,99871
`FS100448,货道1,统一鲜橙多(CAN310ml),INTR767011663,饮料,3,3,99859,99859
`FS100448,货道2,统一鲜橙多(CAN310ml),INTR767011663,饮料,3,3,99815,99815
`FS100448,货道3,娃哈哈桂圆莲子八宝粥(CAN360ml),INTR218012884,食品,4,4,99928,99928
`FS100448,货道4,娃哈哈桂圆莲子八宝粥(CAN360ml),INTR218012884,食品,4,4,99941,99941
`FS100448,货道5,怡宝火咖[意式倍醇](CAN280ml),INTR284012885,饮料,4,4,99909,99909
`FS100448,货道6,怡宝火咖[意式倍醇](CAN280ml),INTR284012885,饮料,4,4,99896,99896
`FS100448,货道7,统一阿萨姆[奶茶原味](PET500ml),INTR230011689,饮料,4.5,4.5,99524,99524
`FS100448,货道8,统一阿萨姆[奶茶原味](PET500ml),INTR230011689,饮料,4.5,4.5,99608,99608
`FS100448,货道9,统一阿萨姆[奶茶原味](PET500ml),INTR230011689,饮料,4.5,4.5,99695,99695
`FS100448,货道10,统一阿萨姆[奶茶原味](PET500ml),INTR230011689,饮料,4.5,4.5,99605,99605
`FS100448,货道11,统一阿萨姆[奶茶原味](PET500ml),INTR230011689,饮料,4.5,4.5,99650,99650
`FS100448,货道13,可口可乐[自购版](PET500ml),INTR724012203,饮料,3.5,3.5,99459,99459
`FS100448,货道14,,,,,,0,0
`FS100448,货道15,可口可乐[自购版](PET500ml),INTR724012203,饮料,3.5,3.5,99514,99514
`FS100448,货道16,,,,,,0,0
`FS100448,货道17,海之言[柠檬](PET500ml),INTR039011682,饮料,4,4,99827,99827
`FS100448,货道19,海之言[柠檬](PET500ml),INTR039011682,饮料,4,4,99850,99850
`FS100448,货道21,海之言[柠檬](PET500ml),INTR039011682,饮料,4,4,99847,99847
`FS100448,货道23,焕神[热带水果风味]饮料(PET460ml),INTR583011691,饮料,5,5,99560,99560
`FS100448,货道24,统一冰红茶[柠檬](PET500ml),INTR894011688,饮料,3,3,99588,99588
`FS100448,货道25,统一冰红茶[柠檬](PET500ml),INTR894011688,饮料,3,3,99596,99596
`FS100448,货道26,小茗同学[溜溜哒茶](PET480ml),INTR973011692,饮料,5,5,99875,99875
`FS100448,货道27,小茗同学[溜溜哒茶](PET480ml),INTR973011692,饮料,5,5,99875,99875
`FS100448,货道28,农夫山泉(PET550ml),INTR993012106,矿泉水,2,2,99812,99812
`FS100448,货道29,焕神[热带水果风味]饮料(PET460ml),INTR583011691,饮料,5,5,99584,99584
`FS100448,货道30,统一绿茶[茉莉](PET500ml),INTR577011683,饮料,3,3,99476,99476
`FS100448,货道31,统一绿茶[茉莉](PET500ml),INTR577011683,饮料,3,3,99514,99514
`FS100448,货道32,雅哈[冰咖啡](PET450ml),INTR470011686,饮料,5.5,5.5,99809,99809
`FS100448,货道33,雅哈[冰咖啡](PET450ml),INTR470011686,饮料,5.5,5.5,99792,99792
`FS100448,货道34,农夫山泉(PET550ml),INTR993012106,矿泉水,2,2,99801,99801
`FS101376,货道1,王老吉凉茶(CAN310ml),INTR472012173,饮料,3.5,4,99838,99838
`FS101376,货道2,王老吉凉茶(CAN310ml),INTR472012173,饮料,3.5,4,99819,99819
`FS101376,货道3,统一冰绿茶[青梅绿茶](CAN310ml),INTG116100075,饮料,2.5,2.5,99889,99889
`FS101376,货道4,统一鲜橙多(CAN310ml),INTR767011663,饮料,3,3,99909,99909
`FS101376,货道5,统一冰绿茶[青梅绿茶](CAN310ml),INTG116100075,饮料,2.5,2.5,99908,99908
`FS101376,货道6,统一好料道[仙草凉茶](CAN310ml),INTR791011678,饮料,4,4,99999,99999
`FS101376,货道7,营养快线香草冰淇淋味(PET450ml),INTR356012839,饮料,5,5,99789,99789
`FS101376,货道8,统一阿萨姆[奶茶原味](PET500ml),INTR230011689,饮料,4.5,4.5,99637,99637
`FS101376,货道9,营养快线香草冰淇淋味(PET450ml),INTR356012839,饮料,5,5,99798,99798
`FS101376,货道10,营养快线香草冰淇淋味(PET450ml),INTR356012839,饮料,5,5,99796,99796
`FS101376,货道11,统一阿萨姆[奶茶原味](PET500ml),INTR230011689,饮料,4.5,4.5,99774,99774
`FS101376,货道13,统一轻啵苏打水[柠檬味](PET500ml),INTR773011687,饮料,3.5,3.5,99896,99896
`FS101376,货道14,,,,,,0,0
`FS101376,货道15,统一冰红茶[柠檬](PET500ml),INTR894011688,饮料,3,3,99601,99601
`FS101376,货道16,,,,,,0,0
`FS101376,货道17,统一绿茶[茉莉](PET500ml),INTR577011683,饮料,3,3,99652,99652
`FS101376,货道19,海之言[柠檬](PET500ml),INTR039011682,饮料,4,4,99808,99808
`FS101376,货道21,海之言[柠檬](PET500ml),INTR039011682,饮料,4,4,99850,99850
`FS101376,货道23,雅哈[冰咖啡](PET450ml),INTR470011686,饮料,5.5,5.5,99575,99575
`FS101376,货道24,雅哈[冰咖啡](PET450ml),INTR470011686,饮料,5.5,5.5,99576,99576
`FS101376,货道25,统一鲜橙多(PET450ml),INTR910011664,饮料,3.5,3.5,99783,99783
`FS101376,货道26,统一鲜橙多(PET450ml),INTR910011664,饮料,3.5,3.5,99830,99830
`FS101376,货道27,焕神[热带水果风味]饮料(PET460ml),INTR583011691,饮料,5,5,99826,99826
`FS101376,货道28,焕神[热带水果风味]饮料(PET460ml),INTR583011691,饮料,5,5,99847,99847
`FS101376,货道29,小茗同学[溜溜哒茶](PET480ml),INTR973011692,饮料,5,5,99871,99871
`FS101376,货道30,小茗同学[溜溜哒茶](PET480ml),INTR973011692,饮料,5,5,99900,99900
`FS101376,货道31,ALKAQUA[饮用天然矿泉水](PET570ml),INTR997009154,矿泉水,4,4,99854,99854
`FS101376,货道32,ALKAQUA[饮用天然矿泉水](PET570ml),INTR997009154,矿泉水,4,4,99852,99852
`FS101376,货道33,小茗同学[溜溜哒茶](PET480ml),INTR973011692,饮料,5,5,99945,99945
`FS101376,货道34,小茗同学[溜溜哒茶](PET480ml),INTR973011692,饮料,5,5,99966,99966
`FS100901,货道1,统一鲜橙多(CAN310ml),INTR767011663,饮料,3,3,99890,99890
`FS100901,货道2,王老吉凉茶(CAN310ml),INTR472012173,饮料,3.5,4,99898,99898
`FS100901,货道3,王老吉凉茶(CAN310ml),INTR472012173,饮料,3.5,4,99887,99887
`FS100901,货道4,红牛金罐(CAN250ml),INTR442012892,饮料,6,7,99878,99878
`FS100901,货道5,统一鲜橙多(CAN310ml),INTR767011663,饮料,3,3,99905,99905
`FS100901,货道6,统一好料道[仙草凉茶](CAN310ml),INTR791011678,饮料,4,4,99999,99999
`FS100901,货道7,统一阿萨姆[奶茶原味](PET500ml),INTR230011689,饮料,4.5,4.5,99672,99672
`FS100901,货道8,统一阿萨姆[奶茶原味](PET500ml),INTR230011689,饮料,4.5,4.5,99748,99748
`FS100901,货道9,统一阿萨姆[奶茶原味](PET500ml),INTR230011689,饮料,4.5,4.5,99683,99683
`FS100901,货道10,营养快线香草冰淇淋味(PET450ml),INTR356012839,饮料,5,5,99811,99811
`FS100901,货道11,营养快线香草冰淇淋味(PET450ml),INTR356012839,饮料,5,5,99835,99835
`FS100901,货道13,统一绿茶[茉莉](PET500ml),INTR577011683,饮料,3,3,99993,99993
`FS100901,货道14,,,,,,0,0
`FS100901,货道15,雪碧[自购版](PET500ml),INTR175012204,饮料,3.5,3.5,99596,99596
`FS100901,货道16,,,,,,0,0
`FS100901,货道17,焕神[热带水果风味]饮料(PET460ml),INTR583011691,饮料,5,5,99734,99734
`FS100901,货道19,ALKAQUA[饮用天然矿泉水](PET570ml),INTR997009154,矿泉水,4,4,99870,99870
`FS100901,货道21,ALKAQUA[饮用天然矿泉水](PET570ml),INTR997009154,矿泉水,4,4,99883,99883
`FS100901,货道23,统一冰红茶[柠檬](PET500ml),INTR894011688,饮料,3,3,99557,99557
`FS100901,货道24,小茗同学[溜溜哒茶](PET480ml),INTR973011692,饮料,5,5,99868,99868
`FS100901,货道25,统一鲜橙多(PET450ml),INTR910011664,饮料,3.5,3.5,99737,99737
`FS100901,货道26,统一鲜橙多(PET450ml),INTR910011664,饮料,3.5,3.5,99783,99783
`FS100901,货道27,海之言[柠檬](PET500ml),INTR039011682,饮料,4,4,99830,99830
`FS100901,货道28,海之言[柠檬](PET500ml),INTR039011682,饮料,4,4,99857,99857
`FS100901,货道29,雅哈[冰咖啡](PET450ml),INTR470011686,饮料,5.5,5.5,99601,99601
`FS100901,货道30,雅哈[冰咖啡](PET450ml),INTR470011686,饮料,5.5,5.5,99496,99496
`FS100901,货道31,农夫茶π蜜桃乌龙茶(PET500ml),INTR930012870,饮料,5,3,99803,99803
`FS100901,货道32,焕神[热带水果风味]饮料(PET460ml),INTR583011691,饮料,5,5,99771,99771
`FS100901,货道33,小茗同学[溜溜哒茶](PET480ml),INTR973011692,饮料,5,5,99897,99897
`FS100901,货道34,小茗同学[溜溜哒茶](PET480ml),INTR973011692,饮料,5,5,99892,99892
`FS100412,货道1,红牛金罐(CAN250ml),INTR442012892,饮料,6,7,99897,99897
`FS100412,货道2,爱朵拉拿铁咖啡(CAN310ml),INTR459011637,饮料,4,4,99977,99977
`FS100412,货道3,怡宝火咖[意式倍醇](CAN280ml),INTR284012885,饮料,4,4,99933,99933
`FS100412,货道4,怡宝火咖[意式倍醇](CAN280ml),INTR284012885,饮料,4,4,99940,99940
`FS100412,货道5,统一鲜橙多(CAN310ml),INTR767011663,饮料,3,3,99957,99957
`FS100412,货道6,统一好料道[仙草凉茶](CAN310ml),INTR791011678,饮料,4,4,99999,99999
`FS100412,货道7,统一阿萨姆[奶茶原味](PET500ml),INTR230011689,饮料,4.5,4.5,99829,99829
`FS100412,货道8,统一阿萨姆[奶茶原味](PET500ml),INTR230011689,饮料,4.5,4.5,99872,99872
`FS100412,货道9,统一阿萨姆[奶茶原味](PET500ml),INTR230011689,饮料,4.5,4.5,99847,99847
`FS100412,货道10,李子园果蔬酸奶(PET280ml),INTR644012893,饮料,5.5,5,99933,99933
`FS100412,货道11,统一阿萨姆[奶茶原味](PET500ml),INTR230011689,饮料,4.5,4.5,99849,99849
`FS100412,货道13,雪碧[自购版](PET500ml),INTR175012204,饮料,3.5,3.5,99889,99889
`FS100412,货道14,,,,,,0,0
`FS100412,货道15,统一鲜橙多(PET450ml),INTR910011664,饮料,3.5,3.5,99848,99848
`FS100412,货道16,,,,,,0,0
`FS100412,货道17,统一冰红茶[柠檬](PET500ml),INTR894011688,饮料,3,3,99793,99793
`FS100412,货道19,小茗同学[溜溜哒茶](PET480ml),INTR973011692,饮料,5,5,99999,99999
`FS100412,货道21,海之言[柠檬](PET500ml),INTR039011682,饮料,4,4,99849,99849
`FS100412,货道23,雅哈[冰咖啡](PET450ml),INTR470011686,饮料,5.5,5.5,99743,99743
`FS100412,货道24,雅哈[冰咖啡](PET450ml),INTR470011686,饮料,5.5,5.5,99726,99726
`FS100412,货道25,营养快线香草冰淇淋味(PET450ml),INTR356012839,饮料,5,5,99902,99902
`FS100412,货道26,统一冰红茶[柠檬](PET500ml),INTR894011688,饮料,3,3,99789,99789
`FS100412,货道27,ALKAQUA[饮用天然矿泉水](PET570ml),INTR997009154,矿泉水,4,4,99929,99929
`FS100412,货道28,ALKAQUA[饮用天然矿泉水](PET570ml),INTR997009154,矿泉水,4,4,99944,99944
`FS100412,货道29,小茗同学[溜溜哒茶](PET480ml),INTR973011692,饮料,5,5,99962,99962
`FS100412,货道30,小茗同学[溜溜哒茶](PET480ml),INTR973011692,饮料,5,5,99921,99921
`FS100412,货道31,小茗同学[溜溜哒茶](PET480ml),INTR973011692,饮料,5,5,99960,99960
`FS100412,货道32,焕神[热带水果风味]饮料(PET460ml),INTR583011691,饮料,5,5,99893,99893
`FS100412,货道33,焕神[热带水果风味]饮料(PET460ml),INTR583011691,饮料,5,5,99918,99918
`FS100412,货道34,统一鲜橙多(PET450ml),INTR910011664,饮料,3.5,3.5,99905,99905
`FS100614,货道1,米源冰晶葡萄(CAN310ml),INTR290012105,饮料,2.5,2.5,11,11
`FS100614,货道2,可口可乐[自购版](CAN330ml),INTR121011635,饮料,3,3,2,2
`FS100614,货道3,雪碧[自购版](CAN330ml),INTR685011636,饮料,3,3,3,3
`FS100614,货道4,统一冰红茶(CAN310ml),INTR115011662,饮料,2.5,2.5,13,13
`FS100614,货道5,统一鲜橙多(CAN310ml),INTR767011663,饮料,3,3,12,12
`FS100614,货道6,统一鲜橙多(CAN310ml),INTR767011663,饮料,3,3,11,11
`FS100614,货道7,统一阿萨姆[奶茶原味](PET500ml),INTR230011689,饮料,4.5,4.5,21,21
`FS100614,货道8,农夫山泉(PET550ml),INTR993012106,矿泉水,2,2,17,17
`FS100614,货道9,统一鲜橙多(PET450ml),INTR910011664,饮料,3.5,3.5,17,17
`FS100614,货道10,外星人电解质水[青柠味](PET500ml),INTR926013216,饮料,4,6,13,13
`FS100614,货道11,统一鲜橙多(PET450ml),INTR910011664,饮料,3.5,3.5,10,10
`FS100614,货道13,百事可乐(PET600ml),INTR065012794,饮料,3.5,3.5,17,17
`FS100614,货道14,,,,,,0,0
`FS100614,货道15,百事可乐(PET600ml),INTR065012794,饮料,3.5,3.5,17,17
`FS100614,货道16,,,,,3.5,0,0
`FS100614,货道17,雪碧[自购版](PET500ml),INTR175012204,饮料,3.5,3.5,14,14
`FS100614,货道19,可口可乐[自购版](PET500ml),INTR724012203,饮料,3.5,3.5,10,10
`FS100614,货道21,可口可乐[自购版](PET500ml),INTR724012203,饮料,3.5,3.5,10,10
`FS100614,货道23,农夫山泉(PET550ml),INTR993012106,矿泉水,2,2,20,20
`FS100614,货道24,统一冰绿茶[青梅绿茶](PET500ml),INTR469011681,饮料,3,3,18,18
`FS100614,货道25,饮养四季[金桔柠檬](PET500ml),INTR372011680,饮料,3.5,3.5,16,16
`FS100614,货道26,统一冰红茶[柠檬](PET500ml),INTR894011688,饮料,3,3,13,13
`FS100614,货道27,统一绿茶[茉莉](PET500ml),INTR577011683,饮料,3,3,13,13
`FS100614,货道28,焕神[热带水果风味]饮料(PET460ml),INTR583011691,饮料,5,5,11,11
`FS100614,货道29,农夫山泉(PET550ml),INTR993012106,矿泉水,2,2,21,21
`FS100614,货道30,海之言[柠檬](PET500ml),INTR039011682,饮料,4,4,18,18
`FS100614,货道31,小茗同学[溜溜哒茶](PET480ml),INTR973011692,饮料,5,5,17,17
`FS100614,货道32,统一冰红茶[柠檬](PET500ml),INTR894011688,饮料,3,3,15,15
`FS100614,货道33,统一绿茶[茉莉](PET500ml),INTR577011683,饮料,3,3,12,12
`FS100614,货道34,A-Ha[苹果]气泡水果饮料(PET500ml),INTR255012430,饮料,3,5,10,10
`FS100181,货道1,米源冰晶葡萄(CAN310ml),INTR290012105,饮料,2.5,2.5,20,20
`FS100181,货道2,可口可乐[自购版](CAN330ml),INTR121011635,饮料,3,3,18,18
`FS100181,货道3,雪碧[自购版](CAN330ml),INTR685011636,饮料,3,3,15,15
`FS100181,货道4,统一冰红茶(CAN310ml),INTR115011662,饮料,2.5,2.5,15,15
`FS100181,货道5,统一鲜橙多(CAN310ml),INTR767011663,饮料,3,3,12,12
`FS100181,货道6,统一鲜橙多(CAN310ml),INTR767011663,饮料,3,3,9,9
`FS100181,货道7,统一阿萨姆[奶茶原味](PET500ml),INTR230011689,饮料,4.5,4.5,20,20
`FS100181,货道8,农夫山泉(PET550ml),INTR993012106,矿泉水,2,2,19,19
`FS100181,货道9,统一鲜橙多(PET450ml),INTR910011664,饮料,3.5,3.5,15,15
`FS100181,货道10,农夫山泉(PET550ml),INTR993012106,矿泉水,2,2,12,12
`FS100181,货道11,统一鲜橙多(PET450ml),INTR910011664,饮料,3.5,3.5,8,8
`FS100181,货道13,百事可乐(PET600ml),INTR065012794,饮料,3.5,3.5,19,19
`FS100181,货道14,,,,,,0,0
`FS100181,货道15,可口可乐[自购版](PET500ml),INTR724012203,饮料,3.5,3.5,17,17
`FS100181,货道16,,,,,,0,0
`FS100181,货道17,雪碧[自购版](PET500ml),INTR175012204,饮料,3.5,3.5,14,14
`FS100181,货道19,小茗同学[溜溜哒茶](PET480ml),INTR973011692,饮料,5,5,13,13
`FS100181,货道21,A-Ha[苹果]气泡水果饮料(PET500ml),INTR255012430,饮料,3,5,10,10
`FS100181,货道23,农夫山泉(PET550ml),INTR993012106,矿泉水,2,2,10,10
`FS100181,货道24,统一绿茶[茉莉](PET500ml),INTR577011683,饮料,3,3,20,20
`FS100181,货道25,统一冰红茶[柠檬](PET500ml),INTR894011688,饮料,3,3,15,15
`FS100181,货道26,统一冰红茶[柠檬](PET500ml),INTR894011688,饮料,3,3,15,15
`FS100181,货道27,饮养四季[金桔柠檬](PET500ml),INTR372011680,饮料,3.5,3.5,13,13
`FS100181,货道28,焕神[热带水果风味]饮料(PET460ml),INTR583011691,饮料,5,5,7,7
`FS100181,货道29,农夫山泉(PET550ml),INTR993012106,矿泉水,2,2,20,20
`FS100181,货道30,外星人电解质水[青柠味](PET500ml),INTR926013216,饮料,4,6,17,17
`FS100181,货道31,海之言[柠檬](PET500ml),INTR039011682,饮料,4,4,17,17
`FS100181,货道32,海之言[柠檬](PET500ml),INTR039011682,饮料,4,4,15,15
`FS100181,货道33,统一冰绿茶[青梅绿茶](PET500ml),INTR469011681,饮料,3,3,13,13
`FS100181,货道34,统一冰绿茶[青梅绿茶](PET500ml),INTR469011681,饮料,3,3,11,11
`FS100378,货道1,米源冰晶葡萄(CAN310ml),INTR290012105,饮料,2.5,2.5,17,17
`FS100378,货道2,可口可乐[自购版](CAN330ml),INTR121011635,饮料,3,3,17,17
`FS100378,货道3,雪碧[自购版](CAN330ml),INTR685011636,饮料,3,3,15,15
`FS100378,货道4,统一冰红茶(CAN310ml),INTR115011662,饮料,2.5,2.5,15,15
`FS100378,货道5,统一鲜橙多(CAN310ml),INTR767011663,饮料,3,3,13,13
`FS100378,货道6,统一鲜橙多(CAN310ml),INTR767011663,饮料,3,3,10,10
`FS100378,货道7,统一阿萨姆[奶茶原味](PET500ml),INTR230011689,饮料,4.5,4.5,13,13
`FS100378,货道8,农夫山泉(PET550ml),INTR993012106,矿泉水,2,2,11,11
`FS100378,货道9,统一绿茶[茉莉](PET500ml),INTR577011683,饮料,3,3,15,15
`FS100378,货道10,农夫山泉(PET550ml),INTR993012106,矿泉水,2,2,10,10
`FS100378,货道11,统一鲜橙多(PET450ml),INTR910011664,饮料,3.5,3.5,1,1
`FS100378,货道13,百事可乐(PET600ml),INTR065012794,饮料,3.5,3.5,17,17
`FS100378,货道14,,,,,,0,0
`FS100378,货道15,可口可乐[自购版](PET500ml),INTR724012203,饮料,3.5,3.5,14,14
`FS100378,货道16,,,,,,0,0
`FS100378,货道17,雪碧[自购版](PET500ml),INTR175012204,饮料,3.5,3.5,10,10
`FS100378,货道19,小茗同学[溜溜哒茶](PET480ml),INTR973011692,饮料,5,5,7,7
`FS100378,货道21,统一冰绿茶[青梅绿茶](PET500ml),INTR469011681,饮料,3,3,9,9
`FS100378,货道23,农夫山泉(PET550ml),INTR993012106,矿泉水,2,2,18,18
`FS100378,货道24,统一绿茶[茉莉](PET500ml),INTR577011683,饮料,3,3,15,15
`FS100378,货道25,统一冰红茶[柠檬](PET500ml),INTR894011688,饮料,3,3,11,11
`FS100378,货道26,统一冰红茶[柠檬](PET500ml),INTR894011688,饮料,3,3,15,15
`FS100378,货道27,饮养四季[金桔柠檬](PET500ml),INTR372011680,饮料,3.5,3.5,12,12
`FS100378,货道28,焕神[热带水果风味]饮料(PET460ml),INTR583011691,饮料,5,5,11,11
`FS100378,货道29,农夫山泉(PET550ml),INTR993012106,矿泉水,2,2,17,17
`FS100378,货道30,外星人电解质水[荔枝海盐味](PET500ml),INTR744013215,饮料,4,6,15,15
`FS100378,货道31,海之言[柠檬](PET500ml),INTR039011682,饮料,4,4,12,12
`FS100378,货道32,海之言[柠檬](PET500ml),INTR039011682,饮料,4,4,12,12
`FS100378,货道33,统一冰绿茶[青梅绿茶](PET500ml),INTR469011681,饮料,3,3,9,9
`FS100378,货道34,A-Ha[苹果]气泡水果饮料(PET500ml),INTR255012430,饮料,3,5,9,9
`FS100806,货道1,米源冰晶葡萄(CAN310ml),INTR290012105,饮料,2.5,2.5,20,20
`FS100806,货道2,米源冰晶葡萄(CAN310ml),INTR290012105,饮料,2.5,2.5,21,21
`FS100806,货道3,统一冰红茶(CAN310ml),INTR115011662,饮料,2.5,2.5,19,19
`FS100806,货道4,统一冰红茶(CAN310ml),INTR115011662,饮料,2.5,2.5,17,17
`FS100806,货道5,统一鲜橙多(CAN310ml),INTR767011663,饮料,3,3,13,13
`FS100806,货道6,米源冰晶葡萄(CAN310ml),INTR290012105,饮料,2.5,2.5,11,11
`FS100806,货道7,统一阿萨姆[奶茶原味](PET500ml),INTR230011689,饮料,4.5,4.5,18,18
`FS100806,货道8,农夫山泉力量帝维他命水(PET500ml),INTR911012108,饮料,5,5,19,19
`FS100806,货道9,统一鲜橙多(PET450ml),INTR910011664,饮料,3.5,3.5,17,17
`FS100806,货道10,农夫山泉(PET550ml),INTR993012106,矿泉水,2,2,10,10
`FS100806,货道11,统一冰绿茶[青梅绿茶](PET500ml),INTR469011681,饮料,3,3,13,13
`FS100806,货道13,百事可乐(PET600ml),INTR065012794,饮料,3.5,3.5,17,17
`FS100806,货道14,,,,,,0,0
`FS100806,货道15,百事可乐(PET600ml),INTR065012794,饮料,3.5,3.5,17,17
`FS100806,货道16,,,,,,0,0
`FS100806,货道17,百事可乐(PET600ml),INTR065012794,饮料,3.5,3.5,14,14
`FS100806,货道19,可口可乐[自购版](PET500ml),INTR724012203,饮料,3.5,3.5,10,10
`FS100806,货道21,雪碧[自购版](PET500ml),INTR175012204,饮料,3.5,3.5,9,9
`FS100806,货道23,雪碧[自购版](CAN330ml),INTR685011636,饮料,3,3,20,20
`FS100806,货道24,农夫山泉(PET550ml),INTR993012106,矿泉水,2,2,15,15
`FS100806,货道25,统一冰绿茶[青梅绿茶](PET500ml),INTR469011681,饮料,3,3,15,15
`FS100806,货道26,统一冰红茶[柠檬](PET500ml),INTR894011688,饮料,3,3,15,15
`FS100806,货道27,统一绿茶[茉莉](PET500ml),INTR577011683,饮料,3,3,13,13
`FS100806,货道28,焕神[热带水果风味]饮料(PET460ml),INTR583011691,饮料,5,5,11,11
`FS100806,货道29,可口可乐[自购版](CAN330ml),INTR121011635,饮料,3,3,21,21
`FS100806,货道30,海之言[柠檬](PET500ml),INTR039011682,饮料,4,4,17,17
`FS100806,货道31,小茗同学[溜溜哒茶](PET480ml),INTR973011692,饮料,5,5,17,17
`FS100806,货道32,统一冰红茶[柠檬](PET500ml),INTR894011688,饮料,3,3,15,15
`FS100806,货道33,统一绿茶[茉莉](PET500ml),INTR577011683,饮料,3,3,13,13
`FS100806,货道34,饮养四季[金桔柠檬](PET500ml),INTR372011680,饮料,3.5,3.5,11,11
`FS100392,货道1,米源冰晶葡萄(CAN310ml),INTR290012105,饮料,2.5,2.5,7,7
`FS100392,货道2,可口可乐[自购版](CAN330ml),INTR121011635,饮料,3,3,18,18
`FS100392,货道3,雪碧[自购版](CAN330ml),INTR685011636,饮料,3,3,14,14
`FS100392,货道4,统一冰红茶(CAN310ml),INTR115011662,饮料,2.5,2.5,18,18
`FS100392,货道5,统一鲜橙多(CAN310ml),INTR767011663,饮料,3,3,17,17
`FS100392,货道6,统一鲜橙多(CAN310ml),INTR767011663,饮料,3,3,20,20
`FS100392,货道7,统一阿萨姆[奶茶原味](PET500ml),INTR230011689,饮料,4.5,4.5,18,18
`FS100392,货道8,农夫山泉(PET550ml),INTR993012106,矿泉水,2,2,17,17
`FS100392,货道9,统一鲜橙多(PET450ml),INTR910011664,饮料,3.5,3.5,15,15
`FS100392,货道10,农夫山泉(PET550ml),INTR993012106,矿泉水,2,2,21,21
`FS100392,货道11,统一鲜橙多(PET450ml),INTR910011664,饮料,3.5,3.5,10,10
`FS100392,货道13,百事可乐(PET600ml),INTR065012794,饮料,3.5,3.5,20,20
`FS100392,货道14,,,,,,0,0
`FS100392,货道15,可口可乐[自购版](PET500ml),INTR724012203,饮料,3.5,3.5,20,20
`FS100392,货道16,,,,,,0,0
`FS100392,货道17,雪碧[自购版](PET500ml),INTR175012204,饮料,3.5,3.5,20,20
`FS100392,货道19,小茗同学[溜溜哒茶](PET480ml),INTR973011692,饮料,5,5,20,20
`FS100392,货道21,A-Ha[苹果]气泡水果饮料(PET500ml),INTR255012430,饮料,3,5,13,13
`FS100392,货道23,农夫山泉(PET550ml),INTR993012106,矿泉水,2,2,20,20
`FS100392,货道24,统一绿茶[茉莉](PET500ml),INTR577011683,饮料,3,3,20,20
`FS100392,货道25,统一冰红茶[柠檬](PET500ml),INTR894011688,饮料,3,3,20,20
`FS100392,货道26,统一冰红茶[柠檬](PET500ml),INTR894011688,饮料,3,3,20,20
`FS100392,货道27,饮养四季[金桔柠檬](PET500ml),INTR372011680,饮料,3.5,3.5,20,20
`FS100392,货道28,焕神[热带水果风味]饮料(PET460ml),INTR583011691,饮料,5,5,17,17
`FS100392,货道29,农夫山泉(PET550ml),INTR993012106,矿泉水,2,2,19,19
`FS100392,货道30,外星人电解质水[青柠味](PET500ml),INTR926013216,饮料,4,6,15,15
`FS100392,货道31,海之言[柠檬](PET500ml),INTR039011682,饮料,4,4,19,19
`FS100392,货道32,海之言[柠檬](PET500ml),INTR039011682,饮料,4,4,19,19
`FS100392,货道33,统一冰绿茶[青梅绿茶](PET500ml),INTR469011681,饮料,3,3,20,20
`FS100392,货道34,统一冰绿茶[青梅绿茶](PET500ml),INTR469011681,饮料,3,3,18,18
`FS100363,货道1,米源冰晶葡萄(CAN310ml),INTR290012105,饮料,2.5,2.5,14,14
`FS100363,货道2,可口可乐[自购版](CAN330ml),INTR121011635,饮料,3,3,18,18
`FS100363,货道3,雪碧[自购版](CAN330ml),INTR685011636,饮料,3,3,16,16
`FS100363,货道4,统一冰红茶(CAN310ml),INTR115011662,饮料,2.5,2.5,19,19
`FS100363,货道5,统一鲜橙多(CAN310ml),INTR767011663,饮料,3,3,20,20
`FS100363,货道6,统一鲜橙多(CAN310ml),INTR767011663,饮料,3,3,20,20
`FS100363,货道7,统一阿萨姆[奶茶原味](PET500ml),INTR230011689,饮料,4.5,4.5,12,12
`FS100363,货道8,农夫山泉(PET550ml),INTR993012106,矿泉水,2,2,11,11
`FS100363,货道9,统一鲜橙多(PET450ml),INTR910011664,饮料,3.5,3.5,14,14
`FS100363,货道10,农夫山泉(PET550ml),INTR993012106,矿泉水,2,2,8,8
`FS100363,货道11,雅哈[冰咖啡](PET450ml),INTR470011686,饮料,5.5,5.5,11,11
`FS100363,货道13,百事可乐(PET600ml),INTR065012794,饮料,3.5,3.5,15,15
`FS100363,货道14,,,,,,0,0
`FS100363,货道15,可口可乐[自购版](PET500ml),INTR724012203,饮料,3.5,3.5,19,19
`FS100363,货道16,,,,,,0,0
`FS100363,货道17,雪碧[自购版](PET500ml),INTR175012204,饮料,3.5,3.5,17,17
`FS100363,货道19,小茗同学[溜溜哒茶](PET480ml),INTR973011692,饮料,5,5,16,16
`FS100363,货道21,统一冰绿茶[青梅绿茶](PET500ml),INTR469011681,饮料,3,3,8,8
`FS100363,货道23,农夫山泉(PET550ml),INTR993012106,矿泉水,2,2,16,16
`FS100363,货道24,统一绿茶[茉莉](PET500ml),INTR577011683,饮料,3,3,15,15
`FS100363,货道25,统一冰红茶[柠檬](PET500ml),INTR894011688,饮料,3,3,17,17
`FS100363,货道26,统一冰红茶[柠檬](PET500ml),INTR894011688,饮料,3,3,18,18
`FS100363,货道27,饮养四季[金桔柠檬](PET500ml),INTR372011680,饮料,3.5,3.5,19,19
`FS100363,货道28,焕神[热带水果风味]饮料(PET460ml),INTR583011691,饮料,5,5,18,18
`FS100363,货道29,农夫山泉(PET550ml),INTR993012106,矿泉水,2,2,15,15
`FS100363,货道30,外星人电解质水[青柠味](PET500ml),INTR926013216,饮料,4,6,16,16
`FS100363,货道31,海之言[柠檬](PET500ml),INTR039011682,饮料,4,4,16,16
`FS100363,货道32,海之言[柠檬](PET500ml),INTR039011682,饮料,4,4,17,17
`FS100363,货道33,统一冰绿茶[青梅绿茶](PET500ml),INTR469011681,饮料,3,3,17,17
`FS100363,货道34,A-Ha[苹果]气泡水果饮料(PET500ml),INTR255012430,饮料,3,5,8,8
`FS100861,货道1,爱朵拉拿铁咖啡(CAN310ml),INTR459011637,饮料,4,4,99914,99914
`FS100861,货道2,爱朵拉拿铁咖啡(CAN310ml),INTR459011637,饮料,4,4,99908,99908
`FS100861,货道3,娃哈哈桂圆莲子八宝粥(CAN360ml),INTR218012884,食品,4,4,99832,99832
`FS100861,货道4,娃哈哈桂圆莲子八宝粥(CAN360ml),INTR218012884,食品,4,4,99895,99895
`FS100861,货道5,王老吉凉茶(CAN310ml),INTR472012173,饮料,3.5,4,99825,99825
`FS100861,货道6,怡宝火咖[意式倍醇](CAN280ml),INTR284012885,饮料,4,4,99911,99911
`FS100861,货道7,统一阿萨姆[奶茶原味](PET500ml),INTR230011689,饮料,4.5,4.5,99598,99598
`FS100861,货道8,统一阿萨姆[奶茶原味](PET500ml),INTR230011689,饮料,4.5,4.5,99465,99465
`FS100861,货道9,统一阿萨姆[奶茶原味](PET500ml),INTR230011689,饮料,4.5,4.5,99985,99985
`FS100861,货道10,统一阿萨姆[奶茶原味](PET500ml),INTR230011689,饮料,4.5,4.5,99551,99551
`FS100861,货道11,统一阿萨姆[奶茶原味](PET500ml),INTR230011689,饮料,4.5,4.5,99610,99610
`FS100861,货道13,焕神[热带水果风味]饮料(PET460ml),INTR583011691,饮料,5,5,99499,99499
`FS100861,货道14,,,,,,0,0
`FS100861,货道15,可口可乐[自购版](PET500ml),INTR724012203,饮料,3.5,3.5,99463,99463
`FS100861,货道16,,,,,,0,0
`FS100861,货道17,可口可乐[自购版](PET500ml),INTR724012203,饮料,3.5,3.5,99538,99538
`FS100861,货道19,焕神[热带水果风味]饮料(PET460ml),INTR583011691,饮料,5,5,99445,99445
`FS100861,货道21,百岁山矿泉水(PET570ml),INTR168013121,矿泉水,3,3,99934,99934
`FS100861,货道23,统一冰红茶[柠檬](PET500ml),INTR894011688,饮料,3,3,99542,99542
`FS100861,货道24,小茗同学[溜溜哒茶](PET480ml),INTR973011692,饮料,5,5,99847,99847
`FS100861,货道25,小茗同学[溜溜哒茶](PET480ml),INTR973011692,饮料,5,5,99823,99823
`FS100861,货道26,海之言[柠檬](PET500ml),INTR039011682,饮料,4,4,99748,99748
`FS100861,货道27,海之言[柠檬](PET500ml),INTR039011682,饮料,4,4,99838,99838
`FS100861,货道28,农夫山泉(PET550ml),INTR993012106,矿泉水,2,2,99760,99760
`FS100861,货道29,统一绿茶[茉莉](PET500ml),INTR577011683,饮料,3,3,99561,99561
`FS100861,货道30,雅哈[冰咖啡](PET450ml),INTR470011686,饮料,5.5,5.5,99582,99582
`FS100861,货道31,统一绿茶[茉莉](PET500ml),INTR577011683,饮料,3,3,99636,99636
`FS100861,货道32,海之言[柠檬](PET500ml),INTR039011682,饮料,4,4,99837,99837
`FS100861,货道33,小茗同学[溜溜哒茶](PET480ml),INTR973011692,饮料,5,5,99878,99878
`FS100861,货道34,小茗同学[溜溜哒茶](PET480ml),INTR973011692,饮料,5,5,99898,99898
`FS100893,货道1,王老吉凉茶(CAN310ml),INTR472012173,饮料,3.5,4,99931,99931
`FS100893,货道2,统一好料道[仙草凉茶](CAN310ml),INTR791011678,饮料,4,4,99999,99999
`FS100893,货道3,娃哈哈桂圆莲子八宝粥(CAN360ml),INTR218012884,食品,4,4,99963,99963
`FS100893,货道4,娃哈哈桂圆莲子八宝粥(CAN360ml),INTR218012884,食品,4,4,99963,99963
`FS100893,货道5,王老吉凉茶(CAN310ml),INTR472012173,饮料,3.5,3.5,99943,99943
`FS100893,货道6,王老吉凉茶(CAN310ml),INTR472012173,饮料,3.5,3.5,99943,99943
`FS100893,货道7,统一阿萨姆[奶茶原味](PET500ml),INTR230011689,饮料,4.5,4.5,99865,99865
`FS100893,货道8,统一阿萨姆[奶茶原味](PET500ml),INTR230011689,饮料,4.5,4.5,99754,99754
`FS100893,货道9,统一阿萨姆[奶茶原味](PET500ml),INTR230011689,饮料,4.5,4.5,99734,99734
`FS100893,货道10,统一阿萨姆[奶茶原味](PET500ml),INTR230011689,饮料,4.5,4.5,99797,99797
`FS100893,货道11,统一阿萨姆[奶茶原味](PET500ml),INTR230011689,饮料,4.5,4.5,99823,99823
`FS100893,货道13,可口可乐[自购版](PET500ml),INTR724012203,饮料,3.5,3.5,99825,99825
`FS100893,货道14,,,,,,0,0
`FS100893,货道15,可口可乐[自购版](PET500ml),INTR724012203,饮料,3.5,3.5,99859,99859
`FS100893,货道16,,,,,,0,0
`FS100893,货道17,海之言[柠檬](PET500ml),INTR039011682,饮料,4,4,99902,99902
`FS100893,货道19,海之言[柠檬](PET500ml),INTR039011682,饮料,4,4,99933,99933
`FS100893,货道21,海之言[柠檬](PET500ml),INTR039011682,饮料,4,4,99956,99956
`FS100893,货道23,统一冰红茶[柠檬](PET500ml),INTR894011688,饮料,3,3,99819,99819
`FS100893,货道24,统一绿茶[茉莉](PET500ml),INTR577011683,饮料,3,3,99827,99827
`FS100893,货道25,焕神[热带水果风味]饮料(PET460ml),INTR583011691,饮料,5,5,99838,99838
`FS100893,货道26,焕神[热带水果风味]饮料(PET460ml),INTR583011691,饮料,5,5,99826,99826
`FS100893,货道27,小茗同学[溜溜哒茶](PET480ml),INTR973011692,饮料,5,5,99921,99921
`FS100893,货道28,小茗同学[溜溜哒茶](PET480ml),INTR973011692,饮料,5,5,99943,99943
`FS100893,货道29,统一冰红茶[柠檬](PET500ml),INTR894011688,饮料,3,3,99818,99818
`FS100893,货道30,小茗同学[溜溜哒茶](PET480ml),INTR973011692,饮料,5,5,0,0
`FS100893,货道31,统一绿茶[茉莉](PET500ml),INTR577011683,饮料,3,3,99898,99898
`FS100893,货道32,小茗同学[溜溜哒茶](PET480ml),INTR973011692,饮料,5,5,99954,99954
`FS100893,货道33,焕神[热带水果风味]饮料(PET460ml),INTR583011691,饮料,5,5,99870,99870
`FS100893,货道34,农夫山泉(PET550ml),INTR993012106,矿泉水,2,2,99928,99928
`FS100440,货道1,统一好料道[仙草凉茶](CAN310ml),INTR791011678,饮料,4,4,99999,99999
`FS100440,货道2,王老吉凉茶(CAN310ml),INTR472012173,饮料,3.5,4,99912,99912
`FS100440,货道3,红牛金罐(CAN250ml),INTR442012892,饮料,6,6,99912,99912
`FS100440,货道4,红牛金罐(CAN250ml),INTR442012892,饮料,6,6,99913,99913
`FS100440,货道5,统一冰绿茶[青梅绿茶](CAN310ml),INTG116100075,饮料,2.5,2.5,99957,99957
`FS100440,货道6,统一冰绿茶[青梅绿茶](CAN310ml),INTG116100075,饮料,2.5,2.5,99957,99957
`FS100440,货道7,雅哈[冰咖啡](PET450ml),INTR470011686,饮料,5.5,5.5,99803,99803
`FS100440,货道8,海之言[柠檬](PET500ml),INTR039011682,饮料,4,4,99999,99999
`FS100440,货道9,娃哈哈营养快线(PET500ml),INTR409012898,饮料,5,5,99935,99935
`FS100440,货道10,营养快线香草冰淇淋味(PET450ml),INTR356012839,饮料,5,5,99905,99905
`FS100440,货道11,营养快线香草冰淇淋味(PET450ml),INTR356012839,饮料,5,5,99936,99936
`FS100440,货道13,统一阿萨姆[奶茶原味](PET500ml),INTR230011689,饮料,4.5,4.5,99849,99849
`FS100440,货道14,,,,,,0,0
`FS100440,货道15,海之言[柠檬](PET500ml),INTR039011682,饮料,4,4,99987,99987
`FS100440,货道16,,,,,,0,0
`FS100440,货道17,统一阿萨姆[奶茶原味](PET500ml),INTR230011689,饮料,4.5,4.5,99852,99852
`FS100440,货道19,统一阿萨姆[奶茶原味](PET500ml),INTR230011689,饮料,4.5,4.5,99931,99931
`FS100440,货道21,统一阿萨姆[奶茶原味](PET500ml),INTR230011689,饮料,4.5,4.5,99927,99927
`FS100440,货道23,统一绿茶[茉莉](PET500ml),INTR577011683,饮料,3,3,99820,99820
`FS100440,货道24,统一绿茶[茉莉](PET500ml),INTR577011683,饮料,3,3,99835,99835
`FS100440,货道25,统一鲜橙多(PET450ml),INTR910011664,饮料,3.5,3.5,99909,99909
`FS100440,货道26,统一鲜橙多(PET450ml),INTR910011664,饮料,3.5,3.5,99921,99921
`FS100440,货道27,统一冰红茶[柠檬](PET500ml),INTR894011688,饮料,3,3,99868,99868
`FS100440,货道28,统一冰红茶[柠檬](PET500ml),INTR894011688,饮料,3,3,99910,99910
`FS100440,货道29,焕神[热带水果风味]饮料(PET460ml),INTR583011691,饮料,5,5,99794,99794
`FS100440,货道30,焕神[热带水果风味]饮料(PET460ml),INTR583011691,饮料,5,5,99844,99844
`FS100440,货道31,小茗同学[溜溜哒茶](PET480ml),INTR973011692,饮料,5,5,99959,99959
`FS100440,货道32,小茗同学[溜溜哒茶](PET480ml),INTR973011692,饮料,5,5,99978,99978
`FS100440,货道33,小茗同学[溜溜哒茶](PET480ml),INTR973011692,饮料,5,5,99970,99970
`FS100440,货道34,小茗同学[溜溜哒茶](PET480ml),INTR973011692,饮料,5,5,99971,99971
`FS101279,货道1,统一鲜橙多(CAN310ml),INTR767011663,饮料,3,3,99969,99969
`FS101279,货道2,怡宝火咖[意式倍醇](CAN280ml),INTR284012885,饮料,4,4,99977,99977
`FS101279,货道3,怡宝火咖[意式倍醇](CAN280ml),INTR284012885,饮料,4,4,99960,99960
`FS101279,货道4,统一鲜橙多(CAN310ml),INTR767011663,饮料,3,3.5,99995,99995
`FS101279,货道5,统一好料道[仙草凉茶](CAN310ml),INTR791011678,饮料,4,4,99999,99999
`FS101279,货道6,娃哈哈桂圆莲子八宝粥(CAN360ml),INTR218012884,食品,4,4,99987,99987
`FS101279,货道7,统一阿萨姆[奶茶原味](PET500ml),INTR230011689,饮料,4.5,4.5,99947,99947
`FS101279,货道8,统一阿萨姆[奶茶原味](PET500ml),INTR230011689,饮料,4.5,4.5,99934,99934
`FS101279,货道9,李子园果蔬酸奶(PET280ml),INTR644012893,饮料,5.5,5.5,99971,99971
`FS101279,货道10,营养快线香草冰淇淋味(PET450ml),INTR356012839,饮料,5,5,99957,99957
`FS101279,货道11,营养快线香草冰淇淋味(PET450ml),INTR356012839,饮料,5,5,99970,99970
`FS101279,货道13,可口可乐[自购版](PET500ml),INTR724012203,饮料,3.5,3.5,99886,99886
`FS101279,货道14,,,,,,0,0
`FS101279,货道15,海之言[柠檬](PET500ml),INTR039011682,饮料,4,4,99935,99935
`FS101279,货道16,,,,,,0,0
`FS101279,货道17,可口可乐[自购版](PET500ml),INTR724012203,饮料,3.5,3.5,99956,99956
`FS101279,货道19,可口可乐[自购版](PET500ml),INTR724012203,饮料,3.5,3.5,99958,99958
`FS101279,货道21,统一冰红茶(CAN310ml),INTR115011662,饮料,2.5,2.5,99977,99977
`FS101279,货道23,统一冰红茶[柠檬](PET500ml),INTR894011688,饮料,3,3,99948,99948
`FS101279,货道24,统一鲜橙多(PET450ml),INTR910011664,饮料,3.5,3.5,99976,99976
`FS101279,货道25,统一鲜橙多(PET450ml),INTR910011664,饮料,3.5,3.5,99956,99956
`FS101279,货道26,统一轻啵苏打水[柠檬味](PET500ml),INTR773011687,饮料,3.5,3.5,99994,99994
`FS101279,货道27,小茗同学[溜溜哒茶](PET480ml),INTR973011692,饮料,5,5,99969,99969
`FS101279,货道28,统一冰红茶[柠檬](PET500ml),INTR894011688,饮料,3,3,99954,99954
`FS101279,货道29,焕神[热带水果风味]饮料(PET460ml),INTR583011691,饮料,5,5,99960,99960
`FS101279,货道30,统一绿茶[茉莉](PET500ml),INTR577011683,饮料,3,3,99966,99966
`FS101279,货道31,统一绿茶[茉莉](PET500ml),INTR577011683,饮料,3,3,99948,99948
`FS101279,货道32,ALKAQUA[饮用天然矿泉水](PET570ml),INTR997009154,矿泉水,4,4,99992,99992
`FS101279,货道33,雅哈[冰咖啡](PET450ml),INTR470011686,饮料,5.5,5.5,99968,99968
`FS101279,货道34,雅哈[冰咖啡](PET450ml),INTR470011686,饮料,5.5,5.5,99976,99976
`FS100965,货道1,统一鲜橙多(CAN310ml),INTR767011663,饮料,3,3,99989,99989
`FS100965,货道2,统一鲜橙多(CAN310ml),INTR767011663,饮料,3,3,99988,99988
`FS100965,货道3,怡宝火咖[意式倍醇](CAN280ml),INTR284012885,饮料,4,4,99983,99983
`FS100965,货道4,怡宝火咖[意式倍醇](CAN280ml),INTR284012885,饮料,4,4,99983,99983
`FS100965,货道5,娃哈哈桂圆莲子八宝粥(CAN360ml),INTR218012884,食品,4,4,99993,99993
`FS100965,货道6,娃哈哈桂圆莲子八宝粥(CAN360ml),INTR218012884,食品,4,4,99992,99992
`FS100965,货道7,统一阿萨姆[奶茶原味](PET500ml),INTR230011689,饮料,4.5,4.5,99962,99962
`FS100965,货道8,统一阿萨姆[奶茶原味](PET500ml),INTR230011689,饮料,4.5,4.5,99959,99959
`FS100965,货道9,统一阿萨姆[奶茶原味](PET500ml),INTR230011689,饮料,4.5,4.5,99947,99947
`FS100965,货道10,统一阿萨姆[奶茶原味](PET500ml),INTR230011689,饮料,4.5,4.5,99945,99945
`FS100965,货道11,统一阿萨姆[奶茶原味](PET500ml),INTR230011689,饮料,4.5,4.5,99957,99957
`FS100965,货道13,可口可乐[自购版](PET500ml),INTR724012203,饮料,3.5,3.5,99909,99909
`FS100965,货道14,,,,,,0,0
`FS100965,货道15,焕神[热带水果风味]饮料(PET460ml),INTR583011691,饮料,5,5,99926,99926
`FS100965,货道16,,,,,,0,0
`FS100965,货道17,雅哈[冰咖啡](PET450ml),INTR470011686,饮料,5.5,5.5,99937,99937
`FS100965,货道19,海之言[柠檬](PET500ml),INTR039011682,饮料,4,4,99961,99961
`FS100965,货道21,海之言[柠檬](PET500ml),INTR039011682,饮料,4,4,99957,99957
`FS100965,货道23,统一轻啵苏打水[柠檬味](PET500ml),INTR773011687,饮料,3.5,3.5,99984,99984
`FS100965,货道24,焕神[热带水果风味]饮料(PET460ml),INTR583011691,饮料,5,5,99930,99930
`FS100965,货道25,小茗同学[溜溜哒茶](PET480ml),INTR973011692,饮料,5,5,99981,99981
`FS100965,货道26,小茗同学[溜溜哒茶](PET480ml),INTR973011692,饮料,5,5,99988,99988
`FS100965,货道27,农夫山泉(PET550ml),INTR993012106,矿泉水,2,2,99970,99970
`FS100965,货道28,百事可乐(CAN330ml),INTR785012174,饮料,2.5,2.5,99990,99990
`FS100965,货道29,小茗同学[溜溜哒茶](PET480ml),INTR973011692,饮料,5,5,99971,99971
`FS100965,货道30,小茗同学[溜溜哒茶](PET480ml),INTR973011692,饮料,5,5,99977,99977
`FS100965,货道31,统一冰红茶[柠檬](PET500ml),INTR894011688,饮料,3,3,99913,99913
`FS100965,货道32,小茗同学[溜溜哒茶](PET480ml),INTR973011692,饮料,5,5,99984,99984
`FS100965,货道33,统一绿茶[茉莉](PET500ml),INTR577011683,饮料,3,3,99945,99945
`FS100965,货道34,统一绿茶[茉莉](PET500ml),INTR577011683,饮料,3,3,99952,99952
`FS100555,货道1,统一鲜橙多(CAN310ml),INTR767011663,饮料,3,3,99973,99973
`FS100555,货道2,统一鲜橙多(CAN310ml),INTR767011663,饮料,3,3,99978,99978
`FS100555,货道3,旺旺牛奶(CAN245ml),INTR783012872,饮料,6,6,99976,99976
`FS100555,货道4,旺旺牛奶(CAN245ml),INTR783012872,饮料,6,6,99977,99977
`FS100555,货道5,怡宝火咖[意式倍醇](CAN280ml),INTR284012885,饮料,4,4,99982,99982
`FS100555,货道6,统一冰红茶(CAN310ml),INTR115011662,饮料,2.5,2.5,99988,99988
`FS100555,货道7,营养快线香草冰淇淋味(PET450ml),INTR356012839,饮料,5,5,99942,99942
`FS100555,货道8,营养快线香草冰淇淋味(PET450ml),INTR356012839,饮料,5,5,99964,99964
`FS100555,货道9,统一阿萨姆[奶茶原味](PET500ml),INTR230011689,饮料,4.5,4.5,99956,99956
`FS100555,货道10,统一阿萨姆[奶茶原味](PET500ml),INTR230011689,饮料,4.5,4.5,99957,99957
`FS100555,货道11,统一阿萨姆[奶茶原味](PET500ml),INTR230011689,饮料,4.5,4.5,99965,99965
`FS100555,货道13,统一冰红茶[柠檬](PET500ml),INTR894011688,饮料,3,3,99938,99938
`FS100555,货道14,,,,,,0,0
`FS100555,货道15,统一绿茶[茉莉](PET500ml),INTR577011683,饮料,3,3,99939,99939
`FS100555,货道16,,,,,,0,0
`FS100555,货道17,海之言[柠檬](PET500ml),INTR039011682,饮料,4,4,99952,99952
`FS100555,货道19,海之言[柠檬](PET500ml),INTR039011682,饮料,4,4,99951,99951
`FS100555,货道21,海之言[柠檬](PET500ml),INTR039011682,饮料,4,4,99963,99963
`FS100555,货道23,小茗同学[溜溜哒茶](PET480ml),INTR973011692,饮料,5,5,99963,99963
`FS100555,货道24,小茗同学[溜溜哒茶](PET480ml),INTR973011692,饮料,5,5,99962,99962
`FS100555,货道25,星巴克咖啡拿铁(PET270ml),INTR039012873,饮料,10,10,99968,99968
`FS100555,货道26,雅哈[冰咖啡](PET450ml),INTR470011686,饮料,5.5,5.5,99977,99977
`FS100555,货道27,雅哈[冰咖啡](PET450ml),INTR470011686,饮料,5.5,5.5,99984,99984
`FS100555,货道28,雅哈[冰咖啡](PET450ml),INTR470011686,饮料,5.5,5.5,99975,99975
`FS100555,货道29,ALKAQUA[饮用天然矿泉水](PET570ml),INTR997009154,矿泉水,4,4,99942,99942
`FS100555,货道30,ALKAQUA[饮用天然矿泉水](PET570ml),INTR997009154,矿泉水,4,4,99960,99960
`FS100555,货道31,ALKAQUA[饮用天然矿泉水](PET570ml),INTR997009154,矿泉水,4,4,99954,99954
`FS100555,货道32,ALKAQUA[饮用天然矿泉水](PET570ml),INTR997009154,矿泉水,4,4,99957,99957
`FS100555,货道33,小茗同学[溜溜哒茶](PET480ml),INTR973011692,饮料,5,5,99971,99971
`FS100555,货道34,统一鲜橙多(PET450ml),INTR910011664,饮料,3.5,3.5,99963,99963
`FS100408,货道1,王老吉海盐荔枝果味饮料(CAN310ml),INTR198012198,饮料,4,3,99879,99879
`FS100408,货道2,红牛金罐(CAN250ml),INTR442012892,饮料,6,6,99698,99698
`FS100408,货道3,娃哈哈桂圆莲子八宝粥(CAN360ml),INTR218012884,食品,4,4,99836,99836
`FS100408,货道4,统一冰红茶(CAN310ml),INTR115011662,饮料,2.5,2.5,99747,99747
`FS100408,货道5,娃哈哈桂圆莲子八宝粥(CAN360ml),INTR218012884,食品,4,4,99877,99877
`FS100408,货道6,统一冰红茶(CAN310ml),INTR115011662,饮料,2.5,2.5,99812,99812
`FS100408,货道7,统一阿萨姆[奶茶原味](PET500ml),INTR230011689,饮料,4.5,4.5,99490,99490
`FS100408,货道8,统一阿萨姆[奶茶原味](PET500ml),INTR230011689,饮料,4.5,4.5,99492,99492
`FS100408,货道9,营养快线香草冰淇淋味(PET450ml),INTR356012839,饮料,5,5,99616,99616
`FS100408,货道10,达利园青梅绿茶(PET500ml),INTR537012876,饮料,3,3,99859,99859
`FS100408,货道11,雅哈[冰咖啡](PET450ml),INTR470011686,饮料,5.5,5.5,99649,99649
`FS100408,货道13,可口可乐[自购版](PET500ml),INTR724012203,饮料,3.5,3.5,99485,99485
`FS100408,货道14,,,,,,0,0
`FS100408,货道15,可口可乐[自购版](PET500ml),INTR724012203,饮料,3.5,3.5,99519,99519
`FS100408,货道16,,,,,,0,0
`FS100408,货道17,统一阿萨姆[奶茶原味](PET500ml),INTR230011689,饮料,4.5,4.5,99557,99557
`FS100408,货道19,焕神[热带水果风味]饮料(PET460ml),INTR583011691,饮料,5,5,99604,99604
`FS100408,货道21,焕神[热带水果风味]饮料(PET460ml),INTR583011691,饮料,5,5,99669,99669
`FS100408,货道23,统一绿茶[茉莉](PET500ml),INTR577011683,饮料,3,3,99527,99527
`FS100408,货道24,统一绿茶[茉莉](PET500ml),INTR577011683,饮料,3,3,99485,99485
`FS100408,货道25,焕神[热带水果风味]饮料(PET460ml),INTR583011691,饮料,5,5,99632,99632
`FS100408,货道26,统一鲜橙多(PET450ml),INTR910011664,饮料,3.5,3.5,99622,99622
`FS100408,货道27,统一鲜橙多(PET450ml),INTR910011664,饮料,3.5,3.5,99713,99713
`FS100408,货道28,统一鲜橙多(PET450ml),INTR910011664,饮料,3.5,3.5,99712,99712
`FS100408,货道29,雅哈[冰咖啡](PET450ml),INTR470011686,饮料,5.5,5.5,99716,99716
`FS100408,货道30,海之言[柠檬](PET500ml),INTR039011682,饮料,4,4,99601,99601
`FS100408,货道31,海之言[柠檬](PET500ml),INTR039011682,饮料,4,4,99667,99667
`FS100408,货道32,小茗同学[溜溜哒茶](PET480ml),INTR973011692,饮料,5,5,99899,99899
`FS100408,货道33,小茗同学[溜溜哒茶](PET480ml),INTR973011692,饮料,5,5,99885,99885
`FS100408,货道34,小茗同学[溜溜哒茶](PET480ml),INTR973011692,饮料,5,5,99845,99845
`FS100629,货道1,爱朵拉拿铁咖啡(CAN310ml),INTR459011637,饮料,4,4,99999,99999
`FS100629,货道2,统一奶茶[麦香](CAN310ml),106623,开门柜,5,5,99999,99999
`FS100629,货道3,怡宝火咖[意式倍醇](CAN280ml),INTR284012885,饮料,4,4,99984,99984
`FS100629,货道4,爱朵拉拿铁咖啡(CAN310ml),INTR459011637,饮料,4,1,99998,99998
`FS100629,货道5,优好滋港式奶茶(CAN310ml),INTR029012897,饮料,4,4,99988,99988
`FS100629,货道6,优好滋港式奶茶(CAN310ml),INTR029012897,饮料,4,4,99990,99990
`FS100629,货道7,统一阿萨姆[奶茶原味](PET500ml),INTR230011689,饮料,4.5,4.5,99926,99926
`FS100629,货道8,统一阿萨姆[奶茶原味](PET500ml),INTR230011689,饮料,4.5,4.5,99923,99923
`FS100629,货道9,营养快线香草冰淇淋味(PET450ml),INTR356012839,饮料,5,5,99960,99960
`FS100629,货道10,营养快线香草冰淇淋味(PET450ml),INTR356012839,饮料,5,5,99972,99972
`FS100629,货道11,营养快线香草冰淇淋味(PET450ml),INTR356012839,饮料,5,5,99976,99976
`FS100629,货道13,雅哈[冰咖啡](PET450ml),INTR470011686,饮料,5.5,5.5,99982,99982
`FS100629,货道14,,,,,,0,0
`FS100629,货道15,雅哈[冰咖啡](PET450ml),INTR470011686,饮料,5.5,5.5,99965,99965
`FS100629,货道16,,,,,,0,0
`FS100629,货道17,海之言[柠檬](PET500ml),INTR039011682,饮料,4,4,0,0
`FS100629,货道19,海之言[柠檬](PET500ml),INTR039011682,饮料,4,4,99956,99956
`FS100629,货道21,海之言[柠檬](PET500ml),INTR039011682,饮料,4,4,99962,99962
`FS100629,货道23,统一绿茶[茉莉](PET500ml),INTR577011683,饮料,3,3,99978,99978
`FS100629,货道24,统一绿茶[茉莉](PET500ml),INTR577011683,饮料,3,3,99946,99946
`FS100629,货道25,统一鲜橙多(PET450ml),INTR910011664,饮料,3.5,3.5,99967,99967
`FS100629,货道26,统一鲜橙多(PET450ml),INTR910011664,饮料,3.5,3.5,99978,99978
`FS100629,货道27,焕神[热带水果风味]饮料(PET460ml),INTR583011691,饮料,5,5,99989,99989
`FS100629,货道28,焕神[热带水果风味]饮料(PET460ml),INTR583011691,饮料,5,5,99992,99992
`FS100629,货道29,ALKAQUA[饮用天然矿泉水](PET570ml),INTR997009154,矿泉水,4,4,99984,99984
`FS100629,货道30,统一冰红茶[柠檬](PET500ml),INTR894011688,饮料,3,3,99969,99969
`FS100629,货道31,小茗同学[溜溜哒茶](PET480ml),INTR973011692,饮料,5,5,99993,99993
`FS100629,货道32,小茗同学[溜溜哒茶](PET480ml),INTR973011692,饮料,5,5,99985,99985
`FS100629,货道33,小茗同学[溜溜哒茶](PET480ml),INTR973011692,饮料,5,5,99981,99981
`FS100629,货道34,小茗同学[溜溜哒茶](PET480ml),INTR973011692,饮料,5,5,99991,99991
`FS101330,货道1,统一鲜橙多(CAN310ml),INTR767011663,饮料,3,3,99957,99957
`FS101330,货道2,统一鲜橙多(CAN310ml),INTR767011663,饮料,3,3,99955,99955
`FS101330,货道3,怡宝火咖[意式倍醇](CAN280ml),INTR284012885,饮料,4,4,99988,99988
`FS101330,货道4,怡宝火咖[意式倍醇](CAN280ml),INTR284012885,饮料,4,4,99988,99988
`FS101330,货道5,统一冰红茶(CAN310ml),INTR115011662,饮料,2.5,2.5,99999,99999
`FS101330,货道6,统一冰红茶(CAN310ml),INTR115011662,饮料,2.5,2.5,99999,99999
`FS101330,货道7,雅哈[冰咖啡](PET450ml),INTR470011686,饮料,5.5,5.5,99921,99921
`FS101330,货道8,雅哈[冰咖啡](PET450ml),INTR470011686,饮料,5.5,5.5,99922,99922
`FS101330,货道9,营养快线香草冰淇淋味(PET450ml),INTR356012839,饮料,5,5,99934,99934
`FS101330,货道10,营养快线香草冰淇淋味(PET450ml),INTR356012839,饮料,5,5,99937,99937
`FS101330,货道11,统一阿萨姆[奶茶原味](PET500ml),INTR230011689,饮料,4.5,4.5,99954,99954
`FS101330,货道13,可口可乐[自购版](PET500ml),INTR724012203,饮料,3.5,3.5,99853,99853
`FS101330,货道14,,,,,,0,0
`FS101330,货道15,统一阿萨姆[奶茶原味](PET500ml),INTR230011689,饮料,4.5,4.5,99941,99941
`FS101330,货道16,,,,,,0,0
`FS101330,货道17,脉动[青柠味](PET600ml),INTR924012868,饮料,4,4,99941,99941
`FS101330,货道19,可口可乐[自购版](PET500ml),INTR724012203,饮料,3.5,3.5,99922,99922
`FS101330,货道21,可口可乐[自购版](PET500ml),INTR724012203,饮料,3.5,3.5,99945,99945
`FS101330,货道23,统一冰红茶[柠檬](PET500ml),INTR894011688,饮料,3,3,99914,99914
`FS101330,货道24,统一冰红茶[柠檬](PET500ml),INTR894011688,饮料,3,3,99882,99882
`FS101330,货道25,统一绿茶[茉莉](PET500ml),INTR577011683,饮料,3,3,99937,99937
`FS101330,货道26,统一鲜橙多(PET450ml),INTR910011664,饮料,3.5,3.5,99930,99930
`FS101330,货道27,小茗同学[溜溜哒茶](PET480ml),INTR973011692,饮料,5,5,99970,99970
`FS101330,货道28,小茗同学[溜溜哒茶](PET480ml),INTR973011692,饮料,5,5,99979,99979
`FS101330,货道29,小茗同学[溜溜哒茶](PET480ml),INTR973011692,饮料,5,5,99961,99961
`FS101330,货道30,小茗同学[溜溜哒茶](PET480ml),INTR973011692,饮料,5,5,99970,99970
`FS101330,货道31,ALKAQUA[饮用天然矿泉水](PET570ml),INTR997009154,矿泉水,4,4,99986,99986
`FS101330,货道32,焕神[热带水果风味]饮料(PET460ml),INTR583011691,饮料,5,5,99962,99962
`FS101330,货道33,海之言[柠檬](PET500ml),INTR039011682,饮料,4,4,99954,99954
`FS101330,货道34,海之言[柠檬](PET500ml),INTR039011682,饮料,4,4,99958,99958
`FS100070,货道1,统一冰红茶(CAN310ml),INTR115011662,饮料,2.5,2.5,99944,99944
`FS100070,货道2,统一冰红茶(CAN310ml),INTR115011662,饮料,2.5,2.5,99943,99943
`FS100070,货道3,雪碧[自购版](CAN330ml),INTR685011636,饮料,3,3,99915,99915
`FS100070,货道4,雪碧[自购版](CAN330ml),INTR685011636,饮料,3,3,99950,99950
`FS100070,货道5,统一鲜橙多(CAN310ml),INTR767011663,饮料,3,3,99970,99970
`FS100070,货道6,统一鲜橙多(CAN310ml),INTR767011663,饮料,3,3,99966,99966
`FS100070,货道7,娃哈哈葡萄汁(PET500ml),INTR106013579,饮料,3,3.5,99868,99868
`FS100070,货道8,娃哈哈葡萄汁(PET500ml),INTR106013579,饮料,3,3.5,99942,99942
`FS100070,货道9,娃哈哈葡萄汁(PET500ml),INTR106013579,饮料,3,3.5,99937,99937
`FS100070,货道10,海之言[柠檬](PET500ml),INTR039011682,饮料,4,4,99987,99987
`FS100070,货道11,海之言[柠檬](PET500ml),INTR039011682,饮料,4,4,99975,99975
`FS100070,货道13,可口可乐[自购版](PET500ml),INTR724012203,饮料,3.5,3.5,99838,99838
`FS100070,货道15,可口可乐[自购版](PET500ml),INTR724012203,饮料,3.5,3.5,99878,99878
`FS100070,货道17,可口可乐[自购版](PET500ml),INTR724012203,饮料,3.5,3.5,99936,99936
`FS100070,货道19,农夫山泉力量帝维他命水(PET500ml),INTR911012108,饮料,5,5,99986,99986
`FS100070,货道21,农夫山泉力量帝维他命水(PET500ml),INTR911012108,饮料,5,5,99977,99977
`FS100070,货道23,统一冰红茶[柠檬](PET500ml),INTR894011688,饮料,3,3,99908,99908
`FS100070,货道24,统一冰红茶[柠檬](PET500ml),INTR894011688,饮料,3,3,99804,99804
`FS100070,货道25,统一鲜橙多(PET450ml),INTR910011664,饮料,3.5,3.5,99918,99918
`FS100070,货道26,统一鲜橙多(PET450ml),INTR910011664,饮料,3.5,3.5,99931,99931
`FS100070,货道27,焕神[热带水果风味]饮料(PET460ml),INTR583011691,饮料,5,5,99999,99999
`FS100070,货道28,焕神[热带水果风味]饮料(PET460ml),INTR583011691,饮料,5,5,99998,99998
`FS100070,货道29,小茗同学[青柠红茶](PET480ml),INTR297011693,饮料,5,5,99987,99987
`FS100070,货道30,统一冰绿茶[青梅绿茶](PET500ml),INTR469011681,饮料,3,3,99983,99983
`FS100070,货道31,统一轻啵苏打水[柠檬味](PET500ml),INTR773011687,饮料,3.5,3.5,99978,99978
`FS100070,货道32,ALKAQUA[饮用天然矿泉水](PET570ml),INTR997009154,矿泉水,4,4,99939,99939
`FS100070,货道33,统一冰绿茶[青梅绿茶](PET500ml),INTR469011681,饮料,3,3,99984,99984
`FS100070,货道34,统一冰绿茶[青梅绿茶](PET500ml),INTR469011681,饮料,3,3,99990,99990
`FS101002,货道1,统一冰红茶(CAN310ml),INTR115011662,饮料,2.5,2.5,99765,99765
`FS101002,货道2,统一冰红茶(CAN310ml),INTR115011662,饮料,2.5,2.5,99661,99661
`FS101002,货道3,雪碧[自购版](CAN330ml),INTR685011636,饮料,3,3,99887,99887
`FS101002,货道4,雪碧[自购版](CAN330ml),INTR685011636,饮料,3,3,99914,99914
`FS101002,货道5,统一鲜橙多(CAN310ml),INTR767011663,饮料,3,3,99709,99709
`FS101002,货道6,统一鲜橙多(CAN310ml),INTR767011663,饮料,3,3,99745,99745
`FS101002,货道7,娃哈哈葡萄汁(PET500ml),INTR106013579,饮料,3,3.5,99753,99753
`FS101002,货道8,娃哈哈葡萄汁(PET500ml),INTR106013579,饮料,3,3.5,99777,99777
`FS101002,货道9,娃哈哈葡萄汁(PET500ml),INTR106013579,饮料,3,3.5,99815,99815
`FS101002,货道10,海之言[柠檬](PET500ml),INTR039011682,饮料,4,4,99920,99920
`FS101002,货道11,海之言[柠檬](PET500ml),INTR039011682,饮料,4,4,99917,99917
`FS101002,货道13,可口可乐(PET500ml),INTR310011684,饮料,3.5,3.5,99677,99677
`FS101002,货道15,可口可乐(PET500ml),INTR310011684,饮料,3.5,3.5,99614,99614
`FS101002,货道17,可口可乐(PET500ml),INTR310011684,饮料,3.5,3.5,99706,99706
`FS101002,货道19,统一鲜橙多(PET450ml),INTR910011664,饮料,3.5,3.5,99560,99560
`FS101002,货道21,统一鲜橙多(PET450ml),INTR910011664,饮料,3.5,3.5,99565,99565
`FS101002,货道23,统一冰绿茶[青梅绿茶](PET500ml),INTR469011681,饮料,3,3,99991,99991
`FS101002,货道24,统一冰绿茶[青梅绿茶](PET500ml),INTR469011681,饮料,3,3,99984,99984
`FS101002,货道25,统一冰绿茶[青梅绿茶](PET500ml),INTR469011681,饮料,3,3,99991,99991
`FS101002,货道26,焕神[热带水果风味]饮料(PET460ml),INTR583011691,饮料,5,5,99940,99940
`FS101002,货道27,统一轻啵苏打水[柠檬味](PET500ml),INTR773011687,饮料,3.5,3.5,99973,99973
`FS101002,货道28,统一轻啵苏打水[柠檬味](PET500ml),INTR773011687,饮料,3.5,3.5,99961,99961
`FS101002,货道29,小茗同学[鸭屎香柠檬茶](PET480ml),INTR116013656,饮料,5,5,99978,99978
`FS101002,货道30,统一冰红茶[柠檬](PET500ml),INTR894011688,饮料,3,3,99386,99386
`FS101002,货道31,统一冰红茶[柠檬](PET500ml),INTR894011688,饮料,3,3,99436,99436
`FS101002,货道32,怡宝[纯净水](PET555ml),INTR128012109,矿泉水,2,2,99482,99482
`FS101002,货道33,怡宝[纯净水](PET555ml),INTR128012109,矿泉水,2,2,99487,99487
`FS101002,货道34,怡宝[纯净水](PET555ml),INTR128012109,矿泉水,2,2,99603,99603
`FS100997,货道1,统一冰红茶(CAN310ml),INTR115011662,饮料,2.5,2.5,99932,99932
`FS100997,货道2,统一冰红茶(CAN310ml),INTR115011662,饮料,2.5,2.5,99900,99900
`FS100997,货道3,雪碧[自购版](CAN330ml),INTR685011636,饮料,3,3,99947,99947
`FS100997,货道4,雪碧[自购版](CAN330ml),INTR685011636,饮料,3,3,99948,99948
`FS100997,货道5,统一鲜橙多(CAN310ml),INTR767011663,饮料,3,3,99922,99922
`FS100997,货道6,统一鲜橙多(CAN310ml),INTR767011663,饮料,3,3,99914,99914
`FS100997,货道7,娃哈哈葡萄汁(PET500ml),INTR106013579,饮料,3,3.5,99873,99873
`FS100997,货道8,娃哈哈葡萄汁(PET500ml),INTR106013579,饮料,3,3.5,99872,99872
`FS100997,货道9,娃哈哈葡萄汁(PET500ml),INTR106013579,饮料,3,3.5,99883,99883
`FS100997,货道10,海之言[柠檬](PET500ml),INTR039011682,饮料,4,4,99958,99958
`FS100997,货道11,海之言[柠檬](PET500ml),INTR039011682,饮料,4,4,99944,99944
`FS100997,货道13,可口可乐[自购版](PET500ml),INTR724012203,饮料,3.5,3.5,99887,99887
`FS100997,货道14,,,,,,0,0
`FS100997,货道15,可口可乐[自购版](PET500ml),INTR724012203,饮料,3.5,3.5,99866,99866
`FS100997,货道16,,,,,,0,0
`FS100997,货道17,可口可乐[自购版](PET500ml),INTR724012203,饮料,3.5,3.5,99921,99921
`FS100997,货道19,统一鲜橙多(PET450ml),INTR910011664,饮料,3.5,3.5,99819,99819
`FS100997,货道21,统一鲜橙多(PET450ml),INTR910011664,饮料,3.5,3.5,99786,99786
`FS100997,货道23,统一冰绿茶[青梅绿茶](PET500ml),INTR469011681,饮料,3,3,99999,99999
`FS100997,货道24,统一冰绿茶[青梅绿茶](PET500ml),INTR469011681,饮料,3,3,99999,99999
`FS100997,货道25,统一冰绿茶[青梅绿茶](PET500ml),INTR469011681,饮料,3,3,99999,99999
`FS100997,货道26,焕神[热带水果风味]饮料(PET460ml),INTR583011691,饮料,5,5,99963,99963
`FS100997,货道27,统一轻啵苏打水[柠檬味](PET500ml),INTR773011687,饮料,3.5,3.5,99982,99982
`FS100997,货道28,统一轻啵苏打水[柠檬味](PET500ml),INTR773011687,饮料,3.5,3.5,99991,99991
`FS100997,货道29,小茗同学[鸭屎香柠檬茶](PET480ml),INTR116013656,饮料,5,5,99999,99999
`FS100997,货道30,统一冰红茶[柠檬](PET500ml),INTR894011688,饮料,3,3,99730,99730
`FS100997,货道31,统一冰红茶[柠檬](PET500ml),INTR894011688,饮料,3,3,99754,99754
`FS100997,货道32,怡宝[纯净水](PET555ml),INTR128012109,矿泉水,2,2,99724,99724
`FS100997,货道33,怡宝[纯净水](PET555ml),INTR128012109,矿泉水,2,2,99732,99732
`FS100997,货道34,怡宝[纯净水](PET555ml),INTR128012109,矿泉水,2,2,99759,99759
