设备编号,货道名称,商品名称,商品编号,分类,参考价格,实际价格,可售库存,合计库存
`FS101036,货道1,统一冰红茶(CAN310ml),INTR115011662,饮料,2.5,3,99972,99972
`FS101036,货道2,统一冰红茶(CAN310ml),INTR115011662,饮料,2.5,3,99984,99984
`FS101036,货道3,雪碧[自购版](CAN330ml),INTR685011636,饮料,3,3,99987,99987
`FS101036,货道4,雪碧[自购版](CAN330ml),INTR685011636,饮料,3,3,99994,99994
`FS101036,货道5,统一鲜橙多(CAN310ml),INTR767011663,饮料,3,3,99984,99984
`FS101036,货道6,统一鲜橙多(CAN310ml),INTR767011663,饮料,3,3,99988,99988
`FS101036,货道7,ALKAQUA[饮用天然矿泉水](PET570ml),INTR997009154,矿泉水,4,5,99987,99987
`FS101036,货道8,ALKAQUA[饮用天然矿泉水](PET570ml),INTR997009154,矿泉水,4,5,99994,99994
`FS101036,货道9,ALKAQUA[饮用天然矿泉水](PET570ml),INTR997009154,矿泉水,4,5,99996,99996
`FS101036,货道10,ALKAQUA[饮用天然矿泉水](PET570ml),INTR997009154,矿泉水,4,5,99992,99992
`FS101036,货道11,ALKAQUA[饮用天然矿泉水](PET570ml),INTR997009154,矿泉水,4,5,99989,99989
`FS101036,货道13,怡宝[纯净水](PET555ml),INTR128012109,矿泉水,2,3,99957,99957
`FS101036,货道14,,,,,,0,0
`FS101036,货道15,怡宝[纯净水](PET555ml),INTR128012109,矿泉水,2,3,99973,99973
`FS101036,货道16,,,,,,0,0
`FS101036,货道17,怡宝[纯净水](PET555ml),INTR128012109,矿泉水,2,3,99969,99969
`FS101036,货道19,怡宝[纯净水](PET555ml),INTR128012109,矿泉水,2,3,99967,99967
`FS101036,货道21,怡宝[纯净水](PET555ml),INTR128012109,矿泉水,2,3,99969,99969
`FS101036,货道23,统一冰红茶[柠檬](PET500ml),INTR894011688,饮料,3,4,99981,99981
`FS101036,货道24,统一冰红茶[柠檬](PET500ml),INTR894011688,饮料,3,4,99968,99968
`FS101036,货道25,统一冰红茶[柠檬](PET500ml),INTR894011688,饮料,3,4,99961,99961
`FS101036,货道26,统一冰绿茶[青梅绿茶](PET500ml),INTR469011681,饮料,3,4,99990,99990
`FS101036,货道27,统一冰绿茶[青梅绿茶](PET500ml),INTR469011681,饮料,3,4,99994,99994
`FS101036,货道28,统一冰绿茶[青梅绿茶](PET500ml),INTR469011681,饮料,3,4,99990,99990
`FS101036,货道29,达利园青梅绿茶(PET500ml),INTR537012876,饮料,3,4,99981,99981
`FS101036,货道30,达利园青梅绿茶(PET500ml),INTR537012876,饮料,3,4,99985,99985
`FS101036,货道31,统一冰绿茶[青梅绿茶](PET500ml),INTR469011681,饮料,3,4,99988,99988
`FS101036,货道32,焕神[热带水果风味]饮料(PET460ml),INTR583011691,饮料,5,6,99977,99977
`FS101036,货道33,焕神[热带水果风味]饮料(PET460ml),INTR583011691,饮料,5,6,99978,99978
`FS101036,货道34,焕神[热带水果风味]饮料(PET460ml),INTR583011691,饮料,5,6,99987,99987
`FS101302,货道1,统一冰红茶(CAN310ml),INTR115011662,饮料,2.5,2.5,99969,99969
`FS101302,货道2,统一冰红茶(CAN310ml),INTR115011662,饮料,2.5,2.5,99969,99969
`FS101302,货道3,雪碧[自购版](CAN330ml),INTR685011636,饮料,3,3,99987,99987
`FS101302,货道4,雪碧[自购版](CAN330ml),INTR685011636,饮料,3,3,99993,99993
`FS101302,货道5,统一鲜橙多(CAN310ml),INTR767011663,饮料,3,3,99977,99977
`FS101302,货道6,统一鲜橙多(CAN310ml),INTR767011663,饮料,3,3,99981,99981
`FS101302,货道7,统一冰绿茶[青梅绿茶](PET500ml),INTR469011681,饮料,3,3,99983,99983
`FS101302,货道8,统一冰绿茶[青梅绿茶](PET500ml),INTR469011681,饮料,3,3,99977,99977
`FS101302,货道9,ALKAQUA[饮用天然矿泉水](PET570ml),INTR997009154,矿泉水,4,4,99988,99988
`FS101302,货道10,统一冰绿茶[青梅绿茶](PET500ml),INTR469011681,饮料,3,3,99976,99976
`FS101302,货道11,统一冰绿茶[青梅绿茶](PET500ml),INTR469011681,饮料,3,3,99963,99963
`FS101302,货道13,可口可乐[自购版](PET500ml),INTR724012203,饮料,3.5,3.5,99986,99986
`FS101302,货道14,,,,,,0,0
`FS101302,货道15,可口可乐[自购版](PET500ml),INTR724012203,饮料,3.5,3.5,99984,99984
`FS101302,货道16,,,,,,0,0
`FS101302,货道17,可口可乐[自购版](PET500ml),INTR724012203,饮料,3.5,3.5,99982,99982
`FS101302,货道19,可口可乐[自购版](PET500ml),INTR724012203,饮料,3.5,3.5,99986,99986
`FS101302,货道21,可口可乐[自购版](PET500ml),INTR724012203,饮料,3.5,3.5,99978,99978
`FS101302,货道23,统一冰绿茶[青梅绿茶](PET500ml),INTR469011681,饮料,3,3,99993,99993
`FS101302,货道24,统一冰绿茶[青梅绿茶](PET500ml),INTR469011681,饮料,3,3,99992,99992
`FS101302,货道25,怡宝[纯净水](PET555ml),INTR128012109,矿泉水,2,2,99930,99930
`FS101302,货道26,怡宝[纯净水](PET555ml),INTR128012109,矿泉水,2,2,99928,99928
`FS101302,货道27,焕神[热带水果风味]饮料(PET460ml),INTR583011691,饮料,5,5,99973,99973
`FS101302,货道28,焕神[热带水果风味]饮料(PET460ml),INTR583011691,饮料,5,5,99979,99979
`FS101302,货道29,小茗同学[青柠红茶](PET480ml),INTR297011693,饮料,5,5,99984,99984
`FS101302,货道30,统一冰红茶[柠檬](PET500ml),INTR894011688,饮料,3,3,99956,99956
`FS101302,货道31,统一冰红茶[柠檬](PET500ml),INTR894011688,饮料,3,3,99946,99946
`FS101302,货道32,达利园青梅绿茶(PET500ml),INTR537012876,饮料,3,3,99979,99979
`FS101302,货道33,达利园青梅绿茶(PET500ml),INTR537012876,饮料,3,3,99990,99990
`FS101302,货道34,达利园青梅绿茶(PET500ml),INTR537012876,饮料,3,3,99986,99986
`FS101344,货道1,统一冰红茶(CAN310ml),INTR115011662,饮料,2.5,2.5,99996,99996
`FS101344,货道2,统一冰红茶(CAN310ml),INTR115011662,饮料,2.5,2.5,99990,99990
`FS101344,货道3,雪碧[自购版](CAN330ml),INTR685011636,饮料,3,3,99987,99987
`FS101344,货道4,雪碧[自购版](CAN330ml),INTR685011636,饮料,3,3,99995,99995
`FS101344,货道5,统一鲜橙多(CAN310ml),INTR767011663,饮料,3,3,99992,99992
`FS101344,货道6,统一鲜橙多(CAN310ml),INTR767011663,饮料,3,3,99989,99989
`FS101344,货道7,娃哈哈葡萄汁(PET500ml),INTR106013579,饮料,3,3.5,99996,99996
`FS101344,货道8,娃哈哈葡萄汁(PET500ml),INTR106013579,饮料,3,3.5,99997,99997
`FS101344,货道9,娃哈哈葡萄汁(PET500ml),INTR106013579,饮料,3,3.5,99992,99992
`FS101344,货道10,海之言[柠檬](PET500ml),INTR039011682,饮料,4,4,99995,99995
`FS101344,货道11,海之言[柠檬](PET500ml),INTR039011682,饮料,4,4,99990,99990
`FS101344,货道13,可口可乐[自购版](PET500ml),INTR724012203,饮料,3.5,3.5,99978,99978
`FS101344,货道14,,,,,,0,0
`FS101344,货道15,可口可乐[自购版](PET500ml),INTR724012203,饮料,3.5,3.5,99973,99973
`FS101344,货道16,,,,,,0,0
`FS101344,货道17,可口可乐(PET500ml),INTR310011684,饮料,3.5,3.5,99997,99997
`FS101344,货道19,农夫山泉力量帝维他命水(PET500ml),INTR911012108,饮料,5,5,99987,99987
`FS101344,货道21,农夫山泉力量帝维他命水(PET500ml),INTR911012108,饮料,5,5,99980,99980
`FS101344,货道23,统一冰红茶[柠檬](PET500ml),INTR894011688,饮料,3,3,99985,99985
`FS101344,货道24,统一冰红茶[柠檬](PET500ml),INTR894011688,饮料,3,3,99974,99974
`FS101344,货道25,统一鲜橙多(PET450ml),INTR910011664,饮料,3.5,3.5,99990,99990
`FS101344,货道26,统一鲜橙多(PET450ml),INTR910011664,饮料,3.5,3.5,99997,99997
`FS101344,货道27,统一绿茶[茉莉](PET500ml),INTR577011683,饮料,3,3,99990,99990
`FS101344,货道28,统一绿茶[茉莉](PET500ml),INTR577011683,饮料,3,3,99991,99991
`FS101344,货道29,小茗同学[青柠红茶](PET480ml),INTR297011693,饮料,5,5,99995,99995
`FS101344,货道30,小茗同学[青柠红茶](PET480ml),INTR297011693,饮料,5,5,99997,99997
`FS101344,货道31,统一轻啵苏打水[柠檬味](PET500ml),INTR773011687,饮料,3.5,3.5,99987,99987
`FS101344,货道32,ALKAQUA[饮用天然矿泉水](PET570ml),INTR997009154,矿泉水,4,4,99987,99987
`FS101344,货道33,焕神[热带水果风味]饮料(PET460ml),INTR583011691,饮料,5,5,99998,99998
`FS101344,货道34,焕神[热带水果风味]饮料(PET460ml),INTR583011691,饮料,5,5,99997,99997
`FS101020,货道1,统一冰红茶(CAN310ml),INTR115011662,饮料,2.5,2.5,99998,99998
`FS101020,货道2,统一冰红茶(CAN310ml),INTR115011662,饮料,2.5,2.5,99990,99990
`FS101020,货道3,统一鲜橙多(CAN310ml),INTR767011663,饮料,3,3,99970,99970
`FS101020,货道4,统一鲜橙多(CAN310ml),INTR767011663,饮料,3,3,99974,99974
`FS101020,货道5,雪碧[自购版](CAN330ml),INTR685011636,饮料,3,2.5,99990,99990
`FS101020,货道6,雪碧[自购版](CAN330ml),INTR685011636,饮料,3,2.5,99991,99991
`FS101020,货道7,统一冰绿茶[青梅绿茶](PET500ml),INTR469011681,饮料,3,3,99994,99994
`FS101020,货道8,统一冰绿茶[青梅绿茶](PET500ml),INTR469011681,饮料,3,3,99992,99992
`FS101020,货道9,统一冰绿茶[青梅绿茶](PET500ml),INTR469011681,饮料,3,3,99994,99994
`FS101020,货道10,统一冰绿茶[青梅绿茶](PET500ml),INTR469011681,饮料,3,3,99995,99995
`FS101020,货道11,统一冰绿茶[青梅绿茶](PET500ml),INTR469011681,饮料,3,3,99992,99992
`FS101020,货道13,可口可乐[自购版](PET500ml),INTR724012203,饮料,3.5,3.5,99978,99978
`FS101020,货道14,,,,,,0,0
`FS101020,货道15,可口可乐[自购版](PET500ml),INTR724012203,饮料,3.5,3.5,99988,99988
`FS101020,货道16,,,,,,0,0
`FS101020,货道17,可口可乐[自购版](PET500ml),INTR724012203,饮料,3.5,3.5,99985,99985
`FS101020,货道19,海之言[柠檬](PET500ml),INTR039011682,饮料,4,4,99999,99999
`FS101020,货道21,海之言[柠檬](PET500ml),INTR039011682,饮料,4,4,99996,99996
`FS101020,货道23,统一冰红茶[柠檬](PET500ml),INTR894011688,饮料,3,3,99994,99994
`FS101020,货道24,统一冰红茶[柠檬](PET500ml),INTR894011688,饮料,3,3,99996,99996
`FS101020,货道25,统一冰红茶[柠檬](PET500ml),INTR894011688,饮料,3,3,99987,99987
`FS101020,货道26,统一冰红茶[柠檬](PET500ml),INTR894011688,饮料,3,3,99994,99994
`FS101020,货道27,焕神[热带水果风味]饮料(PET460ml),INTR583011691,饮料,5,5,99999,99999
`FS101020,货道28,统一轻啵苏打水[柠檬味](PET500ml),INTR773011687,饮料,3.5,3.5,99995,99995
`FS101020,货道29,小茗同学[青柠红茶](PET480ml),INTR297011693,饮料,5,5,99988,99988
`FS101020,货道30,统一鲜橙多(PET450ml),INTR910011664,饮料,3.5,3.5,99972,99972
`FS101020,货道31,统一鲜橙多(PET450ml),INTR910011664,饮料,3.5,3.5,99973,99973
`FS101020,货道32,怡宝[纯净水](PET555ml),INTR128012109,矿泉水,2,2,99963,99963
`FS101020,货道33,怡宝[纯净水](PET555ml),INTR128012109,矿泉水,2,2,99969,99969
`FS101020,货道34,ALKAQUA[饮用天然矿泉水](PET570ml),INTR997009154,矿泉水,4,4,99996,99996
`FS100489,货道1,百事可乐(CAN330ml),INTR785012174,饮料,2.5,2.5,19,19
`FS100489,货道2,百事可乐(CAN330ml),INTR785012174,饮料,2.5,2.5,18,18
`FS100489,货道3,可口可乐[自购版](CAN330ml),INTR121011635,饮料,3,3,17,17
`FS100489,货道4,统一冰绿茶[青梅绿茶](CAN310ml),INTG116100075,饮料,2.5,2.5,17,17
`FS100489,货道5,统一冰绿茶[青梅绿茶](CAN310ml),INTG116100075,饮料,2.5,2.5,15,15
`FS100489,货道6,统一好料道[仙草凉茶](CAN310ml),INTR791011678,饮料,4,4,14,14
`FS100489,货道7,统一阿萨姆[奶茶原味](PET500ml),INTR230011689,饮料,4.5,4.5,19,19
`FS100489,货道8,统一阿萨姆[奶茶原味](PET500ml),INTR230011689,饮料,4.5,4.5,18,18
`FS100489,货道9,统一阿萨姆[奶茶原味](PET500ml),INTR230011689,饮料,4.5,4.5,17,17
`FS100489,货道10,雅哈[冰咖啡](PET450ml),INTR470011686,饮料,5.5,5.5,16,16
`FS100489,货道11,统一绿茶[茉莉](PET500ml),INTR577011683,饮料,3,3,13,13
`FS100489,货道13,百事可乐(PET500ml),INTR859012793,饮料,3.5,3.5,21,21
`FS100489,货道14,,,,,3.5,18,18
`FS100489,货道15,美年达[青苹果味](PET450ml),INTR581013658,饮料,3.5,3.5,20,20
`FS100489,货道16,,,,,,0,0
`FS100489,货道17,农夫山泉力量帝维他命水(PET500ml),INTR911012108,饮料,5,5,18,18
`FS100489,货道19,娃哈哈AD钙(PET450ml),INTR263012498,饮料,4.5,4.5,15,15
`FS100489,货道21,小茗同学[青柠红茶](PET480ml),INTR297011693,饮料,5,5,15,15
`FS100489,货道23,统一冰绿茶[青梅绿茶](PET500ml),INTR469011681,饮料,3,3,17,17
`FS100489,货道24,统一冰绿茶[青梅绿茶](PET500ml),INTR469011681,饮料,3,3,17,17
`FS100489,货道25,统一冰绿茶[青梅绿茶](PET500ml),INTR469011681,饮料,3,3,16,16
`FS100489,货道26,统一冰红茶[柠檬](PET500ml),INTR894011688,饮料,3,3,16,16
`FS100489,货道27,统一冰红茶[柠檬](PET500ml),INTR894011688,饮料,3,3,15,15
`FS100489,货道28,统一冰红茶[柠檬](PET500ml),INTR894011688,饮料,3,3,14,14
`FS100489,货道29,统一鲜橙多(PET450ml),INTR910011664,饮料,3.5,3.5,19,19
`FS100489,货道30,统一鲜橙多(PET450ml),INTR910011664,饮料,3.5,3.5,18,18
`FS100489,货道31,海之言[柠檬](PET500ml),INTR039011682,饮料,4,4,18,18
`FS100489,货道32,海之言[柠檬](PET500ml),INTR039011682,饮料,4,4,16,16
`FS100489,货道33,统一轻啵苏打水[柠檬味](PET500ml),INTR773011687,饮料,3.5,3.5,15,15
`FS100489,货道34,焕神[热带水果风味]饮料(PET460ml),INTR583011691,饮料,5,5,12,12
`FS100490,货道1,百事可乐(CAN330ml),INTR785012174,饮料,2.5,2.5,21,21
`FS100490,货道2,百事可乐(CAN330ml),INTR785012174,饮料,2.5,2.5,19,19
`FS100490,货道3,可口可乐[自购版](CAN330ml),INTR121011635,饮料,3,3,17,17
`FS100490,货道4,统一蜜桃多(CAN310ml),INTR765012351,饮料,3,3,15,15
`FS100490,货道5,统一蜜桃多(CAN310ml),INTR765012351,饮料,3,3,12,12
`FS100490,货道6,统一好料道[仙草凉茶](CAN310ml),INTR791011678,饮料,4,4,11,11
`FS100490,货道7,统一阿萨姆[奶茶原味](PET500ml),INTR230011689,饮料,4.5,4.5,21,21
`FS100490,货道8,统一阿萨姆[奶茶原味](PET500ml),INTR230011689,饮料,4.5,4.5,19,19
`FS100490,货道9,统一阿萨姆[奶茶原味](PET500ml),INTR230011689,饮料,4.5,4.5,15,15
`FS100490,货道10,雅哈[冰咖啡](PET450ml),INTR470011686,饮料,5.5,5.5,13,13
`FS100490,货道11,统一绿茶[茉莉](PET500ml),INTR577011683,饮料,3,3,11,11
`FS100490,货道13,美年达橙味500ml,114732,开门柜,5,3.5,19,19
`FS100490,货道14,,,,,,0,0
`FS100490,货道15,百事可乐(PET500ml),INTR859012793,饮料,3.5,3.5,20,20
`FS100490,货道16,,,,,,0,0
`FS100490,货道17,农夫山泉力量帝维他命水(PET500ml),INTR911012108,饮料,5,5,18,18
`FS100490,货道19,农夫山泉力量帝维他命水(PET500ml),INTR911012108,饮料,5,5,17,17
`FS100490,货道21,小茗同学[溜溜哒茶](PET480ml),INTR973011692,饮料,5,5,13,13
`FS100490,货道23,统一冰绿茶[青梅绿茶](PET500ml),INTR469011681,饮料,3,3,21,21
`FS100490,货道24,海之言[蓝莓](PET500ml),INTR526012420,饮料,4,4,19,19
`FS100490,货道25,海之言[蓝莓](PET500ml),INTR526012420,饮料,4,4,18,18
`FS100490,货道26,统一冰红茶[柠檬](PET500ml),INTR894011688,饮料,3,3,15,15
`FS100490,货道27,统一冰红茶[柠檬](PET500ml),INTR894011688,饮料,3,3,13,13
`FS100490,货道28,统一冰红茶[柠檬](PET500ml),INTR894011688,饮料,3,3,13,13
`FS100490,货道29,统一鲜橙多(PET450ml),INTR910011664,饮料,3.5,3.5,21,21
`FS100490,货道30,统一鲜橙多(PET450ml),INTR910011664,饮料,3.5,3.5,19,19
`FS100490,货道31,统一饮养四季[冰糖雪梨](PET500ml),INTR56004726,饮料,3.5,3.5,17,17
`FS100490,货道32,统一饮养四季[冰糖雪梨](PET500ml),INTR56004726,饮料,3.5,3.5,15,15
`FS100490,货道33,统一轻啵苏打水[桃花味](PET500ml),INTR876012423,饮料,3.5,3.5,13,13
`FS100490,货道34,焕神[热带水果风味]饮料(PET460ml),INTR583011691,饮料,5,5,11,11
`FS100369,货道1,百事可乐(CAN330ml),INTR785012174,饮料,2.5,2.5,21,21
`FS100369,货道2,百事可乐(CAN330ml),INTR785012174,饮料,2.5,2.5,16,16
`FS100369,货道3,可口可乐[自购版](CAN330ml),INTR121011635,饮料,3,3,16,16
`FS100369,货道4,统一冰绿茶[青梅绿茶](CAN310ml),INTG116100075,饮料,2.5,2.5,15,15
`FS100369,货道5,统一冰绿茶[青梅绿茶](CAN310ml),INTG116100075,饮料,2.5,2.5,15,15
`FS100369,货道6,统一好料道[仙草凉茶](CAN310ml),INTR791011678,饮料,4,4,13,13
`FS100369,货道7,统一阿萨姆[奶茶原味](PET500ml),INTR230011689,饮料,4.5,4.5,20,20
`FS100369,货道8,统一阿萨姆[奶茶原味](PET500ml),INTR230011689,饮料,4.5,4.5,18,18
`FS100369,货道9,统一阿萨姆[奶茶原味](PET500ml),INTR230011689,饮料,4.5,4.5,15,15
`FS100369,货道10,雅哈[冰咖啡](PET450ml),INTR470011686,饮料,5.5,5.5,14,14
`FS100369,货道11,统一绿茶[茉莉](PET500ml),INTR577011683,饮料,3,3,11,11
`FS100369,货道13,美年达[青苹果味](PET450ml),INTR581013658,饮料,3.5,3.5,20,20
`FS100369,货道14,,,,,,0,0
`FS100369,货道15,百事可乐(PET500ml),INTR859012793,饮料,3.5,3.5,16,16
`FS100369,货道16,,,,,,0,0
`FS100369,货道17,农夫山泉力量帝维他命水(PET500ml),INTR911012108,饮料,5,5,19,19
`FS100369,货道19,娃哈哈AD钙(PET450ml),INTR263012498,饮料,4.5,4.5,14,14
`FS100369,货道21,小茗同学[青柠红茶](PET480ml),INTR297011693,饮料,5,5,15,15
`FS100369,货道23,统一冰绿茶[青梅绿茶](PET500ml),INTR469011681,饮料,3,3,21,21
`FS100369,货道24,统一冰绿茶[青梅绿茶](PET500ml),INTR469011681,饮料,3,3,18,18
`FS100369,货道25,统一冰绿茶[青梅绿茶](PET500ml),INTR469011681,饮料,3,3,15,15
`FS100369,货道26,统一冰红茶[柠檬](PET500ml),INTR894011688,饮料,3,3,16,16
`FS100369,货道27,统一冰红茶[柠檬](PET500ml),INTR894011688,饮料,3,3,14,14
`FS100369,货道28,统一冰红茶[柠檬](PET500ml),INTR894011688,饮料,3,3,11,11
`FS100369,货道29,统一鲜橙多(PET450ml),INTR910011664,饮料,3.5,3.5,20,20
`FS100369,货道30,统一鲜橙多(PET450ml),INTR910011664,饮料,3.5,3.5,19,19
`FS100369,货道31,海之言[柠檬](PET500ml),INTR039011682,饮料,4,4,17,17
`FS100369,货道32,海之言[柠檬](PET500ml),INTR039011682,饮料,4,4,15,15
`FS100369,货道33,统一轻啵苏打水[柠檬味](PET500ml),INTR773011687,饮料,3.5,3.5,15,15
`FS100369,货道34,统一冰绿茶[青梅绿茶](PET500ml),INTR469011681,饮料,3,3,11,11
`FS100491,货道1,百事可乐(CAN330ml),INTR785012174,饮料,2.5,2.5,21,21
`FS100491,货道2,百事可乐(CAN330ml),INTR785012174,饮料,2.5,2.5,20,20
`FS100491,货道3,可口可乐[自购版](CAN330ml),INTR121011635,饮料,3,3,18,18
`FS100491,货道4,统一冰绿茶[青梅绿茶](CAN310ml),INTG116100075,饮料,2.5,2.5,17,17
`FS100491,货道5,统一冰绿茶[青梅绿茶](CAN310ml),INTG116100075,饮料,2.5,2.5,15,15
`FS100491,货道6,统一好料道[仙草凉茶](CAN310ml),INTR791011678,饮料,4,4,16,16
`FS100491,货道7,统一阿萨姆[奶茶原味](PET500ml),INTR230011689,饮料,4.5,4.5,20,20
`FS100491,货道8,统一阿萨姆[奶茶原味](PET500ml),INTR230011689,饮料,4.5,4.5,19,19
`FS100491,货道9,统一阿萨姆[奶茶原味](PET500ml),INTR230011689,饮料,4.5,4.5,18,18
`FS100491,货道10,雅哈[冰咖啡](PET450ml),INTR470011686,饮料,5.5,5.5,17,17
`FS100491,货道11,统一绿茶[茉莉](PET500ml),INTR577011683,饮料,3,3,15,15
`FS100491,货道13,百事可乐(PET500ml),INTR859012793,饮料,3.5,3.5,21,21
`FS100491,货道14,,,,,3.5,0,0
`FS100491,货道15,百事可乐(PET500ml),INTR859012793,饮料,3.5,3.5,20,20
`FS100491,货道16,,,,,,0,0
`FS100491,货道17,农夫山泉力量帝维他命水(PET500ml),INTR911012108,饮料,5,5,17,17
`FS100491,货道19,农夫山泉力量帝维他命水(PET500ml),INTR911012108,饮料,5,5,14,14
`FS100491,货道21,小茗同学[青柠红茶](PET480ml),INTR297011693,饮料,5,5,16,16
`FS100491,货道23,统一冰绿茶[青梅绿茶](PET500ml),INTR469011681,饮料,3,3,19,19
`FS100491,货道24,统一冰绿茶[青梅绿茶](PET500ml),INTR469011681,饮料,3,3,19,19
`FS100491,货道25,统一冰绿茶[青梅绿茶](PET500ml),INTR469011681,饮料,3,3,17,17
`FS100491,货道26,统一冰红茶[柠檬](PET500ml),INTR894011688,饮料,3,3,17,17
`FS100491,货道27,统一冰红茶[柠檬](PET500ml),INTR894011688,饮料,3,3,16,16
`FS100491,货道28,统一冰红茶[柠檬](PET500ml),INTR894011688,饮料,3,3,15,15
`FS100491,货道29,统一鲜橙多(PET450ml),INTR910011664,饮料,3.5,3.5,19,19
`FS100491,货道30,统一鲜橙多(PET450ml),INTR910011664,饮料,3.5,3.5,20,20
`FS100491,货道31,海之言[柠檬](PET500ml),INTR039011682,饮料,4,4,17,17
`FS100491,货道32,海之言[柠檬](PET500ml),INTR039011682,饮料,4,4,15,15
`FS100491,货道33,统一轻啵苏打水[柠檬味](PET500ml),INTR773011687,饮料,3.5,3.5,15,15
`FS100491,货道34,焕神[热带水果风味]饮料(PET460ml),INTR583011691,饮料,5,5,9,9
`FS100225,货道1,百事可乐(CAN330ml),INTR785012174,饮料,2.5,2.5,21,21
`FS100225,货道2,百事可乐(CAN330ml),INTR785012174,饮料,2.5,2.5,18,18
`FS100225,货道3,可口可乐[自购版](CAN330ml),INTR121011635,饮料,3,3,19,19
`FS100225,货道4,统一冰绿茶[青梅绿茶](CAN310ml),INTG116100075,饮料,2.5,2.5,17,17
`FS100225,货道5,,,,,3,0,0
`FS100225,货道6,统一好料道[仙草凉茶](CAN310ml),INTR791011678,饮料,4,4,10,10
`FS100225,货道7,统一阿萨姆[奶茶原味](PET500ml),INTR230011689,饮料,4.5,4.5,21,21
`FS100225,货道8,统一阿萨姆[奶茶原味](PET500ml),INTR230011689,饮料,4.5,4.5,17,17
`FS100225,货道9,统一阿萨姆[奶茶原味](PET500ml),INTR230011689,饮料,4.5,4.5,15,15
`FS100225,货道10,雅哈[冰咖啡](PET450ml),INTR470011686,饮料,5.5,5.5,13,13
`FS100225,货道11,统一绿茶[茉莉](PET500ml),INTR577011683,饮料,3,3,11,11
`FS100225,货道13,美年达[青苹果味](PET450ml),INTR581013658,饮料,3.5,3.5,12,12
`FS100225,货道14,,,,,,0,0
`FS100225,货道15,焕神[热带水果风味]饮料(PET460ml),INTR583011691,饮料,5,5,19,19
`FS100225,货道16,,,,,,0,0
`FS100225,货道17,百事可乐(PET500ml),INTR859012793,饮料,3.5,3.5,18,18
`FS100225,货道19,娃哈哈AD钙(PET450ml),INTR263012498,饮料,4.5,4.5,14,14
`FS100225,货道21,小茗同学[青柠红茶](PET480ml),INTR297011693,饮料,5,5,15,15
`FS100225,货道23,统一冰绿茶[青梅绿茶](PET500ml),INTR469011681,饮料,3,3,18,18
`FS100225,货道24,统一冰绿茶[青梅绿茶](PET500ml),INTR469011681,饮料,3,3,19,19
`FS100225,货道25,统一冰绿茶[青梅绿茶](PET500ml),INTR469011681,饮料,3,3,19,19
`FS100225,货道26,统一冰红茶[柠檬](PET500ml),INTR894011688,饮料,3,3,15,15
`FS100225,货道27,统一冰红茶[柠檬](PET500ml),INTR894011688,饮料,3,3,12,12
`FS100225,货道28,统一冰红茶[柠檬](PET500ml),INTR894011688,饮料,3,3,10,10
`FS100225,货道29,统一鲜橙多(PET450ml),INTR910011664,饮料,3.5,3.5,21,21
`FS100225,货道30,统一鲜橙多(PET450ml),INTR910011664,饮料,3.5,3.5,19,19
`FS100225,货道31,海之言[柠檬](PET500ml),INTR039011682,饮料,4,4,16,16
`FS100225,货道32,海之言[柠檬](PET500ml),INTR039011682,饮料,4,4,14,14
`FS100225,货道33,统一轻啵苏打水[柠檬味](PET500ml),INTR773011687,饮料,3.5,3.5,17,17
`FS100225,货道34,焕神[热带水果风味]饮料(PET460ml),INTR583011691,饮料,5,5,11,11
`FS101306,货道1,统一冰红茶(CAN310ml),INTR115011662,饮料,2.5,2.5,99972,99972
`FS101306,货道2,统一冰红茶(CAN310ml),INTR115011662,饮料,2.5,2.5,99934,99934
`FS101306,货道3,雪碧[自购版](CAN330ml),INTR685011636,饮料,3,3,99915,99915
`FS101306,货道4,雪碧[自购版](CAN330ml),INTR685011636,饮料,3,3,99960,99960
`FS101306,货道5,统一鲜橙多(CAN310ml),INTR767011663,饮料,3,3,99966,99966
`FS101306,货道6,统一鲜橙多(CAN310ml),INTR767011663,饮料,3,3,99960,99960
`FS101306,货道7,娃哈哈葡萄汁(PET500ml),INTR106013579,饮料,3,3.5,99867,99867
`FS101306,货道8,娃哈哈葡萄汁(PET500ml),INTR106013579,饮料,3,3.5,99944,99944
`FS101306,货道9,娃哈哈葡萄汁(PET500ml),INTR106013579,饮料,3,3.5,99882,99882
`FS101306,货道10,海之言[柠檬](PET500ml),INTR039011682,饮料,4,4,99974,99974
`FS101306,货道11,海之言[柠檬](PET500ml),INTR039011682,饮料,4,4,99943,99943
`FS101306,货道13,可口可乐[自购版](PET500ml),INTR724012203,饮料,3.5,3.5,99909,99909
`FS101306,货道14,,,,,,0,0
`FS101306,货道15,可口可乐[自购版](PET500ml),INTR724012203,饮料,3.5,3.5,99944,99944
`FS101306,货道16,,,,,,0,0
`FS101306,货道17,可口可乐[自购版](PET500ml),INTR724012203,饮料,3.5,3.5,99951,99951
`FS101306,货道19,农夫山泉力量帝维他命水(PET500ml),INTR911012108,饮料,5,5,99926,99926
`FS101306,货道21,农夫山泉力量帝维他命水(PET500ml),INTR911012108,饮料,5,5,99952,99952
`FS101306,货道23,统一冰红茶[柠檬](PET500ml),INTR894011688,饮料,3,3,99948,99948
`FS101306,货道24,统一冰红茶[柠檬](PET500ml),INTR894011688,饮料,3,3,99867,99867
`FS101306,货道25,统一鲜橙多(PET450ml),INTR910011664,饮料,3.5,3.5,99913,99913
`FS101306,货道26,统一鲜橙多(PET450ml),INTR910011664,饮料,3.5,3.5,99926,99926
`FS101306,货道27,统一冰绿茶[青梅绿茶](PET500ml),INTR469011681,饮料,3,3,99993,99993
`FS101306,货道28,统一冰绿茶[青梅绿茶](PET500ml),INTR469011681,饮料,3,3,99975,99975
`FS101306,货道29,小茗同学[青柠红茶](PET480ml),INTR297011693,饮料,5,5,99982,99982
`FS101306,货道30,小茗同学[青柠红茶](PET480ml),INTR297011693,饮料,5,5,99980,99980
`FS101306,货道31,统一轻啵苏打水[柠檬味](PET500ml),INTR773011687,饮料,3.5,3.5,99909,99909
`FS101306,货道32,ALKAQUA[饮用天然矿泉水](PET570ml),INTR997009154,矿泉水,4,4,99879,99879
`FS101306,货道33,焕神[热带水果风味]饮料(PET460ml),INTR583011691,饮料,5,5,99960,99960
`FS101306,货道34,焕神[热带水果风味]饮料(PET460ml),INTR583011691,饮料,5,5,99976,99976
`FS101017,货道1,统一冰红茶(CAN310ml),INTR115011662,饮料,2.5,2.5,99893,99893
`FS101017,货道2,统一冰红茶(CAN310ml),INTR115011662,饮料,2.5,2.5,99834,99834
`FS101017,货道3,雪碧[自购版](CAN330ml),INTR685011636,饮料,3,3,99817,99817
`FS101017,货道4,雪碧[自购版](CAN330ml),INTR685011636,饮料,3,3,99825,99825
`FS101017,货道5,统一鲜橙多(CAN310ml),INTR767011663,饮料,3,3,99906,99906
`FS101017,货道6,统一鲜橙多(CAN310ml),INTR767011663,饮料,3,3,99887,99887
`FS101017,货道7,娃哈哈葡萄汁(PET500ml),INTR106013579,饮料,3,3.5,99769,99769
`FS101017,货道8,娃哈哈葡萄汁(PET500ml),INTR106013579,饮料,3,3.5,99763,99763
`FS101017,货道9,娃哈哈葡萄汁(PET500ml),INTR106013579,饮料,3,3.5,99785,99785
`FS101017,货道10,海之言[柠檬](PET500ml),INTR039011682,饮料,4,4,99906,99906
`FS101017,货道11,海之言[柠檬](PET500ml),INTR039011682,饮料,4,4,99887,99887
`FS101017,货道13,可口可乐[自购版](PET500ml),INTR724012203,饮料,3.5,3.5,99907,99907
`FS101017,货道14,,,,,3.5,0,0
`FS101017,货道15,可口可乐[自购版](PET500ml),INTR724012203,饮料,3.5,3.5,99891,99891
`FS101017,货道16,,,,,,0,0
`FS101017,货道17,可口可乐[自购版](PET500ml),INTR724012203,饮料,3.5,3.5,99910,99910
`FS101017,货道19,统一鲜橙多(PET450ml),INTR910011664,饮料,3.5,3.5,99813,99813
`FS101017,货道21,统一鲜橙多(PET450ml),INTR910011664,饮料,3.5,3.5,99804,99804
`FS101017,货道23,统一冰绿茶[青梅绿茶](PET500ml),INTR469011681,饮料,3,3,99978,99978
`FS101017,货道24,统一冰绿茶[青梅绿茶](PET500ml),INTR469011681,饮料,3,3,99980,99980
`FS101017,货道25,统一冰绿茶[青梅绿茶](PET500ml),INTR469011681,饮料,3,3,99982,99982
`FS101017,货道26,焕神[热带水果风味]饮料(PET460ml),INTR583011691,饮料,5,5,99957,99957
`FS101017,货道27,统一轻啵苏打水[柠檬味](PET500ml),INTR773011687,饮料,3.5,3.5,99969,99969
`FS101017,货道28,统一轻啵苏打水[柠檬味](PET500ml),INTR773011687,饮料,3.5,3.5,99940,99940
`FS101017,货道29,小茗同学[鸭屎香柠檬茶](PET480ml),INTR116013656,饮料,5,5,99981,99981
`FS101017,货道30,统一冰红茶[柠檬](PET500ml),INTR894011688,饮料,3,3,99708,99708
`FS101017,货道31,统一冰红茶[柠檬](PET500ml),INTR894011688,饮料,3,3,99718,99718
`FS101017,货道32,怡宝[纯净水](PET555ml),INTR128012109,矿泉水,2,2,99755,99755
`FS101017,货道33,怡宝[纯净水](PET555ml),INTR128012109,矿泉水,2,2,99744,99744
`FS101017,货道34,怡宝[纯净水](PET555ml),INTR128012109,矿泉水,2,2,99805,99805
`FS100762,货道1,统一冰红茶(CAN310ml),INTR115011662,饮料,2.5,2.5,99980,99980
`FS100762,货道2,统一冰红茶(CAN310ml),INTR115011662,饮料,2.5,2.5,99966,99966
`FS100762,货道3,统一冰红茶(CAN310ml),INTR115011662,饮料,2.5,2.5,99967,99967
`FS100762,货道4,统一冰红茶(CAN310ml),INTR115011662,饮料,2.5,2.5,99966,99966
`FS100762,货道5,雪碧[自购版](CAN330ml),INTR685011636,饮料,3,3,99958,99958
`FS100762,货道6,雪碧[自购版](CAN330ml),INTR685011636,饮料,3,3,99946,99946
`FS100762,货道7,娃哈哈葡萄汁(PET500ml),INTR106013579,饮料,3,3.5,99879,99879
`FS100762,货道8,娃哈哈葡萄汁(PET500ml),INTR106013579,饮料,3,3.5,99945,99945
`FS100762,货道9,娃哈哈葡萄汁(PET500ml),INTR106013579,饮料,3,3.5,99904,99904
`FS100762,货道10,海之言[柠檬](PET500ml),INTR039011682,饮料,4,4,99938,99938
`FS100762,货道11,海之言[柠檬](PET500ml),INTR039011682,饮料,4,4,99870,99870
`FS100762,货道13,统一鲜橙多(CAN310ml),INTR767011663,饮料,3,3,99980,99980
`FS100762,货道14,统一鲜橙多(CAN310ml),INTR767011663,饮料,3,3,99968,99968
`FS100762,货道15,统一鲜橙多(CAN310ml),INTR767011663,饮料,3,3,99983,99983
`FS100762,货道16,统一鲜橙多(CAN310ml),INTR767011663,饮料,3,3,99978,99978
`FS100762,货道17,可口可乐[自购版](PET500ml),INTR724012203,饮料,3.5,3.5,99851,99851
`FS100762,货道19,农夫山泉力量帝维他命水(PET500ml),INTR911012108,饮料,5,5,99957,99957
`FS100762,货道21,农夫山泉力量帝维他命水(PET500ml),INTR911012108,饮料,5,5,99927,99927
`FS100762,货道23,统一冰红茶[柠檬](PET500ml),INTR894011688,饮料,3,3,99909,99909
`FS100762,货道24,统一冰红茶[柠檬](PET500ml),INTR894011688,饮料,3,3,99858,99858
`FS100762,货道25,统一鲜橙多(PET450ml),INTR910011664,饮料,3.5,3.5,99922,99922
`FS100762,货道26,统一鲜橙多(PET450ml),INTR910011664,饮料,3.5,3.5,99785,99785
`FS100762,货道27,统一冰绿茶[青梅绿茶](PET500ml),INTR469011681,饮料,3,3,99975,99975
`FS100762,货道28,统一冰绿茶[青梅绿茶](PET500ml),INTR469011681,饮料,3,3,99977,99977
`FS100762,货道29,小茗同学[青柠红茶](PET480ml),INTR297011693,饮料,5,5,99965,99965
`FS100762,货道30,小茗同学[鸭屎香柠檬茶](PET480ml),INTR116013656,饮料,5,5,99999,99999
`FS100762,货道31,统一轻啵苏打水[柠檬味](PET500ml),INTR773011687,饮料,3.5,3.5,99927,99927
`FS100762,货道32,ALKAQUA[饮用天然矿泉水](PET570ml),INTR997009154,矿泉水,4,4,99914,99914
`FS100762,货道33,焕神[热带水果风味]饮料(PET460ml),INTR583011691,饮料,5,5,99986,99986
`FS100762,货道34,焕神[热带水果风味]饮料(PET460ml),INTR583011691,饮料,5,5,99984,99984
`FS100055,货道1,百事可乐(CAN330ml),INTR785012174,饮料,2.5,2.5,99994,99994
`FS100055,货道2,美年达[橙味](CAN330ml),INTR052013120,饮料,3,2.5,99994,99994
`FS100055,货道3,七喜(CAN330ml),INTR371013123,饮料,3,2.5,99999,99999
`FS100055,货道4,统一冰红茶(CAN310ml),INTR115011662,饮料,2.5,2.5,99999,99999
`FS100055,货道5,小野[芒果汁](CAN245ml),INTR457012418,饮料,3,3,99999,99999
`FS100055,货道6,小野[芒果汁](CAN245ml),INTR457012418,饮料,3,3,99999,99999
`FS100055,货道7,怡宝[纯净水](PET555ml),INTR128012109,矿泉水,2,2,99994,99994
`FS100055,货道8,百岁山矿泉水(PET570ml),INTR168013121,矿泉水,3,3,99992,99992
`FS100055,货道9,怡宝[纯净水](PET555ml),INTR128012109,矿泉水,2,2,99985,99985
`FS100055,货道10,统一阿萨姆[奶茶原味](PET500ml),INTR230011689,饮料,4.5,4.5,99971,99971
`FS100055,货道11,统一阿萨姆[奶茶原味](PET500ml),INTR230011689,饮料,4.5,4.5,99980,99980
`FS100055,货道13,统一绿茶[茉莉](PET500ml),INTR577011683,饮料,3,3,99963,99963
`FS100055,货道15,统一绿茶[茉莉](PET500ml),INTR577011683,饮料,3,3,99967,99967
`FS100055,货道17,海之言[柠檬](PET500ml),INTR039011682,饮料,4,4,99987,99987
`FS100055,货道19,统一鲜橙多(PET450ml),INTR910011664,饮料,3.5,3.5,99978,99978
`FS100055,货道21,统一奶茶[煎茶奶绿](PET450ml),INTR753012421,饮料,4.5,4.5,99998,99998
`FS100055,货道23,怡宝[纯净水](PET555ml),INTR128012109,矿泉水,2,2,99993,99993
`FS100055,货道24,怡宝[纯净水](PET555ml),INTR128012109,矿泉水,2,2,99995,99995
`FS100055,货道25,统一冰红茶[柠檬](PET500ml),INTR894011688,饮料,3,3,99991,99991
`FS100055,货道26,统一冰红茶[柠檬](PET500ml),INTR894011688,饮料,3,3,99983,99983
`FS100055,货道27,饮养四季[金桔柠檬](PET500ml),INTR372011680,饮料,3.5,3.5,99987,99987
`FS100055,货道28,小茗同学[溜溜哒茶](PET480ml),INTR973011692,饮料,5,5,99997,99997
`FS100055,货道29,小茗同学[青柠红茶](PET480ml),INTR297011693,饮料,5,5,99998,99998
`FS100055,货道30,焕神[热带水果风味]饮料(PET460ml),INTR583011691,饮料,5,5,99994,99994
`FS100055,货道31,统一阿萨姆[奶茶原味](PET500ml),INTR230011689,饮料,4.5,4.5,99982,99982
`FS100055,货道32,统一冰绿茶[青梅绿茶](PET500ml),INTR469011681,饮料,3,3,99983,99983
`FS100055,货道33,统一饮养四季[冰糖雪梨](PET500ml),INTR56004726,饮料,3.5,3.5,99993,99993
`FS100055,货道34,纯果乐果缤纷[蜜桃樱桃味](PET450ml),INTR711013122,饮料,4,3.5,99994,99994
`FS101435,货道1,百事可乐(CAN330ml),INTR785012174,饮料,2.5,2.5,99748,99748
`FS101435,货道2,美年达[橙味](CAN330ml),INTR052013120,饮料,3,2.5,99832,99832
`FS101435,货道3,统一蜜桃多(CAN310ml),INTR765012351,饮料,3,3,99940,99940
`FS101435,货道4,小野[芒果汁](CAN245ml),INTR457012418,饮料,3,3,99988,99988
`FS101435,货道5,统一冰红茶(CAN310ml),INTR115011662,饮料,2.5,2.5,99947,99947
`FS101435,货道6,统一蜜桃多(CAN310ml),INTR765012351,饮料,3,3,99967,99967
`FS101435,货道7,怡宝[纯净水](PET555ml),INTR128012109,矿泉水,2,2,99877,99877
`FS101435,货道8,纯果乐果缤纷[蜜桃樱桃味](PET450ml),INTR711013122,饮料,4,3.5,99769,99769
`FS101435,货道9,怡宝[纯净水](PET555ml),INTR128012109,矿泉水,2,2,99933,99933
`FS101435,货道10,怡宝[纯净水](PET555ml),INTR128012109,矿泉水,2,2,99935,99935
`FS101435,货道11,统一奶茶[煎茶奶绿](PET450ml),INTR753012421,饮料,4.5,4.5,99892,99892
`FS101435,货道13,百事可乐(PET600ml),INTR065012794,饮料,3.5,3,99458,99458
`FS101435,货道15,百事可乐(PET600ml),INTR065012794,饮料,3.5,3,99554,99554
`FS101435,货道17,统一冰绿茶[青梅绿茶](PET500ml),INTR469011681,饮料,3,3,99754,99754
`FS101435,货道19,海之言[柠檬](PET500ml),INTR039011682,饮料,4,4,99634,99634
`FS101435,货道21,统一鲜橙多(PET450ml),INTR910011664,饮料,3.5,3.5,99554,99554
`FS101435,货道23,统一绿茶[茉莉](PET500ml),INTR577011683,饮料,3,3,99304,99304
`FS101435,货道24,统一绿茶[茉莉](PET500ml),INTR577011683,饮料,3,3,99650,99650
`FS101435,货道25,统一冰红茶[柠檬](PET500ml),INTR894011688,饮料,3,3,99791,99791
`FS101435,货道26,统一冰红茶[柠檬](PET500ml),INTR894011688,饮料,3,3,99537,99537
`FS101435,货道27,饮养四季[金桔柠檬](PET500ml),INTR372011680,饮料,3.5,3.5,99771,99771
`FS101435,货道28,小茗同学[溜溜哒茶](PET480ml),INTR973011692,饮料,5,5,99916,99916
`FS101435,货道29,统一鲜橙多(PET450ml),INTR910011664,饮料,3.5,3.5,99414,99414
`FS101435,货道30,统一阿萨姆[奶茶原味](PET500ml),INTR230011689,饮料,4.5,4.5,99824,99824
`FS101435,货道31,统一冰绿茶[青梅绿茶](PET500ml),INTR469011681,饮料,3,3,99540,99540
`FS101435,货道32,统一饮养四季[冰糖雪梨](PET500ml),INTR56004726,饮料,3.5,3.5,99847,99847
`FS101435,货道33,焕神[热带水果风味]饮料(PET460ml),INTR583011691,饮料,5,5,99996,99996
`FS101435,货道34,怡宝[纯净水](PET555ml),INTR128012109,矿泉水,2,2,99975,99975
`FS101423,货道1,百事可乐(CAN330ml),INTR785012174,饮料,2.5,2.5,99917,99917
`FS101423,货道2,美年达[橙味](CAN330ml),INTR052013120,饮料,3,2.5,99944,99944
`FS101423,货道3,统一蜜桃多(CAN310ml),INTR765012351,饮料,3,3,99953,99953
`FS101423,货道4,小野[芒果汁](CAN245ml),INTR457012418,饮料,3,3,99966,99966
`FS101423,货道5,统一冰红茶(CAN310ml),INTR115011662,饮料,2.5,2.5,99926,99926
`FS101423,货道6,统一蜜桃多(CAN310ml),INTR765012351,饮料,3,3,99989,99989
`FS101423,货道7,纯果乐果缤纷[蜜桃樱桃味](PET450ml),INTR711013122,饮料,4,3.5,99853,99853
`FS101423,货道8,统一阿萨姆[奶茶原味](PET500ml),INTR230011689,饮料,4.5,4.5,99820,99820
`FS101423,货道9,统一奶茶[煎茶奶绿](PET450ml),INTR753012421,饮料,4.5,4.5,99894,99894
`FS101423,货道10,统一鲜橙多(PET450ml),INTR910011664,饮料,3.5,3.5,99778,99778
`FS101423,货道11,统一冰绿茶[青梅绿茶](PET500ml),INTR469011681,饮料,3,3,99874,99874
`FS101423,货道13,百事可乐(PET600ml),INTR065012794,饮料,3.5,3,99902,99902
`FS101423,货道15,百事可乐(PET600ml),INTR065012794,饮料,3.5,3,99889,99889
`FS101423,货道17,百岁山矿泉水(PET570ml),INTR168013121,矿泉水,3,3,99756,99756
`FS101423,货道19,统一冰绿茶[青梅绿茶](PET500ml),INTR469011681,饮料,3,3,99845,99845
`FS101423,货道21,饮养四季[金桔柠檬](PET500ml),INTR372011680,饮料,3.5,3.5,99927,99927
`FS101423,货道23,统一绿茶[茉莉](PET500ml),INTR577011683,饮料,3,3,99857,99857
`FS101423,货道24,统一绿茶[茉莉](PET500ml),INTR577011683,饮料,3,3,99716,99716
`FS101423,货道25,统一冰红茶[柠檬](PET500ml),INTR894011688,饮料,3,3,99877,99877
`FS101423,货道26,统一冰红茶[柠檬](PET500ml),INTR894011688,饮料,3,3,99834,99834
`FS101423,货道27,统一轻啵苏打水[柠檬味](PET500ml),INTR773011687,饮料,3.5,3.5,99976,99976
`FS101423,货道28,小茗同学[溜溜哒茶](PET480ml),INTR973011692,饮料,5,5,99958,99958
`FS101423,货道29,怡宝[纯净水](PET555ml),INTR128012109,矿泉水,2,2,99734,99734
`FS101423,货道30,怡宝[纯净水](PET555ml),INTR128012109,矿泉水,2,2,99718,99718
`FS101423,货道31,怡宝[纯净水](PET555ml),INTR128012109,矿泉水,2,2,99973,99973
`FS101423,货道32,海之言[柠檬](PET500ml),INTR039011682,饮料,4,4,99731,99731
`FS101423,货道33,统一饮养四季[冰糖雪梨](PET500ml),INTR56004726,饮料,3.5,3.5,99961,99961
`FS101423,货道34,小茗同学[青柠红茶](PET480ml),INTR297011693,饮料,5,5,99965,99965
`FS101426,货道1,统一好料道[仙草凉茶](CAN310ml),INTR791011678,饮料,4,4,99998,99998
`FS101426,货道2,统一冰红茶(CAN310ml),INTR115011662,饮料,2.5,2.5,99972,99972
`FS101426,货道3,七喜(CAN330ml),INTR371013123,饮料,3,2.5,99849,99849
`FS101426,货道4,百事可乐(CAN330ml),INTR785012174,饮料,2.5,2.5,99834,99834
`FS101426,货道5,美年达[橙味](CAN330ml),INTR052013120,饮料,3,2.5,99919,99919
`FS101426,货道6,统一蜜桃多(CAN310ml),INTR765012351,饮料,3,3,99970,99970
`FS101426,货道7,纯果乐果缤纷[蜜桃樱桃味](PET450ml),INTR711013122,饮料,4,3.5,99866,99866
`FS101426,货道8,怡宝[纯净水](PET555ml),INTR128012109,矿泉水,2,2,99749,99749
`FS101426,货道9,怡宝[纯净水](PET555ml),INTR128012109,矿泉水,2,2,99698,99698
`FS101426,货道10,海之言[柠檬](PET500ml),INTR039011682,饮料,4,4,99806,99806
`FS101426,货道11,统一茶裏王[无糖日式绿茶](PET420ml),INTR185012092,饮料,5,5,99921,99921
`FS101426,货道13,百事可乐(PET600ml),INTR065012794,饮料,3.5,3,99755,99755
`FS101426,货道15,统一鲜橙多(PET450ml),INTR910011664,饮料,3.5,3.5,99752,99752
`FS101426,货道17,统一饮养四季[冰糖雪梨](PET500ml),INTR56004726,饮料,3.5,3.5,99945,99945
`FS101426,货道19,海之言[柠檬](PET500ml),INTR039011682,饮料,4,4,99799,99799
`FS101426,货道21,百事可乐(PET600ml),INTR065012794,饮料,3.5,3,99818,99818
`FS101426,货道23,统一绿茶[茉莉](PET500ml),INTR577011683,饮料,3,3,99827,99827
`FS101426,货道24,统一绿茶[茉莉](PET500ml),INTR577011683,饮料,3,3,99697,99697
`FS101426,货道25,统一冰红茶[柠檬](PET500ml),INTR894011688,饮料,3,3,99854,99854
`FS101426,货道26,统一冰红茶[柠檬](PET500ml),INTR894011688,饮料,3,3,99784,99784
`FS101426,货道27,饮养四季[金桔柠檬](PET500ml),INTR372011680,饮料,3.5,3.5,99900,99900
`FS101426,货道28,小茗同学[溜溜哒茶](PET480ml),INTR973011692,饮料,5,5,99938,99938
`FS101426,货道29,怡宝[纯净水](PET555ml),INTR128012109,矿泉水,2,2,99796,99796
`FS101426,货道30,统一阿萨姆[奶茶原味](PET500ml),INTR230011689,饮料,4.5,4.5,99842,99842
`FS101426,货道31,A-Ha[柠檬]气泡水果饮料(PET500ml),INTR578012419,饮料,3,4,99914,99914
`FS101426,货道32,统一冰绿茶[青梅绿茶](PET500ml),INTR469011681,饮料,3,3,99781,99781
`FS101426,货道33,统一奶茶[煎茶奶绿](PET450ml),INTR753012421,饮料,4.5,4.5,99907,99907
`FS101426,货道34,小茗同学[青柠红茶](PET480ml),INTR297011693,饮料,5,5,99946,99946
`FS100395,货道1,美年达[橙味](CAN330ml),INTR052013120,饮料,3,2.5,99978,99978
`FS100395,货道2,七喜(CAN330ml),INTR371013123,饮料,3,2.5,99976,99976
`FS100395,货道3,米源冰晶葡萄(CAN310ml),INTR290012105,饮料,2.5,2.5,99963,99963
`FS100395,货道4,统一蜜桃多(CAN310ml),INTR765012351,饮料,3,3,99989,99989
`FS100395,货道5,小野[芒果汁](CAN245ml),INTR457012418,饮料,3,3,99999,99999
`FS100395,货道6,统一冰红茶(CAN310ml),INTR115011662,饮料,2.5,2.5,99987,99987
`FS100395,货道7,统一阿萨姆[奶茶原味](PET500ml),INTR230011689,饮料,4.5,4.5,99881,99881
`FS100395,货道8,怡宝[纯净水](PET555ml),INTR128012109,矿泉水,2,2,99892,99892
`FS100395,货道9,统一冰绿茶[青梅绿茶](PET500ml),INTR469011681,饮料,3,3,99970,99970
`FS100395,货道10,统一鲜橙多(PET450ml),INTR910011664,饮料,3.5,3.5,99943,99943
`FS100395,货道11,ALKAQUA[饮用天然矿泉水](PET570ml),INTR997009154,矿泉水,4,4,99969,99969
`FS100395,货道13,百事可乐(PET600ml),INTR065012794,饮料,3.5,3,99901,99901
`FS100395,货道15,纯果乐果缤纷[蜜桃樱桃味](PET450ml),INTR711013122,饮料,4,3.5,99977,99977
`FS100395,货道17,海之言[柠檬](PET500ml),INTR039011682,饮料,4,4,99947,99947
`FS100395,货道19,百岁山矿泉水(PET570ml),INTR168013121,矿泉水,3,3,99915,99915
`FS100395,货道21,百事可乐(PET600ml),INTR065012794,饮料,3.5,3,99946,99946
`FS100395,货道23,统一绿茶[茉莉](PET500ml),INTR577011683,饮料,3,3,99916,99916
`FS100395,货道24,统一绿茶[茉莉](PET500ml),INTR577011683,饮料,3,3,99906,99906
`FS100395,货道25,统一冰红茶[柠檬](PET500ml),INTR894011688,饮料,3,3,99965,99965
`FS100395,货道26,A-Ha[柠檬]气泡水果饮料(PET500ml),INTR578012419,饮料,3,4,99991,99991
`FS100395,货道27,小茗同学[青柠红茶](PET480ml),INTR297011693,饮料,5,5,99957,99957
`FS100395,货道28,焕神[热带水果风味]饮料(PET460ml),INTR583011691,饮料,5,5,99987,99987
`FS100395,货道29,统一阿萨姆[奶茶原味](PET500ml),INTR230011689,饮料,4.5,4.5,99881,99881
`FS100395,货道30,饮养四季[金桔柠檬](PET500ml),INTR372011680,饮料,3.5,3.5,99970,99970
`FS100395,货道31,统一饮养四季[冰糖雪梨](PET500ml),INTR56004726,饮料,3.5,3.5,99972,99972
`FS100395,货道32,统一奶茶[煎茶奶绿](PET450ml),INTR753012421,饮料,4.5,4.5,99965,99965
`FS100395,货道33,小茗同学[溜溜哒茶](PET480ml),INTR973011692,饮料,5,5,99965,99965
`FS100395,货道34,统一茶裏王[无糖日式绿茶](PET420ml),INTR185012092,饮料,5,5,99966,99966
`FS100154,货道1,统一鲜橙多(CAN310ml),INTR767011663,饮料,3,3,99999,99999
`FS100154,货道2,统一鲜橙多(CAN310ml),INTR767011663,饮料,3,3,99998,99998
`FS100154,货道3,统一鲜橙多(CAN310ml),INTR767011663,饮料,3,3,99999,99999
`FS100154,货道4,统一冰红茶(CAN310ml),INTR115011662,饮料,2.5,2.5,99999,99999
`FS100154,货道5,统一冰红茶(CAN310ml),INTR115011662,饮料,2.5,2.5,99999,99999
`FS100154,货道6,统一冰红茶(CAN310ml),INTR115011662,饮料,2.5,2.5,99999,99999
`FS100154,货道7,娃哈哈营养快线(PET500ml),INTR409012898,饮料,5,5,99986,99986
`FS100154,货道8,娃哈哈营养快线(PET500ml),INTR409012898,饮料,5,5,99987,99987
`FS100154,货道9,统一阿萨姆[奶茶原味](PET500ml),INTR230011689,饮料,4.5,4.5,99994,99994
`FS100154,货道10,统一阿萨姆[奶茶原味](PET500ml),INTR230011689,饮料,4.5,4.5,99996,99996
`FS100154,货道11,统一阿萨姆[奶茶原味](PET500ml),INTR230011689,饮料,4.5,4.5,99996,99996
`FS100154,货道13,统一冰绿茶[青梅绿茶](PET500ml),INTR469011681,饮料,3,3,99999,99999
`FS100154,货道14,,,,,,0,0
`FS100154,货道15,统一冰绿茶[青梅绿茶](PET500ml),INTR469011681,饮料,3,3,99998,99998
`FS100154,货道16,,,,,,0,0
`FS100154,货道17,统一冰红茶[柠檬](PET500ml),INTR894011688,饮料,3,3,99998,99998
`FS100154,货道19,统一冰红茶[柠檬](PET500ml),INTR894011688,饮料,3,3,99998,99998
`FS100154,货道21,统一冰红茶[柠檬](PET500ml),INTR894011688,饮料,3,3,99999,99999
`FS100154,货道23,统一冰红茶[柠檬](PET500ml),INTR894011688,饮料,3,3,99999,99999
`FS100154,货道24,统一冰红茶[柠檬](PET500ml),INTR894011688,饮料,3,3,99999,99999
`FS100154,货道25,统一冰绿茶[青梅绿茶](PET500ml),INTR469011681,饮料,3,3,99999,99999
`FS100154,货道26,统一冰绿茶[青梅绿茶](PET500ml),INTR469011681,饮料,3,3,99998,99998
`FS100154,货道27,统一鲜橙多(PET450ml),INTR910011664,饮料,3.5,3.5,99998,99998
`FS100154,货道28,统一鲜橙多(PET450ml),INTR910011664,饮料,3.5,3.5,99997,99997
`FS100154,货道29,小茗同学[青柠红茶](PET480ml),INTR297011693,饮料,5,5,99999,99999
`FS100154,货道30,怡宝[纯净水](PET555ml),INTR128012109,矿泉水,2,2,99998,99998
`FS100154,货道31,怡宝[纯净水](PET555ml),INTR128012109,矿泉水,2,2,99999,99999
`FS100154,货道32,焕神[热带水果风味]饮料(PET460ml),INTR583011691,饮料,5,5,99999,99999
`FS100154,货道33,焕神[热带水果风味]饮料(PET460ml),INTR583011691,饮料,5,5,99999,99999
`FS100154,货道34,焕神[热带水果风味]饮料(PET460ml),INTR583011691,饮料,5,5,99999,99999
`FS100059,货道1,雪碧[自购版](CAN330ml),INTR685011636,饮料,3,3,99827,99827
`FS100059,货道2,雪碧[自购版](CAN330ml),INTR685011636,饮料,3,3,0,0
`FS100059,货道3,统一冰红茶(CAN310ml),INTR115011662,饮料,2.5,2.5,99832,99832
`FS100059,货道4,统一冰红茶(CAN310ml),INTR115011662,饮料,2.5,2.5,99913,99913
`FS100059,货道5,统一冰红茶(CAN310ml),INTR115011662,饮料,2.5,2.5,99964,99964
`FS100059,货道6,统一冰红茶(CAN310ml),INTR115011662,饮料,2.5,2.5,99924,99924
`FS100059,货道7,娃哈哈葡萄汁(PET500ml),INTR106013579,饮料,3,3.5,99261,99261
`FS100059,货道8,娃哈哈葡萄汁(PET500ml),INTR106013579,饮料,3,3.5,99365,99365
`FS100059,货道9,娃哈哈葡萄汁(PET500ml),INTR106013579,饮料,3,3.5,99690,99690
`FS100059,货道10,海之言[柠檬](PET500ml),INTR039011682,饮料,4,4,99648,99648
`FS100059,货道11,海之言[柠檬](PET500ml),INTR039011682,饮料,4,4,99596,99596
`FS100059,货道13,可口可乐[自购版](PET500ml),INTR724012203,饮料,3.5,3.5,99351,99351
`FS100059,货道14,,,,,,0,0
`FS100059,货道15,可口可乐[自购版](PET500ml),INTR724012203,饮料,3.5,3.5,99538,99538
`FS100059,货道16,,,,,,0,0
`FS100059,货道17,可口可乐[自购版](PET500ml),INTR724012203,饮料,3.5,3.5,99624,99624
`FS100059,货道19,农夫山泉力量帝维他命水(PET500ml),INTR911012108,饮料,5,5,99797,99797
`FS100059,货道21,农夫山泉力量帝维他命水(PET500ml),INTR911012108,饮料,5,5,99826,99826
`FS100059,货道23,统一冰红茶[柠檬](PET500ml),INTR894011688,饮料,3,3,99068,99068
`FS100059,货道24,统一冰红茶[柠檬](PET500ml),INTR894011688,饮料,3,3,99024,99024
`FS100059,货道25,统一鲜橙多(PET450ml),INTR910011664,饮料,3.5,3.5,99704,99704
`FS100059,货道26,统一鲜橙多(PET450ml),INTR910011664,饮料,3.5,3.5,99562,99562
`FS100059,货道27,统一冰绿茶[青梅绿茶](PET500ml),INTR469011681,饮料,3,3,99859,99859
`FS100059,货道28,统一冰绿茶[青梅绿茶](PET500ml),INTR469011681,饮料,3,3,99873,99873
`FS100059,货道29,小茗同学[青柠红茶](PET480ml),INTR297011693,饮料,5,5,99831,99831
`FS100059,货道30,小茗同学[青柠红茶](PET480ml),INTR297011693,饮料,5,5,99722,99722
`FS100059,货道31,统一轻啵苏打水[柠檬味](PET500ml),INTR773011687,饮料,3.5,3.5,99627,99627
`FS100059,货道32,ALKAQUA[饮用天然矿泉水](PET570ml),INTR997009154,矿泉水,4,4,99543,99543
`FS100059,货道33,焕神[热带水果风味]饮料(PET460ml),INTR583011691,饮料,5,5,99534,99534
`FS100059,货道34,焕神[热带水果风味]饮料(PET460ml),INTR583011691,饮料,5,5,99651,99651
`FS100216,货道1,怡宝火咖[意式倍醇](CAN280ml),INTR284012885,饮料,4,4,99936,99936
`FS100216,货道2,怡宝火咖[意式倍醇](CAN280ml),INTR284012885,饮料,4,4,99964,99964
`FS100216,货道3,可口可乐[无糖细罐](CAN330ml),INTR435013400,饮料,2.5,2.5,99929,99929
`FS100216,货道4,可口可乐[无糖细罐](CAN330ml),INTR435013400,饮料,2.5,2.5,99953,99953
`FS100216,货道5,爱朵拉拿铁咖啡(CAN310ml),INTR459011637,饮料,4,4,99958,99958
`FS100216,货道6,统一好料道[仙草凉茶](CAN310ml),INTR791011678,饮料,4,4,99997,99997
`FS100216,货道7,统一阿萨姆[奶茶原味](PET500ml),INTR230011689,饮料,4.5,4.5,99712,99712
`FS100216,货道8,统一阿萨姆[奶茶原味](PET500ml),INTR230011689,饮料,4.5,4.5,99774,99774
`FS100216,货道9,统一阿萨姆[奶茶原味](PET500ml),INTR230011689,饮料,4.5,4.5,99862,99862
`FS100216,货道10,雅哈[冰咖啡](PET450ml),INTR470011686,饮料,5.5,5.5,99970,99970
`FS100216,货道11,雅哈[冰咖啡](PET450ml),INTR470011686,饮料,5.5,5.5,99965,99965
`FS100216,货道13,统一绿茶[茉莉](PET500ml),INTR577011683,饮料,3,3,99911,99911
`FS100216,货道14,,,,,,0,0
`FS100216,货道15,统一绿茶[茉莉](PET500ml),INTR577011683,饮料,3,3,99931,99931
`FS100216,货道16,,,,,,0,0
`FS100216,货道17,小茗同学[溜溜哒茶](PET480ml),INTR973011692,饮料,5,5,99953,99953
`FS100216,货道19,统一冰红茶(CAN310ml),INTR115011662,饮料,2.5,2.5,99935,99935
`FS100216,货道21,百事可乐(PET600ml),INTR065012794,饮料,3.5,3.5,99813,99813
`FS100216,货道23,焕神[热带水果风味]饮料(PET460ml),INTR583011691,饮料,5,5,99964,99964
`FS100216,货道24,焕神[热带水果风味]饮料(PET460ml),INTR583011691,饮料,5,5,99963,99963
`FS100216,货道25,饮养四季[金桔柠檬](PET500ml),INTR372011680,饮料,3.5,3.5,99925,99925
`FS100216,货道26,饮养四季[金桔柠檬](PET500ml),INTR372011680,饮料,3.5,3.5,99919,99919
`FS100216,货道27,统一鲜橙多(PET450ml),INTR910011664,饮料,3.5,3.5,99805,99805
`FS100216,货道28,统一鲜橙多(PET450ml),INTR910011664,饮料,3.5,3.5,99901,99901
`FS100216,货道29,统一冰红茶[柠檬](PET500ml),INTR894011688,饮料,3,3,99919,99919
`FS100216,货道30,统一冰红茶[柠檬](PET500ml),INTR894011688,饮料,3,3,99894,99894
`FS100216,货道31,海之言[柠檬](PET500ml),INTR039011682,饮料,4,4,99858,99858
`FS100216,货道32,海之言[柠檬](PET500ml),INTR039011682,饮料,4,4,99930,99930
`FS100216,货道33,小茗同学[溜溜哒茶](PET480ml),INTR973011692,饮料,5,5,99914,99914
`FS100216,货道34,小茗同学[溜溜哒茶](PET480ml),INTR973011692,饮料,5,5,99914,99914
`FS100094,货道1,,,,,4,99999,99999
`FS100094,货道2,怡宝火咖[意式倍醇](CAN280ml),INTR284012885,饮料,4,4,99998,99998
`FS100094,货道3,优好滋港式奶茶(CAN310ml),INTR029012897,饮料,4,4,99999,99999
`FS100094,货道4,雪碧[自购版](CAN330ml),INTR685011636,饮料,3,3,99992,99992
`FS100094,货道5,爱朵拉拿铁咖啡(CAN310ml),INTR459011637,饮料,4,4,99996,99996
`FS100094,货道6,娃哈哈桂圆莲子八宝粥(CAN360ml),INTR218012884,食品,4,4,99990,99990
`FS100094,货道7,统一阿萨姆[奶茶原味](PET500ml),INTR230011689,饮料,4.5,4.5,99990,99990
`FS100094,货道8,统一阿萨姆[奶茶原味](PET500ml),INTR230011689,饮料,4.5,4.5,99984,99984
`FS100094,货道9,统一阿萨姆[奶茶原味](PET500ml),INTR230011689,饮料,4.5,4.5,99989,99989
`FS100094,货道10,雅哈[冰咖啡](PET450ml),INTR470011686,饮料,5.5,5.5,99994,99994
`FS100094,货道11,今麦郎茉莉蜜茶(PET500ml),INTR701012110,饮料,4,3,99990,99990
`FS100094,货道13,统一绿茶[茉莉](PET500ml),INTR577011683,饮料,3,3,99994,99994
`FS100094,货道14,,,,,,0,0
`FS100094,货道15,统一绿茶[茉莉](PET500ml),INTR577011683,饮料,3,3,99995,99995
`FS100094,货道16,,,,,,0,0
`FS100094,货道17,小茗同学[溜溜哒茶](PET480ml),INTR973011692,饮料,5,5,99999,99999
`FS100094,货道19,统一冰红茶(CAN310ml),INTR115011662,饮料,2.5,2.5,99990,99990
`FS100094,货道21,可口可乐[自购版](PET500ml),INTR724012203,饮料,3.5,3.5,99989,99989
`FS100094,货道23,焕神[热带水果风味]饮料(PET460ml),INTR583011691,饮料,5,5,99993,99993
`FS100094,货道24,焕神[热带水果风味]饮料(PET460ml),INTR583011691,饮料,5,5,99996,99996
`FS100094,货道25,饮养四季[金桔柠檬](PET500ml),INTR372011680,饮料,3.5,3.5,99993,99993
`FS100094,货道26,饮养四季[金桔柠檬](PET500ml),INTR372011680,饮料,3.5,3.5,99994,99994
`FS100094,货道27,统一鲜橙多(PET450ml),INTR910011664,饮料,3.5,3.5,99988,99988
`FS100094,货道28,统一鲜橙多(PET450ml),INTR910011664,饮料,3.5,3.5,99998,99998
`FS100094,货道29,统一冰红茶[柠檬](PET500ml),INTR894011688,饮料,3,3,99980,99980
`FS100094,货道30,统一冰红茶[柠檬](PET500ml),INTR894011688,饮料,3,3,99979,99979
`FS100094,货道31,海之言[柠檬](PET500ml),INTR039011682,饮料,4,4,99992,99992
`FS100094,货道32,海之言[柠檬](PET500ml),INTR039011682,饮料,4,4,99991,99991
`FS100094,货道33,小茗同学[溜溜哒茶](PET480ml),INTR973011692,饮料,5,5,99995,99995
`FS100094,货道34,小茗同学[溜溜哒茶](PET480ml),INTR973011692,饮料,5,5,99997,99997
`FS100288,货道1,怡宝火咖[意式倍醇](CAN280ml),INTR284012885,饮料,4,4,99999,99999
`FS100288,货道2,怡宝火咖[意式倍醇](CAN280ml),INTR284012885,饮料,4,4,99999,99999
`FS100288,货道3,优好滋港式奶茶(CAN310ml),INTR029012897,饮料,4,4,99999,99999
`FS100288,货道4,优好滋港式奶茶(CAN310ml),INTR029012897,饮料,4,4,99999,99999
`FS100288,货道5,爱朵拉拿铁咖啡(CAN310ml),INTR459011637,饮料,4,4,99999,99999
`FS100288,货道6,李子园果蔬酸奶(PET280ml),INTR644012893,饮料,5.5,5,99999,99999
`FS100288,货道7,统一阿萨姆[奶茶原味](PET500ml),INTR230011689,饮料,4.5,4.5,99999,99999
`FS100288,货道8,统一阿萨姆[奶茶原味](PET500ml),INTR230011689,饮料,4.5,4.5,99999,99999
`FS100288,货道9,统一阿萨姆[奶茶原味](PET500ml),INTR230011689,饮料,4.5,4.5,99999,99999
`FS100288,货道10,雅哈[冰咖啡](PET450ml),INTR470011686,饮料,5.5,5.5,99999,99999
`FS100288,货道11,今麦郎茉莉蜜茶(PET500ml),INTR701012110,饮料,4,3,99999,99999
`FS100288,货道13,统一绿茶[茉莉](PET500ml),INTR577011683,饮料,3,3,99999,99999
`FS100288,货道14,,,,,,0,0
`FS100288,货道15,统一绿茶[茉莉](PET500ml),INTR577011683,饮料,3,3,99999,99999
`FS100288,货道16,,,,,,0,0
`FS100288,货道17,小茗同学[溜溜哒茶](PET480ml),INTR973011692,饮料,5,5,99999,99999
`FS100288,货道19,统一冰红茶(CAN310ml),INTR115011662,饮料,2.5,2.5,99999,99999
`FS100288,货道21,雅哈[冰咖啡](PET450ml),INTR470011686,饮料,5.5,5.5,99999,99999
`FS100288,货道23,焕神[热带水果风味]饮料(PET460ml),INTR583011691,饮料,5,5,99999,99999
`FS100288,货道24,焕神[热带水果风味]饮料(PET460ml),INTR583011691,饮料,5,5,99999,99999
`FS100288,货道25,饮养四季[金桔柠檬](PET500ml),INTR372011680,饮料,3.5,3.5,99999,99999
`FS100288,货道26,饮养四季[金桔柠檬](PET500ml),INTR372011680,饮料,3.5,3.5,99999,99999
`FS100288,货道27,统一鲜橙多(PET450ml),INTR910011664,饮料,3.5,3.5,99999,99999
`FS100288,货道28,统一鲜橙多(PET450ml),INTR910011664,饮料,3.5,3.5,99999,99999
`FS100288,货道29,统一冰红茶[柠檬](PET500ml),INTR894011688,饮料,3,3,99999,99999
`FS100288,货道30,统一冰红茶[柠檬](PET500ml),INTR894011688,饮料,3,3,99999,99999
`FS100288,货道31,海之言[柠檬](PET500ml),INTR039011682,饮料,4,4,99999,99999
`FS100288,货道32,海之言[柠檬](PET500ml),INTR039011682,饮料,4,4,99999,99999
`FS100288,货道33,小茗同学[溜溜哒茶](PET480ml),INTR973011692,饮料,5,5,99999,99999
`FS100288,货道34,小茗同学[溜溜哒茶](PET480ml),INTR973011692,饮料,5,5,99999,99999
`FS100302,货道1,怡宝火咖[意式倍醇](CAN280ml),INTR284012885,饮料,4,4,99969,99969
`FS100302,货道2,怡宝火咖[意式倍醇](CAN280ml),INTR284012885,饮料,4,4,99961,99961
`FS100302,货道3,娃哈哈桂圆莲子八宝粥(CAN360ml),INTR218012884,食品,4,4,99996,99996
`FS100302,货道4,旺旺牛奶(CAN245ml),INTR783012872,饮料,6,6,99977,99977
`FS100302,货道5,爱朵拉拿铁咖啡(CAN310ml),INTR459011637,饮料,4,4,99953,99953
`FS100302,货道6,宏宝莱碳酸饮料汽水荔枝味(CAN330ml),INTR992013247,饮料,3,2.5,99929,99929
`FS100302,货道7,统一阿萨姆[奶茶原味](PET500ml),INTR230011689,饮料,4.5,4.5,99903,99903
`FS100302,货道8,统一阿萨姆[奶茶原味](PET500ml),INTR230011689,饮料,4.5,4.5,99916,99916
`FS100302,货道9,统一阿萨姆[奶茶原味](PET500ml),INTR230011689,饮料,4.5,4.5,99910,99910
`FS100302,货道10,雅哈[冰咖啡](PET450ml),INTR470011686,饮料,5.5,5.5,99976,99976
`FS100302,货道11,今麦郎茉莉蜜茶(PET500ml),INTR701012110,饮料,4,3,99957,99957
`FS100302,货道13,统一绿茶[茉莉](PET500ml),INTR577011683,饮料,3,3,99883,99883
`FS100302,货道14,,,,,,0,0
`FS100302,货道15,统一绿茶[茉莉](PET500ml),INTR577011683,饮料,3,3,99890,99890
`FS100302,货道16,,,,,,0,0
`FS100302,货道17,小茗同学[冰橘绿茶](PET480ml),INTR001012220,饮料,5,5,99984,99984
`FS100302,货道19,统一冰红茶(CAN310ml),INTR115011662,饮料,2.5,2.5,99924,99924
`FS100302,货道21,雅哈[冰咖啡](PET450ml),INTR470011686,饮料,5.5,5.5,99976,99976
`FS100302,货道23,焕神[热带水果风味]饮料(PET460ml),INTR583011691,饮料,5,5,99940,99940
`FS100302,货道24,焕神[热带水果风味]饮料(PET460ml),INTR583011691,饮料,5,5,99916,99916
`FS100302,货道25,饮养四季[金桔柠檬](PET500ml),INTR372011680,饮料,3.5,3.5,99936,99936
`FS100302,货道26,饮养四季[金桔柠檬](PET500ml),INTR372011680,饮料,3.5,3.5,99940,99940
`FS100302,货道27,统一鲜橙多(PET450ml),INTR910011664,饮料,3.5,3.5,99915,99915
`FS100302,货道28,统一鲜橙多(PET450ml),INTR910011664,饮料,3.5,3.5,99926,99926
`FS100302,货道29,统一冰红茶[柠檬](PET500ml),INTR894011688,饮料,3,3,99830,99830
`FS100302,货道30,统一冰红茶[柠檬](PET500ml),INTR894011688,饮料,3,3,99891,99891
`FS100302,货道31,海之言[柠檬](PET500ml),INTR039011682,饮料,4,4,99880,99880
`FS100302,货道32,海之言[柠檬](PET500ml),INTR039011682,饮料,4,4,99911,99911
`FS100302,货道33,小茗同学[溜溜哒茶](PET480ml),INTR973011692,饮料,5,5,99954,99954
`FS100302,货道34,小茗同学[溜溜哒茶](PET480ml),INTR973011692,饮料,5,5,99953,99953
`FS100286,货道1,怡宝火咖[意式倍醇](CAN280ml),INTR284012885,饮料,4,4,99930,99930
`FS100286,货道2,怡宝火咖[意式倍醇](CAN280ml),INTR284012885,饮料,4,4,99949,99949
`FS100286,货道3,优好滋港式奶茶(CAN310ml),INTR029012897,饮料,4,4,99949,99949
`FS100286,货道4,统一好料道[仙草凉茶](CAN310ml),INTR791011678,饮料,4,4,99995,99995
`FS100286,货道5,爱朵拉拿铁咖啡(CAN310ml),INTR459011637,饮料,4,4,99935,99935
`FS100286,货道6,娃哈哈桂圆莲子八宝粥(CAN360ml),INTR218012884,食品,4,4,99984,99984
`FS100286,货道7,统一阿萨姆[奶茶原味](PET500ml),INTR230011689,饮料,4.5,4.5,99814,99814
`FS100286,货道8,统一阿萨姆[奶茶原味](PET500ml),INTR230011689,饮料,4.5,4.5,99837,99837
`FS100286,货道9,统一阿萨姆[奶茶原味](PET500ml),INTR230011689,饮料,4.5,4.5,99878,99878
`FS100286,货道10,雅哈[冰咖啡](PET450ml),INTR470011686,饮料,5.5,5.5,99949,99949
`FS100286,货道11,今麦郎茉莉蜜茶(PET500ml),INTR701012110,饮料,4,3,99912,99912
`FS100286,货道13,统一绿茶[茉莉](PET500ml),INTR577011683,饮料,3,3,99921,99921
`FS100286,货道14,,,,,,0,0
`FS100286,货道15,统一绿茶[茉莉](PET500ml),INTR577011683,饮料,3,3,99915,99915
`FS100286,货道16,,,,,,0,0
`FS100286,货道17,小茗同学[溜溜哒茶](PET480ml),INTR973011692,饮料,5,5,99948,99948
`FS100286,货道19,统一冰红茶(CAN310ml),INTR115011662,饮料,2.5,2.5,99942,99942
`FS100286,货道21,雅哈[冰咖啡](PET450ml),INTR470011686,饮料,5.5,5.5,99979,99979
`FS100286,货道23,焕神[热带水果风味]饮料(PET460ml),INTR583011691,饮料,5,5,99956,99956
`FS100286,货道24,焕神[热带水果风味]饮料(PET460ml),INTR583011691,饮料,5,5,99981,99981
`FS100286,货道25,饮养四季[金桔柠檬](PET500ml),INTR372011680,饮料,3.5,3.5,99932,99932
`FS100286,货道26,饮养四季[金桔柠檬](PET500ml),INTR372011680,饮料,3.5,3.5,99941,99941
`FS100286,货道27,统一鲜橙多(PET450ml),INTR910011664,饮料,3.5,3.5,99825,99825
`FS100286,货道28,统一鲜橙多(PET450ml),INTR910011664,饮料,3.5,3.5,99840,99840
`FS100286,货道29,统一冰红茶[柠檬](PET500ml),INTR894011688,饮料,3,3,99940,99940
`FS100286,货道30,统一冰红茶[柠檬](PET500ml),INTR894011688,饮料,3,3,99922,99922
`FS100286,货道31,海之言[柠檬](PET500ml),INTR039011682,饮料,4,4,99926,99926
`FS100286,货道32,海之言[柠檬](PET500ml),INTR039011682,饮料,4,4,99933,99933
`FS100286,货道33,小茗同学[溜溜哒茶](PET480ml),INTR973011692,饮料,5,5,99905,99905
`FS100286,货道34,小茗同学[溜溜哒茶](PET480ml),INTR973011692,饮料,5,5,99933,99933
`FS100626,货道1,可口可乐[自购版](CAN330ml),INTR121011635,饮料,3,3,80,80
`FS100626,货道2,可口可乐[自购版](CAN330ml),INTR121011635,饮料,3,3,77,77
`FS100626,货道3,可口可乐[自购版](CAN330ml),INTR121011635,饮料,3,3,85,85
`FS100626,货道4,统一好料道[仙草凉茶](CAN310ml),INTR791011678,饮料,4,4,105,105
`FS100626,货道5,统一好料道[仙草凉茶](CAN310ml),INTR791011678,饮料,4,4,102,102
`FS100626,货道6,统一好料道[仙草凉茶](CAN310ml),INTR791011678,饮料,4,4,104,104
`FS100626,货道7,统一茶裏王[无糖台式乌龙茶](PET420ml),INTR904011685,饮料,5,5,998,998
`FS100626,货道8,ALKAQUA[饮用天然矿泉水](PET570ml),INTR997009154,矿泉水,4,4,104,104
`FS100626,货道9,焕神[热带水果风味]饮料(PET460ml),INTR583011691,饮料,5,5,81,81
`FS100626,货道10,焕神[热带水果风味]饮料(PET460ml),INTR583011691,饮料,5,5,66,66
`FS100626,货道11,雅哈[冰咖啡](PET450ml),INTR470011686,饮料,5.5,5.5,89,89
`FS100626,货道13,统一阿萨姆[白桃观音](PET450ml),INTR609013401,饮料,4.5,4,994,994
`FS100626,货道14,,,,,,0,0
`FS100626,货道15,统一轻啵苏打水[柠檬味](PET500ml),INTR773011687,饮料,3.5,3,92,92
`FS100626,货道16,,,,,,0,0
`FS100626,货道17,统一鲜橙多(PET450ml),INTR910011664,饮料,3.5,3.5,80,80
`FS100626,货道19,统一鲜橙多(PET450ml),INTR910011664,饮料,3.5,3.5,82,82
`FS100626,货道21,统一鲜橙多(PET450ml),INTR910011664,饮料,3.5,3.5,89,89
`FS100626,货道23,统一冰红茶[柠檬](PET500ml),INTR894011688,饮料,3,3,85,85
`FS100626,货道24,统一冰红茶[柠檬](PET500ml),INTR894011688,饮料,3,3,65,65
`FS100626,货道25,统一阿萨姆[奶茶原味](PET500ml),INTR230011689,饮料,4.5,4,67,67
`FS100626,货道26,统一阿萨姆[奶茶原味](PET500ml),INTR230011689,饮料,4.5,4,55,55
`FS100626,货道27,统一阿萨姆[奶茶原味](PET500ml),INTR230011689,饮料,4.5,4,64,64
`FS100626,货道28,统一阿萨姆[奶茶原味](PET500ml),INTR230011689,饮料,4.5,4,66,66
`FS100626,货道29,统一绿茶[茉莉](PET500ml),INTR577011683,饮料,3,3,77,77
`FS100626,货道30,统一绿茶[茉莉](PET500ml),INTR577011683,饮料,3,3,76,76
`FS100626,货道31,饮养四季[金桔柠檬](PET500ml),INTR372011680,饮料,3.5,3.5,93,93
`FS100626,货道32,统一冰绿茶[青梅绿茶](PET500ml),INTR469011681,饮料,3,3,78,78
`FS100626,货道33,海之言[柠檬](PET500ml),INTR039011682,饮料,4,4,92,92
`FS100626,货道34,海之言[柠檬](PET500ml),INTR039011682,饮料,4,4,87,87
`FS100627,货道1,可口可乐[自购版](CAN330ml),INTR121011635,饮料,3,3,80,80
`FS100627,货道2,可口可乐[自购版](CAN330ml),INTR121011635,饮料,3,3,84,84
`FS100627,货道3,可口可乐[自购版](CAN330ml),INTR121011635,饮料,3,3,89,89
`FS100627,货道4,统一好料道[仙草凉茶](CAN310ml),INTR791011678,饮料,4,4,102,102
`FS100627,货道5,富永[乌龙茶](CAN185ml),INTR228013677,饮料,7,7,9999,9999
`FS100627,货道6,富永[微糖咖啡](CAN185ml),INTR327013699,饮料,8,8,9999,9999
`FS100627,货道7,ALKAQUA[饮用天然矿泉水](PET570ml),INTR997009154,矿泉水,4,4,99,99
`FS100627,货道8,ALKAQUA[饮用天然矿泉水](PET570ml),INTR997009154,矿泉水,4,4,91,91
`FS100627,货道9,焕神[热带水果风味]饮料(PET460ml),INTR583011691,饮料,5,5,102,102
`FS100627,货道10,焕神[热带水果风味]饮料(PET460ml),INTR583011691,饮料,5,5,93,93
`FS100627,货道11,雅哈[冰咖啡](PET450ml),INTR470011686,饮料,5.5,5.5,106,106
`FS100627,货道13,统一轻啵苏打水[柠檬味](PET500ml),INTR773011687,饮料,3.5,3,102,102
`FS100627,货道14,,,,,,0,0
`FS100627,货道15,统一轻啵苏打水[柠檬味](PET500ml),INTR773011687,饮料,3.5,3,98,98
`FS100627,货道16,,,,,,0,0
`FS100627,货道17,统一鲜橙多(PET450ml),INTR910011664,饮料,3.5,3.5,94,94
`FS100627,货道19,统一鲜橙多(PET450ml),INTR910011664,饮料,3.5,3.5,85,85
`FS100627,货道21,统一鲜橙多(PET450ml),INTR910011664,饮料,3.5,3.5,96,96
`FS100627,货道23,统一冰红茶[柠檬](PET500ml),INTR894011688,饮料,3,3,99,99
`FS100627,货道24,统一冰红茶[柠檬](PET500ml),INTR894011688,饮料,3,3,88,88
`FS100627,货道25,统一阿萨姆[奶茶原味](PET500ml),INTR230011689,饮料,4.5,4,94,94
`FS100627,货道26,统一阿萨姆[奶茶原味](PET500ml),INTR230011689,饮料,4.5,4,94,94
`FS100627,货道27,统一阿萨姆[奶茶原味](PET500ml),INTR230011689,饮料,4.5,4,99,99
`FS100627,货道28,统一阿萨姆[奶茶原味](PET500ml),INTR230011689,饮料,4.5,4,100,100
`FS100627,货道29,统一绿茶[茉莉](PET500ml),INTR577011683,饮料,3,3,99,99
`FS100627,货道30,统一绿茶[茉莉](PET500ml),INTR577011683,饮料,3,3,101,101
`FS100627,货道31,饮养四季[金桔柠檬](PET500ml),INTR372011680,饮料,3.5,3.5,99,99
`FS100627,货道32,统一冰绿茶[青梅绿茶](PET500ml),INTR469011681,饮料,3,3,92,92
`FS100627,货道33,海之言[柠檬](PET500ml),INTR039011682,饮料,4,4,92,92
`FS100627,货道34,海之言[柠檬](PET500ml),INTR039011682,饮料,4,4,90,90
`FS100296,货道1,统一鲜橙多(CAN310ml),INTR767011663,饮料,3,3,99982,99982
`FS100296,货道2,统一鲜橙多(CAN310ml),INTR767011663,饮料,3,3,99960,99960
`FS100296,货道3,统一鲜橙多(CAN310ml),INTR767011663,饮料,3,3,99971,99971
`FS100296,货道4,统一冰红茶(CAN310ml),INTR115011662,饮料,2.5,2.5,99945,99945
`FS100296,货道5,统一冰红茶(CAN310ml),INTR115011662,饮料,2.5,2.5,99943,99943
`FS100296,货道6,统一冰红茶(CAN310ml),INTR115011662,饮料,2.5,2.5,99953,99953
`FS100296,货道7,娃哈哈葡萄汁(PET500ml),INTR106013579,饮料,3,3.5,99655,99655
`FS100296,货道8,娃哈哈葡萄汁(PET500ml),INTR106013579,饮料,3,3.5,99726,99726
`FS100296,货道9,海之言[柠檬](PET500ml),INTR039011682,饮料,4,4,99933,99933
`FS100296,货道10,海之言[柠檬](PET500ml),INTR039011682,饮料,4,4,99937,99937
`FS100296,货道11,海之言[柠檬](PET500ml),INTR039011682,饮料,4,4,99922,99922
`FS100296,货道13,统一冰绿茶[青梅绿茶](PET500ml),INTR469011681,饮料,3,3,99982,99982
`FS100296,货道14,,,,,,0,0
`FS100296,货道15,统一冰绿茶[青梅绿茶](PET500ml),INTR469011681,饮料,3,3,99900,99900
`FS100296,货道16,,,,,,0,0
`FS100296,货道17,统一冰红茶[柠檬](PET500ml),INTR894011688,饮料,3,3,99893,99893
`FS100296,货道19,统一冰红茶[柠檬](PET500ml),INTR894011688,饮料,3,3,99936,99936
`FS100296,货道21,统一冰红茶[柠檬](PET500ml),INTR894011688,饮料,3,3,99931,99931
`FS100296,货道23,统一冰红茶[柠檬](PET500ml),INTR894011688,饮料,3,3,99932,99932
`FS100296,货道24,统一冰红茶[柠檬](PET500ml),INTR894011688,饮料,3,3,99919,99919
`FS100296,货道25,统一冰绿茶[青梅绿茶](PET500ml),INTR469011681,饮料,3,3,99980,99980
`FS100296,货道26,统一冰绿茶[青梅绿茶](PET500ml),INTR469011681,饮料,3,3,99970,99970
`FS100296,货道27,统一鲜橙多(PET450ml),INTR910011664,饮料,3.5,3.5,99892,99892
`FS100296,货道28,统一鲜橙多(PET450ml),INTR910011664,饮料,3.5,3.5,99915,99915
`FS100296,货道29,小茗同学[青柠红茶](PET480ml),INTR297011693,饮料,5,5,99834,99834
`FS100296,货道30,怡宝[纯净水](PET555ml),INTR128012109,矿泉水,2,2,99948,99948
`FS100296,货道31,怡宝[纯净水](PET555ml),INTR128012109,矿泉水,2,2,99937,99937
`FS100296,货道32,焕神[热带水果风味]饮料(PET460ml),INTR583011691,饮料,5,5,99978,99978
`FS100296,货道33,焕神[热带水果风味]饮料(PET460ml),INTR583011691,饮料,5,5,99972,99972
`FS100296,货道34,焕神[热带水果风味]饮料(PET460ml),INTR583011691,饮料,5,5,99972,99972
`FS100358,货道1,小野[黑糖姜茶](CAN245ml),INTR360012442,饮料,3,3,9979,9979
`FS100358,货道2,小野[黑糖姜茶](CAN245ml),INTR360012442,饮料,3,3,9964,9964
`FS100358,货道3,小野[芒果汁](CAN245ml),INTR457012418,饮料,3,3,9974,9974
`FS100358,货道4,小野[芒果汁](CAN245ml),INTR457012418,饮料,3,3,9960,9960
`FS100358,货道5,统一原味本铺[冬瓜茶](CAN245ml),INTR290013182,饮料,5,5,9976,9976
`FS100358,货道6,统一冰红茶(CAN310ml),INTR115011662,饮料,2.5,2.5,9999,9999
`FS100358,货道7,统一冰红茶[柠檬](PET500ml),INTR894011688,饮料,3,3,9762,9762
`FS100358,货道8,统一冰红茶[柠檬](PET500ml),INTR894011688,饮料,3,3,9742,9742
`FS100358,货道9,统一冰红茶[柠檬](PET500ml),INTR894011688,饮料,3,3,9773,9773
`FS100358,货道10,饮养四季[金桔柠檬](PET500ml),INTR372011680,饮料,3.5,3.5,9837,9837
`FS100358,货道11,统一饮养四季[冰糖雪梨](PET500ml),INTR56004726,饮料,3.5,3.5,9854,9854
`FS100358,货道13,统一绿茶[茉莉](PET500ml),INTR577011683,饮料,3,3,9773,9773
`FS100358,货道14,,,,,,0,0
`FS100358,货道15,统一绿茶[茉莉](PET500ml),INTR577011683,饮料,3,3,9795,9795
`FS100358,货道16,,,,,,0,0
`FS100358,货道17,统一绿茶[茉莉](PET500ml),INTR577011683,饮料,3,3,9817,9817
`FS100358,货道19,饮养四季[金桔柠檬](PET500ml),INTR372011680,饮料,3.5,3.5,9816,9816
`FS100358,货道21,统一轻啵苏打水[柠檬味](PET500ml),INTR773011687,饮料,3.5,3.5,9966,9966
`FS100358,货道23,焕神[热带水果风味]饮料(PET460ml),INTR583011691,饮料,5,5,9815,9815
`FS100358,货道24,统一阿萨姆[奶茶原味](PET500ml),INTR230011689,饮料,4.5,4.5,9734,9734
`FS100358,货道25,统一阿萨姆[奶茶原味](PET500ml),INTR230011689,饮料,4.5,4.5,9737,9737
`FS100358,货道26,ALKAQUA[饮用天然矿泉水](PET570ml),INTR997009154,矿泉水,4,4,9811,9811
`FS100358,货道27,统一冰绿茶[青梅绿茶](PET500ml),INTR469011681,饮料,3,3,9764,9764
`FS100358,货道28,统一鲜橙多(PET450ml),INTR910011664,饮料,3.5,3.5,9811,9811
`FS100358,货道29,焕神[热带水果风味]饮料(PET460ml),INTR583011691,饮料,5,5,9798,9798
`FS100358,货道30,统一好料道[仙草凉茶](CAN310ml),INTR791011678,饮料,4,4,9957,9957
`FS100358,货道31,海之言[柠檬](PET500ml),INTR039011682,饮料,4,4,9901,9901
`FS100358,货道32,海之言[柠檬](PET500ml),INTR039011682,饮料,4,4,9866,9866
`FS100358,货道33,统一冰绿茶[青梅绿茶](PET500ml),INTR469011681,饮料,3,3,9830,9830
`FS100358,货道34,统一鲜橙多(PET450ml),INTR910011664,饮料,3.5,3.5,9826,9826
`FS100350,货道1,小野[黑糖姜茶](CAN245ml),INTR360012442,饮料,3,3,9967,9967
`FS100350,货道2,小野[黑糖姜茶](CAN245ml),INTR360012442,饮料,3,3,9957,9957
`FS100350,货道3,小野[芒果汁](CAN245ml),INTR457012418,饮料,3,3,9960,9960
`FS100350,货道4,小野[芒果汁](CAN245ml),INTR457012418,饮料,3,3,9966,9966
`FS100350,货道5,统一原味本铺[冬瓜茶](CAN245ml),INTR290013182,饮料,5,5,9987,9987
`FS100350,货道6,,,,,,0,0
`FS100350,货道7,统一冰红茶[柠檬](PET500ml),INTR894011688,饮料,3,3,9823,9823
`FS100350,货道8,统一冰红茶[柠檬](PET500ml),INTR894011688,饮料,3,3,9777,9777
`FS100350,货道9,统一冰红茶[柠檬](PET500ml),INTR894011688,饮料,3,3,9817,9817
`FS100350,货道10,饮养四季[金桔柠檬](PET500ml),INTR372011680,饮料,3.5,3.5,9844,9844
`FS100350,货道11,统一轻啵苏打水[柠檬味](PET500ml),INTR773011687,饮料,3.5,3.5,9977,9977
`FS100350,货道13,统一绿茶[茉莉](PET500ml),INTR577011683,饮料,3,3,9771,9771
`FS100350,货道14,,,,,,0,0
`FS100350,货道15,统一绿茶[茉莉](PET500ml),INTR577011683,饮料,3,3,9924,9924
`FS100350,货道16,,,,,,0,0
`FS100350,货道17,统一绿茶[茉莉](PET500ml),INTR577011683,饮料,3,3,9837,9837
`FS100350,货道19,饮养四季[金桔柠檬](PET500ml),INTR372011680,饮料,3.5,3.5,9817,9817
`FS100350,货道21,统一绿茶[茉莉](PET500ml),INTR577011683,饮料,3,3,9988,9988
`FS100350,货道23,焕神[热带水果风味]饮料(PET460ml),INTR583011691,饮料,5,5,9765,9765
`FS100350,货道24,统一阿萨姆[奶茶原味](PET500ml),INTR230011689,饮料,4.5,4.5,9706,9706
`FS100350,货道25,统一阿萨姆[奶茶原味](PET500ml),INTR230011689,饮料,4.5,4.5,9749,9749
`FS100350,货道26,ALKAQUA[饮用天然矿泉水](PET570ml),INTR997009154,矿泉水,4,4,9866,9866
`FS100350,货道27,统一冰绿茶[青梅绿茶](PET500ml),INTR469011681,饮料,3,3,9829,9829
`FS100350,货道28,统一鲜橙多(PET450ml),INTR910011664,饮料,3.5,3.5,9799,9799
`FS100350,货道29,焕神[热带水果风味]饮料(PET460ml),INTR583011691,饮料,5,5,9856,9856
`FS100350,货道30,统一好料道[仙草凉茶](CAN310ml),INTR791011678,饮料,4,4,9960,9960
`FS100350,货道31,海之言[柠檬](PET500ml),INTR039011682,饮料,4,4,9924,9924
`FS100350,货道32,海之言[柠檬](PET500ml),INTR039011682,饮料,4,4,9900,9900
`FS100350,货道33,统一冰绿茶[青梅绿茶](PET500ml),INTR469011681,饮料,3,3,9808,9808
`FS100350,货道34,统一鲜橙多(PET450ml),INTR910011664,饮料,3.5,3.5,9838,9838
`FS100047,货道1,可口可乐[自购版](CAN330ml),INTR121011635,饮料,3,3,9844,9844
`FS100047,货道2,可口可乐[自购版](CAN330ml),INTR121011635,饮料,3,3,9915,9915
`FS100047,货道3,雪碧[自购版](CAN330ml),INTR685011636,饮料,3,3,9926,9926
`FS100047,货道4,小野[黑糖姜茶](CAN245ml),INTR360012442,饮料,3,3,9982,9982
`FS100047,货道5,统一原味本铺[冬瓜茶](CAN245ml),INTR290013182,饮料,5,5,9992,9992
`FS100047,货道6,小野[黑糖姜茶](CAN245ml),INTR360012442,饮料,3,3,9991,9991
`FS100047,货道7,ALKAQUA[饮用天然矿泉水](PET570ml),INTR997009154,矿泉水,4,4,9890,9890
`FS100047,货道8,统一A-ha雅哈老汽水(CAN500ml),INTR360013676,饮料,5,5,9996,9996
`FS100047,货道9,统一冰红茶[柠檬](PET500ml),INTR894011688,饮料,3,3,9864,9864
`FS100047,货道10,统一冰红茶[柠檬](PET500ml),INTR894011688,饮料,3,3,9880,9880
`FS100047,货道11,可口可乐[自购版](CAN330ml),INTR121011635,饮料,3,3,9902,9902
`FS100047,货道13,焕神[热带水果风味]饮料(PET460ml),INTR583011691,饮料,5,5,9907,9907
`FS100047,货道14,,,,,,0,0
`FS100047,货道15,统一冰红茶[柠檬](PET500ml),INTR894011688,饮料,3,3,9864,9864
`FS100047,货道16,,,,,,0,0
`FS100047,货道17,统一绿茶[茉莉](PET500ml),INTR577011683,饮料,3,3,9869,9869
`FS100047,货道19,统一绿茶[茉莉](PET500ml),INTR577011683,饮料,3,3,9885,9885
`FS100047,货道21,饮养四季[金桔柠檬](PET500ml),INTR372011680,饮料,3.5,3.5,9916,9916
`FS100047,货道23,焕神[热带水果风味]饮料(PET460ml),INTR583011691,饮料,5,5,9890,9890
`FS100047,货道24,小茗同学[青柠红茶](PET480ml),INTR297011693,饮料,5,5,9885,9885
`FS100047,货道25,海之言[柠檬](PET500ml),INTR039011682,饮料,4,4,9864,9864
`FS100047,货道26,统一鲜橙多(PET450ml),INTR910011664,饮料,3.5,3.5,9970,9970
`FS100047,货道27,统一阿萨姆[奶茶原味](PET500ml),INTR230011689,饮料,4.5,4.5,9894,9894
`FS100047,货道28,饮养四季[金桔柠檬](PET500ml),INTR372011680,饮料,3.5,3.5,9923,9923
`FS100047,货道29,雅哈[冰咖啡](PET450ml),INTR470011686,饮料,5.5,5.5,9956,9956
`FS100047,货道30,小茗同学[青柠红茶](PET480ml),INTR297011693,饮料,5,5,9877,9877
`FS100047,货道31,海之言[柠檬](PET500ml),INTR039011682,饮料,4,4,9859,9859
`FS100047,货道32,统一鲜橙多(PET450ml),INTR910011664,饮料,3.5,3.5,9893,9893
`FS100047,货道33,统一阿萨姆[奶茶原味](PET500ml),INTR230011689,饮料,4.5,4.5,9880,9880
`FS100047,货道34,统一冰绿茶[青梅绿茶](PET500ml),INTR469011681,饮料,3,3,9900,9900
`FS100908,货道1,可口可乐[自购版](CAN330ml),INTR121011635,饮料,3,3,9815,9815
`FS100908,货道2,可口可乐[自购版](CAN330ml),INTR121011635,饮料,3,3,9835,9835
`FS100908,货道3,雪碧[自购版](CAN330ml),INTR685011636,饮料,3,3,9857,9857
`FS100908,货道4,雪碧[自购版](CAN330ml),INTR685011636,饮料,3,3,9872,9872
`FS100908,货道5,可口可乐[自购版](CAN330ml),INTR121011635,饮料,3,3,9984,9984
`FS100908,货道6,富永[微糖咖啡](CAN185ml),INTR327013699,饮料,8,8,9991,9991
`FS100908,货道7,焕神[热带水果风味]饮料(PET460ml),INTR583011691,饮料,5,5,9817,9817
`FS100908,货道8,统一A-ha雅哈老汽水(CAN500ml),INTR360013676,饮料,5,5,9976,9976
`FS100908,货道9,统一冰红茶[柠檬](PET500ml),INTR894011688,饮料,3,3,9857,9857
`FS100908,货道10,统一冰红茶[柠檬](PET500ml),INTR894011688,饮料,3,3,9861,9861
`FS100908,货道11,饮养四季[金桔柠檬](PET500ml),INTR372011680,饮料,3.5,3.5,9889,9889
`FS100908,货道12,,,,,,0,0
`FS100908,货道13,焕神[热带水果风味]饮料(PET460ml),INTR583011691,饮料,5,5,9944,9944
`FS100908,货道14,,,,,,0,0
`FS100908,货道15,统一绿茶[茉莉](PET500ml),INTR577011683,饮料,3,3,9836,9836
`FS100908,货道16,,,,,,0,0
`FS100908,货道17,统一绿茶[茉莉](PET500ml),INTR577011683,饮料,3,3,9861,9861
`FS100908,货道18,,,,,,0,0
`FS100908,货道19,统一绿茶[茉莉](PET500ml),INTR577011683,饮料,3,3,9872,9872
`FS100908,货道20,,,,,,0,0
`FS100908,货道21,统一原味本铺[冬瓜茶](CAN245ml),INTR290013182,饮料,5,5,9977,9977
`FS100908,货道22,,,,,,0,0
`FS100908,货道23,ALKAQUA[饮用天然矿泉水](PET570ml),INTR997009154,矿泉水,4,4,9877,9877
`FS100908,货道24,小茗同学[青柠红茶](PET480ml),INTR297011693,饮料,5,5,9848,9848
`FS100908,货道25,海之言[柠檬](PET500ml),INTR039011682,饮料,4,4,9856,9856
`FS100908,货道26,统一鲜橙多(PET450ml),INTR910011664,饮料,3.5,3.5,9883,9883
`FS100908,货道27,统一阿萨姆[奶茶原味](PET500ml),INTR230011689,饮料,4.5,4.5,9887,9887
`FS100908,货道28,小野[芒果汁](CAN245ml),INTR457012418,饮料,3,3,9998,9998
`FS100908,货道29,雅哈[冰咖啡](PET450ml),INTR470011686,饮料,5.5,5.5,9858,9858
`FS100908,货道30,统一冰绿茶[青梅绿茶](PET500ml),INTR469011681,饮料,3,3,9818,9818
`FS100908,货道31,海之言[柠檬](PET500ml),INTR039011682,饮料,4,4,9854,9854
`FS100908,货道32,统一鲜橙多(PET450ml),INTR910011664,饮料,3.5,3.5,9883,9883
`FS100908,货道33,统一阿萨姆[奶茶原味](PET500ml),INTR230011689,饮料,4.5,4.5,9887,9887
`FS100908,货道34,统一阿萨姆[奶茶原味](PET500ml),INTR230011689,饮料,4.5,4.5,9912,9912
`FS100041,货道1,可口可乐[自购版](CAN330ml),INTR121011635,饮料,3,3,9976,9976
`FS100041,货道2,可口可乐[自购版](CAN330ml),INTR121011635,饮料,3,3,9984,9984
`FS100041,货道3,可口可乐[自购版](CAN330ml),INTR121011635,饮料,3,3,9993,9993
`FS100041,货道4,雪碧[自购版](CAN330ml),INTR685011636,饮料,3,3,9997,9997
`FS100041,货道5,雪碧[自购版](CAN330ml),INTR685011636,饮料,3,3,9999,9999
`FS100041,货道6,雪碧[自购版](CAN330ml),INTR685011636,饮料,3,3,9999,9999
`FS100041,货道7,ALKAQUA[饮用天然矿泉水](PET570ml),INTR997009154,矿泉水,4,4,9999,9999
`FS100041,货道8,统一冰红茶[柠檬](PET500ml),INTR894011688,饮料,3,3,9976,9976
`FS100041,货道9,统一绿茶[茉莉](PET500ml),INTR577011683,饮料,3,3,9974,9974
`FS100041,货道10,雅哈[冰咖啡](PET450ml),INTR470011686,饮料,5.5,5.5,9978,9978
`FS100041,货道11,小茗同学[青柠红茶](PET480ml),INTR297011693,饮料,5,5,9995,9995
`FS100041,货道13,统一阿萨姆[奶茶原味](PET500ml),INTR230011689,饮料,4.5,4.5,9975,9975
`FS100041,货道14,,,,,,0,0
`FS100041,货道15,统一阿萨姆[奶茶原味](PET500ml),INTR230011689,饮料,4.5,4.5,9968,9968
`FS100041,货道16,,,,,,0,0
`FS100041,货道17,统一阿萨姆[奶茶原味](PET500ml),INTR230011689,饮料,4.5,4.5,9972,9972
`FS100041,货道19,统一阿萨姆[奶茶原味](PET500ml),INTR230011689,饮料,4.5,4.5,9974,9974
`FS100041,货道21,统一阿萨姆[奶茶原味](PET500ml),INTR230011689,饮料,4.5,4.5,9979,9979
`FS100041,货道23,焕神[热带水果风味]饮料(PET460ml),INTR583011691,饮料,5,5,9987,9987
`FS100041,货道24,饮养四季[金桔柠檬](PET500ml),INTR372011680,饮料,3.5,3.5,9976,9976
`FS100041,货道25,统一冰绿茶[青梅绿茶](PET500ml),INTR469011681,饮料,3,3,9967,9967
`FS100041,货道26,统一鲜橙多(PET450ml),INTR910011664,饮料,3.5,3.5,9974,9974
`FS100041,货道27,统一饮养四季[冰糖雪梨](PET500ml),INTR56004726,饮料,3.5,3.5,9983,9983
`FS100041,货道28,雅哈[冰咖啡](PET450ml),INTR470011686,饮料,5.5,5.5,9980,9980
`FS100041,货道29,雅哈[冰咖啡](PET450ml),INTR470011686,饮料,5.5,5.5,9965,9965
`FS100041,货道30,统一冰红茶[柠檬](PET500ml),INTR894011688,饮料,3,3,9993,9993
`FS100041,货道31,统一绿茶[茉莉](PET500ml),INTR577011683,饮料,3,3,9987,9987
`FS100041,货道32,雅哈[冰咖啡](PET450ml),INTR470011686,饮料,5.5,5.5,9984,9984
`FS100041,货道33,雅哈[冰咖啡](PET450ml),INTR470011686,饮料,5.5,5.5,9976,9976
`FS100041,货道34,雅哈[冰咖啡](PET450ml),INTR470011686,饮料,5.5,5.5,9980,9980
`FS100780,货道1,统一蜜桃多(CAN310ml),INTR765012351,饮料,3,2.5,20,20
`FS100780,货道2,爱朵拉拿铁咖啡(CAN310ml),INTR459011637,饮料,4,4,18,18
`FS100780,货道3,可口可乐[自购版](CAN330ml),INTR121011635,饮料,3,2.5,15,15
`FS100780,货道4,可口可乐[自购版](CAN330ml),INTR121011635,饮料,3,2.5,14,14
`FS100780,货道5,王老吉凉茶(CAN310ml),INTR472012173,饮料,3.5,4,12,12
`FS100780,货道6,统一鲜橙多(CAN310ml),INTR767011663,饮料,3,2.5,10,10
`FS100780,货道7,怡宝[纯净水](PET555ml),INTR128012109,矿泉水,2,2,17,17
`FS100780,货道8,怡宝[纯净水](PET555ml),INTR128012109,矿泉水,2,2,18,18
`FS100780,货道9,怡宝[纯净水](PET555ml),INTR128012109,矿泉水,2,2,16,16
`FS100780,货道10,统一轻啵苏打水[柠檬味](PET500ml),INTR773011687,饮料,3.5,3.5,14,14
`FS100780,货道11,雅哈[冰咖啡](PET450ml),INTR470011686,饮料,5.5,5.5,11,11
`FS100780,货道13,统一阿萨姆[奶茶原味](PET500ml),INTR230011689,饮料,4.5,4.5,19,19
`FS100780,货道15,统一阿萨姆[奶茶原味](PET500ml),INTR230011689,饮料,4.5,4.5,18,18
`FS100780,货道17,小茗同学[溜溜哒茶](PET480ml),INTR973011692,饮料,5,5,14,14
`FS100780,货道19,海之言[柠檬](PET500ml),INTR039011682,饮料,4,4,12,12
`FS100780,货道21,海之言[柠檬](PET500ml),INTR039011682,饮料,4,4,12,12
`FS100780,货道23,统一饮养四季[冰糖雪梨](PET500ml),INTR56004726,饮料,3.5,3.5,20,20
`FS100780,货道24,焕神[热带水果风味]饮料(PET460ml),INTR583011691,饮料,5,5,18,18
`FS100780,货道25,统一冰红茶[柠檬](PET500ml),INTR894011688,饮料,3,3,16,16
`FS100780,货道26,统一冰红茶[柠檬](PET500ml),INTR894011688,饮料,3,3,14,14
`FS100780,货道27,统一冰绿茶[青梅绿茶](PET500ml),INTR469011681,饮料,3,3,12,12
`FS100780,货道28,统一冰绿茶[青梅绿茶](PET500ml),INTR469011681,饮料,3,3,9,9
`FS100780,货道29,统一鲜橙多(PET450ml),INTR910011664,饮料,3.5,3.5,19,19
`FS100780,货道30,统一鲜橙多(PET450ml),INTR910011664,饮料,3.5,3.5,18,18
`FS100780,货道31,统一绿茶[茉莉](PET500ml),INTR577011683,饮料,3,3,16,16
`FS100780,货道32,统一茶裏王[无糖台式乌龙茶](PET420ml),INTR904011685,饮料,5,5,14,14
`FS100780,货道33,饮养四季[金桔柠檬](PET500ml),INTR372011680,饮料,3.5,3.5,11,11
`FS100780,货道34,饮养四季[金桔柠檬](PET500ml),INTR372011680,饮料,3.5,3.5,10,10
`FS100828,货道1,宏宝莱碳酸饮料汽水荔枝味(CAN330ml),INTR992013247,饮料,3,2.5,369,369
`FS100828,货道2,可口可乐[自购版](CAN330ml),INTR121011635,饮料,3,3,716,716
`FS100828,货道3,可口可乐[自购版](CAN330ml),INTR121011635,饮料,3,3,636,636
`FS100828,货道4,,,,,3,999,999
`FS100828,货道5,雪碧[自购版](CAN330ml),INTR685011636,饮料,3,3,739,739
`FS100828,货道6,小野[芒果汁](CAN245ml),INTR457012418,饮料,3,3,920,920
`FS100828,货道7,体质能量(PET580ml),INTR468012175,饮料,4,4,391,391
`FS100828,货道8,体质能量(PET580ml),INTR468012175,饮料,4,4,450,450
`FS100828,货道9,上海盐汽水(PET600ml),INTR332012201,饮料,3,3,789,789
`FS100828,货道10,小茗同学[溜溜哒茶](PET480ml),INTR973011692,饮料,5,5,729,729
`FS100828,货道11,统一茶裏王[无糖台式乌龙茶](PET420ml),INTR904011685,饮料,5,5,967,967
`FS100828,货道13,爱朵拉拿铁咖啡(CAN310ml),INTR459011637,饮料,4,4,935,935
`FS100828,货道14,雪碧[自购版](CAN330ml),INTR685011636,饮料,3,3,865,865
`FS100828,货道15,可口可乐[自购版](CAN330ml),INTR121011635,饮料,3,3,708,708
`FS100828,货道16,可口可乐[自购版](CAN330ml),INTR121011635,饮料,3,3,746,746
`FS100828,货道17,雪碧[自购版](CAN330ml),INTR685011636,饮料,3,3,792,792
`FS100828,货道19,统一好料道[仙草凉茶](CAN310ml),INTR791011678,饮料,4,4,970,970
`FS100828,货道21,,,,,,0,0
`FS100828,货道23,统一冰红茶[柠檬](PET500ml),INTR894011688,饮料,3,3,706,706
`FS100828,货道24,饮养四季[金桔柠檬](PET500ml),INTR372011680,饮料,3.5,3.5,673,673
`FS100828,货道25,统一冰绿茶[青梅绿茶](PET500ml),INTR469011681,饮料,3,3,430,430
`FS100828,货道26,今麦郎芒顿小镇柠檬水(PET500ml),INTR322012790,饮料,2.5,2.5,944,944
`FS100828,货道27,焕神[热带水果风味]饮料(PET460ml),INTR583011691,饮料,5,5,812,812
`FS100828,货道28,雅哈[冰咖啡](PET450ml),INTR470011686,饮料,5.5,5.5,863,863
`FS100828,货道29,统一鲜橙多(PET450ml),INTR910011664,饮料,3.5,3.5,565,565
`FS100828,货道30,统一轻啵苏打水[桃花味](PET500ml),INTR876012423,饮料,3.5,3.5,915,915
`FS100828,货道31,海之言[蓝莓](PET500ml),INTR526012420,饮料,4,4,543,543
`FS100828,货道32,统一冰红茶[柠檬](PET500ml),INTR894011688,饮料,3,3,578,578
`FS100828,货道33,统一阿萨姆[奶茶原味](PET500ml),INTR230011689,饮料,4.5,4.5,646,646
`FS100828,货道34,饮养四季[金桔柠檬](PET500ml),INTR372011680,饮料,3.5,3.5,762,762
`FS100827,货道1,宏宝莱碳酸饮料汽水荔枝味(CAN330ml),INTR992013247,饮料,3,2.5,712,712
`FS100827,货道2,可口可乐[自购版](CAN330ml),INTR121011635,饮料,3,3,931,931
`FS100827,货道3,可口可乐[自购版](CAN330ml),INTR121011635,饮料,3,3,933,933
`FS100827,货道4,可口可乐[自购版](CAN330ml),INTR121011635,饮料,3,3,950,950
`FS100827,货道5,小野[芒果汁](CAN245ml),INTR457012418,饮料,3,3,975,975
`FS100827,货道6,小野[芒果汁](CAN245ml),INTR457012418,饮料,3,3,964,964
`FS100827,货道7,体质能量(PET580ml),INTR468012175,饮料,4,4,710,710
`FS100827,货道8,体质能量(PET580ml),INTR468012175,饮料,4,4,720,720
`FS100827,货道9,上海盐汽水(PET600ml),INTR332012201,饮料,3,3,920,920
`FS100827,货道10,小茗同学[溜溜哒茶](PET480ml),INTR973011692,饮料,5,5,900,900
`FS100827,货道11,统一茶裏王[无糖台式乌龙茶](PET420ml),INTR904011685,饮料,5,5,979,979
`FS100827,货道13,爱朵拉拿铁咖啡(CAN310ml),INTR459011637,饮料,4,4,946,946
`FS100827,货道14,雪碧[自购版](CAN330ml),INTR685011636,饮料,3,3,944,944
`FS100827,货道15,可口可乐[自购版](CAN330ml),INTR121011635,饮料,3,3,903,903
`FS100827,货道16,可口可乐[自购版](CAN330ml),INTR121011635,饮料,3,3,914,914
`FS100827,货道17,雪碧[自购版](CAN330ml),INTR685011636,饮料,3,3,905,905
`FS100827,货道19,统一好料道[仙草凉茶](CAN310ml),INTR791011678,饮料,4,4,979,979
`FS100827,货道21,,,,,,0,0
`FS100827,货道23,统一冰红茶[柠檬](PET500ml),INTR894011688,饮料,3,3,934,934
`FS100827,货道24,饮养四季[金桔柠檬](PET500ml),INTR372011680,饮料,3.5,3.5,864,864
`FS100827,货道25,统一冰绿茶[青梅绿茶](PET500ml),INTR469011681,饮料,3,3,658,658
`FS100827,货道26,元气森林白桃味气泡水瓶装480ml(2021),105195,开门柜,5,5,942,942
`FS100827,货道27,焕神[热带水果风味]饮料(PET460ml),INTR583011691,饮料,5,5,895,895
`FS100827,货道28,雅哈[冰咖啡](PET450ml),INTR470011686,饮料,5.5,5.5,926,926
`FS100827,货道29,统一鲜橙多(PET450ml),INTR910011664,饮料,3.5,3.5,864,864
`FS100827,货道30,统一轻啵苏打水[桃花味](PET500ml),INTR876012423,饮料,3.5,3.5,961,961
`FS100827,货道31,海之言[蓝莓](PET500ml),INTR526012420,饮料,4,4,772,772
`FS100827,货道32,统一冰红茶[柠檬](PET500ml),INTR894011688,饮料,3,3,854,854
`FS100827,货道33,统一阿萨姆[奶茶原味](PET500ml),INTR230011689,饮料,4.5,4.5,858,858
`FS100827,货道34,饮养四季[金桔柠檬](PET500ml),INTR372011680,饮料,3.5,3.5,883,883
`FS100816,货道1,统一蜜桃多(CAN310ml),INTR765012351,饮料,3,2.5,12,12
`FS100816,货道2,爱朵拉拿铁咖啡(CAN310ml),INTR459011637,饮料,4,4,13,13
`FS100816,货道3,可口可乐[自购版](CAN330ml),INTR121011635,饮料,3,2.5,1,1
`FS100816,货道4,可口可乐[自购版](CAN330ml),INTR121011635,饮料,3,2.5,1,1
`FS100816,货道5,王老吉凉茶(CAN310ml),INTR472012173,饮料,3.5,4,6,6
`FS100816,货道6,统一鲜橙多(CAN310ml),INTR767011663,饮料,3,2.5,6,6
`FS100816,货道7,怡宝[纯净水](PET555ml),INTR128012109,矿泉水,2,2,18,18
`FS100816,货道8,怡宝[纯净水](PET555ml),INTR128012109,矿泉水,2,2,11,11
`FS100816,货道9,怡宝[纯净水](PET555ml),INTR128012109,矿泉水,2,2,9,9
`FS100816,货道10,统一轻啵苏打水[柠檬味](PET500ml),INTR773011687,饮料,3.5,3.5,12,12
`FS100816,货道11,雅哈[冰咖啡](PET450ml),INTR470011686,饮料,5.5,5.5,6,6
`FS100816,货道13,统一阿萨姆[奶茶原味](PET500ml),INTR230011689,饮料,4.5,4.5,9,9
`FS100816,货道15,统一阿萨姆[奶茶原味](PET500ml),INTR230011689,饮料,4.5,4.5,8,8
`FS100816,货道17,小茗同学[溜溜哒茶](PET480ml),INTR973011692,饮料,5,5,12,12
`FS100816,货道19,海之言[柠檬](PET500ml),INTR039011682,饮料,4,4,3,3
`FS100816,货道21,海之言[柠檬](PET500ml),INTR039011682,饮料,4,4,2,2
`FS100816,货道23,统一饮养四季[冰糖雪梨](PET500ml),INTR56004726,饮料,3.5,3.5,19,19
`FS100816,货道24,焕神[热带水果风味]饮料(PET460ml),INTR583011691,饮料,5,5,5,5
`FS100816,货道25,统一冰红茶[柠檬](PET500ml),INTR894011688,饮料,3,3,8,8
`FS100816,货道26,统一冰红茶[柠檬](PET500ml),INTR894011688,饮料,3,3,12,12
`FS100816,货道27,统一冰绿茶[青梅绿茶](PET500ml),INTR469011681,饮料,3,3,10,10
`FS100816,货道28,统一冰绿茶[青梅绿茶](PET500ml),INTR469011681,饮料,3,3,9,9
`FS100816,货道29,统一鲜橙多(PET450ml),INTR910011664,饮料,3.5,3.5,20,20
`FS100816,货道30,统一鲜橙多(PET450ml),INTR910011664,饮料,3.5,3.5,12,12
`FS100816,货道31,统一绿茶[茉莉](PET500ml),INTR577011683,饮料,3,3,4,4
`FS100816,货道32,统一茶裏王[无糖台式乌龙茶](PET420ml),INTR904011685,饮料,5,5,12,12
`FS100816,货道33,饮养四季[金桔柠檬](PET500ml),INTR372011680,饮料,3.5,3.5,12,12
`FS100816,货道34,饮养四季[金桔柠檬](PET500ml),INTR372011680,饮料,3.5,3.5,9,9
`FS100620,货道1,统一蜜桃多(CAN310ml),INTR765012351,饮料,3,2.5,13,13
`FS100620,货道2,爱朵拉拿铁咖啡(CAN310ml),INTR459011637,饮料,4,4,17,17
`FS100620,货道3,可口可乐[自购版](CAN330ml),INTR121011635,饮料,3,2.5,1,1
`FS100620,货道4,可口可乐[自购版](CAN330ml),INTR121011635,饮料,3,2.5,1,1
`FS100620,货道5,王老吉凉茶(CAN310ml),INTR472012173,饮料,3.5,4,0,0
`FS100620,货道6,统一鲜橙多(CAN310ml),INTR767011663,饮料,3,2.5,1,1
`FS100620,货道7,怡宝[纯净水](PET555ml),INTR128012109,矿泉水,2,2,13,13
`FS100620,货道8,怡宝[纯净水](PET555ml),INTR128012109,矿泉水,2,2,11,11
`FS100620,货道9,怡宝[纯净水](PET555ml),INTR128012109,矿泉水,2,2,13,13
`FS100620,货道10,统一轻啵苏打水[柠檬味](PET500ml),INTR773011687,饮料,3.5,3.5,12,12
`FS100620,货道11,雅哈[冰咖啡](PET450ml),INTR470011686,饮料,5.5,5.5,6,6
`FS100620,货道13,统一阿萨姆[奶茶原味](PET500ml),INTR230011689,饮料,4.5,4.5,8,8
`FS100620,货道15,统一阿萨姆[奶茶原味](PET500ml),INTR230011689,饮料,4.5,4.5,11,11
`FS100620,货道17,小茗同学[溜溜哒茶](PET480ml),INTR973011692,饮料,5,5,10,10
`FS100620,货道19,海之言[柠檬](PET500ml),INTR039011682,饮料,4,4,10,10
`FS100620,货道21,海之言[柠檬](PET500ml),INTR039011682,饮料,4,4,7,7
`FS100620,货道23,统一饮养四季[冰糖雪梨](PET500ml),INTR56004726,饮料,3.5,3.5,15,15
`FS100620,货道24,焕神[热带水果风味]饮料(PET460ml),INTR583011691,饮料,5,5,6,6
`FS100620,货道25,统一冰红茶[柠檬](PET500ml),INTR894011688,饮料,3,3,5,5
`FS100620,货道26,统一冰红茶[柠檬](PET500ml),INTR894011688,饮料,3,3,14,14
`FS100620,货道27,统一冰绿茶[青梅绿茶](PET500ml),INTR469011681,饮料,3,3,10,10
`FS100620,货道28,统一冰绿茶[青梅绿茶](PET500ml),INTR469011681,饮料,3,3,9,9
`FS100620,货道29,统一鲜橙多(PET450ml),INTR910011664,饮料,3.5,3.5,19,19
`FS100620,货道30,统一鲜橙多(PET450ml),INTR910011664,饮料,3.5,3.5,13,13
`FS100620,货道31,统一绿茶[茉莉](PET500ml),INTR577011683,饮料,3,3,7,7
`FS100620,货道32,统一茶裏王[无糖台式乌龙茶](PET420ml),INTR904011685,饮料,5,5,12,12
`FS100620,货道33,饮养四季[金桔柠檬](PET500ml),INTR372011680,饮料,3.5,3.5,4,4
`FS100620,货道34,饮养四季[金桔柠檬](PET500ml),INTR372011680,饮料,3.5,3.5,10,10
`FS100576,货道1,统一蜜桃多(CAN310ml),INTR765012351,饮料,3,2.5,20,20
`FS100576,货道2,爱朵拉拿铁咖啡(CAN310ml),INTR459011637,饮料,4,4,17,17
`FS100576,货道3,可口可乐[自购版](CAN330ml),INTR121011635,饮料,3,2.5,13,13
`FS100576,货道4,可口可乐[自购版](CAN330ml),INTR121011635,饮料,3,2.5,14,14
`FS100576,货道5,王老吉凉茶(CAN310ml),INTR472012173,饮料,3.5,4,12,12
`FS100576,货道6,统一鲜橙多(CAN310ml),INTR767011663,饮料,3,2.5,10,10
`FS100576,货道7,怡宝[纯净水](PET555ml),INTR128012109,矿泉水,2,2,18,18
`FS100576,货道8,怡宝[纯净水](PET555ml),INTR128012109,矿泉水,2,2,18,18
`FS100576,货道9,怡宝[纯净水](PET555ml),INTR128012109,矿泉水,2,2,15,15
`FS100576,货道10,统一轻啵苏打水[柠檬味](PET500ml),INTR773011687,饮料,3.5,3.5,14,14
`FS100576,货道11,雅哈[冰咖啡](PET450ml),INTR470011686,饮料,5.5,5.5,11,11
`FS100576,货道13,统一阿萨姆[奶茶原味](PET500ml),INTR230011689,饮料,4.5,4.5,20,20
`FS100576,货道15,统一阿萨姆[奶茶原味](PET500ml),INTR230011689,饮料,4.5,4.5,18,18
`FS100576,货道17,小茗同学[溜溜哒茶](PET480ml),INTR973011692,饮料,5,5,14,14
`FS100576,货道19,海之言[柠檬](PET500ml),INTR039011682,饮料,4,4,13,13
`FS100576,货道21,海之言[柠檬](PET500ml),INTR039011682,饮料,4,4,12,12
`FS100576,货道23,统一饮养四季[冰糖雪梨](PET500ml),INTR56004726,饮料,3.5,3.5,20,20
`FS100576,货道24,焕神[热带水果风味]饮料(PET460ml),INTR583011691,饮料,5,5,16,16
`FS100576,货道25,统一冰红茶[柠檬](PET500ml),INTR894011688,饮料,3,3,15,15
`FS100576,货道26,统一冰红茶[柠檬](PET500ml),INTR894011688,饮料,3,3,13,13
`FS100576,货道27,统一冰绿茶[青梅绿茶](PET500ml),INTR469011681,饮料,3,3,12,12
`FS100576,货道28,统一冰绿茶[青梅绿茶](PET500ml),INTR469011681,饮料,3,3,10,10
`FS100576,货道29,统一鲜橙多(PET450ml),INTR910011664,饮料,3.5,3.5,20,20
`FS100576,货道30,统一鲜橙多(PET450ml),INTR910011664,饮料,3.5,3.5,18,18
`FS100576,货道31,统一绿茶[茉莉](PET500ml),INTR577011683,饮料,3,3,16,16
`FS100576,货道32,统一茶裏王[无糖台式乌龙茶](PET420ml),INTR904011685,饮料,5,5,14,14
`FS100576,货道33,饮养四季[金桔柠檬](PET500ml),INTR372011680,饮料,3.5,3.5,12,12
`FS100576,货道34,饮养四季[金桔柠檬](PET500ml),INTR372011680,饮料,3.5,3.5,10,10
`FS100639,货道1,统一蜜桃多(CAN310ml),INTR765012351,饮料,3,2.5,15,15
`FS100639,货道2,爱朵拉拿铁咖啡(CAN310ml),INTR459011637,饮料,4,4,12,12
`FS100639,货道3,可口可乐[自购版](CAN330ml),INTR121011635,饮料,3,2.5,1,1
`FS100639,货道4,可口可乐[自购版](CAN330ml),INTR121011635,饮料,3,2.5,5,5
`FS100639,货道5,王老吉凉茶(CAN310ml),INTR472012173,饮料,3.5,4,9,9
`FS100639,货道6,统一鲜橙多(CAN310ml),INTR767011663,饮料,3,2.5,9,9
`FS100639,货道7,怡宝[纯净水](PET555ml),INTR128012109,矿泉水,2,2,15,15
`FS100639,货道8,怡宝[纯净水](PET555ml),INTR128012109,矿泉水,2,2,8,8
`FS100639,货道9,怡宝[纯净水](PET555ml),INTR128012109,矿泉水,2,2,11,11
`FS100639,货道10,统一轻啵苏打水[柠檬味](PET500ml),INTR773011687,饮料,3.5,3.5,14,14
`FS100639,货道11,雅哈[冰咖啡](PET450ml),INTR470011686,饮料,5.5,5.5,11,11
`FS100639,货道13,统一阿萨姆[奶茶原味](PET500ml),INTR230011689,饮料,4.5,4.5,16,16
`FS100639,货道15,统一阿萨姆[奶茶原味](PET500ml),INTR230011689,饮料,4.5,4.5,18,18
`FS100639,货道17,小茗同学[溜溜哒茶](PET480ml),INTR973011692,饮料,5,5,15,15
`FS100639,货道19,海之言[柠檬](PET500ml),INTR039011682,饮料,4,4,13,13
`FS100639,货道21,海之言[柠檬](PET500ml),INTR039011682,饮料,4,4,10,10
`FS100639,货道23,统一饮养四季[冰糖雪梨](PET500ml),INTR56004726,饮料,3.5,3.5,19,19
`FS100639,货道24,焕神[热带水果风味]饮料(PET460ml),INTR583011691,饮料,5,5,12,12
`FS100639,货道25,统一冰红茶[柠檬](PET500ml),INTR894011688,饮料,3,3,12,12
`FS100639,货道26,统一冰红茶[柠檬](PET500ml),INTR894011688,饮料,3,3,11,11
`FS100639,货道27,统一冰绿茶[青梅绿茶](PET500ml),INTR469011681,饮料,3,3,11,11
`FS100639,货道28,统一冰绿茶[青梅绿茶](PET500ml),INTR469011681,饮料,3,3,10,10
`FS100639,货道29,统一鲜橙多(PET450ml),INTR910011664,饮料,3.5,3.5,20,20
`FS100639,货道30,统一鲜橙多(PET450ml),INTR910011664,饮料,3.5,3.5,16,16
`FS100639,货道31,统一绿茶[茉莉](PET500ml),INTR577011683,饮料,3,3,13,13
`FS100639,货道32,统一茶裏王[无糖台式乌龙茶](PET420ml),INTR904011685,饮料,5,5,14,14
`FS100639,货道33,饮养四季[金桔柠檬](PET500ml),INTR372011680,饮料,3.5,3.5,12,12
`FS100639,货道34,饮养四季[金桔柠檬](PET500ml),INTR372011680,饮料,3.5,3.5,9,9
`FS100834,货道1,统一蜜桃多(CAN310ml),INTR765012351,饮料,3,2.5,18,18
`FS100834,货道2,爱朵拉拿铁咖啡(CAN310ml),INTR459011637,饮料,4,4,18,18
`FS100834,货道3,可口可乐[自购版](CAN330ml),INTR121011635,饮料,3,2.5,15,15
`FS100834,货道4,可口可乐[自购版](CAN330ml),INTR121011635,饮料,3,2.5,14,14
`FS100834,货道5,王老吉凉茶(CAN310ml),INTR472012173,饮料,3.5,4,12,12
`FS100834,货道6,统一鲜橙多(CAN310ml),INTR767011663,饮料,3,2.5,7,7
`FS100834,货道7,怡宝[纯净水](PET555ml),INTR128012109,矿泉水,2,2,14,14
`FS100834,货道8,怡宝[纯净水](PET555ml),INTR128012109,矿泉水,2,2,17,17
`FS100834,货道9,怡宝[纯净水](PET555ml),INTR128012109,矿泉水,2,2,16,16
`FS100834,货道10,统一轻啵苏打水[柠檬味](PET500ml),INTR773011687,饮料,3.5,3.5,13,13
`FS100834,货道11,雅哈[冰咖啡](PET450ml),INTR470011686,饮料,5.5,5.5,10,10
`FS100834,货道13,统一阿萨姆[奶茶原味](PET500ml),INTR230011689,饮料,4.5,4.5,20,20
`FS100834,货道15,统一阿萨姆[奶茶原味](PET500ml),INTR230011689,饮料,4.5,4.5,17,17
`FS100834,货道17,小茗同学[溜溜哒茶](PET480ml),INTR973011692,饮料,5,5,13,13
`FS100834,货道19,海之言[柠檬](PET500ml),INTR039011682,饮料,4,4,14,14
`FS100834,货道21,海之言[柠檬](PET500ml),INTR039011682,饮料,4,4,9,9
`FS100834,货道23,统一饮养四季[冰糖雪梨](PET500ml),INTR56004726,饮料,3.5,3.5,19,19
`FS100834,货道24,焕神[热带水果风味]饮料(PET460ml),INTR583011691,饮料,5,5,13,13
`FS100834,货道25,统一冰红茶[柠檬](PET500ml),INTR894011688,饮料,3,3,16,16
`FS100834,货道26,统一冰红茶[柠檬](PET500ml),INTR894011688,饮料,3,3,14,14
`FS100834,货道27,统一冰绿茶[青梅绿茶](PET500ml),INTR469011681,饮料,3,3,10,10
`FS100834,货道28,统一冰绿茶[青梅绿茶](PET500ml),INTR469011681,饮料,3,3,9,9
`FS100834,货道29,统一鲜橙多(PET450ml),INTR910011664,饮料,3.5,3.5,20,20
`FS100834,货道30,统一鲜橙多(PET450ml),INTR910011664,饮料,3.5,3.5,18,18
`FS100834,货道31,统一绿茶[茉莉](PET500ml),INTR577011683,饮料,3,3,15,15
`FS100834,货道32,统一茶裏王[无糖台式乌龙茶](PET420ml),INTR904011685,饮料,5,5,14,14
`FS100834,货道33,饮养四季[金桔柠檬](PET500ml),INTR372011680,饮料,3.5,3.5,11,11
`FS100834,货道34,饮养四季[金桔柠檬](PET500ml),INTR372011680,饮料,3.5,3.5,10,10
`FS100633,货道1,统一蜜桃多(CAN310ml),INTR765012351,饮料,3,2.5,20,20
`FS100633,货道2,爱朵拉拿铁咖啡(CAN310ml),INTR459011637,饮料,4,4,18,18
`FS100633,货道3,可口可乐[自购版](CAN330ml),INTR121011635,饮料,3,2.5,15,15
`FS100633,货道4,可口可乐[自购版](CAN330ml),INTR121011635,饮料,3,2.5,14,14
`FS100633,货道5,王老吉凉茶(CAN310ml),INTR472012173,饮料,3.5,4,12,12
`FS100633,货道6,统一鲜橙多(CAN310ml),INTR767011663,饮料,3,2.5,10,10
`FS100633,货道7,怡宝[纯净水](PET555ml),INTR128012109,矿泉水,2,2,20,20
`FS100633,货道8,怡宝[纯净水](PET555ml),INTR128012109,矿泉水,2,2,18,18
`FS100633,货道9,怡宝[纯净水](PET555ml),INTR128012109,矿泉水,2,2,16,16
`FS100633,货道10,统一轻啵苏打水[柠檬味](PET500ml),INTR773011687,饮料,3.5,3.5,11,11
`FS100633,货道11,雅哈[冰咖啡](PET450ml),INTR470011686,饮料,5.5,5.5,12,12
`FS100633,货道13,统一阿萨姆[奶茶原味](PET500ml),INTR230011689,饮料,4.5,4.5,20,20
`FS100633,货道15,统一阿萨姆[奶茶原味](PET500ml),INTR230011689,饮料,4.5,4.5,0,0
`FS100633,货道17,小茗同学[溜溜哒茶](PET480ml),INTR973011692,饮料,5,5,16,16
`FS100633,货道19,海之言[柠檬](PET500ml),INTR039011682,饮料,4,4,14,14
`FS100633,货道21,海之言[柠檬](PET500ml),INTR039011682,饮料,4,4,12,12
`FS100633,货道23,统一饮养四季[冰糖雪梨](PET500ml),INTR56004726,饮料,3.5,3.5,20,20
`FS100633,货道24,焕神[热带水果风味]饮料(PET460ml),INTR583011691,饮料,5,5,16,16
`FS100633,货道25,统一冰红茶[柠檬](PET500ml),INTR894011688,饮料,3,3,16,16
`FS100633,货道26,统一冰红茶[柠檬](PET500ml),INTR894011688,饮料,3,3,14,14
`FS100633,货道27,统一冰绿茶[青梅绿茶](PET500ml),INTR469011681,饮料,3,3,12,12
`FS100633,货道28,统一冰绿茶[青梅绿茶](PET500ml),INTR469011681,饮料,3,3,10,10
`FS100633,货道29,统一鲜橙多(PET450ml),INTR910011664,饮料,3.5,3.5,20,20
`FS100633,货道30,统一鲜橙多(PET450ml),INTR910011664,饮料,3.5,3.5,18,18
`FS100633,货道31,统一绿茶[茉莉](PET500ml),INTR577011683,饮料,3,3,16,16
`FS100633,货道32,统一茶裏王[无糖台式乌龙茶](PET420ml),INTR904011685,饮料,5,5,14,14
`FS100633,货道33,饮养四季[金桔柠檬](PET500ml),INTR372011680,饮料,3.5,3.5,12,12
`FS100633,货道34,饮养四季[金桔柠檬](PET500ml),INTR372011680,饮料,3.5,3.5,10,10
`FS100785,货道1,统一蜜桃多(CAN310ml),INTR765012351,饮料,3,2.5,20,20
`FS100785,货道2,爱朵拉拿铁咖啡(CAN310ml),INTR459011637,饮料,4,4,18,18
`FS100785,货道3,可口可乐[自购版](CAN330ml),INTR121011635,饮料,3,2.5,16,16
`FS100785,货道4,可口可乐[自购版](CAN330ml),INTR121011635,饮料,3,2.5,14,14
`FS100785,货道5,王老吉凉茶(CAN310ml),INTR472012173,饮料,3.5,4,12,12
`FS100785,货道6,统一鲜橙多(CAN310ml),INTR767011663,饮料,3,2.5,10,10
`FS100785,货道7,怡宝[纯净水](PET555ml),INTR128012109,矿泉水,2,2,20,20
`FS100785,货道8,怡宝[纯净水](PET555ml),INTR128012109,矿泉水,2,2,18,18
`FS100785,货道9,怡宝[纯净水](PET555ml),INTR128012109,矿泉水,2,2,16,16
`FS100785,货道10,统一轻啵苏打水[柠檬味](PET500ml),INTR773011687,饮料,3.5,3.5,14,14
`FS100785,货道11,雅哈[冰咖啡](PET450ml),INTR470011686,饮料,5.5,5.5,12,12
`FS100785,货道13,统一阿萨姆[奶茶原味](PET500ml),INTR230011689,饮料,4.5,4.5,20,20
`FS100785,货道15,统一阿萨姆[奶茶原味](PET500ml),INTR230011689,饮料,4.5,4.5,18,18
`FS100785,货道17,小茗同学[溜溜哒茶](PET480ml),INTR973011692,饮料,5,5,16,16
`FS100785,货道19,海之言[柠檬](PET500ml),INTR039011682,饮料,4,4,14,14
`FS100785,货道21,海之言[柠檬](PET500ml),INTR039011682,饮料,4,4,12,12
`FS100785,货道23,统一饮养四季[冰糖雪梨](PET500ml),INTR56004726,饮料,3.5,3.5,20,20
`FS100785,货道24,焕神[热带水果风味]饮料(PET460ml),INTR583011691,饮料,5,5,18,18
`FS100785,货道25,统一冰红茶[柠檬](PET500ml),INTR894011688,饮料,3,3,16,16
`FS100785,货道26,统一冰红茶[柠檬](PET500ml),INTR894011688,饮料,3,3,14,14
`FS100785,货道27,统一冰绿茶[青梅绿茶](PET500ml),INTR469011681,饮料,3,3,12,12
`FS100785,货道28,统一冰绿茶[青梅绿茶](PET500ml),INTR469011681,饮料,3,3,10,10
`FS100785,货道29,统一鲜橙多(PET450ml),INTR910011664,饮料,3.5,3.5,20,20
`FS100785,货道30,统一鲜橙多(PET450ml),INTR910011664,饮料,3.5,3.5,18,18
`FS100785,货道31,统一绿茶[茉莉](PET500ml),INTR577011683,饮料,3,3,16,16
`FS100785,货道32,统一茶裏王[无糖台式乌龙茶](PET420ml),INTR904011685,饮料,5,5,14,14
`FS100785,货道33,饮养四季[金桔柠檬](PET500ml),INTR372011680,饮料,3.5,3.5,12,12
`FS100785,货道34,饮养四季[金桔柠檬](PET500ml),INTR372011680,饮料,3.5,3.5,10,10
`FS100093,货道1,可口可乐[自购版](CAN330ml),INTR121011635,饮料,3,3,2,2
`FS100093,货道2,雪碧[自购版](CAN330ml),INTR685011636,饮料,3,3,9,9
`FS100093,货道3,统一鲜橙多(CAN310ml),INTR767011663,饮料,3,3,13,13
`FS100093,货道4,统一鲜橙多(CAN310ml),INTR767011663,饮料,3,3,2,2
`FS100093,货道5,统一冰红茶(CAN310ml),INTR115011662,饮料,2.5,2.5,6,6
`FS100093,货道6,统一冰红茶(CAN310ml),INTR115011662,饮料,2.5,2.5,5,5
`FS100093,货道7,统一阿萨姆[奶茶原味](PET500ml),INTR230011689,饮料,4.5,4.5,19,19
`FS100093,货道8,A-Ha[苹果]气泡水果饮料(PET500ml),INTR255012430,饮料,3,3,19,19
`FS100093,货道9,统一鲜橙多(PET450ml),INTR910011664,饮料,3.5,3.5,13,13
`FS100093,货道10,雅哈[冰咖啡](PET450ml),INTR470011686,饮料,5.5,5.5,15,15
`FS100093,货道11,焕神[热带水果风味]饮料(PET460ml),INTR583011691,饮料,5,5,7,7
`FS100093,货道13,百事可乐(PET600ml),INTR065012794,饮料,3.5,3.5,18,18
`FS100093,货道14,,,,,,0,0
`FS100093,货道15,百事可乐(PET600ml),INTR065012794,饮料,3.5,3.5,15,15
`FS100093,货道16,,,,,,0,0
`FS100093,货道17,雪碧[自购版](PET500ml),INTR175012204,饮料,3.5,3.5,14,14
`FS100093,货道19,可口可乐[自购版](PET500ml),INTR724012203,饮料,3.5,3.5,4,4
`FS100093,货道21,小茗同学[溜溜哒茶](PET480ml),INTR973011692,饮料,5,5,9,9
`FS100093,货道23,农夫山泉(PET550ml),INTR993012106,矿泉水,2,2,20,20
`FS100093,货道24,农夫山泉(PET550ml),INTR993012106,矿泉水,2,2,15,15
`FS100093,货道25,饮养四季[金桔柠檬](PET500ml),INTR372011680,饮料,3.5,3.5,14,14
`FS100093,货道26,统一冰红茶[柠檬](PET500ml),INTR894011688,饮料,3,3,15,15
`FS100093,货道27,统一冰红茶[柠檬](PET500ml),INTR894011688,饮料,3,3,11,11
`FS100093,货道28,海之言[柠檬](PET500ml),INTR039011682,饮料,4,4,4,4
`FS100093,货道29,农夫山泉(PET550ml),INTR993012106,矿泉水,2,2,15,15
`FS100093,货道30,外星人电解质水[青柠味](PET500ml),INTR926013216,饮料,4,6,17,17
`FS100093,货道31,统一冰绿茶[青梅绿茶](PET500ml),INTR469011681,饮料,3,3,16,16
`FS100093,货道32,统一绿茶[茉莉](PET500ml),INTR577011683,饮料,3,3,13,13
`FS100093,货道33,统一绿茶[茉莉](PET500ml),INTR577011683,饮料,3,3,10,10
`FS100093,货道34,海之言[柠檬](PET500ml),INTR039011682,饮料,4,4,7,7
`FS100794,货道1,可口可乐[自购版](CAN330ml),INTR121011635,饮料,3,3,18,18
`FS100794,货道2,雪碧[自购版](CAN330ml),INTR685011636,饮料,3,3,17,17
`FS100794,货道3,统一冰红茶(CAN310ml),INTR115011662,饮料,2.5,2.5,17,17
`FS100794,货道4,统一冰红茶(CAN310ml),INTR115011662,饮料,2.5,2.5,13,13
`FS100794,货道5,统一鲜橙多(CAN310ml),INTR767011663,饮料,3,3,12,12
`FS100794,货道6,统一鲜橙多(CAN310ml),INTR767011663,饮料,3,3,11,11
`FS100794,货道7,海之言[柠檬](PET500ml),INTR039011682,饮料,4,4,17,17
`FS100794,货道8,海之言[柠檬](PET500ml),INTR039011682,饮料,4,4,11,11
`FS100794,货道9,饮养四季[金桔柠檬](PET500ml),INTR372011680,饮料,3.5,3.5,16,16
`FS100794,货道10,饮养四季[金桔柠檬](PET500ml),INTR372011680,饮料,3.5,3.5,14,14
`FS100794,货道11,小茗同学[溜溜哒茶](PET480ml),INTR973011692,饮料,5,5,8,8
`FS100794,货道13,农夫山泉(PET550ml),INTR993012106,矿泉水,2,2,19,19
`FS100794,货道14,,,,,,0,0
`FS100794,货道15,农夫山泉(PET550ml),INTR993012106,矿泉水,2,2,17,17
`FS100794,货道16,,,,,,0,0
`FS100794,货道17,统一冰绿茶[青梅绿茶](PET500ml),INTR469011681,饮料,3,3,12,12
`FS100794,货道19,统一冰绿茶[青梅绿茶](PET500ml),INTR469011681,饮料,3,3,12,12
`FS100794,货道21,小茗同学[溜溜哒茶](PET480ml),INTR973011692,饮料,5,5,19,19
`FS100794,货道23,农夫山泉(PET550ml),INTR993012106,矿泉水,2,2,21,21
`FS100794,货道24,农夫山泉(PET550ml),INTR993012106,矿泉水,2,2,16,16
`FS100794,货道25,统一绿茶[茉莉](PET500ml),INTR577011683,饮料,3,3,16,16
`FS100794,货道26,统一绿茶[茉莉](PET500ml),INTR577011683,饮料,3,3,11,11
`FS100794,货道27,统一绿茶[茉莉](PET500ml),INTR577011683,饮料,3,3,13,13
`FS100794,货道28,焕神[热带水果风味]饮料(PET460ml),INTR583011691,饮料,5,5,6,6
`FS100794,货道29,农夫山泉(PET550ml),INTR993012106,矿泉水,2,2,19,19
`FS100794,货道30,农夫山泉(PET550ml),INTR993012106,矿泉水,2,2,11,11
`FS100794,货道31,统一冰红茶[柠檬](PET500ml),INTR894011688,饮料,3,3,14,14
`FS100794,货道32,统一冰红茶[柠檬](PET500ml),INTR894011688,饮料,3,3,14,14
`FS100794,货道33,统一冰红茶[柠檬](PET500ml),INTR894011688,饮料,3,3,13,13
`FS100794,货道34,焕神[热带水果风味]饮料(PET460ml),INTR583011691,饮料,5,5,7,7
`FS100608,货道1,可口可乐[自购版](CAN330ml),INTR121011635,饮料,3,3,17,17
`FS100608,货道2,雪碧[自购版](CAN330ml),INTR685011636,饮料,3,3,19,19
`FS100608,货道3,统一冰红茶(CAN310ml),INTR115011662,饮料,2.5,2.5,17,17
`FS100608,货道4,统一冰红茶(CAN310ml),INTR115011662,饮料,2.5,2.5,15,15
`FS100608,货道5,统一鲜橙多(CAN310ml),INTR767011663,饮料,3,3,11,11
`FS100608,货道6,统一鲜橙多(CAN310ml),INTR767011663,饮料,3,3,7,7
`FS100608,货道7,统一冰红茶[柠檬](PET500ml),INTR894011688,饮料,3,3,11,11
`FS100608,货道8,统一绿茶[茉莉](PET500ml),INTR577011683,饮料,3,3,14,14
`FS100608,货道9,焕神[热带水果风味]饮料(PET460ml),INTR583011691,饮料,5,5,10,10
`FS100608,货道10,统一鲜橙多(PET450ml),INTR910011664,饮料,3.5,3.5,5,5
`FS100608,货道11,统一鲜橙多(PET450ml),INTR910011664,饮料,3.5,3.5,1,1
`FS100608,货道13,百事可乐(PET600ml),INTR065012794,饮料,3.5,3.5,12,12
`FS100608,货道14,,,,,3.5,0,0
`FS100608,货道15,可口可乐[自购版](PET500ml),INTR724012203,饮料,3.5,3.5,9,9
`FS100608,货道16,,,,,,0,0
`FS100608,货道17,雪碧[自购版](PET500ml),INTR175012204,饮料,3.5,3.5,9,9
`FS100608,货道19,小茗同学[溜溜哒茶](PET480ml),INTR973011692,饮料,5,5,12,12
`FS100608,货道21,小茗同学[溜溜哒茶](PET480ml),INTR973011692,饮料,5,5,10,10
`FS100608,货道23,农夫山泉(PET550ml),INTR993012106,矿泉水,2,2,21,21
`FS100608,货道24,农夫山泉(PET550ml),INTR993012106,矿泉水,2,2,18,18
`FS100608,货道25,统一冰绿茶[青梅绿茶](PET500ml),INTR469011681,饮料,3,3,9,9
`FS100608,货道26,统一阿萨姆[奶茶原味](PET500ml),INTR230011689,饮料,4.5,4.5,11,11
`FS100608,货道27,统一阿萨姆[奶茶原味](PET500ml),INTR230011689,饮料,4.5,4.5,10,10
`FS100608,货道28,饮养四季[金桔柠檬](PET500ml),INTR372011680,饮料,3.5,3.5,6,6
`FS100608,货道29,农夫山泉(PET550ml),INTR993012106,矿泉水,2,2,21,21
`FS100608,货道30,农夫山泉(PET550ml),INTR993012106,矿泉水,2,2,18,18
`FS100608,货道31,海之言[柠檬](PET500ml),INTR039011682,饮料,4,4,17,17
`FS100608,货道32,海之言[柠檬](PET500ml),INTR039011682,饮料,4,4,15,15
`FS100608,货道33,统一冰红茶[柠檬](PET500ml),INTR894011688,饮料,3,3,10,10
`FS100608,货道34,统一绿茶[茉莉](PET500ml),INTR577011683,饮料,3,3,3,3
`FS100393,货道1,可口可乐[自购版](CAN330ml),INTR121011635,饮料,3,3,17,17
`FS100393,货道2,雪碧[自购版](CAN330ml),INTR685011636,饮料,3,3,16,16
`FS100393,货道3,统一冰红茶(CAN310ml),INTR115011662,饮料,2.5,2.5,16,16
`FS100393,货道4,统一冰红茶(CAN310ml),INTR115011662,饮料,2.5,2.5,13,13
`FS100393,货道5,统一鲜橙多(CAN310ml),INTR767011663,饮料,3,3,13,13
`FS100393,货道6,统一鲜橙多(CAN310ml),INTR767011663,饮料,3,3,11,11
`FS100393,货道7,农夫山泉(PET550ml),INTR993012106,矿泉水,2,2,14,14
`FS100393,货道8,农夫山泉(PET550ml),INTR993012106,矿泉水,2,2,15,15
`FS100393,货道9,统一鲜橙多(PET450ml),INTR910011664,饮料,3.5,3.5,13,13
`FS100393,货道10,统一鲜橙多(PET450ml),INTR910011664,饮料,3.5,3.5,13,13
`FS100393,货道11,统一绿茶[茉莉](PET500ml),INTR577011683,饮料,3,3,9,9
`FS100393,货道13,百事可乐(PET600ml),INTR065012794,饮料,3.5,3.5,8,8
`FS100393,货道14,,,,,,0,0
`FS100393,货道15,可口可乐[自购版](PET500ml),INTR724012203,饮料,3.5,3.5,12,12
`FS100393,货道16,,,,,3.5,0,0
`FS100393,货道17,雪碧[自购版](PET500ml),INTR175012204,饮料,3.5,3.5,10,10
`FS100393,货道19,小茗同学[溜溜哒茶](PET480ml),INTR973011692,饮料,5,5,13,13
`FS100393,货道21,焕神[热带水果风味]饮料(PET460ml),INTR583011691,饮料,5,5,10,10
`FS100393,货道23,农夫山泉(PET550ml),INTR993012106,矿泉水,2,2,17,17
`FS100393,货道24,农夫山泉(PET550ml),INTR993012106,矿泉水,2,2,18,18
`FS100393,货道25,统一冰绿茶[青梅绿茶](PET500ml),INTR469011681,饮料,3,3,13,13
`FS100393,货道26,饮养四季[金桔柠檬](PET500ml),INTR372011680,饮料,3.5,3.5,15,15
`FS100393,货道27,统一冰红茶[柠檬](PET500ml),INTR894011688,饮料,3,3,13,13
`FS100393,货道28,统一冰红茶[柠檬](PET500ml),INTR894011688,饮料,3,3,11,11
`FS100393,货道29,外星人电解质水[荔枝海盐味](PET500ml),INTR744013215,饮料,4,6,21,21
`FS100393,货道30,统一阿萨姆[奶茶原味](PET500ml),INTR230011689,饮料,4.5,4.5,16,16
`FS100393,货道31,统一阿萨姆[奶茶原味](PET500ml),INTR230011689,饮料,4.5,4.5,16,16
`FS100393,货道32,海之言[柠檬](PET500ml),INTR039011682,饮料,4,4,11,11
`FS100393,货道33,统一绿茶[茉莉](PET500ml),INTR577011683,饮料,3,3,11,11
`FS100393,货道34,A-Ha[苹果]气泡水果饮料(PET500ml),INTR255012430,饮料,3,5,10,10
`FS100170,货道1,可口可乐[自购版](CAN330ml),INTR121011635,饮料,3,3,21,21
`FS100170,货道2,可口可乐[自购版](CAN330ml),INTR121011635,饮料,3,3,19,19
`FS100170,货道3,雪碧[自购版](CAN330ml),INTR685011636,饮料,3,3,17,17
`FS100170,货道4,雪碧[自购版](CAN330ml),INTR685011636,饮料,3,3,15,15
`FS100170,货道5,统一冰红茶(CAN310ml),INTR115011662,饮料,2.5,2.5,13,13
`FS100170,货道6,统一鲜橙多(CAN310ml),INTR767011663,饮料,3,3,10,10
`FS100170,货道7,统一鲜橙多(PET450ml),INTR910011664,饮料,3.5,3.5,19,19
`FS100170,货道8,统一鲜橙多(PET450ml),INTR910011664,饮料,3.5,3.5,19,19
`FS100170,货道9,统一鲜橙多(PET450ml),INTR910011664,饮料,3.5,3.5,17,17
`FS100170,货道10,雪碧[自购版](PET500ml),INTR175012204,饮料,3.5,3.5,14,14
`FS100170,货道11,雪碧[自购版](PET500ml),INTR175012204,饮料,3.5,3.5,12,12
`FS100170,货道13,百事可乐(PET600ml),INTR065012794,饮料,3.5,3.5,18,18
`FS100170,货道14,,,,,,0,0
`FS100170,货道15,百事可乐(PET600ml),INTR065012794,饮料,3.5,3.5,14,14
`FS100170,货道16,,,,,,0,0
`FS100170,货道17,可口可乐[自购版](PET500ml),INTR724012203,饮料,3.5,3.5,14,14
`FS100170,货道19,可口可乐[自购版](PET500ml),INTR724012203,饮料,3.5,3.5,13,13
`FS100170,货道21,可口可乐[自购版](PET500ml),INTR724012203,饮料,3.5,3.5,10,10
`FS100170,货道23,农夫山泉(PET550ml),INTR993012106,矿泉水,2,2,17,17
`FS100170,货道24,农夫山泉(PET550ml),INTR993012106,矿泉水,2,2,14,14
`FS100170,货道25,统一冰红茶[柠檬](PET500ml),INTR894011688,饮料,3,3,17,17
`FS100170,货道26,统一冰绿茶[青梅绿茶](PET500ml),INTR469011681,饮料,3,3,15,15
`FS100170,货道27,统一阿萨姆[奶茶原味](PET500ml),INTR230011689,饮料,4.5,4.5,13,13
`FS100170,货道28,统一鲜橙多(PET450ml),INTR910011664,饮料,3.5,3.5,10,10
`FS100170,货道29,农夫山泉(PET550ml),INTR993012106,矿泉水,2,2,18,18
`FS100170,货道30,农夫山泉(PET550ml),INTR993012106,矿泉水,2,2,16,16
`FS100170,货道31,统一绿茶[茉莉](PET500ml),INTR577011683,饮料,3,3,17,17
`FS100170,货道32,饮养四季[金桔柠檬](PET500ml),INTR372011680,饮料,3.5,3.5,15,15
`FS100170,货道33,海之言[柠檬](PET500ml),INTR039011682,饮料,4,4,9,9
`FS100170,货道34,统一鲜橙多(PET450ml),INTR910011664,饮料,3.5,3.5,11,11
`FS100809,货道1,可口可乐[自购版](CAN330ml),INTR121011635,饮料,3,3,21,21
`FS100809,货道2,可口可乐[自购版](CAN330ml),INTR121011635,饮料,3,3,19,19
`FS100809,货道3,雪碧[自购版](CAN330ml),INTR685011636,饮料,3,3,17,17
`FS100809,货道4,统一冰红茶(CAN310ml),INTR115011662,饮料,2.5,2.5,15,15
`FS100809,货道5,米源冰晶葡萄(CAN310ml),INTR290012105,饮料,2.5,2.5,13,13
`FS100809,货道6,统一鲜橙多(CAN310ml),INTR767011663,饮料,3,3,11,11
`FS100809,货道7,统一阿萨姆[奶茶原味](PET500ml),INTR230011689,饮料,4.5,4.5,21,21
`FS100809,货道8,统一鲜橙多(PET450ml),INTR910011664,饮料,3.5,3.5,15,15
`FS100809,货道9,饮养四季[金桔柠檬](PET500ml),INTR372011680,饮料,3.5,3.5,17,17
`FS100809,货道10,统一鲜橙多(PET450ml),INTR910011664,饮料,3.5,3.5,15,15
`FS100809,货道11,小茗同学[溜溜哒茶](PET480ml),INTR973011692,饮料,5,5,13,13
`FS100809,货道13,百事可乐(PET600ml),INTR065012794,饮料,3.5,3.5,19,19
`FS100809,货道14,,,,,3.5,0,0
`FS100809,货道15,百事可乐(PET600ml),INTR065012794,饮料,3.5,3.5,17,17
`FS100809,货道16,,,,,3.5,0,0
`FS100809,货道17,雪碧[自购版](PET500ml),INTR175012204,饮料,3.5,3.5,15,15
`FS100809,货道19,可口可乐[自购版](PET500ml),INTR724012203,饮料,3.5,3.5,13,13
`FS100809,货道21,可口可乐[自购版](PET500ml),INTR724012203,饮料,3.5,3.5,11,11
`FS100809,货道23,农夫山泉(PET550ml),INTR993012106,矿泉水,2,2,21,21
`FS100809,货道24,农夫山泉(PET550ml),INTR993012106,矿泉水,2,2,19,19
`FS100809,货道25,海之言[柠檬](PET500ml),INTR039011682,饮料,4,4,17,17
`FS100809,货道26,统一冰红茶[柠檬](PET500ml),INTR894011688,饮料,3,3,15,15
`FS100809,货道27,统一冰绿茶[青梅绿茶](PET500ml),INTR469011681,饮料,3,3,7,7
`FS100809,货道28,A-Ha[苹果]气泡水果饮料(PET500ml),INTR255012430,饮料,3,5,10,10
`FS100809,货道29,农夫山泉(PET550ml),INTR993012106,矿泉水,2,2,21,21
`FS100809,货道30,农夫山泉(PET550ml),INTR993012106,矿泉水,2,2,18,18
`FS100809,货道31,统一绿茶[茉莉](PET500ml),INTR577011683,饮料,3,3,17,17
`FS100809,货道32,统一绿茶[茉莉](PET500ml),INTR577011683,饮料,3,3,15,15
`FS100809,货道33,统一冰绿茶[青梅绿茶](PET500ml),INTR469011681,饮料,3,3,13,13
`FS100809,货道34,焕神[热带水果风味]饮料(PET460ml),INTR583011691,饮料,5,5,11,11
`FS100375,货道1,可口可乐[自购版](CAN330ml),INTR121011635,饮料,3,3,9,9
`FS100375,货道2,雪碧[自购版](CAN330ml),INTR685011636,饮料,3,3,11,11
`FS100375,货道3,统一冰红茶(CAN310ml),INTR115011662,饮料,2.5,2.5,11,11
`FS100375,货道4,统一冰红茶(CAN310ml),INTR115011662,饮料,2.5,2.5,7,7
`FS100375,货道5,统一鲜橙多(CAN310ml),INTR767011663,饮料,3,3,7,7
`FS100375,货道6,统一鲜橙多(CAN310ml),INTR767011663,饮料,3,3,1,1
`FS100375,货道7,农夫山泉(PET550ml),INTR993012106,矿泉水,2,2,10,10
`FS100375,货道8,农夫山泉(PET550ml),INTR993012106,矿泉水,2,2,11,11
`FS100375,货道9,统一鲜橙多(PET450ml),INTR910011664,饮料,3.5,3.5,16,16
`FS100375,货道10,统一鲜橙多(PET450ml),INTR910011664,饮料,3.5,3.5,17,17
`FS100375,货道11,统一绿茶[茉莉](PET500ml),INTR577011683,饮料,3,3,3,3
`FS100375,货道13,百事可乐(PET600ml),INTR065012794,饮料,3.5,3.5,11,11
`FS100375,货道14,,,,,,0,0
`FS100375,货道15,可口可乐[自购版](PET500ml),INTR724012203,饮料,3.5,3.5,12,12
`FS100375,货道16,,,,,,0,0
`FS100375,货道17,雪碧[自购版](PET500ml),INTR175012204,饮料,3.5,3.5,11,11
`FS100375,货道19,小茗同学[溜溜哒茶](PET480ml),INTR973011692,饮料,5,5,10,10
`FS100375,货道21,焕神[热带水果风味]饮料(PET460ml),INTR583011691,饮料,5,5,4,4
`FS100375,货道23,农夫山泉(PET550ml),INTR993012106,矿泉水,2,2,11,11
`FS100375,货道24,农夫山泉(PET550ml),INTR993012106,矿泉水,2,2,16,16
`FS100375,货道25,统一冰绿茶[青梅绿茶](PET500ml),INTR469011681,饮料,3,3,13,13
`FS100375,货道26,饮养四季[金桔柠檬](PET500ml),INTR372011680,饮料,3.5,3.5,14,14
`FS100375,货道27,统一冰红茶[柠檬](PET500ml),INTR894011688,饮料,3,3,10,10
`FS100375,货道28,统一冰红茶[柠檬](PET500ml),INTR894011688,饮料,3,3,9,9
`FS100375,货道29,外星人电解质水[荔枝海盐味](PET500ml),INTR744013215,饮料,4,6,9,9
`FS100375,货道30,统一阿萨姆[奶茶原味](PET500ml),INTR230011689,饮料,4.5,4.5,16,16
`FS100375,货道31,统一阿萨姆[奶茶原味](PET500ml),INTR230011689,饮料,4.5,4.5,14,14
`FS100375,货道32,海之言[柠檬](PET500ml),INTR039011682,饮料,4,4,1,1
`FS100375,货道33,统一绿茶[茉莉](PET500ml),INTR577011683,饮料,3,3,11,11
`FS100375,货道34,A-Ha[苹果]气泡水果饮料(PET500ml),INTR255012430,饮料,3,5,8,8
`FS100609,货道1,可口可乐[自购版](CAN330ml),INTR121011635,饮料,3,3,0,0
`FS100609,货道2,雪碧[自购版](CAN330ml),INTR685011636,饮料,3,3,8,8
`FS100609,货道3,统一冰红茶(CAN310ml),INTR115011662,饮料,2.5,2.5,6,6
`FS100609,货道4,统一冰红茶(CAN310ml),INTR115011662,饮料,2.5,2.5,2,2
`FS100609,货道5,统一鲜橙多(CAN310ml),INTR767011663,饮料,3,3,0,0
`FS100609,货道6,统一鲜橙多(CAN310ml),INTR767011663,饮料,3,3,0,0
`FS100609,货道7,农夫山泉(PET550ml),INTR993012106,矿泉水,2,2,17,17
`FS100609,货道8,农夫山泉(PET550ml),INTR993012106,矿泉水,2,2,16,16
`FS100609,货道9,统一鲜橙多(PET450ml),INTR910011664,饮料,3.5,3.5,16,16
`FS100609,货道10,统一鲜橙多(PET450ml),INTR910011664,饮料,3.5,3.5,18,18
`FS100609,货道11,统一绿茶[茉莉](PET500ml),INTR577011683,饮料,3,3,10,10
`FS100609,货道13,百事可乐(PET600ml),INTR065012794,饮料,3.5,3.5,15,15
`FS100609,货道14,,,,,3.5,0,0
`FS100609,货道15,可口可乐[自购版](PET500ml),INTR724012203,饮料,3.5,3.5,12,12
`FS100609,货道16,,,,,,0,0
`FS100609,货道17,雪碧[自购版](PET500ml),INTR175012204,饮料,3.5,3.5,4,4
`FS100609,货道19,小茗同学[溜溜哒茶](PET480ml),INTR973011692,饮料,5,5,5,5
`FS100609,货道21,焕神[热带水果风味]饮料(PET460ml),INTR583011691,饮料,5,5,1,1
`FS100609,货道23,农夫山泉(PET550ml),INTR993012106,矿泉水,2,2,9,9
`FS100609,货道24,农夫山泉(PET550ml),INTR993012106,矿泉水,2,2,9,9
`FS100609,货道25,统一冰绿茶[青梅绿茶](PET500ml),INTR469011681,饮料,3,3,15,15
`FS100609,货道26,饮养四季[金桔柠檬](PET500ml),INTR372011680,饮料,3.5,3.5,13,13
`FS100609,货道27,统一冰红茶[柠檬](PET500ml),INTR894011688,饮料,3,3,12,12
`FS100609,货道28,统一冰红茶[柠檬](PET500ml),INTR894011688,饮料,3,3,9,9
`FS100609,货道29,外星人电解质水[荔枝海盐味](PET500ml),INTR744013215,饮料,4,6,2,2
`FS100609,货道30,统一阿萨姆[奶茶原味](PET500ml),INTR230011689,饮料,4.5,4.5,17,17
`FS100609,货道31,统一阿萨姆[奶茶原味](PET500ml),INTR230011689,饮料,4.5,4.5,16,16
`FS100609,货道32,海之言[柠檬](PET500ml),INTR039011682,饮料,4,4,11,11
`FS100609,货道33,统一绿茶[茉莉](PET500ml),INTR577011683,饮料,3,3,12,12
`FS100609,货道34,A-Ha[苹果]气泡水果饮料(PET500ml),INTR255012430,饮料,3,5,6,6
`FS100092,货道1,可口可乐[自购版](CAN330ml),INTR121011635,饮料,3,3,19,19
`FS100092,货道2,可口可乐[自购版](CAN330ml),INTR121011635,饮料,3,3,18,18
`FS100092,货道3,统一鲜橙多(CAN310ml),INTR767011663,饮料,3,3,16,16
`FS100092,货道4,统一鲜橙多(CAN310ml),INTR767011663,饮料,3,3,15,15
`FS100092,货道5,统一冰红茶(CAN310ml),INTR115011662,饮料,2.5,2.5,12,12
`FS100092,货道6,统一冰红茶(CAN310ml),INTR115011662,饮料,2.5,2.5,10,10
`FS100092,货道7,统一阿萨姆[奶茶原味](PET500ml),INTR230011689,饮料,4.5,4.5,21,21
`FS100092,货道8,A-Ha[苹果]气泡水果饮料(PET500ml),INTR255012430,饮料,3,5,17,17
`FS100092,货道9,统一鲜橙多(PET450ml),INTR910011664,饮料,3.5,3.5,12,12
`FS100092,货道10,雅哈[冰咖啡](PET450ml),INTR470011686,饮料,5.5,5.5,13,13
`FS100092,货道11,焕神[热带水果风味]饮料(PET460ml),INTR583011691,饮料,5,5,8,8
`FS100092,货道13,百事可乐(PET600ml),INTR065012794,饮料,3.5,3.5,16,16
`FS100092,货道14,,,,,,0,0
`FS100092,货道15,百事可乐(PET600ml),INTR065012794,饮料,3.5,3.5,10,10
`FS100092,货道16,,,,,,0,0
`FS100092,货道17,雪碧[自购版](PET500ml),INTR175012204,饮料,3.5,3.5,15,15
`FS100092,货道18,,,,,,0,0
`FS100092,货道19,可口可乐[自购版](PET500ml),INTR724012203,饮料,3.5,3.5,8,8
`FS100092,货道20,,,,,,0,0
`FS100092,货道21,小茗同学[溜溜哒茶](PET480ml),INTR973011692,饮料,5,5,9,9
`FS100092,货道23,农夫山泉(PET550ml),INTR993012106,矿泉水,2,2,15,15
`FS100092,货道24,农夫山泉(PET550ml),INTR993012106,矿泉水,2,2,14,14
`FS100092,货道25,饮养四季[金桔柠檬](PET500ml),INTR372011680,饮料,3.5,3.5,6,6
`FS100092,货道26,统一冰红茶[柠檬](PET500ml),INTR894011688,饮料,3,3,13,13
`FS100092,货道27,统一冰红茶[柠檬](PET500ml),INTR894011688,饮料,3,3,13,13
`FS100092,货道28,海之言[柠檬](PET500ml),INTR039011682,饮料,4,4,4,4
`FS100092,货道29,农夫山泉(PET550ml),INTR993012106,矿泉水,2,2,12,12
`FS100092,货道30,外星人电解质水[青柠味](PET500ml),INTR926013216,饮料,4,6,19,19
`FS100092,货道31,统一冰绿茶[青梅绿茶](PET500ml),INTR469011681,饮料,3,3,15,15
`FS100092,货道32,统一绿茶[茉莉](PET500ml),INTR577011683,饮料,3,3,13,13
`FS100092,货道33,统一绿茶[茉莉](PET500ml),INTR577011683,饮料,3,3,11,11
`FS100092,货道34,海之言[柠檬](PET500ml),INTR039011682,饮料,4,4,8,8
`FS100423,货道1,米源冰晶葡萄(CAN310ml),INTR290012105,饮料,2.5,2.5,3,3
`FS100423,货道2,雪碧[自购版](CAN330ml),INTR685011636,饮料,3,3,11,11
`FS100423,货道3,统一冰红茶(CAN310ml),INTR115011662,饮料,2.5,2.5,13,13
`FS100423,货道4,统一冰红茶(CAN310ml),INTR115011662,饮料,2.5,2.5,13,13
`FS100423,货道5,统一鲜橙多(CAN310ml),INTR767011663,饮料,3,3,7,7
`FS100423,货道6,统一鲜橙多(CAN310ml),INTR767011663,饮料,3,3,1,1
`FS100423,货道7,农夫山泉(PET550ml),INTR993012106,矿泉水,2,2,13,13
`FS100423,货道8,农夫山泉(PET550ml),INTR993012106,矿泉水,2,2,13,13
`FS100423,货道9,统一鲜橙多(PET450ml),INTR910011664,饮料,3.5,3.5,17,17
`FS100423,货道10,统一鲜橙多(PET450ml),INTR910011664,饮料,3.5,3.5,15,15
`FS100423,货道11,统一冰红茶[柠檬](PET500ml),INTR894011688,饮料,3,3,7,7
`FS100423,货道13,百事可乐(PET600ml),INTR065012794,饮料,3.5,3.5,16,16
`FS100423,货道14,,,,,,0,0
`FS100423,货道15,可口可乐[自购版](PET500ml),INTR724012203,饮料,3.5,3.5,16,16
`FS100423,货道16,,,,,,0,0
`FS100423,货道17,雪碧[自购版](PET500ml),INTR175012204,饮料,3.5,3.5,11,11
`FS100423,货道19,小茗同学[青柠红茶](PET480ml),INTR297011693,饮料,5,5,13,13
`FS100423,货道21,小茗同学[青柠红茶](PET480ml),INTR297011693,饮料,5,5,11,11
`FS100423,货道23,农夫山泉(PET550ml),INTR993012106,矿泉水,2,2,19,19
`FS100423,货道24,农夫山泉(PET550ml),INTR993012106,矿泉水,2,2,16,16
`FS100423,货道25,统一阿萨姆[奶茶原味](PET500ml),INTR230011689,饮料,4.5,4.5,15,15
`FS100423,货道26,海之言[柠檬](PET500ml),INTR039011682,饮料,4,4,13,13
`FS100423,货道27,统一冰绿茶[青梅绿茶](PET500ml),INTR469011681,饮料,3,3,8,8
`FS100423,货道28,饮养四季[金桔柠檬](PET500ml),INTR372011680,饮料,3.5,3.5,10,10
`FS100423,货道29,外星人电解质水[青柠味](PET500ml),INTR926013216,饮料,4,6,20,20
`FS100423,货道30,统一冰红茶[柠檬](PET500ml),INTR894011688,饮料,3,3,19,19
`FS100423,货道31,统一阿萨姆[奶茶原味](PET500ml),INTR230011689,饮料,4.5,4.5,14,14
`FS100423,货道32,海之言[柠檬](PET500ml),INTR039011682,饮料,4,4,5,5
`FS100423,货道33,统一绿茶[茉莉](PET500ml),INTR577011683,饮料,3,3,12,12
`FS100423,货道34,统一绿茶[茉莉](PET500ml),INTR577011683,饮料,3,3,10,10
`FS100372,货道1,统一蜜桃多(CAN310ml),INTR765012351,饮料,3,2.5,1,1
`FS100372,货道2,爱朵拉拿铁咖啡(CAN310ml),INTR459011637,饮料,4,4,3,3
`FS100372,货道3,可口可乐[自购版](CAN330ml),INTR121011635,饮料,3,2.5,1,1
`FS100372,货道4,可口可乐[自购版](CAN330ml),INTR121011635,饮料,3,2.5,1,1
`FS100372,货道5,王老吉凉茶(CAN310ml),INTR472012173,饮料,3.5,4,11,11
`FS100372,货道6,统一鲜橙多(CAN310ml),INTR767011663,饮料,3,2.5,1,1
`FS100372,货道7,怡宝[纯净水](PET555ml),INTR128012109,矿泉水,2,2,6,6
`FS100372,货道8,怡宝[纯净水](PET555ml),INTR128012109,矿泉水,2,2,5,5
`FS100372,货道9,怡宝[纯净水](PET555ml),INTR128012109,矿泉水,2,2,7,7
`FS100372,货道10,统一轻啵苏打水[柠檬味](PET500ml),INTR773011687,饮料,3.5,3.5,10,10
`FS100372,货道11,雅哈[冰咖啡](PET450ml),INTR470011686,饮料,5.5,5.5,5,5
`FS100372,货道13,统一阿萨姆[奶茶原味](PET500ml),INTR230011689,饮料,4.5,4.5,3,3
`FS100372,货道15,统一阿萨姆[奶茶原味](PET500ml),INTR230011689,饮料,4.5,4.5,2,2
`FS100372,货道17,小茗同学[溜溜哒茶](PET480ml),INTR973011692,饮料,5,5,15,15
`FS100372,货道19,海之言[柠檬](PET500ml),INTR039011682,饮料,4,4,6,6
`FS100372,货道21,海之言[柠檬](PET500ml),INTR039011682,饮料,4,4,7,7
`FS100372,货道23,统一饮养四季[冰糖雪梨](PET500ml),INTR56004726,饮料,3.5,3.5,15,15
`FS100372,货道24,焕神[热带水果风味]饮料(PET460ml),INTR583011691,饮料,5,5,12,12
`FS100372,货道25,统一冰红茶[柠檬](PET500ml),INTR894011688,饮料,3,3,13,13
`FS100372,货道26,统一冰红茶[柠檬](PET500ml),INTR894011688,饮料,3,3,12,12
`FS100372,货道27,统一冰绿茶[青梅绿茶](PET500ml),INTR469011681,饮料,3,3,9,9
`FS100372,货道28,统一冰绿茶[青梅绿茶](PET500ml),INTR469011681,饮料,3,3,7,7
`FS100372,货道29,统一鲜橙多(PET450ml),INTR910011664,饮料,3.5,3.5,18,18
`FS100372,货道30,统一鲜橙多(PET450ml),INTR910011664,饮料,3.5,3.5,17,17
`FS100372,货道31,统一绿茶[茉莉](PET500ml),INTR577011683,饮料,3,3,12,12
`FS100372,货道32,统一茶裏王[无糖台式乌龙茶](PET420ml),INTR904011685,饮料,5,5,14,14
`FS100372,货道33,饮养四季[金桔柠檬](PET500ml),INTR372011680,饮料,3.5,3.5,11,11
`FS100372,货道34,饮养四季[金桔柠檬](PET500ml),INTR372011680,饮料,3.5,3.5,5,5
`FS101048,货道1,可口可乐[自购版](CAN330ml),INTR121011635,饮料,3,2.5,0,0
`FS101048,货道2,可口可乐[自购版](CAN330ml),INTR121011635,饮料,3,2.5,0,0
`FS101048,货道3,可口可乐[自购版](CAN330ml),INTR121011635,饮料,3,2.5,0,0
`FS101048,货道4,统一好料道[仙草凉茶](CAN310ml),INTR791011678,饮料,4,4,10,10
`FS101048,货道5,雪碧[自购版](CAN330ml),INTR685011636,饮料,3,2.5,6,6
`FS101048,货道6,雪碧[自购版](CAN330ml),INTR685011636,饮料,3,2.5,3,3
`FS101048,货道7,统一阿萨姆[奶茶原味](PET500ml),INTR230011689,饮料,4.5,4.5,8,8
`FS101048,货道8,统一阿萨姆[奶茶原味](PET500ml),INTR230011689,饮料,4.5,4.5,6,6
`FS101048,货道9,怡宝[纯净水](PET555ml),INTR128012109,矿泉水,2,2,1,1
`FS101048,货道10,怡宝[纯净水](PET555ml),INTR128012109,矿泉水,2,2,1,1
`FS101048,货道11,统一轻啵苏打水[柠檬味](PET500ml),INTR773011687,饮料,3.5,3.5,7,7
`FS101048,货道13,统一绿茶[茉莉](PET500ml),INTR577011683,饮料,3,3,7,7
`FS101048,货道14,,,,,,0,0
`FS101048,货道15,海之言[柠檬](PET500ml),INTR039011682,饮料,4,4,7,7
`FS101048,货道16,,,,,,0,0
`FS101048,货道17,可口可乐[自购版](PET500ml),INTR724012203,饮料,3.5,3.5,5,5
`FS101048,货道18,,,,,,0,0
`FS101048,货道19,统一鲜橙多(CAN310ml),INTR767011663,饮料,3,2.5,10,10
`FS101048,货道20,统一鲜橙多(CAN310ml),INTR767011663,饮料,3,2.5,5,5
`FS101048,货道21,王老吉凉茶(CAN310ml),INTR472012173,饮料,3.5,4,6,6
`FS101048,货道22,王老吉凉茶(CAN310ml),INTR472012173,饮料,3.5,4,6,6
`FS101048,货道23,小茗同学[大麦红茶](PET480ml),INTR714012445,饮料,5,5,13,13
`FS101048,货道24,饮养四季[金桔柠檬](PET500ml),INTR372011680,饮料,3.5,3.5,11,11
`FS101048,货道25,统一冰红茶[柠檬](PET500ml),INTR894011688,饮料,3,3,12,12
`FS101048,货道26,统一饮养四季[冰糖雪梨](PET500ml),INTR56004726,饮料,3.5,3.5,7,7
`FS101048,货道27,雅哈[意式醇香拿铁](PET280ml),INTR301013341,饮料,6,6,10,10
`FS101048,货道28,统一阿萨姆[岩盐芝士](PET450ml),INTR635012426,饮料,4.5,4.5,10,10
`FS101048,货道29,焕神[热带水果风味]饮料(PET460ml),INTR583011691,饮料,5,5,0,0
`FS101048,货道30,统一鲜橙多(PET450ml),INTR910011664,饮料,3.5,3.5,18,18
`FS101048,货道31,统一蜜桃多(CAN310ml),INTR765012351,饮料,3,2.5,1,1
`FS101048,货道32,统一蜜桃多(CAN310ml),INTR765012351,饮料,3,2.5,2,2
`FS101048,货道33,统一冰绿茶[青梅绿茶](PET500ml),INTR469011681,饮料,3,3,9,9
`FS101048,货道34,统一茶裏王[无糖台式乌龙茶](PET420ml),INTR904011685,饮料,5,5,9,9
`FS100672,货道1,可口可乐[自购版](CAN330ml),INTR121011635,饮料,3,3,958,958
`FS100672,货道2,雪碧[自购版](CAN330ml),INTR685011636,饮料,3,3,954,954
`FS100672,货道3,小野[芒果汁](CAN245ml),INTR457012418,饮料,3,3,984,984
`FS100672,货道4,宏宝莱碳酸饮料汽水荔枝味(CAN330ml),INTR992013247,饮料,3,2.5,967,967
`FS100672,货道5,统一好料道[仙草凉茶](CAN310ml),INTR791011678,饮料,4,4,967,967
`FS100672,货道6,,,,,4,991,991
`FS100672,货道7,格泉饮用天然水(PET500ml),INTR252012401,矿泉水,2,2,968,968
`FS100672,货道8,可口可乐[自购版](PET500ml),INTR724012203,饮料,3.5,3.5,747,747
`FS100672,货道9,统一阿萨姆[奶茶原味](PET500ml),INTR230011689,饮料,4.5,4.5,900,900
`FS100672,货道10,饮养四季[金桔柠檬](PET500ml),INTR372011680,饮料,3.5,3.5,839,839
`FS100672,货道11,焕神[热带水果风味]饮料(PET460ml),INTR583011691,饮料,5,5,870,870
`FS100672,货道13,,,,,0,0,0
`FS100672,货道14,,,,,0,0,0
`FS100672,货道15,,,,,0,0,0
`FS100672,货道16,,,,,0,0,0
`FS100672,货道17,体质能量(PET580ml),INTR468012175,饮料,4,4,584,584
`FS100672,货道19,海之言[蓝莓](PET500ml),INTR526012420,饮料,4,4,9948,9948
`FS100672,货道21,,,,,0,0,0
`FS100672,货道23,统一冰红茶[柠檬](PET500ml),INTR894011688,饮料,3,3,893,893
`FS100672,货道24,统一冰红茶[柠檬](PET500ml),INTR894011688,饮料,3,3,785,785
`FS100672,货道25,统一冰绿茶[青梅绿茶](PET500ml),INTR469011681,饮料,3,3,796,796
`FS100672,货道26,小茗同学[溜溜哒茶](PET480ml),INTR973011692,饮料,5,5,942,942
`FS100672,货道27,统一鲜橙多(PET450ml),INTR910011664,饮料,3.5,3.5,678,678
`FS100672,货道28,统一鲜橙多(PET450ml),INTR910011664,饮料,3.5,3.5,9981,9981
`FS100672,货道29,怡宝[纯净水](PET555ml),INTR128012109,矿泉水,2,2,280,280
`FS100672,货道30,怡宝[纯净水](PET555ml),INTR128012109,矿泉水,2,2,392,392
`FS100672,货道31,怡宝[纯净水](PET555ml),INTR128012109,矿泉水,2,2,531,531
`FS100672,货道32,海之言[蓝莓](PET500ml),INTR526012420,饮料,4,4,782,782
`FS100672,货道33,统一轻啵苏打水[桃花味](PET500ml),INTR876012423,饮料,3.5,3.5,927,927
`FS100672,货道34,今麦郎芒顿小镇柠檬水(PET500ml),INTR322012790,饮料,2.5,3,879,879
`FS100671,货道1,可口可乐[自购版](CAN330ml),INTR121011635,饮料,3,3,968,968
`FS100671,货道2,雪碧[自购版](CAN330ml),INTR685011636,饮料,3,3,970,970
`FS100671,货道3,小野[芒果汁](CAN245ml),INTR457012418,饮料,3,3,989,989
`FS100671,货道4,宏宝莱碳酸饮料汽水荔枝味(CAN330ml),INTR992013247,饮料,3,2.5,971,971
`FS100671,货道5,统一好料道[仙草凉茶](CAN310ml),INTR791011678,饮料,4,4,973,973
`FS100671,货道6,,,,,4,996,996
`FS100671,货道7,,,,,2,9980,9980
`FS100671,货道8,可口可乐[自购版](PET500ml),INTR724012203,饮料,3.5,3.5,810,810
`FS100671,货道9,统一阿萨姆[奶茶原味](PET500ml),INTR230011689,饮料,4.5,4.5,950,950
`FS100671,货道10,饮养四季[金桔柠檬](PET500ml),INTR372011680,饮料,3.5,3.5,885,885
`FS100671,货道11,焕神[热带水果风味]饮料(PET460ml),INTR583011691,饮料,5,5,918,918
`FS100671,货道13,体质能量(PET580ml),INTR468012175,饮料,4,4,601,601
`FS100671,货道14,,,,,0,0,0
`FS100671,货道15,,,,,0,0,0
`FS100671,货道16,,,,,0,0,0
`FS100671,货道17,海之言[蓝莓](PET500ml),INTR526012420,饮料,4,4,900,900
`FS100671,货道19,海之言[蓝莓](PET500ml),INTR526012420,饮料,4,4,984,984
`FS100671,货道21,,,,,0,0,0
`FS100671,货道23,统一冰红茶[柠檬](PET500ml),INTR894011688,饮料,3,3,962,962
`FS100671,货道24,统一冰红茶[柠檬](PET500ml),INTR894011688,饮料,3,3,875,875
`FS100671,货道25,统一冰绿茶[青梅绿茶](PET500ml),INTR469011681,饮料,3,3,865,865
`FS100671,货道26,小茗同学[溜溜哒茶](PET480ml),INTR973011692,饮料,5,5,963,963
`FS100671,货道27,统一鲜橙多(PET450ml),INTR910011664,饮料,3.5,3.5,740,740
`FS100671,货道28,统一鲜橙多(PET450ml),INTR910011664,饮料,3.5,3.5,9981,9981
`FS100671,货道29,怡宝[纯净水](PET555ml),INTR128012109,矿泉水,2,2,652,652
`FS100671,货道30,怡宝[纯净水](PET555ml),INTR128012109,矿泉水,2,2,604,604
`FS100671,货道31,怡宝[纯净水](PET555ml),INTR128012109,矿泉水,2,2,458,458
`FS100671,货道32,海之言[蓝莓](PET500ml),INTR526012420,饮料,4,4,869,869
`FS100671,货道33,统一轻啵苏打水[桃花味](PET500ml),INTR876012423,饮料,3.5,3.5,939,939
`FS100671,货道34,今麦郎芒顿小镇柠檬水(PET500ml),INTR322012790,饮料,2.5,3,889,889
`FS100779,货道1,统一蜜桃多(CAN310ml),INTR765012351,饮料,3,2.5,1,1
`FS100779,货道2,爱朵拉拿铁咖啡(CAN310ml),INTR459011637,饮料,4,4,15,15
`FS100779,货道3,可口可乐[自购版](CAN330ml),INTR121011635,饮料,3,2.5,1,1
`FS100779,货道4,可口可乐[自购版](CAN330ml),INTR121011635,饮料,3,2.5,1,1
`FS100779,货道5,王老吉凉茶(CAN310ml),INTR472012173,饮料,3.5,4,1,1
`FS100779,货道6,统一鲜橙多(CAN310ml),INTR767011663,饮料,3,2.5,1,1
`FS100779,货道7,怡宝[纯净水](PET555ml),INTR128012109,矿泉水,2,2,0,0
`FS100779,货道8,怡宝[纯净水](PET555ml),INTR128012109,矿泉水,2,2,1,1
`FS100779,货道9,怡宝[纯净水](PET555ml),INTR128012109,矿泉水,2,2,2,2
`FS100779,货道10,统一轻啵苏打水[柠檬味](PET500ml),INTR773011687,饮料,3.5,3.5,13,13
`FS100779,货道11,雅哈[冰咖啡](PET450ml),INTR470011686,饮料,5.5,5.5,2,2
`FS100779,货道13,统一阿萨姆[奶茶原味](PET500ml),INTR230011689,饮料,4.5,4.5,3,3
`FS100779,货道15,统一阿萨姆[奶茶原味](PET500ml),INTR230011689,饮料,4.5,4.5,11,11
`FS100779,货道17,小茗同学[溜溜哒茶](PET480ml),INTR973011692,饮料,5,5,9,9
`FS100779,货道19,海之言[柠檬](PET500ml),INTR039011682,饮料,4,4,5,5
`FS100779,货道21,海之言[柠檬](PET500ml),INTR039011682,饮料,4,4,8,8
`FS100779,货道23,统一饮养四季[冰糖雪梨](PET500ml),INTR56004726,饮料,3.5,3.5,10,10
`FS100779,货道24,焕神[热带水果风味]饮料(PET460ml),INTR583011691,饮料,5,5,1,1
`FS100779,货道25,统一冰红茶[柠檬](PET500ml),INTR894011688,饮料,3,3,9,9
`FS100779,货道26,统一冰红茶[柠檬](PET500ml),INTR894011688,饮料,3,3,12,12
`FS100779,货道27,统一冰绿茶[青梅绿茶](PET500ml),INTR469011681,饮料,3,3,3,3
`FS100779,货道28,统一冰绿茶[青梅绿茶](PET500ml),INTR469011681,饮料,3,3,6,6
`FS100779,货道29,统一鲜橙多(PET450ml),INTR910011664,饮料,3.5,3.5,11,11
`FS100779,货道30,统一鲜橙多(PET450ml),INTR910011664,饮料,3.5,3.5,6,6
`FS100779,货道31,统一绿茶[茉莉](PET500ml),INTR577011683,饮料,3,3,1,1
`FS100779,货道32,统一茶裏王[无糖台式乌龙茶](PET420ml),INTR904011685,饮料,5,5,11,11
`FS100779,货道33,饮养四季[金桔柠檬](PET500ml),INTR372011680,饮料,3.5,3.5,7,7
`FS100779,货道34,饮养四季[金桔柠檬](PET500ml),INTR372011680,饮料,3.5,3.5,5,5
`FS100676,货道1,可口可乐[自购版](CAN330ml),INTR121011635,饮料,3,3,983,983
`FS100676,货道2,雪碧[自购版](CAN330ml),INTR685011636,饮料,3,3,985,985
`FS100676,货道3,小野[芒果汁](CAN245ml),INTR457012418,饮料,3,3,994,994
`FS100676,货道4,宏宝莱碳酸饮料汽水荔枝味(CAN330ml),INTR992013247,饮料,3,2.5,988,988
`FS100676,货道5,统一好料道[仙草凉茶](CAN310ml),INTR791011678,饮料,4,4,985,985
`FS100676,货道6,,,,,4,997,997
`FS100676,货道7,,,,,2,999,999
`FS100676,货道8,可口可乐[自购版](PET500ml),INTR724012203,饮料,3.5,3.5,897,897
`FS100676,货道9,统一阿萨姆[奶茶原味](PET500ml),INTR230011689,饮料,4.5,4.5,957,957
`FS100676,货道10,饮养四季[金桔柠檬](PET500ml),INTR372011680,饮料,3.5,3.5,930,930
`FS100676,货道11,焕神[热带水果风味]饮料(PET460ml),INTR583011691,饮料,5,5,955,955
`FS100676,货道13,体质能量(PET580ml),INTR468012175,饮料,4,4,745,745
`FS100676,货道14,,,,,0,0,0
`FS100676,货道15,,,,,0,0,0
`FS100676,货道16,,,,,0,0,0
`FS100676,货道17,海之言[蓝莓](PET500ml),INTR526012420,饮料,4,4,932,932
`FS100676,货道19,海之言[蓝莓](PET500ml),INTR526012420,饮料,4,4,9993,9993
`FS100676,货道21,,,,,0,0,0
`FS100676,货道23,统一冰红茶[柠檬](PET500ml),INTR894011688,饮料,3,3,958,958
`FS100676,货道24,统一冰红茶[柠檬](PET500ml),INTR894011688,饮料,3,3,895,895
`FS100676,货道25,统一冰绿茶[青梅绿茶](PET500ml),INTR469011681,饮料,3,3,906,906
`FS100676,货道26,小茗同学[溜溜哒茶](PET480ml),INTR973011692,饮料,5,5,977,977
`FS100676,货道27,统一鲜橙多(PET450ml),INTR910011664,饮料,3.5,3.5,831,831
`FS100676,货道28,统一鲜橙多(PET450ml),INTR910011664,饮料,3.5,3.5,9995,9995
`FS100676,货道29,怡宝[纯净水](PET555ml),INTR128012109,矿泉水,2,2,710,710
`FS100676,货道30,怡宝[纯净水](PET555ml),INTR128012109,矿泉水,2,2,695,695
`FS100676,货道31,怡宝[纯净水](PET555ml),INTR128012109,矿泉水,2,2,660,660
`FS100676,货道32,海之言[蓝莓](PET500ml),INTR526012420,饮料,4,4,946,946
`FS100676,货道33,统一轻啵苏打水[桃花味](PET500ml),INTR876012423,饮料,3.5,3.5,948,948
`FS100676,货道34,今麦郎芒顿小镇柠檬水(PET500ml),INTR322012790,饮料,2.5,3,940,940
`FS100668,货道1,可口可乐[自购版](CAN330ml),INTR121011635,饮料,3,3,991,991
`FS100668,货道2,雪碧[自购版](CAN330ml),INTR685011636,饮料,3,3,990,990
`FS100668,货道3,小野[芒果汁](CAN245ml),INTR457012418,饮料,3,3,998,998
`FS100668,货道4,宏宝莱碳酸饮料汽水荔枝味(CAN330ml),INTR992013247,饮料,3,2.5,996,996
`FS100668,货道5,统一好料道[仙草凉茶](CAN310ml),INTR791011678,饮料,4,4,996,996
`FS100668,货道6,,,,,4,994,994
`FS100668,货道7,,,,,2,999,999
`FS100668,货道8,可口可乐[自购版](PET500ml),INTR724012203,饮料,3.5,3.5,981,981
`FS100668,货道9,统一阿萨姆[奶茶原味](PET500ml),INTR230011689,饮料,4.5,4.5,997,997
`FS100668,货道10,饮养四季[金桔柠檬](PET500ml),INTR372011680,饮料,3.5,3.5,992,992
`FS100668,货道11,焕神[热带水果风味]饮料(PET460ml),INTR583011691,饮料,5,5,996,996
`FS100668,货道13,体质能量(PET580ml),INTR468012175,饮料,4,4,991,991
`FS100668,货道14,,,,,0,0,0
`FS100668,货道15,,,,,0,0,0
`FS100668,货道16,,,,,0,0,0
`FS100668,货道17,海之言[蓝莓](PET500ml),INTR526012420,饮料,4,4,989,989
`FS100668,货道19,海之言[蓝莓](PET500ml),INTR526012420,饮料,4,4,9999,9999
`FS100668,货道21,,,,,0,0,0
`FS100668,货道23,统一冰红茶[柠檬](PET500ml),INTR894011688,饮料,3,3,984,984
`FS100668,货道24,统一冰红茶[柠檬](PET500ml),INTR894011688,饮料,3,3,983,983
`FS100668,货道25,统一冰绿茶[青梅绿茶](PET500ml),INTR469011681,饮料,3,3,994,994
`FS100668,货道26,小茗同学[溜溜哒茶](PET480ml),INTR973011692,饮料,5,5,991,991
`FS100668,货道27,统一鲜橙多(PET450ml),INTR910011664,饮料,3.5,3.5,998,998
`FS100668,货道28,统一鲜橙多(PET450ml),INTR910011664,饮料,3.5,3.5,9998,9998
`FS100668,货道29,怡宝[纯净水](PET555ml),INTR128012109,矿泉水,2,2,959,959
`FS100668,货道30,怡宝[纯净水](PET555ml),INTR128012109,矿泉水,2,2,968,968
`FS100668,货道31,怡宝[纯净水](PET555ml),INTR128012109,矿泉水,2,2,977,977
`FS100668,货道32,海之言[蓝莓](PET500ml),INTR526012420,饮料,4,4,997,997
`FS100668,货道33,统一轻啵苏打水[桃花味](PET500ml),INTR876012423,饮料,3.5,3.5,988,988
`FS100668,货道34,今麦郎芒顿小镇柠檬水(PET500ml),INTR322012790,饮料,2.5,3,990,990
`FS100654,货道1,可口可乐[自购版](CAN330ml),INTR121011635,饮料,3,3,9981,9981
`FS100654,货道2,雪碧[自购版](CAN330ml),INTR685011636,饮料,3,3,9991,9991
`FS100654,货道3,小野[芒果汁](CAN245ml),INTR457012418,饮料,3,3,9991,9991
`FS100654,货道4,宏宝莱碳酸饮料汽水荔枝味(CAN330ml),INTR992013247,饮料,3,2.5,9969,9969
`FS100654,货道5,统一好料道[仙草凉茶](CAN310ml),INTR791011678,饮料,4,4,9985,9985
`FS100654,货道6,,,,,4,9997,9997
`FS100654,货道7,,,,,2,9980,9980
`FS100654,货道8,可口可乐[自购版](PET500ml),INTR724012203,饮料,3.5,3.5,9867,9867
`FS100654,货道9,统一阿萨姆[奶茶原味](PET500ml),INTR230011689,饮料,4.5,4.5,9971,9971
`FS100654,货道10,饮养四季[金桔柠檬](PET500ml),INTR372011680,饮料,3.5,3.5,9932,9932
`FS100654,货道11,焕神[热带水果风味]饮料(PET460ml),INTR583011691,饮料,5,5,9945,9945
`FS100654,货道13,体质能量(PET580ml),INTR468012175,饮料,4,4,9711,9711
`FS100654,货道14,,,,,0,0,0
`FS100654,货道15,,,,,0,0,0
`FS100654,货道16,,,,,0,0,0
`FS100654,货道17,海之言[蓝莓](PET500ml),INTR526012420,饮料,4,4,9887,9887
`FS100654,货道19,海之言[蓝莓](PET500ml),INTR526012420,饮料,4,4,9981,9981
`FS100654,货道21,,,,,0,0,0
`FS100654,货道23,统一冰红茶[柠檬](PET500ml),INTR894011688,饮料,3,3,9948,9948
`FS100654,货道24,统一冰红茶[柠檬](PET500ml),INTR894011688,饮料,3,3,9911,9911
`FS100654,货道25,统一冰绿茶[青梅绿茶](PET500ml),INTR469011681,饮料,3,3,9913,9913
`FS100654,货道26,小茗同学[溜溜哒茶](PET480ml),INTR973011692,饮料,5,5,9943,9943
`FS100654,货道27,统一鲜橙多(PET450ml),INTR910011664,饮料,3.5,3.5,9842,9842
`FS100654,货道28,统一鲜橙多(PET450ml),INTR910011664,饮料,3.5,3.5,9984,9984
`FS100654,货道29,怡宝[纯净水](PET555ml),INTR128012109,矿泉水,2,2,9691,9691
`FS100654,货道30,怡宝[纯净水](PET555ml),INTR128012109,矿泉水,2,2,9623,9623
`FS100654,货道31,怡宝[纯净水](PET555ml),INTR128012109,矿泉水,2,2,9635,9635
`FS100654,货道32,海之言[蓝莓](PET500ml),INTR526012420,饮料,4,4,9918,9918
`FS100654,货道33,统一轻啵苏打水[桃花味](PET500ml),INTR876012423,饮料,3.5,3.5,9930,9930
`FS100654,货道34,今麦郎芒顿小镇柠檬水(PET500ml),INTR322012790,饮料,2.5,3,9944,9944
`FS100721,货道1,可口可乐[自购版](CAN330ml),INTR121011635,饮料,3,3,9983,9983
`FS100721,货道2,雪碧[自购版](CAN330ml),INTR685011636,饮料,3,3,9976,9976
`FS100721,货道3,小野[芒果汁](CAN245ml),INTR457012418,饮料,3,3,9991,9991
`FS100721,货道4,宏宝莱碳酸饮料汽水荔枝味(CAN330ml),INTR992013247,饮料,3,2.5,9968,9968
`FS100721,货道5,统一好料道[仙草凉茶](CAN310ml),INTR791011678,饮料,4,4,9986,9986
`FS100721,货道6,,,,,4,9994,9994
`FS100721,货道7,,,,,2,9980,9980
`FS100721,货道8,可口可乐[自购版](PET500ml),INTR724012203,饮料,3.5,3.5,9839,9839
`FS100721,货道9,统一阿萨姆[奶茶原味](PET500ml),INTR230011689,饮料,4.5,4.5,9936,9936
`FS100721,货道10,饮养四季[金桔柠檬](PET500ml),INTR372011680,饮料,3.5,3.5,9884,9884
`FS100721,货道11,焕神[热带水果风味]饮料(PET460ml),INTR583011691,饮料,5,5,9950,9950
`FS100721,货道13,体质能量(PET580ml),INTR468012175,饮料,4,4,9663,9663
`FS100721,货道14,,,,,0,0,0
`FS100721,货道15,,,,,0,0,0
`FS100721,货道16,,,,,0,0,0
`FS100721,货道17,海之言[蓝莓](PET500ml),INTR526012420,饮料,4,4,9882,9882
`FS100721,货道19,海之言[蓝莓](PET500ml),INTR526012420,饮料,4,4,9988,9988
`FS100721,货道21,,,,,0,0,0
`FS100721,货道23,统一冰红茶[柠檬](PET500ml),INTR894011688,饮料,3,3,9926,9926
`FS100721,货道24,统一冰红茶[柠檬](PET500ml),INTR894011688,饮料,3,3,9898,9898
`FS100721,货道25,统一冰绿茶[青梅绿茶](PET500ml),INTR469011681,饮料,3,3,9899,9899
`FS100721,货道26,小茗同学[溜溜哒茶](PET480ml),INTR973011692,饮料,5,5,9932,9932
`FS100721,货道27,统一鲜橙多(PET450ml),INTR910011664,饮料,3.5,3.5,9804,9804
`FS100721,货道28,统一鲜橙多(PET450ml),INTR910011664,饮料,3.5,3.5,9973,9973
`FS100721,货道29,怡宝[纯净水](PET555ml),INTR128012109,矿泉水,2,2,9712,9712
`FS100721,货道30,怡宝[纯净水](PET555ml),INTR128012109,矿泉水,2,2,9626,9626
`FS100721,货道31,怡宝[纯净水](PET555ml),INTR128012109,矿泉水,2,2,9577,9577
`FS100721,货道32,海之言[蓝莓](PET500ml),INTR526012420,饮料,4,4,9906,9906
`FS100721,货道33,统一轻啵苏打水[桃花味](PET500ml),INTR876012423,饮料,3.5,3.5,9924,9924
`FS100721,货道34,今麦郎芒顿小镇柠檬水(PET500ml),INTR322012790,饮料,2.5,3,9932,9932
`FS100210,货道1,雪碧[自购版](CAN330ml),INTR685011636,饮料,3,3,5,5
`FS100210,货道2,小野[芒果汁](CAN245ml),INTR457012418,饮料,3,3,15,15
`FS100210,货道3,统一果汁[金桔柠檬](CAN310ml),1.56473E+17,开门柜,3,3,15,15
`FS100210,货道4,统一鲜橙多(CAN310ml),INTR767011663,饮料,3,3,15,15
`FS100210,货道5,,,,,,0,0
`FS100210,货道6,红牛金罐(CAN250ml),INTR442012892,饮料,6,6,4,4
`FS100210,货道7,怡宝[纯净水](PET555ml),INTR128012109,矿泉水,2,2.5,0,0
`FS100210,货道8,怡宝[纯净水](PET555ml),INTR128012109,矿泉水,2,2.5,0,0
`FS100210,货道9,水趣多乳酸菌风味(PET500ml),INTR912012422,饮料,5,5,0,0
`FS100210,货道10,海之言[柠檬](PET500ml),INTR039011682,饮料,4,4,9,9
`FS100210,货道11,,,,,,0,0
`FS100210,货道12,,,,,,0,0
`FS100210,货道13,,,,,,0,0
`FS100210,货道14,,,,,,0,0
`FS100210,货道15,,,,,,0,0
`FS100210,货道16,,,,,,0,0
`FS100210,货道17,,,,,,0,0
`FS100210,货道18,,,,,,0,0
`FS100210,货道19,,,,,,0,0
`FS100210,货道20,,,,,,0,0
`FS100210,货道21,,,,,,0,0
`FS100210,货道22,,,,,,0,0
`FS100210,货道23,,,,,,0,0
`FS100210,货道24,统一冰红茶[柠檬](PET500ml),INTR894011688,饮料,3,3,5,5
`FS100210,货道25,统一鲜橙多(PET450ml),INTR910011664,饮料,3.5,3.5,15,15
`FS100210,货道26,海之言[桃桃百香果](PET500ml),INTR950012403,饮料,4,4,15,15
`FS100210,货道27,统一冰绿茶[青梅绿茶](PET500ml),INTR469011681,饮料,3,3,0,0
`FS100210,货道28,小茗同学[青柠红茶](PET480ml),INTR297011693,饮料,5,5,5,5
`FS100210,货道29,,,,,,0,0
`FS100210,货道30,,,,,,0,0
`FS100210,货道31,,,,,,0,0
`FS100210,货道32,,,,,,0,0
`FS100210,货道33,统一阿萨姆[奶茶原味](PET500ml),INTR230011689,饮料,4.5,4.5,6,6
`FS100210,货道34,ALKAQUA[饮用天然矿泉水](PET570ml),INTR997009154,矿泉水,4,4,6,6
`FS100653,货道1,可口可乐[自购版](CAN330ml),INTR121011635,饮料,3,3,9979,9979
`FS100653,货道2,雪碧[自购版](CAN330ml),INTR685011636,饮料,3,3,9975,9975
`FS100653,货道3,小野[芒果汁](CAN245ml),INTR457012418,饮料,3,3,9994,9994
`FS100653,货道4,宏宝莱碳酸饮料汽水荔枝味(CAN330ml),INTR992013247,饮料,3,2.5,9976,9976
`FS100653,货道5,统一好料道[仙草凉茶](CAN310ml),INTR791011678,饮料,4,4,9990,9990
`FS100653,货道6,,,,,4,9993,9993
`FS100653,货道7,,,,,2,9999,9999
`FS100653,货道8,可口可乐[自购版](PET500ml),INTR724012203,饮料,3.5,3.5,9927,9927
`FS100653,货道9,统一阿萨姆[奶茶原味](PET500ml),INTR230011689,饮料,4.5,4.5,9943,9943
`FS100653,货道10,饮养四季[金桔柠檬](PET500ml),INTR372011680,饮料,3.5,3.5,9946,9946
`FS100653,货道11,焕神[热带水果风味]饮料(PET460ml),INTR583011691,饮料,5,5,9974,9974
`FS100653,货道13,体质能量(PET580ml),INTR468012175,饮料,4,4,9812,9812
`FS100653,货道14,,,,,0,0,0
`FS100653,货道15,,,,,0,0,0
`FS100653,货道16,,,,,0,0,0
`FS100653,货道17,海之言[蓝莓](PET500ml),INTR526012420,饮料,4,4,9933,9933
`FS100653,货道19,海之言[蓝莓](PET500ml),INTR526012420,饮料,4,4,9994,9994
`FS100653,货道21,,,,,0,0,0
`FS100653,货道23,统一冰红茶[柠檬](PET500ml),INTR894011688,饮料,3,3,9973,9973
`FS100653,货道24,统一冰红茶[柠檬](PET500ml),INTR894011688,饮料,3,3,9925,9925
`FS100653,货道25,统一冰绿茶[青梅绿茶](PET500ml),INTR469011681,饮料,3,3,9963,9963
`FS100653,货道26,小茗同学[溜溜哒茶](PET480ml),INTR973011692,饮料,5,5,9966,9966
`FS100653,货道27,统一鲜橙多(PET450ml),INTR910011664,饮料,3.5,3.5,9864,9864
`FS100653,货道28,统一鲜橙多(PET450ml),INTR910011664,饮料,3.5,3.5,9996,9996
`FS100653,货道29,怡宝[纯净水](PET555ml),INTR128012109,矿泉水,2,2,9880,9880
`FS100653,货道30,怡宝[纯净水](PET555ml),INTR128012109,矿泉水,2,2,9871,9871
`FS100653,货道31,怡宝[纯净水](PET555ml),INTR128012109,矿泉水,2,2,9770,9770
`FS100653,货道32,海之言[蓝莓](PET500ml),INTR526012420,饮料,4,4,9935,9935
`FS100653,货道33,统一轻啵苏打水[桃花味](PET500ml),INTR876012423,饮料,3.5,3.5,9985,9985
`FS100653,货道34,今麦郎芒顿小镇柠檬水(PET500ml),INTR322012790,饮料,2.5,3,9952,9952
`FS100678,货道1,可口可乐[自购版](CAN330ml),INTR121011635,饮料,3,3,9991,9991
`FS100678,货道2,雪碧[自购版](CAN330ml),INTR685011636,饮料,3,3,9988,9988
`FS100678,货道3,小野[芒果汁](CAN245ml),INTR457012418,饮料,3,3,9997,9997
`FS100678,货道4,宏宝莱碳酸饮料汽水荔枝味(CAN330ml),INTR992013247,饮料,3,2.5,9993,9993
`FS100678,货道5,统一好料道[仙草凉茶](CAN310ml),INTR791011678,饮料,4,4,9993,9993
`FS100678,货道6,,,,,4,9997,9997
`FS100678,货道7,,,,,2,9999,9999
`FS100678,货道8,可口可乐[自购版](PET500ml),INTR724012203,饮料,3.5,3.5,9944,9944
`FS100678,货道9,统一阿萨姆[奶茶原味](PET500ml),INTR230011689,饮料,4.5,4.5,9957,9957
`FS100678,货道10,饮养四季[金桔柠檬](PET500ml),INTR372011680,饮料,3.5,3.5,9967,9967
`FS100678,货道11,焕神[热带水果风味]饮料(PET460ml),INTR583011691,饮料,5,5,9984,9984
`FS100678,货道13,体质能量(PET580ml),INTR468012175,饮料,4,4,9874,9874
`FS100678,货道14,,,,,0,0,0
`FS100678,货道15,,,,,0,0,0
`FS100678,货道16,,,,,0,0,0
`FS100678,货道17,海之言[蓝莓](PET500ml),INTR526012420,饮料,4,4,9933,9933
`FS100678,货道19,海之言[蓝莓](PET500ml),INTR526012420,饮料,4,4,9995,9995
`FS100678,货道21,,,,,0,0,0
`FS100678,货道23,统一冰红茶[柠檬](PET500ml),INTR894011688,饮料,3,3,9987,9987
`FS100678,货道24,统一冰红茶[柠檬](PET500ml),INTR894011688,饮料,3,3,9943,9943
`FS100678,货道25,统一冰绿茶[青梅绿茶](PET500ml),INTR469011681,饮料,3,3,9967,9967
`FS100678,货道26,小茗同学[溜溜哒茶](PET480ml),INTR973011692,饮料,5,5,9966,9966
`FS100678,货道27,统一鲜橙多(PET450ml),INTR910011664,饮料,3.5,3.5,9892,9892
`FS100678,货道28,统一鲜橙多(PET450ml),INTR910011664,饮料,3.5,3.5,9990,9990
`FS100678,货道29,怡宝[纯净水](PET555ml),INTR128012109,矿泉水,2,2,9934,9934
`FS100678,货道30,怡宝[纯净水](PET555ml),INTR128012109,矿泉水,2,2,9893,9893
`FS100678,货道31,怡宝[纯净水](PET555ml),INTR128012109,矿泉水,2,2,9808,9808
`FS100678,货道32,海之言[蓝莓](PET500ml),INTR526012420,饮料,4,4,9935,9935
`FS100678,货道33,统一轻啵苏打水[桃花味](PET500ml),INTR876012423,饮料,3.5,3.5,9992,9992
`FS100678,货道34,今麦郎芒顿小镇柠檬水(PET500ml),INTR322012790,饮料,2.5,3,9972,9972
`FS101098,货道1,可口可乐[自购版](CAN330ml),INTR121011635,饮料,3,2.5,16,16
`FS101098,货道2,可口可乐[自购版](CAN330ml),INTR121011635,饮料,3,2.5,7,7
`FS101098,货道3,可口可乐[自购版](CAN330ml),INTR121011635,饮料,3,2.5,14,14
`FS101098,货道4,统一鲜橙多(CAN310ml),INTR767011663,饮料,3,2.5,13,13
`FS101098,货道5,统一好料道[仙草凉茶](CAN310ml),INTR791011678,饮料,4,4,11,11
`FS101098,货道6,统一蜜桃多(CAN310ml),INTR765012351,饮料,3,2.5,8,8
`FS101098,货道7,怡宝[纯净水](PET555ml),INTR128012109,矿泉水,2,2,5,5
`FS101098,货道8,怡宝[纯净水](PET555ml),INTR128012109,矿泉水,2,2,15,15
`FS101098,货道9,怡宝[纯净水](PET555ml),INTR128012109,矿泉水,2,2,15,15
`FS101098,货道10,统一轻啵苏打水[柠檬味](PET500ml),INTR773011687,饮料,3.5,3.5,14,14
`FS101098,货道11,雅哈[冰咖啡](PET450ml),INTR470011686,饮料,5.5,5.5,12,12
`FS101098,货道13,小茗同学[溜溜哒茶](PET480ml),INTR973011692,饮料,5,5,19,19
`FS101098,货道15,统一阿萨姆[奶茶原味](PET500ml),INTR230011689,饮料,4.5,4.5,17,17
`FS101098,货道17,统一阿萨姆[奶茶原味](PET500ml),INTR230011689,饮料,4.5,4.5,10,10
`FS101098,货道19,海之言[柠檬](PET500ml),INTR039011682,饮料,4,4,8,8
`FS101098,货道21,海之言[柠檬](PET500ml),INTR039011682,饮料,4,4,9,9
`FS101098,货道23,焕神[热带水果风味]饮料(PET460ml),INTR583011691,饮料,5,5,16,16
`FS101098,货道24,焕神[热带水果风味]饮料(PET460ml),INTR583011691,饮料,5,5,13,13
`FS101098,货道25,统一冰红茶[柠檬](PET500ml),INTR894011688,饮料,3,3,15,15
`FS101098,货道26,统一冰红茶[柠檬](PET500ml),INTR894011688,饮料,3,3,12,12
`FS101098,货道27,统一冰绿茶[青梅绿茶](PET500ml),INTR469011681,饮料,3,3,10,10
`FS101098,货道28,统一茶裏王[无糖日式绿茶](PET420ml),INTR185012092,饮料,5,5,10,10
`FS101098,货道29,统一鲜橙多(PET450ml),INTR910011664,饮料,3.5,3.5,20,20
`FS101098,货道30,统一鲜橙多(PET450ml),INTR910011664,饮料,3.5,3.5,18,18
`FS101098,货道31,统一绿茶[茉莉](PET500ml),INTR577011683,饮料,3,3,15,15
`FS101098,货道32,统一绿茶[茉莉](PET500ml),INTR577011683,饮料,3,3,11,11
`FS101098,货道33,饮养四季[金桔柠檬](PET500ml),INTR372011680,饮料,3.5,3.5,11,11
`FS101098,货道34,统一饮养四季[冰糖雪梨](PET500ml),INTR56004726,饮料,3.5,3.5,8,8
`FS100714,货道1,可口可乐[自购版](CAN330ml),INTR121011635,饮料,3,3,9989,9989
`FS100714,货道2,雪碧[自购版](CAN330ml),INTR685011636,饮料,3,3,9994,9994
`FS100714,货道3,小野[芒果汁](CAN245ml),INTR457012418,饮料,3,3,9995,9995
`FS100714,货道4,宏宝莱碳酸饮料汽水荔枝味(CAN330ml),INTR992013247,饮料,3,2.5,9996,9996
`FS100714,货道5,统一好料道[仙草凉茶](CAN310ml),INTR791011678,饮料,4,4,9997,9997
`FS100714,货道6,,,,,4,9997,9997
`FS100714,货道7,,,,,2,9999,9999
`FS100714,货道8,可口可乐[自购版](PET500ml),INTR724012203,饮料,3.5,3.5,9974,9974
`FS100714,货道9,统一阿萨姆[奶茶原味](PET500ml),INTR230011689,饮料,4.5,4.5,9985,9985
`FS100714,货道10,饮养四季[金桔柠檬](PET500ml),INTR372011680,饮料,3.5,3.5,9964,9964
`FS100714,货道11,焕神[热带水果风味]饮料(PET460ml),INTR583011691,饮料,5,5,9978,9978
`FS100714,货道13,体质能量(PET580ml),INTR468012175,饮料,4,4,9941,9941
`FS100714,货道14,,,,,0,0,0
`FS100714,货道15,,,,,0,0,0
`FS100714,货道16,,,,,0,0,0
`FS100714,货道17,海之言[蓝莓](PET500ml),INTR526012420,饮料,4,4,9965,9965
`FS100714,货道19,海之言[蓝莓](PET500ml),INTR526012420,饮料,4,4,9999,9999
`FS100714,货道21,,,,,0,0,0
`FS100714,货道23,统一冰红茶[柠檬](PET500ml),INTR894011688,饮料,3,3,9980,9980
`FS100714,货道24,统一冰红茶[柠檬](PET500ml),INTR894011688,饮料,3,3,9940,9940
`FS100714,货道25,统一冰绿茶[青梅绿茶](PET500ml),INTR469011681,饮料,3,3,9964,9964
`FS100714,货道26,小茗同学[溜溜哒茶](PET480ml),INTR973011692,饮料,5,5,9984,9984
`FS100714,货道27,统一鲜橙多(PET450ml),INTR910011664,饮料,3.5,3.5,9922,9922
`FS100714,货道28,统一鲜橙多(PET450ml),INTR910011664,饮料,3.5,3.5,9997,9997
`FS100714,货道29,怡宝[纯净水](PET555ml),INTR128012109,矿泉水,2,2,9916,9916
`FS100714,货道30,怡宝[纯净水](PET555ml),INTR128012109,矿泉水,2,2,9899,9899
`FS100714,货道31,怡宝[纯净水](PET555ml),INTR128012109,矿泉水,2,2,9878,9878
`FS100714,货道32,海之言[蓝莓](PET500ml),INTR526012420,饮料,4,4,9967,9967
`FS100714,货道33,统一轻啵苏打水[桃花味](PET500ml),INTR876012423,饮料,3.5,3.5,9986,9986
`FS100714,货道34,今麦郎芒顿小镇柠檬水(PET500ml),INTR322012790,饮料,2.5,3,9986,9986
`FS100723,货道1,可口可乐[自购版](CAN330ml),INTR121011635,饮料,3,3,9992,9992
`FS100723,货道2,雪碧[自购版](CAN330ml),INTR685011636,饮料,3,3,9995,9995
`FS100723,货道3,小野[芒果汁](CAN245ml),INTR457012418,饮料,3,3,9997,9997
`FS100723,货道4,宏宝莱碳酸饮料汽水荔枝味(CAN330ml),INTR992013247,饮料,3,2.5,9996,9996
`FS100723,货道5,统一好料道[仙草凉茶](CAN310ml),INTR791011678,饮料,4,4,9996,9996
`FS100723,货道6,,,,,4,9997,9997
`FS100723,货道7,,,,,2,9999,9999
`FS100723,货道8,可口可乐[自购版](PET500ml),INTR724012203,饮料,3.5,3.5,9970,9970
`FS100723,货道9,统一阿萨姆[奶茶原味](PET500ml),INTR230011689,饮料,4.5,4.5,9982,9982
`FS100723,货道10,饮养四季[金桔柠檬](PET500ml),INTR372011680,饮料,3.5,3.5,9953,9953
`FS100723,货道11,焕神[热带水果风味]饮料(PET460ml),INTR583011691,饮料,5,5,9986,9986
`FS100723,货道13,体质能量(PET580ml),INTR468012175,饮料,4,4,9944,9944
`FS100723,货道14,,,,,0,0,0
`FS100723,货道15,,,,,0,0,0
`FS100723,货道16,,,,,0,0,0
`FS100723,货道17,海之言[蓝莓](PET500ml),INTR526012420,饮料,4,4,9958,9958
`FS100723,货道19,海之言[蓝莓](PET500ml),INTR526012420,饮料,4,4,9997,9997
`FS100723,货道21,,,,,0,0,0
`FS100723,货道23,统一冰红茶[柠檬](PET500ml),INTR894011688,饮料,3,3,9986,9986
`FS100723,货道24,统一冰红茶[柠檬](PET500ml),INTR894011688,饮料,3,3,9961,9961
`FS100723,货道25,统一冰绿茶[青梅绿茶](PET500ml),INTR469011681,饮料,3,3,9973,9973
`FS100723,货道26,小茗同学[溜溜哒茶](PET480ml),INTR973011692,饮料,5,5,9986,9986
`FS100723,货道27,统一鲜橙多(PET450ml),INTR910011664,饮料,3.5,3.5,9932,9932
`FS100723,货道28,统一鲜橙多(PET450ml),INTR910011664,饮料,3.5,3.5,9994,9994
`FS100723,货道29,怡宝[纯净水](PET555ml),INTR128012109,矿泉水,2,2,9944,9944
`FS100723,货道30,怡宝[纯净水](PET555ml),INTR128012109,矿泉水,2,2,9914,9914
`FS100723,货道31,怡宝[纯净水](PET555ml),INTR128012109,矿泉水,2,2,9903,9903
`FS100723,货道32,海之言[蓝莓](PET500ml),INTR526012420,饮料,4,4,9956,9956
`FS100723,货道33,统一轻啵苏打水[桃花味](PET500ml),INTR876012423,饮料,3.5,3.5,9982,9982
`FS100723,货道34,今麦郎芒顿小镇柠檬水(PET500ml),INTR322012790,饮料,2.5,3,9979,9979
`FS100726,货道1,可口可乐[自购版](CAN330ml),INTR121011635,饮料,3,3,9987,9987
`FS100726,货道2,雪碧[自购版](CAN330ml),INTR685011636,饮料,3,3,9994,9994
`FS100726,货道3,小野[芒果汁](CAN245ml),INTR457012418,饮料,3,3,9994,9994
`FS100726,货道4,宏宝莱碳酸饮料汽水荔枝味(CAN330ml),INTR992013247,饮料,3,2.5,9993,9993
`FS100726,货道5,统一好料道[仙草凉茶](CAN310ml),INTR791011678,饮料,4,4,9988,9988
`FS100726,货道6,,,,,4,9997,9997
`FS100726,货道7,,,,,2,9999,9999
`FS100726,货道8,可口可乐[自购版](PET500ml),INTR724012203,饮料,3.5,3.5,9969,9969
`FS100726,货道9,统一阿萨姆[奶茶原味](PET500ml),INTR230011689,饮料,4.5,4.5,9961,9961
`FS100726,货道10,饮养四季[金桔柠檬](PET500ml),INTR372011680,饮料,3.5,3.5,9972,9972
`FS100726,货道11,焕神[热带水果风味]饮料(PET460ml),INTR583011691,饮料,5,5,9995,9995
`FS100726,货道13,体质能量(PET580ml),INTR468012175,饮料,4,4,9957,9957
`FS100726,货道14,,,,,0,0,0
`FS100726,货道15,,,,,0,0,0
`FS100726,货道16,,,,,0,0,0
`FS100726,货道17,海之言[蓝莓](PET500ml),INTR526012420,饮料,4,4,9977,9977
`FS100726,货道19,海之言[蓝莓](PET500ml),INTR526012420,饮料,4,4,9996,9996
`FS100726,货道21,,,,,0,0,0
`FS100726,货道23,统一冰红茶[柠檬](PET500ml),INTR894011688,饮料,3,3,9995,9995
`FS100726,货道24,统一冰红茶[柠檬](PET500ml),INTR894011688,饮料,3,3,9969,9969
`FS100726,货道25,统一冰绿茶[青梅绿茶](PET500ml),INTR469011681,饮料,3,3,9964,9964
`FS100726,货道26,小茗同学[溜溜哒茶](PET480ml),INTR973011692,饮料,5,5,9988,9988
`FS100726,货道27,统一鲜橙多(PET450ml),INTR910011664,饮料,3.5,3.5,9941,9941
`FS100726,货道28,统一蜜桃多(PET450ml),INTR769012352,饮料,3.5,3.5,9984,9984
`FS100726,货道29,怡宝[纯净水](PET555ml),INTR128012109,矿泉水,2,2,9913,9913
`FS100726,货道30,怡宝[纯净水](PET555ml),INTR128012109,矿泉水,2,2,9894,9894
`FS100726,货道31,怡宝[纯净水](PET555ml),INTR128012109,矿泉水,2,2,9892,9892
`FS100726,货道32,海之言[蓝莓](PET500ml),INTR526012420,饮料,4,4,9974,9974
`FS100726,货道33,统一轻啵苏打水[桃花味](PET500ml),INTR876012423,饮料,3.5,3.5,9977,9977
`FS100726,货道34,今麦郎芒顿小镇柠檬水(PET500ml),INTR322012790,饮料,2.5,3,9969,9969
`FS100191,货道1,雪碧[自购版](CAN330ml),INTR685011636,饮料,3,3,8,8
`FS100191,货道2,小野[芒果汁](CAN245ml),INTR457012418,饮料,3,3,10,10
`FS100191,货道3,统一鲜橙多(CAN310ml),INTR767011663,饮料,3,3,15,15
`FS100191,货道4,统一果汁[金桔柠檬](CAN310ml),1.56473E+17,开门柜,3,3,15,15
`FS100191,货道5,,,,,,0,0
`FS100191,货道6,红牛金罐(CAN250ml),INTR442012892,饮料,6,6,12,12
`FS100191,货道7,怡宝[纯净水](PET555ml),INTR128012109,矿泉水,2,2.5,8,8
`FS100191,货道8,怡宝[纯净水](PET555ml),INTR128012109,矿泉水,2,2.5,0,0
`FS100191,货道9,ALKAQUA[饮用天然矿泉水](PET570ml),INTR997009154,矿泉水,4,4,0,0
`FS100191,货道10,,,,,,0,0
`FS100191,货道11,海之言[柠檬](PET500ml),INTR039011682,饮料,4,4,0,0
`FS100191,货道12,,,,,,0,0
`FS100191,货道13,,,,,,0,0
`FS100191,货道14,,,,,,0,0
`FS100191,货道15,,,,,,0,0
`FS100191,货道16,,,,,,0,0
`FS100191,货道17,,,,,,0,0
`FS100191,货道18,,,,,,0,0
`FS100191,货道19,,,,,,0,0
`FS100191,货道20,,,,,,0,0
`FS100191,货道21,,,,,,0,0
`FS100191,货道22,,,,,,0,0
`FS100191,货道23,统一绿茶[茉莉](PET500ml),INTR577011683,饮料,3,3,15,15
`FS100191,货道24,统一冰红茶[柠檬](PET500ml),INTR894011688,饮料,3,3,0,0
`FS100191,货道25,饮养四季[金桔柠檬](PET500ml),INTR372011680,饮料,3.5,3.5,0,0
`FS100191,货道26,小茗同学[青柠红茶](PET480ml),INTR297011693,饮料,5,5,13,13
`FS100191,货道27,,,,,,0,0
`FS100191,货道28,,,,,,0,0
`FS100191,货道29,统一鲜橙多(PET450ml),INTR910011664,饮料,3.5,3.5,2,2
`FS100191,货道30,统一冰绿茶[青梅绿茶](PET500ml),INTR469011681,饮料,3,3,0,0
`FS100191,货道31,,,,,,0,0
`FS100191,货道32,,,,,,0,0
`FS100191,货道33,统一阿萨姆[奶茶原味](PET500ml),INTR230011689,饮料,4.5,4.5,5,5
`FS100191,货道34,焕神[热带水果风味]饮料(PET460ml),INTR583011691,饮料,5,5,8,8
`FS100636,货道1,可口可乐[自购版](CAN330ml),INTR121011635,饮料,3,2.5,10,10
`FS100636,货道2,可口可乐[自购版](CAN330ml),INTR121011635,饮料,3,2.5,5,5
`FS100636,货道3,统一鲜橙多(CAN310ml),INTR767011663,饮料,3,2.5,10,10
`FS100636,货道4,统一蜜桃多(CAN310ml),INTR765012351,饮料,3,2.5,10,10
`FS100636,货道5,统一好料道[仙草凉茶](CAN310ml),INTR791011678,饮料,4,4,10,10
`FS100636,货道6,爱朵拉拿铁咖啡(CAN310ml),INTR459011637,饮料,4,4,6,6
`FS100636,货道7,怡宝[纯净水](PET555ml),INTR128012109,矿泉水,2,2,16,16
`FS100636,货道8,怡宝[纯净水](PET555ml),INTR128012109,矿泉水,2,2,18,18
`FS100636,货道9,怡宝[纯净水](PET555ml),INTR128012109,矿泉水,2,2,10,10
`FS100636,货道10,统一轻啵苏打水[柠檬味](PET500ml),INTR773011687,饮料,3.5,3.5,14,14
`FS100636,货道11,雅哈[冰咖啡](PET450ml),INTR470011686,饮料,5.5,5.5,8,8
`FS100636,货道13,统一阿萨姆[奶茶原味](PET500ml),INTR230011689,饮料,4.5,4.5,12,12
`FS100636,货道15,统一阿萨姆[奶茶原味](PET500ml),INTR230011689,饮料,4.5,4.5,10,10
`FS100636,货道17,小茗同学[溜溜哒茶](PET480ml),INTR973011692,饮料,5,5,8,8
`FS100636,货道19,海之言[柠檬](PET500ml),INTR039011682,饮料,4,4,5,5
`FS100636,货道21,海之言[柠檬](PET500ml),INTR039011682,饮料,4,4,10,10
`FS100636,货道23,统一阿萨姆[奶茶原味](PET500ml),INTR230011689,饮料,4.5,4.5,8,8
`FS100636,货道24,统一阿萨姆[奶茶原味](PET500ml),INTR230011689,饮料,4.5,4.5,13,13
`FS100636,货道25,统一冰红茶[柠檬](PET500ml),INTR894011688,饮料,3,3,15,15
`FS100636,货道26,焕神[热带水果风味]饮料(PET460ml),INTR583011691,饮料,5,5,8,8
`FS100636,货道27,统一冰绿茶[青梅绿茶](PET500ml),INTR469011681,饮料,3,3,10,10
`FS100636,货道28,统一茶裏王[无糖日式绿茶](PET420ml),INTR185012092,饮料,5,5,7,7
`FS100636,货道29,统一阿萨姆[奶茶原味](PET500ml),INTR230011689,饮料,4.5,4.5,7,7
`FS100636,货道30,统一阿萨姆[奶茶原味](PET500ml),INTR230011689,饮料,4.5,4.5,17,17
`FS100636,货道31,统一鲜橙多(PET450ml),INTR910011664,饮料,3.5,3.5,11,11
`FS100636,货道32,统一绿茶[茉莉](PET500ml),INTR577011683,饮料,3,3,14,14
`FS100636,货道33,饮养四季[金桔柠檬](PET500ml),INTR372011680,饮料,3.5,3.5,7,7
`FS100636,货道34,统一饮养四季[冰糖雪梨](PET500ml),INTR56004726,饮料,3.5,3.5,6,6
`FS100194,货道1,芬达(CAN330ml),INTR822013763,饮料,3,3,20,20
`FS100194,货道2,可口可乐[自购版](CAN330ml),INTR121011635,饮料,3,3,20,20
`FS100194,货道3,小野[芒果汁](CAN245ml),INTR457012418,饮料,3,3,11,11
`FS100194,货道4,小野[芒果汁](CAN245ml),INTR457012418,饮料,3,3,20,20
`FS100194,货道5,红牛金罐(CAN250ml),INTR442012892,饮料,6,6,20,20
`FS100194,货道6,统一鲜橙多(CAN310ml),INTR767011663,饮料,3,3,12,12
`FS100194,货道7,雪碧(PET500ml),INTR274011679,饮料,3.5,3.5,20,20
`FS100194,货道8,可口可乐[零度](500ml),INTR890011661,饮料,3.5,3.5,8,8
`FS100194,货道9,ALKAQUA[饮用天然矿泉水](PET570ml),INTR997009154,矿泉水,4,4,10,10
`FS100194,货道10,COSTACOFFEE[醇正拿铁](PET300ml),INTR232013821,饮料,7,7,20,20
`FS100194,货道11,海之言[柠檬](PET500ml),INTR039011682,饮料,4,4,14,14
`FS100194,货道12,,,,,,0,0
`FS100194,货道13,统一阿萨姆[奶茶原味](PET500ml),INTR230011689,饮料,4.5,4.5,20,20
`FS100194,货道14,,,,,,0,0
`FS100194,货道15,统一阿萨姆[奶茶原味](PET500ml),INTR230011689,饮料,4.5,4.5,10,10
`FS100194,货道16,,,,,,0,0
`FS100194,货道17,海之言[桃桃百香果](PET500ml),INTR950012403,饮料,4,4,10,10
`FS100194,货道18,,,,,,0,0
`FS100194,货道19,ALKAQUA[饮用天然矿泉水](PET570ml),INTR997009154,矿泉水,4,4,14,14
`FS100194,货道20,,,,,,0,0
`FS100194,货道21,统一阿萨姆[奶茶原味](PET500ml),INTR230011689,饮料,4.5,4.5,11,11
`FS100194,货道22,,,,,,0,0
`FS100194,货道23,小茗同学[冰橘绿茶](PET480ml),INTR001012220,饮料,5,5,8,8
`FS100194,货道24,小茗同学[青柠红茶](PET480ml),INTR297011693,饮料,5,5,11,11
`FS100194,货道25,统一绿茶[茉莉](PET500ml),INTR577011683,饮料,3,3,20,20
`FS100194,货道26,饮养四季[金桔柠檬](PET500ml),INTR372011680,饮料,3.5,3.5,9,9
`FS100194,货道27,统一冰绿茶[青梅绿茶](PET500ml),INTR469011681,饮料,3,3,9,9
`FS100194,货道28,小茗同学[青柠红茶](PET480ml),INTR297011693,饮料,5,5,15,15
`FS100194,货道29,统一饮养四季[冰糖雪梨](PET500ml),INTR56004726,饮料,3.5,3.5,10,10
`FS100194,货道30,统一鲜橙多(PET450ml),INTR910011664,饮料,3.5,3.5,6,6
`FS100194,货道31,海之言[柠檬](PET500ml),INTR039011682,饮料,4,4,14,14
`FS100194,货道32,小茗同学[溜溜哒茶](PET480ml),INTR973011692,饮料,5,5,11,11
`FS100194,货道33,统一冰红茶[柠檬](PET500ml),INTR894011688,饮料,3,3,10,10
`FS100194,货道34,小茗同学[溜溜哒茶](PET480ml),INTR973011692,饮料,5,5,15,15
`FS100147,货道1,可口可乐[自购版](CAN330ml),INTR121011635,饮料,3,3,2,2
`FS100147,货道2,芬达(CAN330ml),INTR822013763,饮料,3,3,10,10
`FS100147,货道3,小野[芒果汁](CAN245ml),INTR457012418,饮料,3,3,11,11
`FS100147,货道4,统一鲜橙多(CAN310ml),INTR767011663,饮料,3,3,13,13
`FS100147,货道5,红牛金罐(CAN250ml),INTR442012892,饮料,6,6,15,15
`FS100147,货道6,统一鲜橙多(CAN310ml),INTR767011663,饮料,3,3,1,1
`FS100147,货道7,雪碧(PET500ml),INTR274011679,饮料,3.5,3.5,9,9
`FS100147,货道8,可口可乐[零度](500ml),INTR890011661,饮料,3.5,3.5,12,12
`FS100147,货道9,ALKAQUA[饮用天然矿泉水](PET570ml),INTR997009154,矿泉水,4,4,2,2
`FS100147,货道10,小茗同学[青柠红茶](PET480ml),INTR297011693,饮料,5,5,15,15
`FS100147,货道11,COSTACOFFEE[醇正拿铁](PET300ml),INTR232013821,饮料,7,7,10,10
`FS100147,货道13,小茗同学[冰橘绿茶](PET480ml),INTR001012220,饮料,5,5,5,5
`FS100147,货道14,,,,,,0,0
`FS100147,货道15,统一阿萨姆[奶茶原味](PET500ml),INTR230011689,饮料,4.5,4.5,10,10
`FS100147,货道16,,,,,,0,0
`FS100147,货道17,海之言[蓝莓](PET500ml),INTR526012420,饮料,4,4,13,13
`FS100147,货道19,小茗同学[青柠红茶](PET480ml),INTR297011693,饮料,5,5,13,13
`FS100147,货道21,,,,,,0,0
`FS100147,货道23,统一冰绿茶[青梅绿茶](PET500ml),INTR469011681,饮料,3,3,11,11
`FS100147,货道24,小茗同学[溜溜哒茶](PET480ml),INTR973011692,饮料,5,5,12,12
`FS100147,货道25,统一绿茶[茉莉](PET500ml),INTR577011683,饮料,3,3,15,15
`FS100147,货道26,饮养四季[金桔柠檬](PET500ml),INTR372011680,饮料,3.5,3.5,13,13
`FS100147,货道27,统一饮养四季[冰糖雪梨](PET500ml),INTR56004726,饮料,3.5,3.5,5,5
`FS100147,货道28,统一绿茶[茉莉](PET500ml),INTR577011683,饮料,3,3,15,15
`FS100147,货道29,统一饮养四季[冰糖雪梨](PET500ml),INTR56004726,饮料,3.5,3.5,12,12
`FS100147,货道30,统一鲜橙多(PET450ml),INTR910011664,饮料,3.5,3.5,11,11
`FS100147,货道31,海之言[柠檬](PET500ml),INTR039011682,饮料,4,4,12,12
`FS100147,货道32,小茗同学[溜溜哒茶](PET480ml),INTR973011692,饮料,5,5,15,15
`FS100147,货道33,统一冰红茶[柠檬](PET500ml),INTR894011688,饮料,3,3,10,10
`FS100147,货道34,统一冰红茶[柠檬](PET500ml),INTR894011688,饮料,3,3,13,13
`FS100680,货道1,可口可乐[自购版](CAN330ml),INTR121011635,饮料,3,3,9962,9962
`FS100680,货道2,雪碧[自购版](CAN330ml),INTR685011636,饮料,3,3,9971,9971
`FS100680,货道3,小野[芒果汁](CAN245ml),INTR457012418,饮料,3,3,9986,9986
`FS100680,货道4,宏宝莱碳酸饮料汽水荔枝味(CAN330ml),INTR992013247,饮料,3,2.5,9975,9975
`FS100680,货道5,统一好料道[仙草凉茶](CAN310ml),INTR791011678,饮料,4,4,9976,9976
`FS100680,货道6,,,,,4,9977,9977
`FS100680,货道7,,,,,2,9999,9999
`FS100680,货道8,可口可乐[自购版](PET500ml),INTR724012203,饮料,3.5,3.5,9915,9915
`FS100680,货道9,统一阿萨姆[奶茶原味](PET500ml),INTR230011689,饮料,4.5,4.5,9875,9875
`FS100680,货道10,饮养四季[金桔柠檬](PET500ml),INTR372011680,饮料,3.5,3.5,9893,9893
`FS100680,货道11,焕神[热带水果风味]饮料(PET460ml),INTR583011691,饮料,5,5,9982,9982
`FS100680,货道13,体质能量(PET580ml),INTR468012175,饮料,4,4,9913,9913
`FS100680,货道14,,,,,0,0,0
`FS100680,货道15,,,,,0,0,0
`FS100680,货道16,,,,,0,0,0
`FS100680,货道17,海之言[蓝莓](PET500ml),INTR526012420,饮料,4,4,9929,9929
`FS100680,货道19,统一茶裏王[无糖台式乌龙茶](PET420ml),INTR904011685,饮料,5,5,9952,9952
`FS100680,货道21,,,,,0,0,0
`FS100680,货道23,统一冰红茶[柠檬](PET500ml),INTR894011688,饮料,3,3,9949,9949
`FS100680,货道24,统一冰红茶[柠檬](PET500ml),INTR894011688,饮料,3,3,9923,9923
`FS100680,货道25,统一冰绿茶[青梅绿茶](PET500ml),INTR469011681,饮料,3,3,9870,9870
`FS100680,货道26,小茗同学[溜溜哒茶](PET480ml),INTR973011692,饮料,5,5,9948,9948
`FS100680,货道27,统一鲜橙多(PET450ml),INTR910011664,饮料,3.5,3.5,9731,9731
`FS100680,货道28,统一蜜桃多(PET450ml),INTR769012352,饮料,3.5,3.5,9926,9926
`FS100680,货道29,怡宝[纯净水](PET555ml),INTR128012109,矿泉水,2,2,9802,9802
`FS100680,货道30,怡宝[纯净水](PET555ml),INTR128012109,矿泉水,2,2,9734,9734
`FS100680,货道31,怡宝[纯净水](PET555ml),INTR128012109,矿泉水,2,2,9658,9658
`FS100680,货道32,海之言[蓝莓](PET500ml),INTR526012420,饮料,4,4,9936,9936
`FS100680,货道33,统一轻啵苏打水[桃花味](PET500ml),INTR876012423,饮料,3.5,3.5,9962,9962
`FS100680,货道34,今麦郎芒顿小镇柠檬水(PET500ml),INTR322012790,饮料,2.5,3,9941,9941
`FS100717,货道1,可口可乐[自购版](CAN330ml),INTR121011635,饮料,3,3,9977,9977
`FS100717,货道2,雪碧[自购版](CAN330ml),INTR685011636,饮料,3,3,9979,9979
`FS100717,货道3,小野[芒果汁](CAN245ml),INTR457012418,饮料,3,3,9992,9992
`FS100717,货道4,宏宝莱碳酸饮料汽水荔枝味(CAN330ml),INTR992013247,饮料,3,2.5,9976,9976
`FS100717,货道5,统一好料道[仙草凉茶](CAN310ml),INTR791011678,饮料,4,4,9976,9976
`FS100717,货道6,,,,,4,9988,9988
`FS100717,货道7,,,,,2,9999,9999
`FS100717,货道8,可口可乐[自购版](PET500ml),INTR724012203,饮料,3.5,3.5,9944,9944
`FS100717,货道9,统一阿萨姆[奶茶原味](PET500ml),INTR230011689,饮料,4.5,4.5,9871,9871
`FS100717,货道10,饮养四季[金桔柠檬](PET500ml),INTR372011680,饮料,3.5,3.5,9917,9917
`FS100717,货道11,焕神[热带水果风味]饮料(PET460ml),INTR583011691,饮料,5,5,9987,9987
`FS100717,货道13,体质能量(PET580ml),INTR468012175,饮料,4,4,9918,9918
`FS100717,货道14,,,,,0,0,0
`FS100717,货道15,,,,,0,0,0
`FS100717,货道16,,,,,0,0,0
`FS100717,货道17,海之言[蓝莓](PET500ml),INTR526012420,饮料,4,4,9943,9943
`FS100717,货道19,统一茶裏王[无糖台式乌龙茶](PET420ml),INTR904011685,饮料,5,5,9976,9976
`FS100717,货道21,,,,,0,0,0
`FS100717,货道23,统一冰红茶[柠檬](PET500ml),INTR894011688,饮料,3,3,9977,9977
`FS100717,货道24,统一冰红茶[柠檬](PET500ml),INTR894011688,饮料,3,3,9922,9922
`FS100717,货道25,统一冰绿茶[青梅绿茶](PET500ml),INTR469011681,饮料,3,3,9880,9880
`FS100717,货道26,小茗同学[溜溜哒茶](PET480ml),INTR973011692,饮料,5,5,9971,9971
`FS100717,货道27,统一鲜橙多(PET450ml),INTR910011664,饮料,3.5,3.5,9750,9750
`FS100717,货道28,统一蜜桃多(PET450ml),INTR769012352,饮料,3.5,3.5,9937,9937
`FS100717,货道29,怡宝[纯净水](PET555ml),INTR128012109,矿泉水,2,2,9829,9829
`FS100717,货道30,怡宝[纯净水](PET555ml),INTR128012109,矿泉水,2,2,9748,9748
`FS100717,货道31,怡宝[纯净水](PET555ml),INTR128012109,矿泉水,2,2,9715,9715
`FS100717,货道32,海之言[蓝莓](PET500ml),INTR526012420,饮料,4,4,9951,9951
`FS100717,货道33,统一轻啵苏打水[桃花味](PET500ml),INTR876012423,饮料,3.5,3.5,9969,9969
`FS100717,货道34,今麦郎芒顿小镇柠檬水(PET500ml),INTR322012790,饮料,2.5,3,9939,9939
`FS100748,货道1,可口可乐[自购版](CAN330ml),INTR121011635,饮料,3,3,9954,9954
`FS100748,货道2,雪碧[自购版](CAN330ml),INTR685011636,饮料,3,3,9971,9971
`FS100748,货道3,小野[芒果汁](CAN245ml),INTR457012418,饮料,3,3,9990,9990
`FS100748,货道4,宏宝莱碳酸饮料汽水荔枝味(CAN330ml),INTR992013247,饮料,3,2.5,9973,9973
`FS100748,货道5,统一好料道[仙草凉茶](CAN310ml),INTR791011678,饮料,4,4,9977,9977
`FS100748,货道6,,,,,4,9977,9977
`FS100748,货道7,,,,,2,9999,9999
`FS100748,货道8,可口可乐[自购版](PET500ml),INTR724012203,饮料,3.5,3.5,9859,9859
`FS100748,货道9,统一阿萨姆[奶茶原味](PET500ml),INTR230011689,饮料,4.5,4.5,9756,9756
`FS100748,货道10,饮养四季[金桔柠檬](PET500ml),INTR372011680,饮料,3.5,3.5,9841,9841
`FS100748,货道11,焕神[热带水果风味]饮料(PET460ml),INTR583011691,饮料,5,5,9973,9973
`FS100748,货道13,体质能量(PET580ml),INTR468012175,饮料,4,4,9837,9837
`FS100748,货道14,,,,,0,0,0
`FS100748,货道15,,,,,0,0,0
`FS100748,货道16,,,,,0,0,0
`FS100748,货道17,海之言[蓝莓](PET500ml),INTR526012420,饮料,4,4,9912,9912
`FS100748,货道19,统一茶裏王[无糖台式乌龙茶](PET420ml),INTR904011685,饮料,5,5,9943,9943
`FS100748,货道21,,,,,0,0,0
`FS100748,货道23,统一冰红茶[柠檬](PET500ml),INTR894011688,饮料,3,3,9941,9941
`FS100748,货道24,统一冰红茶[柠檬](PET500ml),INTR894011688,饮料,3,3,9874,9874
`FS100748,货道25,统一冰绿茶[青梅绿茶](PET500ml),INTR469011681,饮料,3,3,9810,9810
`FS100748,货道26,小茗同学[溜溜哒茶](PET480ml),INTR973011692,饮料,5,5,9938,9938
`FS100748,货道27,统一鲜橙多(PET450ml),INTR910011664,饮料,3.5,3.5,9661,9661
`FS100748,货道28,统一蜜桃多(PET450ml),INTR769012352,饮料,3.5,3.5,9898,9898
`FS100748,货道29,怡宝[纯净水](PET555ml),INTR128012109,矿泉水,2,2,9596,9596
`FS100748,货道30,怡宝[纯净水](PET555ml),INTR128012109,矿泉水,2,2,9509,9509
`FS100748,货道31,怡宝[纯净水](PET555ml),INTR128012109,矿泉水,2,2,9506,9506
`FS100748,货道32,海之言[蓝莓](PET500ml),INTR526012420,饮料,4,4,9899,9899
`FS100748,货道33,统一轻啵苏打水[桃花味](PET500ml),INTR876012423,饮料,3.5,3.5,9942,9942
`FS100748,货道34,今麦郎芒顿小镇柠檬水(PET500ml),INTR322012790,饮料,2.5,3,9886,9886
`FS100703,货道1,可口可乐[自购版](CAN330ml),INTR121011635,饮料,3,2.5,15,15
`FS100703,货道2,可口可乐[自购版](CAN330ml),INTR121011635,饮料,3,2.5,2,2
`FS100703,货道3,王老吉凉茶(CAN310ml),INTR472012173,饮料,3.5,4,13,13
`FS100703,货道4,雪碧[自购版](CAN330ml),INTR685011636,饮料,3,2.5,11,11
`FS100703,货道5,统一好料道[仙草凉茶](CAN310ml),INTR791011678,饮料,4,4,11,11
`FS100703,货道6,爱朵拉拿铁咖啡(CAN310ml),INTR459011637,饮料,4,4,8,8
`FS100703,货道7,怡宝[纯净水](PET555ml),INTR128012109,矿泉水,2,2,14,14
`FS100703,货道8,怡宝[纯净水](PET555ml),INTR128012109,矿泉水,2,2,18,18
`FS100703,货道9,统一饮养四季[冰糖雪梨](PET500ml),INTR56004726,饮料,3.5,3.5,15,15
`FS100703,货道10,雅哈[冰咖啡](PET450ml),INTR470011686,饮料,5.5,5.5,8,8
`FS100703,货道11,统一茶裏王[无糖日式绿茶](PET420ml),INTR185012092,饮料,5,5,11,11
`FS100703,货道13,小茗同学[溜溜哒茶](PET480ml),INTR973011692,饮料,5,5,18,18
`FS100703,货道15,统一绿茶[茉莉](PET500ml),INTR577011683,饮料,3,3,18,18
`FS100703,货道17,统一绿茶[茉莉](PET500ml),INTR577011683,饮料,3,3,10,10
`FS100703,货道19,海之言[柠檬](PET500ml),INTR039011682,饮料,4,4,10,10
`FS100703,货道21,海之言[柠檬](PET500ml),INTR039011682,饮料,4,4,11,11
`FS100703,货道23,统一阿萨姆[奶茶原味](PET500ml),INTR230011689,饮料,4.5,4.5,18,18
`FS100703,货道24,统一阿萨姆[奶茶原味](PET500ml),INTR230011689,饮料,4.5,4.5,12,12
`FS100703,货道25,统一阿萨姆[奶茶原味](PET500ml),INTR230011689,饮料,4.5,4.5,11,11
`FS100703,货道26,统一阿萨姆[奶茶原味](PET500ml),INTR230011689,饮料,4.5,4.5,10,10
`FS100703,货道27,统一冰绿茶[青梅绿茶](PET500ml),INTR469011681,饮料,3,3,12,12
`FS100703,货道28,统一冰绿茶[青梅绿茶](PET500ml),INTR469011681,饮料,3,3,9,9
`FS100703,货道29,统一冰红茶[柠檬](PET500ml),INTR894011688,饮料,3,3,15,15
`FS100703,货道30,统一鲜橙多(PET450ml),INTR910011664,饮料,3.5,3.5,15,15
`FS100703,货道31,焕神[热带水果风味]饮料(PET460ml),INTR583011691,饮料,5,5,14,14
`FS100703,货道32,饮养四季[金桔柠檬](PET500ml),INTR372011680,饮料,3.5,3.5,6,6
`FS100703,货道33,饮养四季[金桔柠檬](PET500ml),INTR372011680,饮料,3.5,3.5,11,11
`FS100703,货道34,统一轻啵苏打水[柠檬味](PET500ml),INTR773011687,饮料,3.5,3.5,10,10
`FS100734,货道1,可口可乐[自购版](CAN330ml),INTR121011635,饮料,3,3,975,975
`FS100734,货道2,雪碧[自购版](CAN330ml),INTR685011636,饮料,3,3,976,976
`FS100734,货道3,小野[芒果汁](CAN245ml),INTR457012418,饮料,3,3,993,993
`FS100734,货道4,宏宝莱碳酸饮料汽水荔枝味(CAN330ml),INTR992013247,饮料,3,2.5,982,982
`FS100734,货道5,统一好料道[仙草凉茶](CAN310ml),INTR791011678,饮料,4,4,980,980
`FS100734,货道6,,,,,4,991,991
`FS100734,货道7,,,,,2,999,999
`FS100734,货道8,可口可乐[自购版](PET500ml),INTR724012203,饮料,3.5,3.5,864,864
`FS100734,货道9,统一阿萨姆[奶茶原味](PET500ml),INTR230011689,饮料,4.5,4.5,864,864
`FS100734,货道10,饮养四季[金桔柠檬](PET500ml),INTR372011680,饮料,3.5,3.5,866,866
`FS100734,货道11,焕神[热带水果风味]饮料(PET460ml),INTR583011691,饮料,5,5,980,980
`FS100734,货道13,体质能量(PET580ml),INTR468012175,饮料,4,4,868,868
`FS100734,货道14,,,,,0,0,0
`FS100734,货道15,,,,,0,0,0
`FS100734,货道16,,,,,0,0,0
`FS100734,货道17,海之言[蓝莓](PET500ml),INTR526012420,饮料,4,4,926,926
`FS100734,货道19,统一茶裏王[无糖台式乌龙茶](PET420ml),INTR904011685,饮料,5,5,942,942
`FS100734,货道21,,,,,0,0,0
`FS100734,货道23,统一冰红茶[柠檬](PET500ml),INTR894011688,饮料,3,3,960,960
`FS100734,货道24,统一冰红茶[柠檬](PET500ml),INTR894011688,饮料,3,3,902,902
`FS100734,货道25,统一冰绿茶[青梅绿茶](PET500ml),INTR469011681,饮料,3,3,846,846
`FS100734,货道26,小茗同学[溜溜哒茶](PET480ml),INTR973011692,饮料,5,5,961,961
`FS100734,货道27,统一鲜橙多(PET450ml),INTR910011664,饮料,3.5,3.5,692,692
`FS100734,货道28,统一蜜桃多(PET450ml),INTR769012352,饮料,3.5,3.5,892,892
`FS100734,货道29,怡宝[纯净水](PET555ml),INTR128012109,矿泉水,2,2,676,676
`FS100734,货道30,怡宝[纯净水](PET555ml),INTR128012109,矿泉水,2,2,543,543
`FS100734,货道31,怡宝[纯净水](PET555ml),INTR128012109,矿泉水,2,2,551,551
`FS100734,货道32,海之言[蓝莓](PET500ml),INTR526012420,饮料,4,4,915,915
`FS100734,货道33,统一轻啵苏打水[桃花味](PET500ml),INTR876012423,饮料,3.5,3.5,957,957
`FS100734,货道34,今麦郎芒顿小镇柠檬水(PET500ml),INTR322012790,饮料,2.5,3,931,931
`FS100670,货道1,可口可乐[自购版](CAN330ml),INTR121011635,饮料,3,3,9971,9971
`FS100670,货道2,雪碧[自购版](CAN330ml),INTR685011636,饮料,3,3,9977,9977
`FS100670,货道3,小野[芒果汁](CAN245ml),INTR457012418,饮料,3,3,9993,9993
`FS100670,货道4,宏宝莱碳酸饮料汽水荔枝味(CAN330ml),INTR992013247,饮料,3,2.5,9979,9979
`FS100670,货道5,统一好料道[仙草凉茶](CAN310ml),INTR791011678,饮料,4,4,9981,9981
`FS100670,货道6,,,,,4,9986,9986
`FS100670,货道7,,,,,2,9999,9999
`FS100670,货道8,可口可乐[自购版](PET500ml),INTR724012203,饮料,3.5,3.5,9912,9912
`FS100670,货道9,统一阿萨姆[奶茶原味](PET500ml),INTR230011689,饮料,4.5,4.5,9890,9890
`FS100670,货道10,饮养四季[金桔柠檬](PET500ml),INTR372011680,饮料,3.5,3.5,9902,9902
`FS100670,货道11,焕神[热带水果风味]饮料(PET460ml),INTR583011691,饮料,5,5,9990,9990
`FS100670,货道13,体质能量(PET580ml),INTR468012175,饮料,4,4,9918,9918
`FS100670,货道14,,,,,0,0,0
`FS100670,货道15,,,,,0,0,0
`FS100670,货道16,,,,,0,0,0
`FS100670,货道17,海之言[蓝莓](PET500ml),INTR526012420,饮料,4,4,9949,9949
`FS100670,货道19,统一茶裏王[无糖台式乌龙茶](PET420ml),INTR904011685,饮料,5,5,9972,9972
`FS100670,货道21,,,,,0,0,0
`FS100670,货道23,统一冰红茶[柠檬](PET500ml),INTR894011688,饮料,3,3,9973,9973
`FS100670,货道24,统一冰红茶[柠檬](PET500ml),INTR894011688,饮料,3,3,9937,9937
`FS100670,货道25,统一冰绿茶[青梅绿茶](PET500ml),INTR469011681,饮料,3,3,9888,9888
`FS100670,货道26,小茗同学[溜溜哒茶](PET480ml),INTR973011692,饮料,5,5,9963,9963
`FS100670,货道27,统一鲜橙多(PET450ml),INTR910011664,饮料,3.5,3.5,9732,9732
`FS100670,货道28,统一蜜桃多(PET450ml),INTR769012352,饮料,3.5,3.5,9914,9914
`FS100670,货道29,怡宝[纯净水](PET555ml),INTR128012109,矿泉水,2,2,9815,9815
`FS100670,货道30,怡宝[纯净水](PET555ml),INTR128012109,矿泉水,2,2,9745,9745
`FS100670,货道31,怡宝[纯净水](PET555ml),INTR128012109,矿泉水,2,2,9602,9602
`FS100670,货道32,海之言[蓝莓](PET500ml),INTR526012420,饮料,4,4,9942,9942
`FS100670,货道33,统一轻啵苏打水[桃花味](PET500ml),INTR876012423,饮料,3.5,3.5,9963,9963
`FS100670,货道34,今麦郎芒顿小镇柠檬水(PET500ml),INTR322012790,饮料,2.5,3,9935,9935
`FS100685,货道1,可口可乐[自购版](CAN330ml),INTR121011635,饮料,3,3,9990,9990
`FS100685,货道2,雪碧[自购版](CAN330ml),INTR685011636,饮料,3,3,9980,9980
`FS100685,货道3,小野[芒果汁](CAN245ml),INTR457012418,饮料,3,3,9998,9998
`FS100685,货道4,宏宝莱碳酸饮料汽水荔枝味(CAN330ml),INTR992013247,饮料,3,2.5,9983,9983
`FS100685,货道5,统一好料道[仙草凉茶](CAN310ml),INTR791011678,饮料,4,4,9984,9984
`FS100685,货道6,,,,,4,9992,9992
`FS100685,货道7,,,,,2,9999,9999
`FS100685,货道8,可口可乐[自购版](PET500ml),INTR724012203,饮料,3.5,3.5,9928,9928
`FS100685,货道9,统一阿萨姆[奶茶原味](PET500ml),INTR230011689,饮料,4.5,4.5,9932,9932
`FS100685,货道10,饮养四季[金桔柠檬](PET500ml),INTR372011680,饮料,3.5,3.5,9945,9945
`FS100685,货道11,焕神[热带水果风味]饮料(PET460ml),INTR583011691,饮料,5,5,9985,9985
`FS100685,货道13,体质能量(PET580ml),INTR468012175,饮料,4,4,9930,9930
`FS100685,货道14,,,,,0,0,0
`FS100685,货道15,,,,,0,0,0
`FS100685,货道16,,,,,0,0,0
`FS100685,货道17,海之言[蓝莓](PET500ml),INTR526012420,饮料,4,4,9959,9959
`FS100685,货道19,统一茶裏王[无糖台式乌龙茶](PET420ml),INTR904011685,饮料,5,5,9982,9982
`FS100685,货道21,,,,,0,0,0
`FS100685,货道23,统一冰红茶[柠檬](PET500ml),INTR894011688,饮料,3,3,9987,9987
`FS100685,货道24,统一冰红茶[柠檬](PET500ml),INTR894011688,饮料,3,3,9937,9937
`FS100685,货道25,统一冰绿茶[青梅绿茶](PET500ml),INTR469011681,饮料,3,3,9920,9920
`FS100685,货道26,小茗同学[溜溜哒茶](PET480ml),INTR973011692,饮料,5,5,9969,9969
`FS100685,货道27,统一鲜橙多(PET450ml),INTR910011664,饮料,3.5,3.5,9808,9808
`FS100685,货道28,统一蜜桃多(PET450ml),INTR769012352,饮料,3.5,3.5,9919,9919
`FS100685,货道29,怡宝[纯净水](PET555ml),INTR128012109,矿泉水,2,2,9897,9897
`FS100685,货道30,怡宝[纯净水](PET555ml),INTR128012109,矿泉水,2,2,9866,9866
`FS100685,货道31,怡宝[纯净水](PET555ml),INTR128012109,矿泉水,2,2,9715,9715
`FS100685,货道32,海之言[蓝莓](PET500ml),INTR526012420,饮料,4,4,9959,9959
`FS100685,货道33,统一轻啵苏打水[桃花味](PET500ml),INTR876012423,饮料,3.5,3.5,9975,9975
`FS100685,货道34,今麦郎芒顿小镇柠檬水(PET500ml),INTR322012790,饮料,2.5,3,9957,9957
`FS100675,货道1,可口可乐[自购版](CAN330ml),INTR121011635,饮料,3,3,9988,9988
`FS100675,货道2,雪碧[自购版](CAN330ml),INTR685011636,饮料,3,3,9985,9985
`FS100675,货道3,小野[芒果汁](CAN245ml),INTR457012418,饮料,3,3,9995,9995
`FS100675,货道4,宏宝莱碳酸饮料汽水荔枝味(CAN330ml),INTR992013247,饮料,3,2.5,9978,9978
`FS100675,货道5,统一好料道[仙草凉茶](CAN310ml),INTR791011678,饮料,4,4,9982,9982
`FS100675,货道6,,,,,4,9993,9993
`FS100675,货道7,,,,,2,9999,9999
`FS100675,货道8,可口可乐[自购版](PET500ml),INTR724012203,饮料,3.5,3.5,9937,9937
`FS100675,货道9,统一阿萨姆[奶茶原味](PET500ml),INTR230011689,饮料,4.5,4.5,9954,9954
`FS100675,货道10,饮养四季[金桔柠檬](PET500ml),INTR372011680,饮料,3.5,3.5,9950,9950
`FS100675,货道11,焕神[热带水果风味]饮料(PET460ml),INTR583011691,饮料,5,5,9989,9989
`FS100675,货道13,体质能量(PET580ml),INTR468012175,饮料,4,4,9924,9924
`FS100675,货道14,,,,,0,0,0
`FS100675,货道15,,,,,0,0,0
`FS100675,货道16,,,,,0,0,0
`FS100675,货道17,海之言[蓝莓](PET500ml),INTR526012420,饮料,4,4,9939,9939
`FS100675,货道19,海之言[蓝莓](PET500ml),INTR526012420,饮料,4,4,9999,9999
`FS100675,货道21,,,,,0,0,0
`FS100675,货道23,统一冰红茶[柠檬](PET500ml),INTR894011688,饮料,3,3,9982,9982
`FS100675,货道24,统一冰红茶[柠檬](PET500ml),INTR894011688,饮料,3,3,9959,9959
`FS100675,货道25,统一冰绿茶[青梅绿茶](PET500ml),INTR469011681,饮料,3,3,9909,9909
`FS100675,货道26,小茗同学[溜溜哒茶](PET480ml),INTR973011692,饮料,5,5,9965,9965
`FS100675,货道27,统一鲜橙多(PET450ml),INTR910011664,饮料,3.5,3.5,9849,9849
`FS100675,货道28,统一鲜橙多(PET450ml),INTR910011664,饮料,3.5,3.5,9995,9995
`FS100675,货道29,怡宝[纯净水](PET555ml),INTR128012109,矿泉水,2,2,9856,9856
`FS100675,货道30,怡宝[纯净水](PET555ml),INTR128012109,矿泉水,2,2,9856,9856
`FS100675,货道31,怡宝[纯净水](PET555ml),INTR128012109,矿泉水,2,2,9758,9758
`FS100675,货道32,海之言[蓝莓](PET500ml),INTR526012420,饮料,4,4,9952,9952
`FS100675,货道33,统一轻啵苏打水[桃花味](PET500ml),INTR876012423,饮料,3.5,3.5,9974,9974
`FS100675,货道34,今麦郎芒顿小镇柠檬水(PET500ml),INTR322012790,饮料,2.5,3,9948,9948
`FS100718,货道1,可口可乐[自购版](CAN330ml),INTR121011635,饮料,3,3,9974,9974
`FS100718,货道2,雪碧[自购版](CAN330ml),INTR685011636,饮料,3,3,9969,9969
`FS100718,货道3,小野[芒果汁](CAN245ml),INTR457012418,饮料,3,3,9994,9994
`FS100718,货道4,宏宝莱碳酸饮料汽水荔枝味(CAN330ml),INTR992013247,饮料,3,2.5,9975,9975
`FS100718,货道5,统一好料道[仙草凉茶](CAN310ml),INTR791011678,饮料,4,4,9972,9972
`FS100718,货道6,,,,,4,9993,9993
`FS100718,货道7,,,,,2,9999,9999
`FS100718,货道8,可口可乐[自购版](PET500ml),INTR724012203,饮料,3.5,3.5,9925,9925
`FS100718,货道9,统一阿萨姆[奶茶原味](PET500ml),INTR230011689,饮料,4.5,4.5,9927,9927
`FS100718,货道10,饮养四季[金桔柠檬](PET500ml),INTR372011680,饮料,3.5,3.5,9928,9928
`FS100718,货道11,焕神[热带水果风味]饮料(PET460ml),INTR583011691,饮料,5,5,9978,9978
`FS100718,货道13,体质能量(PET580ml),INTR468012175,饮料,4,4,9859,9859
`FS100718,货道14,,,,,0,0,0
`FS100718,货道15,,,,,0,0,0
`FS100718,货道16,,,,,0,0,0
`FS100718,货道17,海之言[蓝莓](PET500ml),INTR526012420,饮料,4,4,9908,9908
`FS100718,货道19,海之言[蓝莓](PET500ml),INTR526012420,饮料,4,4,9994,9994
`FS100718,货道21,,,,,0,0,0
`FS100718,货道23,统一冰红茶[柠檬](PET500ml),INTR894011688,饮料,3,3,9971,9971
`FS100718,货道24,统一冰红茶[柠檬](PET500ml),INTR894011688,饮料,3,3,9920,9920
`FS100718,货道25,统一冰绿茶[青梅绿茶](PET500ml),INTR469011681,饮料,3,3,9868,9868
`FS100718,货道26,小茗同学[溜溜哒茶](PET480ml),INTR973011692,饮料,5,5,9947,9947
`FS100718,货道27,统一鲜橙多(PET450ml),INTR910011664,饮料,3.5,3.5,9775,9775
`FS100718,货道28,统一鲜橙多(PET450ml),INTR910011664,饮料,3.5,3.5,9990,9990
`FS100718,货道29,怡宝[纯净水](PET555ml),INTR128012109,矿泉水,2,2,9753,9753
`FS100718,货道30,怡宝[纯净水](PET555ml),INTR128012109,矿泉水,2,2,9665,9665
`FS100718,货道31,怡宝[纯净水](PET555ml),INTR128012109,矿泉水,2,2,9584,9584
`FS100718,货道32,海之言[蓝莓](PET500ml),INTR526012420,饮料,4,4,9931,9931
`FS100718,货道33,统一轻啵苏打水[桃花味](PET500ml),INTR876012423,饮料,3.5,3.5,9964,9964
`FS100718,货道34,今麦郎芒顿小镇柠檬水(PET500ml),INTR322012790,饮料,2.5,3,9918,9918
`FS100729,货道1,统一蜜桃多(CAN310ml),INTR765012351,饮料,3,2.5,19,19
`FS100729,货道2,统一果汁[金桔柠檬](CAN310ml),1.56473E+17,开门柜,3,2.5,15,15
`FS100729,货道3,统一好料道[仙草凉茶](CAN310ml),INTR791011678,饮料,4,4,14,14
`FS100729,货道4,统一鲜橙多(CAN310ml),INTR767011663,饮料,3,2.5,14,14
`FS100729,货道5,统一鲜橙多(CAN310ml),INTR767011663,饮料,3,2.5,11,11
`FS100729,货道6,统一鲜橙多(CAN310ml),INTR767011663,饮料,3,2.5,10,10
`FS100729,货道7,农夫山泉(PET550ml),INTR993012106,矿泉水,2,2,17,17
`FS100729,货道8,百香公举[百香果](PET480ml),INTR017012171,饮料,4,4,10,10
`FS100729,货道9,统一冰红茶[柠檬](PET500ml),INTR894011688,饮料,3,3,14,14
`FS100729,货道10,统一冰红茶[柠檬](PET500ml),INTR894011688,饮料,3,3,13,13
`FS100729,货道11,可口可乐[自购版](PET500ml),INTR724012203,饮料,3.5,3.5,8,8
`FS100729,货道13,台福[高钙花生牛奶](CAN365ml),INTR531012172,饮料,3.5,3.5,19,19
`FS100729,货道14,百事可乐(CAN330ml),INTR785012174,饮料,2.5,2.5,19,19
`FS100729,货道15,王老吉凉茶(CAN310ml),INTR472012173,饮料,3.5,3.5,18,18
`FS100729,货道16,乐虎维生素功能饮料(CAN250ml),INTR995012194,饮料,5.5,5.5,18,18
`FS100729,货道17,统一双萃[柠檬茶](PET500ml),INTR466012427,饮料,3,3,15,15
`FS100729,货道19,小茗同学[溜溜哒茶](PET480ml),INTR973011692,饮料,5,5,13,13
`FS100729,货道21,统一双萃[柠檬茶](PET500ml),INTR466012427,饮料,3,3,11,11
`FS100729,货道23,统一饮养四季[冰糖雪梨](PET500ml),INTR56004726,饮料,3.5,3,19,19
`FS100729,货道24,统一鲜橙多(PET450ml),INTR910011664,饮料,3.5,3.5,15,15
`FS100729,货道25,统一绿茶[茉莉](PET500ml),INTR577011683,饮料,3,3,16,16
`FS100729,货道26,统一绿茶[茉莉](PET500ml),INTR577011683,饮料,3,3,14,14
`FS100729,货道27,饮养四季[金桔柠檬](PET500ml),INTR372011680,饮料,3.5,3.5,11,11
`FS100729,货道28,饮养四季[金桔柠檬](PET500ml),INTR372011680,饮料,3.5,3.5,10,10
`FS100729,货道29,农夫山泉(PET550ml),INTR993012106,矿泉水,2,2,20,20
`FS100729,货道30,统一阿萨姆[奶茶原味](PET500ml),INTR230011689,饮料,4.5,4.5,3,3
`FS100729,货道31,统一阿萨姆[奶茶原味](PET500ml),INTR230011689,饮料,4.5,4.5,14,14
`FS100729,货道32,海之言[柠檬](PET500ml),INTR039011682,饮料,4,4,13,13
`FS100729,货道33,海之言[柠檬](PET500ml),INTR039011682,饮料,4,4,11,11
`FS100729,货道34,焕神[热带水果风味]饮料(PET460ml),INTR583011691,饮料,5,5,6,6
`FS100693,货道1,可口可乐[自购版](CAN330ml),INTR121011635,饮料,3,3,9988,9988
`FS100693,货道2,雪碧[自购版](CAN330ml),INTR685011636,饮料,3,3,9980,9980
`FS100693,货道3,小野[芒果汁](CAN245ml),INTR457012418,饮料,3,3,9991,9991
`FS100693,货道4,宏宝莱碳酸饮料汽水荔枝味(CAN330ml),INTR992013247,饮料,3,2.5,9985,9985
`FS100693,货道5,统一好料道[仙草凉茶](CAN310ml),INTR791011678,饮料,4,4,9980,9980
`FS100693,货道6,,,,,4,9991,9991
`FS100693,货道7,,,,,2,9978,9978
`FS100693,货道8,可口可乐[自购版](PET500ml),INTR724012203,饮料,3.5,3.5,9918,9918
`FS100693,货道9,统一阿萨姆[奶茶原味](PET500ml),INTR230011689,饮料,4.5,4.5,9926,9926
`FS100693,货道10,饮养四季[金桔柠檬](PET500ml),INTR372011680,饮料,3.5,3.5,9932,9932
`FS100693,货道11,焕神[热带水果风味]饮料(PET460ml),INTR583011691,饮料,5,5,9938,9938
`FS100693,货道13,体质能量(PET580ml),INTR468012175,饮料,4,4,9722,9722
`FS100693,货道14,,,,,0,0,0
`FS100693,货道15,,,,,0,0,0
`FS100693,货道16,,,,,0,0,0
`FS100693,货道17,海之言[蓝莓](PET500ml),INTR526012420,饮料,4,4,9907,9907
`FS100693,货道19,海之言[蓝莓](PET500ml),INTR526012420,饮料,4,4,9986,9986
`FS100693,货道21,,,,,0,0,0
`FS100693,货道23,统一冰红茶[柠檬](PET500ml),INTR894011688,饮料,3,3,9963,9963
`FS100693,货道24,统一冰红茶[柠檬](PET500ml),INTR894011688,饮料,3,3,9911,9911
`FS100693,货道25,统一冰绿茶[青梅绿茶](PET500ml),INTR469011681,饮料,3,3,9871,9871
`FS100693,货道26,小茗同学[溜溜哒茶](PET480ml),INTR973011692,饮料,5,5,9947,9947
`FS100693,货道27,统一鲜橙多(PET450ml),INTR910011664,饮料,3.5,3.5,9775,9775
`FS100693,货道28,统一鲜橙多(PET450ml),INTR910011664,饮料,3.5,3.5,9985,9985
`FS100693,货道29,怡宝[纯净水](PET555ml),INTR128012109,矿泉水,2,2,9607,9607
`FS100693,货道30,怡宝[纯净水](PET555ml),INTR128012109,矿泉水,2,2,9585,9585
`FS100693,货道31,怡宝[纯净水](PET555ml),INTR128012109,矿泉水,2,2,9523,9523
`FS100693,货道32,海之言[蓝莓](PET500ml),INTR526012420,饮料,4,4,9937,9937
`FS100693,货道33,统一轻啵苏打水[桃花味](PET500ml),INTR876012423,饮料,3.5,3.5,9939,9939
`FS100693,货道34,今麦郎芒顿小镇柠檬水(PET500ml),INTR322012790,饮料,2.5,3,9932,9932
`FS100677,货道1,可口可乐[自购版](CAN330ml),INTR121011635,饮料,3,3,9992,9992
`FS100677,货道2,雪碧[自购版](CAN330ml),INTR685011636,饮料,3,3,9986,9986
`FS100677,货道3,小野[芒果汁](CAN245ml),INTR457012418,饮料,3,3,9996,9996
`FS100677,货道4,宏宝莱碳酸饮料汽水荔枝味(CAN330ml),INTR992013247,饮料,3,2.5,9993,9993
`FS100677,货道5,统一好料道[仙草凉茶](CAN310ml),INTR791011678,饮料,4,4,9987,9987
`FS100677,货道6,,,,,4,9995,9995
`FS100677,货道7,,,,,2,9983,9983
`FS100677,货道8,可口可乐[自购版](PET500ml),INTR724012203,饮料,3.5,3.5,9969,9969
`FS100677,货道9,统一阿萨姆[奶茶原味](PET500ml),INTR230011689,饮料,4.5,4.5,9958,9958
`FS100677,货道10,饮养四季[金桔柠檬](PET500ml),INTR372011680,饮料,3.5,3.5,9951,9951
`FS100677,货道11,焕神[热带水果风味]饮料(PET460ml),INTR583011691,饮料,5,5,9965,9965
`FS100677,货道13,体质能量(PET580ml),INTR468012175,饮料,4,4,9842,9842
`FS100677,货道14,,,,,0,0,0
`FS100677,货道15,,,,,0,0,0
`FS100677,货道16,,,,,0,0,0
`FS100677,货道17,海之言[蓝莓](PET500ml),INTR526012420,饮料,4,4,9967,9967
`FS100677,货道19,海之言[蓝莓](PET500ml),INTR526012420,饮料,4,4,9995,9995
`FS100677,货道21,,,,,0,0,0
`FS100677,货道23,统一冰红茶[柠檬](PET500ml),INTR894011688,饮料,3,3,9987,9987
`FS100677,货道24,统一冰红茶[柠檬](PET500ml),INTR894011688,饮料,3,3,9943,9943
`FS100677,货道25,统一冰绿茶[青梅绿茶](PET500ml),INTR469011681,饮料,3,3,9940,9940
`FS100677,货道26,小茗同学[溜溜哒茶](PET480ml),INTR973011692,饮料,5,5,9973,9973
`FS100677,货道27,统一鲜橙多(PET450ml),INTR910011664,饮料,3.5,3.5,9854,9854
`FS100677,货道28,统一鲜橙多(PET450ml),INTR910011664,饮料,3.5,3.5,9996,9996
`FS100677,货道29,怡宝[纯净水](PET555ml),INTR128012109,矿泉水,2,2,9807,9807
`FS100677,货道30,怡宝[纯净水](PET555ml),INTR128012109,矿泉水,2,2,9802,9802
`FS100677,货道31,怡宝[纯净水](PET555ml),INTR128012109,矿泉水,2,2,9710,9710
`FS100677,货道32,海之言[蓝莓](PET500ml),INTR526012420,饮料,4,4,9947,9947
`FS100677,货道33,统一轻啵苏打水[桃花味](PET500ml),INTR876012423,饮料,3.5,3.5,9965,9965
`FS100677,货道34,今麦郎芒顿小镇柠檬水(PET500ml),INTR322012790,饮料,2.5,3,9955,9955
`FS100348,货道1,台福[高钙花生牛奶](CAN365ml),INTR531012172,饮料,3.5,3.5,18,18
`FS100348,货道2,乐虎维生素功能饮料(CAN250ml),INTR995012194,饮料,5.5,5.5,13,13
`FS100348,货道3,可口可乐[自购版](CAN330ml),INTR121011635,饮料,3,3,13,13
`FS100348,货道4,可口可乐[自购版](CAN330ml),INTR121011635,饮料,3,3,13,13
`FS100348,货道5,统一鲜橙多(CAN310ml),INTR767011663,饮料,3,2.5,10,10
`FS100348,货道6,统一鲜橙多(CAN310ml),INTR767011663,饮料,3,2.5,8,8
`FS100348,货道7,农夫山泉(PET550ml),INTR993012106,矿泉水,2,2,16,16
`FS100348,货道8,可口可乐[自购版](PET500ml),INTR724012203,饮料,3.5,3,6,6
`FS100348,货道9,统一绿茶[茉莉](PET500ml),INTR577011683,饮料,3,3,13,13
`FS100348,货道10,统一绿茶[茉莉](PET500ml),INTR577011683,饮料,3,3,10,10
`FS100348,货道11,饮养四季[金桔柠檬](PET500ml),INTR372011680,饮料,3.5,3,8,8
`FS100348,货道13,可口可乐(PET500ml),INTR310011684,饮料,3.5,3,16,16
`FS100348,货道14,,,,,,0,0
`FS100348,货道15,农夫山泉(PET550ml),INTR993012106,矿泉水,2,2,17,17
`FS100348,货道16,,,,,,0,0
`FS100348,货道17,饮养四季[金桔柠檬](PET500ml),INTR372011680,饮料,3.5,3,14,14
`FS100348,货道19,小茗同学[溜溜哒茶](PET480ml),INTR973011692,饮料,5,5,11,11
`FS100348,货道21,统一冰红茶[柠檬](PET500ml),INTR894011688,饮料,3,3,9,9
`FS100348,货道23,今麦郎茉莉蜜茶(PET500ml),INTR701012110,饮料,4,4,21,21
`FS100348,货道24,统一鲜橙多(PET450ml),INTR910011664,饮料,3.5,3.5,16,16
`FS100348,货道25,统一冰红茶[柠檬](PET500ml),INTR894011688,饮料,3,3,15,15
`FS100348,货道26,统一冰红茶[柠檬](PET500ml),INTR894011688,饮料,3,3,11,11
`FS100348,货道27,焕神[热带水果风味]饮料(PET460ml),INTR583011691,饮料,5,5,12,12
`FS100348,货道28,统一好料道[仙草凉茶](CAN310ml),INTR791011678,饮料,4,4,10,10
`FS100348,货道29,统一阿萨姆[奶茶原味](PET500ml),INTR230011689,饮料,4.5,4,20,20
`FS100348,货道30,统一阿萨姆[奶茶原味](PET500ml),INTR230011689,饮料,4.5,4,18,18
`FS100348,货道31,统一双萃[柠檬茶](PET500ml),INTR466012427,饮料,3,3,16,16
`FS100348,货道32,海之言[柠檬](PET500ml),INTR039011682,饮料,4,4,14,14
`FS100348,货道33,统一鲜橙多(PET450ml),INTR910011664,饮料,3.5,3.5,11,11
`FS100348,货道34,今麦郎芒顿小镇蜜桃水(PET500ml),INTR133012193,饮料,2.5,2.5,9,9
`FS100788,货道1,可口可乐[自购版](CAN330ml),INTR121011635,饮料,3,3,18,18
`FS100788,货道2,雪碧[自购版](CAN330ml),INTR685011636,饮料,3,3,13,13
`FS100788,货道3,雪碧[自购版](CAN330ml),INTR685011636,饮料,3,3,14,14
`FS100788,货道4,统一冰红茶(CAN310ml),INTR115011662,饮料,2.5,2.5,14,14
`FS100788,货道5,统一鲜橙多(CAN310ml),INTR767011663,饮料,3,3,12,12
`FS100788,货道6,统一鲜橙多(CAN310ml),INTR767011663,饮料,3,3,11,11
`FS100788,货道7,统一阿萨姆[奶茶原味](PET500ml),INTR230011689,饮料,4.5,4.5,18,18
`FS100788,货道8,农夫山泉(PET550ml),INTR993012106,矿泉水,2,2,17,17
`FS100788,货道9,统一鲜橙多(PET450ml),INTR910011664,饮料,3.5,3.5,15,15
`FS100788,货道10,统一冰绿茶[青梅绿茶](PET500ml),INTR469011681,饮料,3,3,13,13
`FS100788,货道11,统一冰绿茶[青梅绿茶](PET500ml),INTR469011681,饮料,3,3,11,11
`FS100788,货道13,百事可乐(PET600ml),INTR065012794,饮料,3.5,3.5,19,19
`FS100788,货道14,,,,,,0,0
`FS100788,货道15,百事可乐(PET600ml),INTR065012794,饮料,3.5,3.5,16,16
`FS100788,货道16,,,,,,0,0
`FS100788,货道17,百事可乐(PET600ml),INTR065012794,饮料,3.5,3.5,14,14
`FS100788,货道19,可口可乐[自购版](PET500ml),INTR724012203,饮料,3.5,3.5,12,12
`FS100788,货道21,雪碧[自购版](PET500ml),INTR175012204,饮料,3.5,3.5,11,11
`FS100788,货道23,可口可乐[自购版](CAN330ml),INTR121011635,饮料,3,3,21,21
`FS100788,货道24,农夫山泉(PET550ml),INTR993012106,矿泉水,2,2,19,19
`FS100788,货道25,农夫山泉(PET550ml),INTR993012106,矿泉水,2,2,15,15
`FS100788,货道26,统一冰红茶[柠檬](PET500ml),INTR894011688,饮料,3,3,15,15
`FS100788,货道27,统一绿茶[茉莉](PET500ml),INTR577011683,饮料,3,3,13,13
`FS100788,货道28,焕神[热带水果风味]饮料(PET460ml),INTR583011691,饮料,5,5,7,7
`FS100788,货道29,可口可乐[自购版](CAN330ml),INTR121011635,饮料,3,3,20,20
`FS100788,货道30,海之言[柠檬](PET500ml),INTR039011682,饮料,4,4,14,14
`FS100788,货道31,小茗同学[溜溜哒茶](PET480ml),INTR973011692,饮料,5,5,17,17
`FS100788,货道32,统一冰红茶[柠檬](PET500ml),INTR894011688,饮料,3,3,15,15
`FS100788,货道33,统一绿茶[茉莉](PET500ml),INTR577011683,饮料,3,3,13,13
`FS100788,货道34,饮养四季[金桔柠檬](PET500ml),INTR372011680,饮料,3.5,3.5,11,11
`FS101292,货道1,统一冰绿茶[青梅绿茶](CAN310ml),INTG116100075,饮料,2.5,2.5,0,0
`FS101292,货道2,统一冰绿茶[青梅绿茶](CAN310ml),INTG116100075,饮料,2.5,2.5,1,1
`FS101292,货道3,统一果汁[金桔柠檬](CAN310ml),1.56473E+17,开门柜,3,2.5,1,1
`FS101292,货道4,统一果汁[金桔柠檬](CAN310ml),1.56473E+17,开门柜,3,2.5,0,0
`FS101292,货道5,爱朵拉拿铁咖啡(CAN310ml),INTR459011637,饮料,4,4,12,12
`FS101292,货道6,统一好料道[仙草凉茶](CAN310ml),INTR791011678,饮料,4,4,0,0
`FS101292,货道7,雪碧(PET500ml),INTR274011679,饮料,3.5,3.5,13,13
`FS101292,货道8,统一绿茶[茉莉](PET500ml),INTR577011683,饮料,3,3,3,3
`FS101292,货道9,统一冰绿茶[青梅绿茶](PET500ml),INTR469011681,饮料,3,3,3,3
`FS101292,货道10,海之言[柠檬](PET500ml),INTR039011682,饮料,4,4,3,3
`FS101292,货道11,海之言[柠檬](PET500ml),INTR039011682,饮料,4,4,3,3
`FS101292,货道13,可口可乐[零度](500ml),INTR890011661,饮料,3.5,3.5,1,1
`FS101292,货道15,可口可乐(PET500ml),INTR310011684,饮料,3.5,3.5,2,2
`FS101292,货道17,可口可乐(PET500ml),INTR310011684,饮料,3.5,3.5,3,3
`FS101292,货道19,雅哈[冰咖啡](PET450ml),INTR470011686,饮料,5.5,5.5,2,2
`FS101292,货道21,雅哈[冰咖啡](PET450ml),INTR470011686,饮料,5.5,5.5,3,3
`FS101292,货道23,统一轻啵苏打水[柠檬味](PET500ml),INTR773011687,饮料,3.5,3.5,2,2
`FS101292,货道24,统一冰红茶[柠檬](PET500ml),INTR894011688,饮料,3,3,2,2
`FS101292,货道25,统一冰红茶[柠檬](PET500ml),INTR894011688,饮料,3,3,0,0
`FS101292,货道26,统一冰红茶[柠檬](PET500ml),INTR894011688,饮料,3,3,3,3
`FS101292,货道27,雅哈[冰咖啡](PET450ml),INTR470011686,饮料,5.5,5.5,1,1
`FS101292,货道28,统一阿萨姆[奶茶原味](PET500ml),INTR230011689,饮料,4.5,4.5,2,2
`FS101292,货道29,可口可乐纯悦水(PET500ml),INTR123011690,饮料,2,2,2,2
`FS101292,货道30,焕神[热带水果风味]饮料(PET460ml),INTR583011691,饮料,5,5,2,2
`FS101292,货道31,焕神[热带水果风味]饮料(PET460ml),INTR583011691,饮料,5,5,3,3
`FS101292,货道32,统一冰绿茶[青梅绿茶](PET500ml),INTR469011681,饮料,3,3,0,0
`FS101292,货道33,小茗同学[溜溜哒茶](PET480ml),INTR973011692,饮料,5,5,2,2
`FS101292,货道34,饮养四季[金桔柠檬](PET500ml),INTR372011680,饮料,3.5,3,2,2
`FS101281,货道1,统一果汁[金桔柠檬](CAN310ml),1.56473E+17,开门柜,3,2.5,1,1
`FS101281,货道2,统一果汁[金桔柠檬](CAN310ml),1.56473E+17,开门柜,3,2.5,1,1
`FS101281,货道3,统一冰绿茶[青梅绿茶](CAN310ml),INTG116100075,饮料,2.5,2.5,2,2
`FS101281,货道4,统一冰绿茶[青梅绿茶](CAN310ml),INTG116100075,饮料,2.5,2.5,1,1
`FS101281,货道5,爱朵拉拿铁咖啡(CAN310ml),INTR459011637,饮料,4,4,2,2
`FS101281,货道6,统一好料道[仙草凉茶](CAN310ml),INTR791011678,饮料,4,4,4,4
`FS101281,货道7,雪碧[自购版](PET500ml),INTR175012204,饮料,3.5,3.5,0,0
`FS101281,货道8,统一绿茶[茉莉](PET500ml),INTR577011683,饮料,3,3,3,3
`FS101281,货道9,统一鲜橙多(PET450ml),INTR910011664,饮料,3.5,3.5,2,2
`FS101281,货道10,海之言[柠檬](PET500ml),INTR039011682,饮料,4,4,3,3
`FS101281,货道11,海之言[柠檬](PET500ml),INTR039011682,饮料,4,4,3,3
`FS101281,货道13,可口可乐[自购版](PET500ml),INTR724012203,饮料,3.5,3.5,0,0
`FS101281,货道14,,,,,,0,0
`FS101281,货道15,可口可乐[自购版](PET500ml),INTR724012203,饮料,3.5,3.5,2,2
`FS101281,货道16,,,,,,0,0
`FS101281,货道17,可口可乐[自购版](PET500ml),INTR724012203,饮料,3.5,3.5,3,3
`FS101281,货道19,小茗同学[青柠红茶](PET480ml),INTR297011693,饮料,5,5,3,3
`FS101281,货道21,雅哈[冰咖啡](PET450ml),INTR470011686,饮料,5.5,5.5,3,3
`FS101281,货道23,统一轻啵苏打水[柠檬味](PET500ml),INTR773011687,饮料,3.5,3.5,2,2
`FS101281,货道24,统一冰红茶[柠檬](PET500ml),INTR894011688,饮料,3,3,2,2
`FS101281,货道25,统一冰红茶[柠檬](PET500ml),INTR894011688,饮料,3,3,2,2
`FS101281,货道26,统一冰红茶[柠檬](PET500ml),INTR894011688,饮料,3,3,2,2
`FS101281,货道27,饮养四季[金桔柠檬](PET500ml),INTR372011680,饮料,3.5,3,2,2
`FS101281,货道28,统一阿萨姆[奶茶原味](PET500ml),INTR230011689,饮料,4.5,4.5,2,2
`FS101281,货道29,可口可乐纯悦水(PET500ml),INTR123011690,饮料,2,2,1,1
`FS101281,货道30,焕神[热带水果风味]饮料(PET460ml),INTR583011691,饮料,5,5,2,2
`FS101281,货道31,焕神[热带水果风味]饮料(PET460ml),INTR583011691,饮料,5,5,2,2
`FS101281,货道32,统一鲜橙多(PET450ml),INTR910011664,饮料,3.5,3.5,1,1
`FS101281,货道33,小茗同学[溜溜哒茶](PET480ml),INTR973011692,饮料,5,5,2,2
`FS101281,货道34,统一冰绿茶[青梅绿茶](PET500ml),INTR469011681,饮料,3,3,0,0
`FS101318,货道1,统一冰绿茶[青梅绿茶](CAN310ml),INTG116100075,饮料,2.5,2.5,19,19
`FS101318,货道2,统一冰绿茶[青梅绿茶](CAN310ml),INTG116100075,饮料,2.5,2.5,15,15
`FS101318,货道3,统一果汁[金桔柠檬](CAN310ml),1.56473E+17,开门柜,3,2.5,16,16
`FS101318,货道4,统一果汁[金桔柠檬](CAN310ml),1.56473E+17,开门柜,3,2.5,14,14
`FS101318,货道5,统一好料道[仙草凉茶](CAN310ml),INTR791011678,饮料,4,4,12,12
`FS101318,货道6,统一好料道[仙草凉茶](CAN310ml),INTR791011678,饮料,4,4,10,10
`FS101318,货道7,统一轻啵苏打水[柠檬味](PET500ml),INTR773011687,饮料,3.5,3.5,13,13
`FS101318,货道8,统一鲜橙多(PET450ml),INTR910011664,饮料,3.5,3.5,12,12
`FS101318,货道9,饮养四季[金桔柠檬](PET500ml),INTR372011680,饮料,3.5,3,12,12
`FS101318,货道10,海之言[柠檬](PET500ml),INTR039011682,饮料,4,4,11,11
`FS101318,货道11,海之言[柠檬](PET500ml),INTR039011682,饮料,4,4,11,11
`FS101318,货道13,可口可乐(PET500ml),INTR310011684,饮料,3.5,3.5,14,14
`FS101318,货道14,,,,,,0,0
`FS101318,货道15,可口可乐(PET500ml),INTR310011684,饮料,3.5,3.5,17,17
`FS101318,货道16,,,,,,0,0
`FS101318,货道17,可口可乐[零度](500ml),INTR890011661,饮料,3.5,3.5,7,7
`FS101318,货道19,雪碧(PET500ml),INTR274011679,饮料,3.5,3.5,13,13
`FS101318,货道21,雅哈[冰咖啡](PET450ml),INTR470011686,饮料,5.5,5.5,9,9
`FS101318,货道23,统一茶裏王[无糖台式乌龙茶](PET420ml),INTR904011685,饮料,5,5,21,21
`FS101318,货道24,统一冰红茶[柠檬](PET500ml),INTR894011688,饮料,3,3,17,17
`FS101318,货道25,统一冰红茶[柠檬](PET500ml),INTR894011688,饮料,3,3,12,12
`FS101318,货道26,统一冰绿茶[青梅绿茶](PET500ml),INTR469011681,饮料,3,3,2,2
`FS101318,货道27,小茗同学[青柠红茶](PET480ml),INTR297011693,饮料,5,5,9,9
`FS101318,货道28,统一阿萨姆[奶茶原味](PET500ml),INTR230011689,饮料,4.5,4.5,7,7
`FS101318,货道29,可口可乐纯悦水(PET500ml),INTR123011690,饮料,2,2,14,14
`FS101318,货道30,焕神[热带水果风味]饮料(PET460ml),INTR583011691,饮料,5,5,18,18
`FS101318,货道31,焕神[热带水果风味]饮料(PET460ml),INTR583011691,饮料,5,5,12,12
`FS101318,货道32,统一蜜桃多(PET450ml),INTR769012352,饮料,3.5,3.5,12,12
`FS101318,货道33,小茗同学[溜溜哒茶](PET480ml),INTR973011692,饮料,5,5,10,10
`FS101318,货道34,雅哈[冰咖啡](PET450ml),INTR470011686,饮料,5.5,5.5,9,9
`FS100101,货道1,,,,,,0,0
`FS100101,货道2,,,,,,0,0
`FS100101,货道3,统一鲜橙多(CAN310ml),INTR767011663,饮料,3,3,17,17
`FS100101,货道4,统一冰红茶(CAN310ml),INTR115011662,饮料,2.5,2.5,15,15
`FS100101,货道5,米源冰晶葡萄(CAN310ml),INTR290012105,饮料,2.5,2.5,13,13
`FS100101,货道6,,,,,,0,0
`FS100101,货道7,农夫山泉(PET550ml),INTR993012106,矿泉水,2,2,20,20
`FS100101,货道8,农夫山泉(PET550ml),INTR993012106,矿泉水,2,2,15,15
`FS100101,货道9,外星人电解质水[荔枝海盐味](PET500ml),INTR744013215,饮料,4,6,17,17
`FS100101,货道10,统一阿萨姆[奶茶原味](PET500ml),INTR230011689,饮料,4.5,4.5,12,12
`FS100101,货道11,统一阿萨姆[奶茶原味](PET500ml),INTR230011689,饮料,4.5,4.5,11,11
`FS100101,货道13,百事可乐(PET600ml),INTR065012794,饮料,3.5,3.5,19,19
`FS100101,货道14,,,,,,0,0
`FS100101,货道15,小茗同学[溜溜哒茶](PET480ml),INTR973011692,饮料,5,5,15,15
`FS100101,货道16,,,,,,0,0
`FS100101,货道17,可口可乐[自购版](PET500ml),INTR724012203,饮料,3.5,3.5,13,13
`FS100101,货道19,雪碧[自购版](PET500ml),INTR175012204,饮料,3.5,3.5,12,12
`FS100101,货道21,焕神[热带水果风味]饮料(PET460ml),INTR583011691,饮料,5,5,11,11
`FS100101,货道23,农夫山泉(PET550ml),INTR993012106,矿泉水,2,2,19,19
`FS100101,货道24,海之言[柠檬](PET500ml),INTR039011682,饮料,4,4,11,11
`FS100101,货道25,统一绿茶[茉莉](PET500ml),INTR577011683,饮料,3,3,17,17
`FS100101,货道26,统一绿茶[茉莉](PET500ml),INTR577011683,饮料,3,3,14,14
`FS100101,货道27,统一绿茶[茉莉](PET500ml),INTR577011683,饮料,3,3,11,11
`FS100101,货道28,统一冰绿茶[青梅绿茶](PET500ml),INTR469011681,饮料,3,3,8,8
`FS100101,货道29,农夫山泉(PET550ml),INTR993012106,矿泉水,2,2,15,15
`FS100101,货道30,统一鲜橙多(PET450ml),INTR910011664,饮料,3.5,3.5,19,19
`FS100101,货道31,统一冰红茶[柠檬](PET500ml),INTR894011688,饮料,3,3,17,17
`FS100101,货道32,统一冰红茶[柠檬](PET500ml),INTR894011688,饮料,3,3,15,15
`FS100101,货道33,统一冰红茶[柠檬](PET500ml),INTR894011688,饮料,3,3,13,13
`FS100101,货道34,饮养四季[金桔柠檬](PET500ml),INTR372011680,饮料,3.5,3.5,9,9
`FS100359,货道1,统一冰红茶(CAN310ml),INTR115011662,饮料,2.5,2.5,21,21
`FS100359,货道2,米源冰晶葡萄(CAN310ml),INTR290012105,饮料,2.5,2.5,18,18
`FS100359,货道3,雪碧[自购版](CAN330ml),INTR685011636,饮料,3,3,17,17
`FS100359,货道4,可口可乐[自购版](CAN330ml),INTR121011635,饮料,3,3,15,15
`FS100359,货道5,,,,,,0,0
`FS100359,货道6,,,,,,0,0
`FS100359,货道7,农夫山泉(PET550ml),INTR993012106,矿泉水,2,2,17,17
`FS100359,货道8,外星人电解质水[荔枝海盐味](PET500ml),INTR744013215,饮料,4,6,19,19
`FS100359,货道9,统一阿萨姆[奶茶原味](PET500ml),INTR230011689,饮料,4.5,4.5,13,13
`FS100359,货道10,可口可乐[自购版](PET500ml),INTR724012203,饮料,3.5,3.5,13,13
`FS100359,货道11,雪碧[自购版](PET500ml),INTR175012204,饮料,3.5,3.5,11,11
`FS100359,货道13,农夫山泉(PET550ml),INTR993012106,矿泉水,2,2,21,21
`FS100359,货道14,,,,,,0,0
`FS100359,货道15,海之言[柠檬](PET500ml),INTR039011682,饮料,4,4,13,13
`FS100359,货道16,,,,,,0,0
`FS100359,货道17,饮养四季[金桔柠檬](PET500ml),INTR372011680,饮料,3.5,3.5,14,14
`FS100359,货道19,焕神[热带水果风味]饮料(PET460ml),INTR583011691,饮料,5,5,13,13
`FS100359,货道21,统一冰绿茶[青梅绿茶](PET500ml),INTR469011681,饮料,3,3,11,11
`FS100359,货道23,农夫山泉(PET550ml),INTR993012106,矿泉水,2,2,19,19
`FS100359,货道24,统一冰红茶[柠檬](PET500ml),INTR894011688,饮料,3,3,19,19
`FS100359,货道25,统一冰红茶[柠檬](PET500ml),INTR894011688,饮料,3,3,17,17
`FS100359,货道26,统一冰红茶[柠檬](PET500ml),INTR894011688,饮料,3,3,15,15
`FS100359,货道27,海之言[柠檬](PET500ml),INTR039011682,饮料,4,4,12,12
`FS100359,货道28,海之言[柠檬](PET500ml),INTR039011682,饮料,4,4,9,9
`FS100359,货道29,农夫山泉(PET550ml),INTR993012106,矿泉水,2,2,21,21
`FS100359,货道30,农夫山泉(PET550ml),INTR993012106,矿泉水,2,2,18,18
`FS100359,货道31,统一绿茶[茉莉](PET500ml),INTR577011683,饮料,3,3,17,17
`FS100359,货道32,统一绿茶[茉莉](PET500ml),INTR577011683,饮料,3,3,14,14
`FS100359,货道33,海之言[柠檬](PET500ml),INTR039011682,饮料,4,4,13,13
`FS100359,货道34,小茗同学[溜溜哒茶](PET480ml),INTR973011692,饮料,5,5,10,10
`FS100104,货道1,,,,,,0,0
`FS100104,货道2,米源冰晶葡萄(CAN310ml),INTR290012105,饮料,2.5,2.5,18,18
`FS100104,货道3,统一鲜橙多(CAN310ml),INTR767011663,饮料,3,3,17,17
`FS100104,货道4,统一冰红茶(CAN310ml),INTR115011662,饮料,2.5,2.5,15,15
`FS100104,货道5,统一冰红茶(CAN310ml),INTR115011662,饮料,2.5,2.5,11,11
`FS100104,货道6,统一奶茶[麦香](CAN310ml),106623,开门柜,5,4,11,11
`FS100104,货道7,农夫山泉(PET550ml),INTR993012106,矿泉水,2,2,17,17
`FS100104,货道8,农夫山泉(PET550ml),INTR993012106,矿泉水,2,2,17,17
`FS100104,货道9,农夫山泉力量帝维他命水(PET500ml),INTR911012108,饮料,5,5,15,15
`FS100104,货道10,统一阿萨姆[奶茶原味](PET500ml),INTR230011689,饮料,4.5,4.5,11,11
`FS100104,货道11,统一阿萨姆[奶茶原味](PET500ml),INTR230011689,饮料,4.5,4.5,9,9
`FS100104,货道13,百事可乐(PET600ml),INTR065012794,饮料,3.5,3.5,19,19
`FS100104,货道14,,,,,,0,0
`FS100104,货道15,小茗同学[溜溜哒茶](PET480ml),INTR973011692,饮料,5,5,17,17
`FS100104,货道16,,,,,,0,0
`FS100104,货道17,可口可乐[自购版](PET500ml),INTR724012203,饮料,3.5,3.5,14,14
`FS100104,货道19,雪碧[自购版](PET500ml),INTR175012204,饮料,3.5,3.5,13,13
`FS100104,货道21,焕神[热带水果风味]饮料(PET460ml),INTR583011691,饮料,5,5,7,7
`FS100104,货道23,农夫山泉(PET550ml),INTR993012106,矿泉水,2,2,18,18
`FS100104,货道24,海之言[柠檬](PET500ml),INTR039011682,饮料,4,4,2,2
`FS100104,货道25,统一绿茶[茉莉](PET500ml),INTR577011683,饮料,3,3,15,15
`FS100104,货道26,统一绿茶[茉莉](PET500ml),INTR577011683,饮料,3,3,14,14
`FS100104,货道27,统一绿茶[茉莉](PET500ml),INTR577011683,饮料,3,3,13,13
`FS100104,货道28,统一冰绿茶[青梅绿茶](PET500ml),INTR469011681,饮料,3,3,8,8
`FS100104,货道29,农夫山泉(PET550ml),INTR993012106,矿泉水,2,2,8,8
`FS100104,货道30,统一鲜橙多(PET450ml),INTR910011664,饮料,3.5,3.5,7,7
`FS100104,货道31,统一冰红茶[柠檬](PET500ml),INTR894011688,饮料,3,3,14,14
`FS100104,货道32,统一冰红茶[柠檬](PET500ml),INTR894011688,饮料,3,3,15,15
`FS100104,货道33,统一冰红茶[柠檬](PET500ml),INTR894011688,饮料,3,3,13,13
`FS100104,货道34,饮养四季[金桔柠檬](PET500ml),INTR372011680,饮料,3.5,3.5,8,8
`FS100096,货道1,可口可乐[自购版](CAN330ml),INTR121011635,饮料,3,3,12,12
`FS100096,货道2,统一鲜橙多(CAN310ml),INTR767011663,饮料,3,3,14,14
`FS100096,货道3,雪碧[自购版](CAN330ml),INTR685011636,饮料,3,3,3,3
`FS100096,货道4,米源冰晶葡萄(CAN310ml),INTR290012105,饮料,2.5,2.5,14,14
`FS100096,货道5,统一冰红茶(CAN310ml),INTR115011662,饮料,2.5,2.5,10,10
`FS100096,货道6,统一冰红茶(CAN310ml),INTR115011662,饮料,2.5,2.5,8,8
`FS100096,货道7,农夫山泉(PET550ml),INTR993012106,矿泉水,2,2,13,13
`FS100096,货道8,农夫山泉(PET550ml),INTR993012106,矿泉水,2,2,9,9
`FS100096,货道9,统一阿萨姆[奶茶原味](PET500ml),INTR230011689,饮料,4.5,4.5,11,11
`FS100096,货道10,统一鲜橙多(PET450ml),INTR910011664,饮料,3.5,3.5,0,0
`FS100096,货道11,外星人电解质水[青柠味](PET500ml),INTR926013216,饮料,4,6,10,10
`FS100096,货道13,百事可乐(PET600ml),INTR065012794,饮料,3.5,3.5,6,6
`FS100096,货道14,,,,,,0,0
`FS100096,货道15,可口可乐[自购版](PET500ml),INTR724012203,饮料,3.5,3.5,14,14
`FS100096,货道16,,,,,,0,0
`FS100096,货道17,雪碧[自购版](PET500ml),INTR175012204,饮料,3.5,3.5,6,6
`FS100096,货道19,可口可乐[自购版](PET500ml),INTR724012203,饮料,3.5,3.5,7,7
`FS100096,货道21,饮养四季[金桔柠檬](PET500ml),INTR372011680,饮料,3.5,3.5,10,10
`FS100096,货道23,农夫山泉(PET550ml),INTR993012106,矿泉水,2,2,9,9
`FS100096,货道24,小茗同学[溜溜哒茶](PET480ml),INTR973011692,饮料,5,5,15,15
`FS100096,货道25,焕神[热带水果风味]饮料(PET460ml),INTR583011691,饮料,5,5,10,10
`FS100096,货道26,统一冰红茶[柠檬](PET500ml),INTR894011688,饮料,3,3,2,2
`FS100096,货道27,统一冰红茶[柠檬](PET500ml),INTR894011688,饮料,3,3,2,2
`FS100096,货道28,A-Ha[苹果]气泡水果饮料(PET500ml),INTR255012430,饮料,3,5,8,8
`FS100096,货道29,农夫山泉(PET550ml),INTR993012106,矿泉水,2,2,9,9
`FS100096,货道30,海之言[柠檬](PET500ml),INTR039011682,饮料,4,4,3,3
`FS100096,货道31,统一冰绿茶[青梅绿茶](PET500ml),INTR469011681,饮料,3,3,7,7
`FS100096,货道32,统一绿茶[茉莉](PET500ml),INTR577011683,饮料,3,3,11,11
`FS100096,货道33,统一绿茶[茉莉](PET500ml),INTR577011683,饮料,3,3,9,9
`FS100096,货道34,饮养四季[金桔柠檬](PET500ml),INTR372011680,饮料,3.5,3.5,6,6
`FS101397,货道1,百事可乐(CAN330ml),INTR785012174,饮料,2.5,2.1,20,20
`FS101397,货道2,乐虎维生素功能饮料(CAN250ml),INTR995012194,饮料,5.5,4.5,16,16
`FS101397,货道3,百事可乐(CAN330ml),INTR785012174,饮料,2.5,2.1,15,15
`FS101397,货道4,统一好料道[仙草凉茶](CAN310ml),INTR791011678,饮料,4,3.3,12,12
`FS101397,货道5,台福[高钙花生牛奶](CAN365ml),INTR531012172,饮料,3.5,2.9,12,12
`FS101397,货道6,统一鲜橙多(CAN310ml),INTR767011663,饮料,3,2.1,10,10
`FS101397,货道7,农夫山泉(PET550ml),INTR993012106,矿泉水,2,1.6,20,20
`FS101397,货道8,农夫山泉(PET550ml),INTR993012106,矿泉水,2,1.6,17,17
`FS101397,货道9,统一绿茶[茉莉](PET500ml),INTR577011683,饮料,3,2.5,11,11
`FS101397,货道10,统一绿茶[茉莉](PET500ml),INTR577011683,饮料,3,2.5,10,10
`FS101397,货道11,饮养四季[金桔柠檬](PET500ml),INTR372011680,饮料,3.5,2.5,10,10
`FS101397,货道13,可口可乐[自购版](PET500ml),INTR724012203,饮料,3.5,2.5,18,18
`FS101397,货道14,,,,,3.5,0,0
`FS101397,货道15,统一饮养四季[冰糖雪梨](PET500ml),INTR56004726,饮料,3.5,2.5,17,17
`FS101397,货道16,,,,,,0,0
`FS101397,货道17,统一阿萨姆[奶茶原味](PET500ml),INTR230011689,饮料,4.5,3.3,16,16
`FS101397,货道19,小茗同学[溜溜哒茶](PET480ml),INTR973011692,饮料,5,4.1,12,12
`FS101397,货道21,饮养四季[金桔柠檬](PET500ml),INTR372011680,饮料,3.5,2.5,11,11
`FS101397,货道23,康之味油切麦仔茶(PET500ml),INTR114013710,饮料,3.5,2.9,20,20
`FS101397,货道24,统一鲜橙多(PET450ml),INTR910011664,饮料,3.5,2.9,17,17
`FS101397,货道25,统一冰红茶[柠檬](PET500ml),INTR894011688,饮料,3,2.5,16,16
`FS101397,货道26,统一冰红茶[柠檬](PET500ml),INTR894011688,饮料,3,2.5,13,13
`FS101397,货道27,统一双萃[柠檬茶](PET500ml),INTR466012427,饮料,3,2.5,13,13
`FS101397,货道28,统一鲜橙多(CAN310ml),INTR767011663,饮料,3,2.1,9,9
`FS101397,货道29,统一绿茶[茉莉](PET500ml),INTR577011683,饮料,3,2.5,20,20
`FS101397,货道30,统一阿萨姆[奶茶原味](PET500ml),INTR230011689,饮料,4.5,3.3,18,18
`FS101397,货道31,统一阿萨姆[奶茶原味](PET500ml),INTR230011689,饮料,4.5,3.3,16,16
`FS101397,货道32,海之言[柠檬](PET500ml),INTR039011682,饮料,4,3.3,13,13
`FS101397,货道33,海之言[柠檬](PET500ml),INTR039011682,饮料,4,3.3,12,12
`FS101397,货道34,焕神[热带水果风味]饮料(PET460ml),INTR583011691,饮料,5,4.1,11,11
`FS101288,货道1,统一果汁[金桔柠檬](CAN310ml),1.56473E+17,开门柜,3,2.5,13,13
`FS101288,货道2,统一冰绿茶[青梅绿茶](CAN310ml),INTG116100075,饮料,2.5,2.5,9,9
`FS101288,货道3,统一冰绿茶[青梅绿茶](CAN310ml),INTG116100075,饮料,2.5,2.5,10,10
`FS101288,货道4,统一果汁[金桔柠檬](CAN310ml),1.56473E+17,开门柜,3,2.5,14,14
`FS101288,货道5,统一好料道[仙草凉茶](CAN310ml),INTR791011678,饮料,4,4,11,11
`FS101288,货道6,统一好料道[仙草凉茶](CAN310ml),INTR791011678,饮料,4,4,10,10
`FS101288,货道7,雪碧(PET500ml),INTR274011679,饮料,3.5,3.5,0,0
`FS101288,货道8,统一阿萨姆[奶茶原味](PET500ml),INTR230011689,饮料,4.5,4.5,9,9
`FS101288,货道9,统一冰绿茶[青梅绿茶](PET500ml),INTR469011681,饮料,3,3,3,3
`FS101288,货道10,海之言[柠檬](PET500ml),INTR039011682,饮料,4,4,0,0
`FS101288,货道11,海之言[柠檬](PET500ml),INTR039011682,饮料,4,4,0,0
`FS101288,货道13,可口可乐[零度](500ml),INTR890011661,饮料,3.5,3.5,10,10
`FS101288,货道14,,,,,,0,0
`FS101288,货道15,可口可乐(PET500ml),INTR310011684,饮料,3.5,3.5,0,0
`FS101288,货道16,,,,,,0,0
`FS101288,货道17,可口可乐(PET500ml),INTR310011684,饮料,3.5,3.5,15,15
`FS101288,货道19,雅哈[冰咖啡](PET450ml),INTR470011686,饮料,5.5,5.5,3,3
`FS101288,货道21,统一茶裏王[无糖台式乌龙茶](PET420ml),INTR904011685,饮料,5,5,13,13
`FS101288,货道23,统一轻啵苏打水[柠檬味](PET500ml),INTR773011687,饮料,3.5,3.5,13,13
`FS101288,货道24,统一冰红茶[柠檬](PET500ml),INTR894011688,饮料,3,3,3,3
`FS101288,货道25,统一冰红茶[柠檬](PET500ml),INTR894011688,饮料,3,3,6,6
`FS101288,货道26,饮养四季[金桔柠檬](PET500ml),INTR372011680,饮料,3.5,3,4,4
`FS101288,货道27,统一鲜橙多(PET450ml),INTR910011664,饮料,3.5,3.5,3,3
`FS101288,货道28,统一蜜桃多(PET450ml),INTR769012352,饮料,3.5,3.5,1,1
`FS101288,货道29,可口可乐纯悦水(PET500ml),INTR123011690,饮料,2,2,0,0
`FS101288,货道30,焕神[热带水果风味]饮料(PET460ml),INTR583011691,饮料,5,5,13,13
`FS101288,货道31,焕神[热带水果风味]饮料(PET460ml),INTR583011691,饮料,5,5,9,9
`FS101288,货道32,焕神[热带水果风味]饮料(PET460ml),INTR583011691,饮料,5,5,12,12
`FS101288,货道33,小茗同学[溜溜哒茶](PET480ml),INTR973011692,饮料,5,5,9,9
`FS101288,货道34,小茗同学[青柠红茶](PET480ml),INTR297011693,饮料,5,5,8,8
`FS101300,货道1,可口可乐[自购版](CAN330ml),INTR121011635,饮料,3,2.5,9962,9962
`FS101300,货道2,可口可乐[自购版](CAN330ml),INTR121011635,饮料,3,2.5,9940,9940
`FS101300,货道3,雪碧[自购版](CAN330ml),INTR685011636,饮料,3,2.5,9975,9975
`FS101300,货道4,雪碧[自购版](CAN330ml),INTR685011636,饮料,3,2.5,9979,9979
`FS101300,货道5,宏宝莱碳酸饮料汽水荔枝味(CAN330ml),INTR992013247,饮料,3,2.5,9974,9974
`FS101300,货道6,宏宝莱碳酸饮料汽水荔枝味(CAN330ml),INTR992013247,饮料,3,2.5,9973,9973
`FS101300,货道7,怡宝[纯净水](PET555ml),INTR128012109,矿泉水,2,2,9875,9875
`FS101300,货道8,体质能量(PET580ml),INTR468012175,饮料,4,4,9929,9929
`FS101300,货道9,可口可乐[自购版](PET500ml),INTR724012203,饮料,3.5,3.5,9877,9877
`FS101300,货道10,可口可乐[自购版](PET500ml),INTR724012203,饮料,3.5,3.5,9897,9897
`FS101300,货道11,雅哈[冰咖啡](PET450ml),INTR470011686,饮料,5.5,5.5,9947,9947
`FS101300,货道13,统一蜜桃多(PET450ml),INTR769012352,饮料,3.5,3.5,9987,9987
`FS101300,货道14,,,,,0,0,0
`FS101300,货道15,统一蜜桃多(PET450ml),INTR769012352,饮料,3.5,3.5,9972,9972
`FS101300,货道16,,,,,0,0,0
`FS101300,货道17,海之言[柠檬](PET500ml),INTR039011682,饮料,4,4,9908,9908
`FS101300,货道19,海之言[柠檬](PET500ml),INTR039011682,饮料,4,4,9882,9882
`FS101300,货道21,海之言[柠檬](PET500ml),INTR039011682,饮料,4,4,9885,9885
`FS101300,货道23,饮养四季[金桔柠檬](PET500ml),INTR372011680,饮料,3.5,3,9917,9917
`FS101300,货道24,饮养四季[金桔柠檬](PET500ml),INTR372011680,饮料,3.5,3,9887,9887
`FS101300,货道25,统一阿萨姆[奶茶原味](PET500ml),INTR230011689,饮料,4.5,4.5,9981,9981
`FS101300,货道26,统一阿萨姆[奶茶原味](PET500ml),INTR230011689,饮料,4.5,4.5,9964,9964
`FS101300,货道27,统一冰绿茶[青梅绿茶](PET500ml),INTR469011681,饮料,3,3,9945,9945
`FS101300,货道28,统一冰绿茶[青梅绿茶](PET500ml),INTR469011681,饮料,3,3,9920,9920
`FS101300,货道29,元气森林苏打气泡水[荔枝味](PET480ml),INTR976013213,饮料,4,5,9978,9978
`FS101300,货道30,元气森林苏打气泡水[荔枝味](PET480ml),INTR976013213,饮料,4,5,9980,9980
`FS101300,货道31,小茗同学[溜溜哒茶](PET480ml),INTR973011692,饮料,5,5,9988,9988
`FS101300,货道32,小茗同学[溜溜哒茶](PET480ml),INTR973011692,饮料,5,5,9987,9987
`FS101300,货道33,统一冰红茶[柠檬](PET500ml),INTR894011688,饮料,3,3,9984,9984
`FS101300,货道34,统一冰红茶[柠檬](PET500ml),INTR894011688,饮料,3,3,9964,9964
`FS101299,货道1,可口可乐[自购版](CAN330ml),INTR121011635,饮料,3,2.5,9965,9965
`FS101299,货道2,可口可乐[自购版](CAN330ml),INTR121011635,饮料,3,2.5,9952,9952
`FS101299,货道3,爱朵拉拿铁咖啡(CAN310ml),INTR459011637,饮料,4,4,9978,9978
`FS101299,货道4,爱朵拉拿铁咖啡(CAN310ml),INTR459011637,饮料,4,4,9978,9978
`FS101299,货道5,宏宝莱碳酸饮料汽水荔枝味(CAN330ml),INTR992013247,饮料,3,2.5,9977,9977
`FS101299,货道6,宏宝莱碳酸饮料汽水荔枝味(CAN330ml),INTR992013247,饮料,3,2.5,9977,9977
`FS101299,货道7,怡宝[纯净水](PET555ml),INTR128012109,矿泉水,2,2,9909,9909
`FS101299,货道8,可口可乐[自购版](PET500ml),INTR724012203,饮料,3.5,3.5,9923,9923
`FS101299,货道9,可口可乐[自购版](PET500ml),INTR724012203,饮料,3.5,3.5,9949,9949
`FS101299,货道10,雅哈[冰咖啡](PET450ml),INTR470011686,饮料,5.5,5.5,9966,9966
`FS101299,货道11,雅哈[冰咖啡](PET450ml),INTR470011686,饮料,5.5,5.5,9972,9972
`FS101299,货道13,统一蜜桃多(PET450ml),INTR769012352,饮料,3.5,3.5,9971,9971
`FS101299,货道14,,,,,0,0,0
`FS101299,货道15,统一蜜桃多(PET450ml),INTR769012352,饮料,3.5,3.5,9980,9980
`FS101299,货道16,,,,,0,0,0
`FS101299,货道17,海之言[柠檬](PET500ml),INTR039011682,饮料,4,4,9922,9922
`FS101299,货道19,海之言[柠檬](PET500ml),INTR039011682,饮料,4,4,9885,9885
`FS101299,货道21,海之言[柠檬](PET500ml),INTR039011682,饮料,4,4,9919,9919
`FS101299,货道23,饮养四季[金桔柠檬](PET500ml),INTR372011680,饮料,3.5,3,9947,9947
`FS101299,货道24,饮养四季[金桔柠檬](PET500ml),INTR372011680,饮料,3.5,3,9943,9943
`FS101299,货道25,统一阿萨姆[奶茶原味](PET500ml),INTR230011689,饮料,4.5,4.5,9988,9988
`FS101299,货道26,统一阿萨姆[奶茶原味](PET500ml),INTR230011689,饮料,4.5,4.5,9982,9982
`FS101299,货道27,统一冰绿茶[青梅绿茶](PET500ml),INTR469011681,饮料,3,3,9955,9955
`FS101299,货道28,统一冰绿茶[青梅绿茶](PET500ml),INTR469011681,饮料,3,3,9947,9947
`FS101299,货道29,元气森林苏打气泡水[荔枝味](PET480ml),INTR976013213,饮料,4,5,9989,9989
`FS101299,货道30,元气森林苏打气泡水[荔枝味](PET480ml),INTR976013213,饮料,4,5,9990,9990
`FS101299,货道31,小茗同学[溜溜哒茶](PET480ml),INTR973011692,饮料,5,5,9992,9992
`FS101299,货道32,小茗同学[溜溜哒茶](PET480ml),INTR973011692,饮料,5,5,9991,9991
`FS101299,货道33,统一冰红茶[柠檬](PET500ml),INTR894011688,饮料,3,3,9979,9979
`FS101299,货道34,统一冰红茶[柠檬](PET500ml),INTR894011688,饮料,3,3,9956,9956
`FS101294,货道1,统一果汁[金桔柠檬](CAN310ml),1.56473E+17,开门柜,3,2.5,19,19
`FS101294,货道2,统一果汁[金桔柠檬](CAN310ml),1.56473E+17,开门柜,3,2.5,17,17
`FS101294,货道3,统一冰绿茶[青梅绿茶](CAN310ml),INTG116100075,饮料,2.5,2.5,11,11
`FS101294,货道4,统一冰绿茶[青梅绿茶](CAN310ml),INTG116100075,饮料,2.5,2.5,12,12
`FS101294,货道5,爱朵拉拿铁咖啡(CAN310ml),INTR459011637,饮料,4,4,12,12
`FS101294,货道6,统一好料道[仙草凉茶](CAN310ml),INTR791011678,饮料,4,4,8,8
`FS101294,货道7,雪碧(PET500ml),INTR274011679,饮料,3.5,3.5,0,0
`FS101294,货道8,饮养四季[金桔柠檬](PET500ml),INTR372011680,饮料,3.5,3,3,3
`FS101294,货道9,统一冰红茶[柠檬](PET500ml),INTR894011688,饮料,3,3,3,3
`FS101294,货道10,海之言[柠檬](PET500ml),INTR039011682,饮料,4,4,3,3
`FS101294,货道11,海之言[柠檬](PET500ml),INTR039011682,饮料,4,4,3,3
`FS101294,货道13,可口可乐(PET500ml),INTR310011684,饮料,3.5,3.5,0,0
`FS101294,货道14,,,,,,0,0
`FS101294,货道15,可口可乐(PET500ml),INTR310011684,饮料,3.5,3.5,3,3
`FS101294,货道16,,,,,,0,0
`FS101294,货道17,可口可乐(PET500ml),INTR310011684,饮料,3.5,3.5,3,3
`FS101294,货道19,雅哈[冰咖啡](PET450ml),INTR470011686,饮料,5.5,5.5,7,7
`FS101294,货道21,雅哈[冰咖啡](PET450ml),INTR470011686,饮料,5.5,5.5,7,7
`FS101294,货道23,统一轻啵苏打水[柠檬味](PET500ml),INTR773011687,饮料,3.5,3.5,9,9
`FS101294,货道24,统一绿茶[茉莉](PET500ml),INTR577011683,饮料,3,3,3,3
`FS101294,货道25,统一冰红茶[柠檬](PET500ml),INTR894011688,饮料,3,3,2,2
`FS101294,货道26,统一冰红茶[柠檬](PET500ml),INTR894011688,饮料,3,3,3,3
`FS101294,货道27,统一鲜橙多(PET450ml),INTR910011664,饮料,3.5,3.5,2,2
`FS101294,货道28,统一鲜橙多(PET450ml),INTR910011664,饮料,3.5,3.5,2,2
`FS101294,货道29,可口可乐纯悦水(PET500ml),INTR123011690,饮料,2,2,1,1
`FS101294,货道30,焕神[热带水果风味]饮料(PET460ml),INTR583011691,饮料,5,5,10,10
`FS101294,货道31,焕神[热带水果风味]饮料(PET460ml),INTR583011691,饮料,5,5,11,11
`FS101294,货道32,统一冰绿茶[青梅绿茶](PET500ml),INTR469011681,饮料,3,3,2,2
`FS101294,货道33,小茗同学[溜溜哒茶](PET480ml),INTR973011692,饮料,5,5,12,12
`FS101294,货道34,小茗同学[青柠红茶](PET480ml),INTR297011693,饮料,5,5,7,7
`FS101400,货道1,百事可乐(CAN330ml),INTR785012174,饮料,2.5,2.1,17,17
`FS101400,货道2,统一鲜橙多(CAN310ml),INTR767011663,饮料,3,2.1,15,15
`FS101400,货道3,统一蜜桃多(CAN310ml),INTR765012351,饮料,3,2.5,14,14
`FS101400,货道4,乐虎维生素功能饮料(CAN250ml),INTR995012194,饮料,5.5,4.5,14,14
`FS101400,货道5,乐虎维生素功能饮料(CAN250ml),INTR995012194,饮料,5.5,4.5,11,11
`FS101400,货道6,统一鲜橙多(CAN310ml),INTR767011663,饮料,3,2.1,10,10
`FS101400,货道7,农夫山泉(PET550ml),INTR993012106,矿泉水,2,1.6,21,21
`FS101400,货道8,农夫山泉(PET550ml),INTR993012106,矿泉水,2,1.6,17,17
`FS101400,货道9,统一绿茶[茉莉](PET500ml),INTR577011683,饮料,3,2.5,14,14
`FS101400,货道10,统一绿茶[茉莉](PET500ml),INTR577011683,饮料,3,2.5,11,11
`FS101400,货道11,三得利乌龙茶[无糖](PET500ml),INTR907013377,饮料,5,4.1,11,11
`FS101400,货道13,可口可乐[自购版](PET500ml),INTR724012203,饮料,3.5,2.5,15,15
`FS101400,货道14,,,,,,0,0
`FS101400,货道15,饮养四季[金桔柠檬](PET500ml),INTR372011680,饮料,3.5,2.5,18,18
`FS101400,货道16,,,,,,0,0
`FS101400,货道17,统一饮养四季[冰糖雪梨](PET500ml),INTR56004726,饮料,3.5,2.5,15,15
`FS101400,货道19,小茗同学[溜溜哒茶](PET480ml),INTR973011692,饮料,5,4.1,13,13
`FS101400,货道21,焕神[热带水果风味]饮料(PET460ml),INTR583011691,饮料,5,4.1,11,11
`FS101400,货道23,百香公举[百香果](PET480ml),INTR017012171,饮料,4,3.3,23,23
`FS101400,货道24,统一鲜橙多(PET450ml),INTR910011664,饮料,3.5,2.9,16,16
`FS101400,货道25,统一冰红茶[柠檬](PET500ml),INTR894011688,饮料,3,2.5,15,15
`FS101400,货道26,统一绿茶[茉莉](PET500ml),INTR577011683,饮料,3,2.5,13,13
`FS101400,货道27,焕神[热带水果风味]饮料(PET460ml),INTR583011691,饮料,5,4.1,13,13
`FS101400,货道28,统一好料道[仙草凉茶](CAN310ml),INTR791011678,饮料,4,3.3,10,10
`FS101400,货道29,统一冰红茶[柠檬](PET500ml),INTR894011688,饮料,3,2.5,15,15
`FS101400,货道30,统一阿萨姆[奶茶原味](PET500ml),INTR230011689,饮料,4.5,3.3,18,18
`FS101400,货道31,统一阿萨姆[奶茶原味](PET500ml),INTR230011689,饮料,4.5,3.3,16,16
`FS101400,货道32,海之言[柠檬](PET500ml),INTR039011682,饮料,4,3.3,13,13
`FS101400,货道33,海之言[柠檬](PET500ml),INTR039011682,饮料,4,3.3,9,9
`FS101400,货道34,统一阿萨姆[奶茶原味](PET500ml),INTR230011689,饮料,4.5,3.3,10,10
`FS101289,货道1,可口可乐[自购版](CAN330ml),INTR121011635,饮料,3,2.5,776,776
`FS101289,货道2,可口可乐[自购版](CAN330ml),INTR121011635,饮料,3,2.5,749,749
`FS101289,货道3,爱朵拉拿铁咖啡(CAN310ml),INTR459011637,饮料,4,4,928,928
`FS101289,货道4,爱朵拉拿铁咖啡(CAN310ml),INTR459011637,饮料,4,4,934,934
`FS101289,货道5,可口可乐[零度](500ml),INTR890011661,饮料,3.5,3,827,827
`FS101289,货道6,可口可乐[零度](500ml),INTR890011661,饮料,3.5,3,865,865
`FS101289,货道7,怡宝[纯净水](PET555ml),INTR128012109,矿泉水,2,2,675,675
`FS101289,货道8,体质能量(PET580ml),INTR468012175,饮料,4,4,99939,99939
`FS101289,货道9,统一蜜桃多(PET450ml),INTR769012352,饮料,3.5,3.5,932,932
`FS101289,货道10,雅哈[冰咖啡](PET450ml),INTR470011686,饮料,5.5,5.5,888,888
`FS101289,货道11,雅哈[冰咖啡](PET450ml),INTR470011686,饮料,5.5,5.5,893,893
`FS101289,货道13,可口可乐[自购版](PET500ml),INTR724012203,饮料,3.5,3.5,888,888
`FS101289,货道14,,,,,0,0,0
`FS101289,货道15,可口可乐[自购版](PET500ml),INTR724012203,饮料,3.5,3.5,804,804
`FS101289,货道16,,,,,0,0,0
`FS101289,货道17,海之言[柠檬](PET500ml),INTR039011682,饮料,4,4,839,839
`FS101289,货道19,海之言[柠檬](PET500ml),INTR039011682,饮料,4,4,808,808
`FS101289,货道21,海之言[柠檬](PET500ml),INTR039011682,饮料,4,4,830,830
`FS101289,货道23,饮养四季[金桔柠檬](PET500ml),INTR372011680,饮料,3.5,3,873,873
`FS101289,货道24,饮养四季[金桔柠檬](PET500ml),INTR372011680,饮料,3.5,3,866,866
`FS101289,货道25,统一阿萨姆[奶茶原味](PET500ml),INTR230011689,饮料,4.5,4.5,969,969
`FS101289,货道26,统一阿萨姆[奶茶原味](PET500ml),INTR230011689,饮料,4.5,4.5,956,956
`FS101289,货道27,统一冰绿茶[青梅绿茶](PET500ml),INTR469011681,饮料,3,3,898,898
`FS101289,货道28,统一冰绿茶[青梅绿茶](PET500ml),INTR469011681,饮料,3,3,886,886
`FS101289,货道29,元气森林苏打气泡水[荔枝味](PET480ml),INTR976013213,饮料,4,5,834,834
`FS101289,货道30,元气森林苏打气泡水[荔枝味](PET480ml),INTR976013213,饮料,4,5,854,854
`FS101289,货道31,小茗同学[溜溜哒茶](PET480ml),INTR973011692,饮料,5,5,946,946
`FS101289,货道32,小茗同学[溜溜哒茶](PET480ml),INTR973011692,饮料,5,5,943,943
`FS101289,货道33,统一冰红茶[柠檬](PET500ml),INTR894011688,饮料,3,3,965,965
`FS101289,货道34,统一冰红茶[柠檬](PET500ml),INTR894011688,饮料,3,3,920,920
